"","CatalogNumber","YearCollected","MonthCollected","DayCollected","IndividualFishID","FishBarcode","Dissector","Examiner","DissectionDate","Sex","TotalLength_mm","StandardLength_mm","Weight_mg","CI","combo","Latitude","Longitude","psite_spp","psite_count"
"1","MSB:Fish:1078",1939,1,30,"MSB 1078-1","JAR11299F","BP","JG","07-14-2025","F",40,31,647,"impact","impact_1931-1940",35.087167,-106.682164,"crus.d","0"
"2","MSB:Fish:1078",1939,1,30,"MSB 1078-2","JAR11302F","JG","KL","07-14-2025",NA,41,32,699,"impact","impact_1931-1940",35.087167,-106.682164,"crus.d","0"
"3","MSB:Fish:1078",1939,1,30,"MSB 1078-3","JAR11305F","BP","KL","07-14-2025",NA,43,35,798,"impact","impact_1931-1940",35.087167,-106.682164,"crus.d","0"
"4","MSB:Fish:1078",1939,1,30,"MSB 1078-4","JAR11320F","JG","GC","07-14-2025","F",43,37,1027,"impact","impact_1931-1940",35.087167,-106.682164,"crus.d","0"
"5","MSB:Fish:1078",1939,1,30,"MSB 1078-5","JAR11308F","BP","KL","07-14-2025",NA,39,29,627,"impact","impact_1931-1940",35.087167,-106.682164,"crus.d","0"
"6","MSB:Fish:1079",1941,9,14,"MSB 1079-5","JAR11311F","JG","KL","07-14-2025",NA,37,29,441,"impact","impact_1941-1950",35.096748,-106.692027,"crus.d","0"
"7","MSB:Fish:1079",1941,9,14,"MSB 1079-3","JAR11332F","BP","GC","07-14-2025","F",33,25,457,"impact","impact_1941-1950",35.096748,-106.692027,"crus.d","0"
"8","MSB:Fish:1079",1941,9,14,"MSB 1079-1","JAR11334F","BP","GC","07-14-2025",NA,29,24,231,"impact","impact_1941-1950",35.096748,-106.692027,"crus.d","0"
"9","MSB:Fish:1079",1941,9,14,"MSB 1079-2","JAR11331F","JG","KL","07-14-2025",NA,35,29,447,"impact","impact_1941-1950",35.096748,-106.692027,"crus.d","0"
"10","MSB:Fish:1079",1941,9,14,"MSB 1079-4","JAR11333F","BP","GC","07-14-2025","F",44,33,754,"impact","impact_1941-1950",35.096748,-106.692027,"crus.d","0"
"11","MSB:Fish:1081",1939,3,17,"MSB 1081-5","JAR8835F","BP","EO","07-08-2025","F",28,22,226,"impact","impact_1931-1940",35.072363,-106.668064,"crus.d","0"
"12","MSB:Fish:1081",1939,3,17,"MSB 1081-4","JAR8832F","JG","KL","07-08-2025","F",27,22,188,"impact","impact_1931-1940",35.072363,-106.668064,"crus.d","0"
"13","MSB:Fish:1081",1939,3,17,"MSB 1081-2","JAR8836","JG","BP","07-08-2025",NA,29,24,239,"impact","impact_1931-1940",35.072363,-106.668064,"crus.d","0"
"14","MSB:Fish:1081",1939,3,17,"MSB 1081-1","JAR8837F","BP","BP","07-08-2025","F",43,33,868,"impact","impact_1931-1940",35.072363,-106.668064,"crus.d","0"
"15","MSB:Fish:1081",1939,3,17,"MSB 1081-3","JAR8834F","BP","JG","07-08-2025",NA,27,21,176,"impact","impact_1931-1940",35.072363,-106.668064,"crus.d","0"
"16","MSB:Fish:1082",1938,10,18,"MSB 1082-1","JAR8930F","BP","EO","07-09-2025","F",41,32,722,"impact","impact_1931-1940",35.100259,-106.692107,"crus.d","0"
"17","MSB:Fish:1082",1938,10,18,"MSB 1082-4","JAR8934F","BP","BP","07-09-2025",NA,31,24,264,"impact","impact_1931-1940",35.100259,-106.692107,"crus.d","0"
"18","MSB:Fish:1082",1938,10,18,"MSB 1082-2","JAR8928F","EO","GC","07-09-2025","F",40,33,627,"impact","impact_1931-1940",35.100259,-106.692107,"crus.d","0"
"19","MSB:Fish:1082",1938,10,18,"MSB 1082-5","JAR8927F","EO","KL","07-09-2025",NA,25,21,140,"impact","impact_1931-1940",35.100259,-106.692107,"crus.d","0"
"20","MSB:Fish:1082",1938,10,18,"MSB 1082-3","JAR8929F","EO","KL","07-09-2025","F",34,28,397,"impact","impact_1931-1940",35.100259,-106.692107,"crus.d","0"
"21","MSB:Fish:1085",1939,5,13,"MSB 1085-5","JAR8935F","JG","GC","07-10-2025","F",50,39,1499,"impact","impact_1931-1940",35.192334,-106.619678,"crus.d","0"
"22","MSB:Fish:1085",1939,5,13,"MSB 1085-4","JAR8941F","JG","KL","07-10-2025","F",44,36,1060,"impact","impact_1931-1940",35.192334,-106.619678,"crus.d","0"
"23","MSB:Fish:1085",1939,5,13,"MSB 1085-1","JAR8932F","JG","KL","07-10-2025","F",41,33,809,"impact","impact_1931-1940",35.192334,-106.619678,"crus.d","0"
"24","MSB:Fish:1085",1939,5,13,"MSB 1085-3","JAR8939F","JG","KL","07-10-2025","F",42,34,861,"impact","impact_1931-1940",35.192334,-106.619678,"crus.d","0"
"25","MSB:Fish:1085",1939,5,13,"MSB 1085-2","JAR8937F","JG","GC","07-10-2025","M",26,21,147,"impact","impact_1931-1940",35.192334,-106.619678,"crus.d","0"
"26","MSB:Fish:1086",1939,4,22,"MSB 1086-2","JAR8900F","BP","GC","07-07-2025","F",45,36,994,"impact","impact_1931-1940",35.173111,-106.626066,"crus.d","0"
"27","MSB:Fish:1086",1939,4,22,"MSB 1086-5","JAR8792F","JG","GC","07-07-2025","F",46,35,1207,"impact","impact_1931-1940",35.173111,-106.626066,"crus.d","0"
"28","MSB:Fish:1086",1939,4,22,"MSB1086-4","JAR8791F","BP","KL","07-07-2025","F",39,30,752,"impact","impact_1931-1940",35.173111,-106.626066,"crus.d","0"
"29","MSB:Fish:1086",1939,4,22,"MSB 1086-1","JAR8898F","BP","KL","07-07-2025","F",47,37,1182,"impact","impact_1931-1940",35.173111,-106.626066,"crus.d","0"
"30","MSB:Fish:1086",1939,4,22,"MSB 1086-3","JAR8902F","BP","KL","07-07-2025",NA,42,35,1023,"impact","impact_1931-1940",35.173111,-106.626066,"crus.d","0"
"31","MSB:Fish:1089",1939,1,24,"MSB 1089-3","JAR11117F","BP","GC","07-16-2025","F",38,29,552,"impact","impact_1931-1940",35.087167,-106.682164,"crus.d","0"
"32","MSB:Fish:1089",1939,1,24,"MSB 1089-5","JAR11111F","BP","KL","07-16-2025",NA,35,28,476,"impact","impact_1931-1940",35.087167,-106.682164,"crus.d","0"
"33","MSB:Fish:1089",1939,1,24,"MSB 1089-1","JAR11112F","BP","KL","07-16-2025","F",40,33,666,"impact","impact_1931-1940",35.087167,-106.682164,"crus.d","0"
"34","MSB:Fish:1089",1939,1,24,"MSB 1089-4","JAR11114F","BP","KL","07-16-2025","F",40,33,741,"impact","impact_1931-1940",35.087167,-106.682164,"crus.d","0"
"35","MSB:Fish:1089",1939,1,24,"MSB 1089-2","JAR11109F","BP","GC","07-16-2025",NA,38,30,571,"impact","impact_1931-1940",35.087167,-106.682164,"crus.d","0"
"36","MSB:Fish:10898",1992,7,9,"MSB 10898-5","JAR11023F","KL","KL","07-28-2025",NA,25,20,139,"control","control_1991-2000",35.211277,-106.611666,"crus.d","0"
"37","MSB:Fish:10898",1992,7,9,"MSB 10898-4","JAR11046F","KL","KL","07-28-2025","F",31,25,309,"control","control_1991-2000",35.211277,-106.611666,"crus.d","0"
"38","MSB:Fish:10898",1992,7,9,"MSB 10898-3","JAR11040F","KL","KL","07-28-2025","F",24,19,123,"control","control_1991-2000",35.211277,-106.611666,"crus.d","0"
"39","MSB:Fish:10898",1992,7,9,"MSB 10898-2","JAR11038F","KL","KL","07-28-2025","M",26,21,118,"control","control_1991-2000",35.211277,-106.611666,"crus.d","0"
"40","MSB:Fish:10898",1992,7,9,"MSB 10898-1","JAR11039F","KL","KL","07-28-2025","M",22,18,90,"control","control_1991-2000",35.211277,-106.611666,"crus.d","0"
"41","MSB:Fish:1090",1939,6,9,"MSB 1090-4","JAR11354F","BP","GC","07-10-2025","M",25,19,132,"impact","impact_1931-1940",34.906619,-106.685289,"crus.d","0"
"42","MSB:Fish:1090",1939,6,9,"MSB 1090-2","JAR11351F","BP","JG","07-10-2025","F",37,30,670,"impact","impact_1931-1940",34.906619,-106.685289,"crus.d","0"
"43","MSB:Fish:1090",1939,6,9,"MSB 1090-5","JAR11349F","BP","KL","07-10-2025","F",29,24,323,"impact","impact_1931-1940",34.906619,-106.685289,"crus.d","0"
"44","MSB:Fish:1090",1939,6,9,"MSB 1090-3","JAR11357F","BP","EO","07-10-2025","F",33,25,483,"impact","impact_1931-1940",34.906619,-106.685289,"crus.d","0"
"45","MSB:Fish:1090",1939,6,9,"MSB 1090-1","JAR11348F","BP","GC","07-10-2025","F",39,30,751,"impact","impact_1931-1940",34.906619,-106.685289,"crus.d","0"
"46","MSB:Fish:10922",1992,7,9,"MSB 10922-3","JAR11592F","BP","KL","07-18-2025","F",33,25,400,"impact","impact_1991-2000",35.10469444,-106.6916667,"crus.d","0"
"47","MSB:Fish:10922",1992,7,9,"MSB 10922-5","JAR115843F","BP","GC","07-18-2025","F",30,24,322,"impact","impact_1991-2000",35.10469444,-106.6916667,"crus.d","0"
"48","MSB:Fish:10922",1992,7,9,"MSB 10922-4","JAR11584F","JG","GC","07-18-2025","F",27,22,141,"impact","impact_1991-2000",35.10469444,-106.6916667,"crus.d","0"
"49","MSB:Fish:10922",1992,7,9,"MSB 10922-2","JAR11586F","JG","GC","07-18-2025","F",25,20,143,"impact","impact_1991-2000",35.10469444,-106.6916667,"crus.d","0"
"50","MSB:Fish:10922",1992,7,9,"MSB 10922-1","JAR11589F","JG","KL","07-18-2025","F",30,25,362,"impact","impact_1991-2000",35.10469444,-106.6916667,"crus.d","0"
"51","MSB:Fish:10944",1992,7,15,"MSB 10944-2","JAR11565F","BP","GC","07-17-2025","F",37,29,751,"impact","impact_1991-2000",35.089293,-106.680842,"crus.d","0"
"52","MSB:Fish:10944",1992,7,15,"MSB 10944-3","JAR11566F","BP","GC","07-17-2025","F",48,36,1418,"impact","impact_1991-2000",35.089293,-106.680842,"crus.d","0"
"53","MSB:Fish:10944",1992,7,15,"MSB 10944-4","JAR11564F","BP","KL","07-17-2025","F",34,27,538,"impact","impact_1991-2000",35.089293,-106.680842,"crus.d","0"
"54","MSB:Fish:10944",1992,7,15,"MSB 10944-5","JAR11567F","BP","KL","07-17-2025","F",35,27,542,"impact","impact_1991-2000",35.089293,-106.680842,"crus.d","0"
"55","MSB:Fish:10944",1992,7,15,"MSB 10944-1","JAR11568F","BP","GC","07-17-2025","F",43,33,1179,"impact","impact_1991-2000",35.089293,-106.680842,"crus.d","0"
"56","MSB:Fish:1098",1939,5,13,"MSB 1098-4","JAR8819F","EO","KL","07-07-2025","F",32,25,352,"impact","impact_1931-1940",35.189406,-106.625396,"crus.d","0"
"57","MSB:Fish:1098",1939,5,13,"MSB 1098-2","JAR8815F","EO","GC","07-07-2025","F",41,33,887,"impact","impact_1931-1940",35.189406,-106.625396,"crus.d","0"
"58","MSB:Fish:1098",1939,5,13,"MSB 1098-3","JAR8817F","EO","KL","07-07-2025",NA,30,24,257,"impact","impact_1931-1940",35.189406,-106.625396,"crus.d","0"
"59","MSB:Fish:1098",1939,5,13,"MSB 1098-5","JAR8812F","EO","KL","07-07-2025",NA,41,33,697,"impact","impact_1931-1940",35.189406,-106.625396,"crus.d","0"
"60","MSB:Fish:1098",1939,5,13,"MSB 1098-1","JAR8814F","EO","KL","07-08-2025","F",46,37,1164,"impact","impact_1931-1940",35.189406,-106.625396,"crus.d","0"
"61","MSB:Fish:1100",1939,2,26,"MSB 1100-4","JAR8824F","BP","KL","07-08-2025","F",28,24,303,"impact","impact_1931-1940",35.072363,-106.668064,"crus.d","0"
"62","MSB:Fish:1100",1939,2,26,"MSB 1100-3","JAR8823F","JG","KL","07-08-2025",NA,33,25,326,"impact","impact_1931-1940",35.072363,-106.668064,"crus.d","0"
"63","MSB:Fish:1100",1939,2,26,"MSB 1100-1","JAR8825F","JG","KL","07-08-2025","F",43,33,679,"impact","impact_1931-1940",35.072363,-106.668064,"crus.d","0"
"64","MSB:Fish:1100",1939,2,26,"MSB 1100-2","JAR8827F","BP","EO ","07-08-2025","F",28,25,318,"impact","impact_1931-1940",35.072363,-106.668064,"crus.d","0"
"65","MSB:Fish:1100",1939,2,26,"MSB 1100-5","JAR8829F","JG","KL","07-08-2025",NA,26,23,226,"impact","impact_1931-1940",35.072363,-106.668064,"crus.d","0"
"66","MSB:Fish:1105",1939,1,20,"MSB 1105-1","JAR11362F","JG","GC","07-10-2025",NA,30,24,202,"impact","impact_1931-1940",35.100259,-106.692107,"crus.d","0"
"67","MSB:Fish:1105",1939,1,30,"MSB 1105-5","JAR11360F","JG","KL","07-10-2025",NA,36,28,396,"impact","impact_1931-1940",35.100259,-106.692107,"crus.d","0"
"68","MSB:Fish:1105",1939,1,30,"MSB 1105-3","JAR11361F","JG","KL","07-10-2025",NA,40,36,728,"impact","impact_1931-1940",35.100259,-106.692107,"crus.d","0"
"69","MSB:Fish:1105",1939,1,30,"MSB 1105-2","JAR11365F","JG","JG","07-10-2025",NA,27,23,158,"impact","impact_1931-1940",35.100259,-106.692107,"crus.d","0"
"70","MSB:Fish:1105",1939,1,30,"MSB 1105-4","JAR11368F","EO","EO","07-10-2025",NA,40,32,456,"impact","impact_1931-1940",35.100259,-106.692107,"crus.d","0"
"71","MSB:Fish:11095",1992,7,21,"MSB 11095-1","JAR11015F","KL","KL","07-23-2025",NA,26,21,178,"impact","impact_1991-2000",35.027111,-106.672944,"crus.d","0"
"72","MSB:Fish:11095",1992,7,21,"MSB 11095-3","JAR11013F","KL","KL","07-23-2025","F",35,28,526,"impact","impact_1991-2000",35.027111,-106.672944,"crus.d","0"
"73","MSB:Fish:11095",1992,7,21,"MSB 11095-2","JAR11016F","KL","KL","07-23-2025","F",33,27,385,"impact","impact_1991-2000",35.027111,-106.672944,"crus.d","0"
"74","MSB:Fish:11095",1992,7,21,"MSB 11095-4","JAR11000F","KL","KL","07-23-2025","F",31,25,375,"impact","impact_1991-2000",35.027111,-106.672944,"crus.d","0"
"75","MSB:Fish:11095",1992,7,21,"MSB 11095-5","JAR11003F","KL","KL","07-23-2025",NA,32,26,460,"impact","impact_1991-2000",35.027111,-106.672944,"crus.d","0"
"76","MSB:Fish:11126",1992,7,22,"MSB 11126-2","JAR11562F","JG","BP","07-17-2025","F",37,30,634,"impact","impact_1991-2000",34.97052778,-106.6911111,"crus.d","0"
"77","MSB:Fish:11126",1992,7,22,"MSB 11126-3","JAR11560F","JG","BP","07-17-2025","F",31,25,355,"impact","impact_1991-2000",34.97052778,-106.6911111,"crus.d","0"
"78","MSB:Fish:11126",1992,7,22,"MSB 11126-1","JAR11561F","EO","EO","07-17-2025","F",45,36,1113,"impact","impact_1991-2000",34.97052778,-106.6911111,"crus.d","0"
"79","MSB:Fish:11126",1992,7,22,"MSB 11126-4","JAR11559F","JG","GC","07-17-2025","F",40,34,733,"impact","impact_1991-2000",34.97052778,-106.6911111,"crus.d","0"
"80","MSB:Fish:11126",1992,7,22,"MSB 11126-5","JAR11558F","EO","KL","07-17-2025","M",26,21,179,"impact","impact_1991-2000",34.97052778,-106.6911111,"crus.d","0"
"81","MSB:Fish:11194",1992,7,24,"MSB 11194-2","JAR11570F","EO","KL","07-17-2025","M",26,22,151,"impact","impact_1991-2000",34.92872222,-106.6818611,"crus.d","0"
"82","MSB:Fish:11194",1992,7,24,"MSB 11194-3","JAR11569F","EO","GC","07-17-2025",NA,28,22,159,"impact","impact_1991-2000",34.92872222,-106.6818611,"crus.d","0"
"83","MSB:Fish:11194",1992,7,24,"MSB 11194-5","JAR11572F","EO","KL","07-17-2025",NA,36,29,658,"impact","impact_1991-2000",34.92872222,-106.6818611,"crus.d","0"
"84","MSB:Fish:11194",1992,7,24,"MSB 11194-4","JAR11571F","EO","EO","07-17-2025","F",35,27,456,"impact","impact_1991-2000",34.92872222,-106.6818611,"crus.d","0"
"85","MSB:Fish:11194",1992,7,24,"MSB 11194-1","JAR11563F","EO","GC","07-17-2025","F",29,24,333,"impact","impact_1991-2000",34.92872222,-106.6818611,"crus.d","0"
"86","MSB:Fish:12010",1992,9,28,"MSB 12010-3","JAR11037F","KL","KL","07-28-2025","F",28,23,210,"control","control_1991-2000",35.211416,-106.612833,"crus.d","0"
"87","MSB:Fish:12010",1992,9,28,"MSB 12010-2","JAR11056F","KL","KL","07-28-2025",NA,27,21.5,211,"control","control_1991-2000",35.211416,-106.612833,"crus.d","0"
"88","MSB:Fish:12010",1992,9,28,"MSB 12010-1","JAR11057F","KL","KL","07-28-2025","F",36,29,446,"control","control_1991-2000",35.211416,-106.612833,"crus.d","0"
"89","MSB:Fish:12010",1992,9,28,"MSB 12010-5","JAR11045F","KL","KL","07-28-2025","F",25,20,156,"control","control_1991-2000",35.211416,-106.612833,"crus.d","0"
"90","MSB:Fish:12010",1992,9,28,"MSB 12010-4","JAR11044F","KL","KL","07-28-2025","F",28,21,210,"control","control_1991-2000",35.211416,-106.612833,"crus.d","0"
"91","MSB:Fish:12531",1992,11,13,"MSB 12531-1","JAR11267F","EO","GC","07-11-2025",NA,46,38,1030,"control","control_1991-2000",35.380486,-106.502059,"crus.d","0"
"92","MSB:Fish:12531",1992,11,13,"MSB 12531-4","JAR11265F","EO","KL","07-11-2025",NA,31,25,317,"control","control_1991-2000",35.380486,-106.502059,"crus.d","0"
"93","MSB:Fish:12531",1992,11,13,"MSB 12531-5","JAR11266F","EO","BP","07-11-2025","F",48,40,1190,"control","control_1991-2000",35.380486,-106.502059,"crus.d","0"
"94","MSB:Fish:12531",1992,11,13,"MSB 12531-2","JAR11263F","EO","KL","07-11-2025",NA,34,27,414,"control","control_1991-2000",35.380486,-106.502059,"crus.d","0"
"95","MSB:Fish:12531",1992,11,13,"MSB 12531-3","JAR11264F","EO","KL","07-11-2025","F",35,28,445,"control","control_1991-2000",35.380486,-106.502059,"crus.d","0"
"96","MSB:Fish:14485",1993,7,13,"MSB 14485-1","JAR11128F","EO","GC","07-17-2025",NA,41,34,760,"impact","impact_1991-2000",34.929964,-106.681431,"crus.d","0"
"97","MSB:Fish:14485",1993,7,13,"MSB 14485-5","JAR11127F","JG","JG","07-17-2025",NA,24,20,116,"impact","impact_1991-2000",34.929964,-106.681431,"crus.d","0"
"98","MSB:Fish:14485",1993,7,13,"MSB 14485-4","JAR11129F","EO","GC","07-17-2025","F",30,23,247,"impact","impact_1991-2000",34.929964,-106.681431,"crus.d","0"
"99","MSB:Fish:14485",1993,7,13,"MSB 14485-3","JAR11557F","EO","KL","07-17-2025","F",37,29,520,"impact","impact_1991-2000",34.929964,-106.681431,"crus.d","0"
"100","MSB:Fish:14485",1993,7,13,"MSB 14485-2","JAR11130F","JG","GC","07-17-2025","F",43,35,751,"impact","impact_1991-2000",34.929964,-106.681431,"crus.d","0"
"101","MSB:Fish:18799",1993,8,12,"MSB 18799-5","JAR11578F","BP","KL","07-17-2025","F",30,23,274,"control","control_1991-2000",35.280904,-106.597587,"crus.d","0"
"102","MSB:Fish:18799",1993,8,12,"MSB 18799-2","JAR11582F","BP","KL","07-17-2025","F",31,25,375,"control","control_1991-2000",35.280904,-106.597587,"crus.d","0"
"103","MSB:Fish:18799",1993,8,12,"MSB 18799-4","JAR11579F","BP","GC","07-17-2025","F",32,26,344,"control","control_1991-2000",35.280904,-106.597587,"crus.d","0"
"104","MSB:Fish:18799",1993,8,12,"MSB 18799-3","JAR11580","BP","EO","07-17-2025","F",36,28,509,"control","control_1991-2000",35.280904,-106.597587,"crus.d","0"
"105","MSB:Fish:18799",1993,8,12,"MSB 18799-1","JAR11581F","BP","KL","07-17-2025","M",29,23,249,"control","control_1991-2000",35.280904,-106.597587,"crus.d","0"
"106","MSB:Fish:19155",1993,8,4,"MSB 19155-1","JAR11020F","KL","KL","07-23-2025","F",38,30,585,"impact","impact_1991-2000",35.017503,-106.672569,"crus.d","0"
"107","MSB:Fish:19155",1993,8,4,"MSB 19155-2","JAR11021F","KL","KL","07-23-2025","F",34,28,495,"impact","impact_1991-2000",35.017503,-106.672569,"crus.d","0"
"108","MSB:Fish:19155",1993,8,4,"MSB 19155-3","JAR11022F","KL","KL","07-23-2025","F",31,26,355,"impact","impact_1991-2000",35.017503,-106.672569,"crus.d","0"
"109","MSB:Fish:19155",1993,8,4,"MSB 19155-5","JAR11012F","KL","KL","07-23-2025","F",38,32,697,"impact","impact_1991-2000",35.017503,-106.672569,"crus.d","0"
"110","MSB:Fish:19155",1993,8,4,"MSB 19155-4","JAR11027F","KL","KL","07-23-2025","F",34,28,NA,"impact","impact_1991-2000",35.017503,-106.672569,"crus.d","0"
"111","MSB:Fish:19170",1993,8,4,"MSB 19170-3","JAR8800F","BP","BP GC","07-07-2025","F",34,26,421,"impact","impact_1991-2000",35.008358,-106.678909,"crus.d","0"
"112","MSB:Fish:19170",1993,8,4,"MSB 19170-5","JAR8798F","EO","JG","07-07-2025","F",32,25,353,"impact","impact_1991-2000",35.008358,-106.678909,"crus.d","0"
"113","MSB:Fish:19170",1993,8,4,"MSB 19170-1","JAR8802F","BP","GC","07-07-2025","F",31,24,355,"impact","impact_1991-2000",35.008358,-106.678909,"crus.d","0"
"114","MSB:Fish:19170",1993,8,4,"MSB 19170-4","JAR8799F","EO","BP","07-07-2025","F",34,27,460,"impact","impact_1991-2000",35.008358,-106.678909,"crus.d","0"
"115","MSB:Fish:19170",1993,8,4,"MSB 19170-2","JAR8801F","EO","BP KL","07-07-2025",NA,35,27,481,"impact","impact_1991-2000",35.008358,-106.678909,"crus.d","0"
"116","MSB:Fish:2795",1969,4,2,"MSB 2795-4","JAR8920F","BP","KL","07-09-2025","F",29,24,236,"control","control_1961-1970",35.253452,-106.592892,"crus.d","0"
"117","MSB:Fish:2795",1969,4,2,"MSB 2795-5","JAR8919F","BP","JG","07-09-2025",NA,25,19,105,"control","control_1961-1970",35.253452,-106.592892,"crus.d","0"
"118","MSB:Fish:2795",1969,4,2,"MSB 2795-2","JAR8925F","BP","GC","07-09-2025",NA,31,24,325,"control","control_1961-1970",35.253452,-106.592892,"crus.d","0"
"119","MSB:Fish:2795",1969,4,2,"MSB 2795-1","JAR8932F","BP","JG","07-09-2025",NA,45,35,820,"control","control_1961-1970",35.253452,-106.592892,"crus.d","0"
"120","MSB:Fish:2795",1969,4,2,"MSB 2795-3","JAR8921F","BP","GC","07-09-2025",NA,46,37,885,"control","control_1961-1970",35.253452,-106.592892,"crus.d","0"
"121","MSB:Fish:280",1949,10,28,"MSB 280-3","JAR8830F","BP","EO","07-08-2025","F",28,20,184,"impact","impact_1941-1950",35.155761,-106.655157,"crus.d","0"
"122","MSB:Fish:280",1949,10,28,"MSB 280-4","JAR8828F","JG","JG","07-08-2025",NA,43,35,824,"impact","impact_1941-1950",35.155761,-106.655157,"crus.d","0"
"123","MSB:Fish:280",1949,10,28,"MSB 280-1","JAR8833F","BP","BP","07-08-2025",NA,33,26,379,"impact","impact_1941-1950",35.155761,-106.655157,"crus.d","0"
"124","MSB:Fish:280",1949,10,28,"MSB 280-5","JAR8826F","JG","JG","07-08-2025",NA,28,23,238,"impact","impact_1941-1950",35.155761,-106.655157,"crus.d","0"
"125","MSB:Fish:280",1949,10,28,"MSB 280-2","JAR8831F","JG","KL","07-08-2025","F",42,33,733,"impact","impact_1941-1950",35.155761,-106.655157,"crus.d","0"
"126","MSB:Fish:285",1961,2,17,"MSB 285-3","JAR11528F","EO","KL","07-15-2025","F",42,34,741,"impact","impact_1961-1970",35.051774,-106.671997,"crus.d","0"
"127","MSB:Fish:285",1961,2,17,"MSB 285-2","JAR11525F","BP","GC","07-15-2025",NA,32,25,318,"impact","impact_1961-1970",35.051774,-106.671997,"crus.d","0"
"128","MSB:Fish:285",1961,2,17,"MSB 285-1","JAR11517F","EO","KL","07-15-2025","F",46,37,1064,"impact","impact_1961-1970",35.051774,-106.671997,"crus.d","0"
"129","MSB:Fish:285",1961,2,17,"MSB 285-4","JAR11530F","BP","KL","07-15-2025","F",34,26,419,"impact","impact_1961-1970",35.051774,-106.671997,"crus.d","1"
"130","MSB:Fish:285",1961,2,17,"MSB 285-5","JAR11520F","EO","EO","07-15-2025","F",29,23,224,"impact","impact_1961-1970",35.051774,-106.671997,"crus.d","0"
"131","MSB:Fish:288",1949,12,3,"MSB 288-1","JAR11272F","BP","GC","07-11-2025","F",41,32,695,"impact","impact_1941-1950",35.068939,-106.663683,"crus.d","0"
"132","MSB:Fish:288",1949,12,3,"MSB 288-4","JAR11269F","BP","BP","07-11-2025",NA,28,22,247,"impact","impact_1941-1950",35.068939,-106.663683,"crus.d","0"
"133","MSB:Fish:288",1949,12,3,"MSB 288-5","JAR11268F","EO","EO","07-11-2025","F",35,28,413,"impact","impact_1941-1950",35.068939,-106.663683,"crus.d","0"
"134","MSB:Fish:288",1949,12,3,"MSB 288-3","JAR11270F","EO","KL","07-11-2025","F",49,40,1240,"impact","impact_1941-1950",35.068939,-106.663683,"crus.d","0"
"135","MSB:Fish:288",1949,12,3,"MSB 288-2","JAR11271F","BP","BP","07-11-2025",NA,30,27,461,"impact","impact_1941-1950",35.068939,-106.663683,"crus.d","0"
"136","MSB:Fish:292",1961,2,12,"MSB 292-3","JAR11553F","JG","KL","07-16-2025","M",25,21,138,"control","control_1961-1970",35.408152,-106.470544,"crus.d","0"
"137","MSB:Fish:292",1961,2,12,"MSB 292-1","JAR11556F","BP","KL","07-16-2025","M",31,24,273,"control","control_1961-1970",35.408152,-106.470544,"crus.d","0"
"138","MSB:Fish:292",1961,2,12,"MSB 292-5","JAR11547F","JG","JG","07-16-2025",NA,25,21,167,"control","control_1961-1970",35.408152,-106.470544,"crus.d","0"
"139","MSB:Fish:292",1961,2,12,"MSB 292-4","JAR11550F","BP","KL","07-16-2025","F",33,25,342,"control","control_1961-1970",35.408152,-106.470544,"crus.d","0"
"140","MSB:Fish:292",1961,2,12,"MSB 292-2","JAR11534F","JG","JG","07-16-2025",NA,25,20,132,"control","control_1961-1970",35.408152,-106.470544,"crus.d","0"
"141","MSB:Fish:305",1949,7,21,"MSB 305-2","JAR8913F","BP","GC","07-09-2025",NA,41,32,810,"impact","impact_1941-1950",35.204443,-106.610046,"crus.d","0"
"142","MSB:Fish:305",1949,7,21,"MSB 305-3","JAR8915F","BP","KL","07-09-2025","F",39,31,840,"impact","impact_1941-1950",35.204443,-106.610046,"crus.d","0"
"143","MSB:Fish:305",1949,7,21,"MSB 305-1","JAR8911F","BP","JG","07-09-2025","F",38,30,653,"impact","impact_1941-1950",35.204443,-106.610046,"crus.d","0"
"144","MSB:Fish:305",1949,7,21,"MSB 305-5","JAR8918F","BP","KL","07-09-2025",NA,41,34,848,"impact","impact_1941-1950",35.204443,-106.610046,"crus.d","0"
"145","MSB:Fish:305",1949,7,21,"MSB 305-4","JAR8917F","BP","EO","07-09-2025","F",26,21,146,"impact","impact_1941-1950",35.204443,-106.610046,"crus.d","0"
"146","MSB:Fish:307",1959,2,24,"MSB 307-1","JAR8797F","BP","GC","07-07-2025","F",30,24,257,"impact","impact_1951-1960",34.987044,-106.690293,"crus.d","0"
"147","MSB:Fish:307",1959,2,24,"MSB 307-2","JAR8796F","JG","KL","07-07-2025","F",31,23,295,"impact","impact_1951-1960",34.987044,-106.690293,"crus.d","0"
"148","MSB:Fish:307",1959,2,24,"MSB 307-5","JAR8793F","JG","GC","07-07-2025",NA,33,24,304,"impact","impact_1951-1960",34.987044,-106.690293,"crus.d","0"
"149","MSB:Fish:307",1959,2,24,"MSB 307-4","JAR8794F","BP","KL","07-07-2025","F",31,26,296,"impact","impact_1951-1960",34.987044,-106.690293,"crus.d","0"
"150","MSB:Fish:307",1959,2,24,"MSB 307-3","JAR8795F","BP","KL","07-07-2025",NA,31,25,277,"impact","impact_1951-1960",34.987044,-106.690293,"crus.d","0"
"151","MSB:Fish:30771",1996,10,30,"MSB 30771-3","JAR11025F","KL","KL","07-28-2025",NA,39,32,613,"control","control_1991-2000",35.38033333,-106.4990556,"crus.d","0"
"152","MSB:Fish:30771",1996,10,30,"MSB 30771-2","JAR11024F","KL","KL","07-28-2025",NA,34,27,361,"control","control_1991-2000",35.38033333,-106.4990556,"crus.d","0"
"153","MSB:Fish:30771",1996,10,30,"MSB 30771-1","JAR11030F","KL","KL","07-28-2025",NA,27,21,182,"control","control_1991-2000",35.38033333,-106.4990556,"crus.d","0"
"154","MSB:Fish:30771",1996,10,30,"MSB 30771-5","JAR11033F","KL","KL","07-28-2025","M",30,23,241,"control","control_1991-2000",35.38033333,-106.4990556,"crus.d","0"
"155","MSB:Fish:30771",1996,10,30,"MSB 30771-4","JAR11028F","KL","KL","07-28-2025",NA,26,20,165,"control","control_1991-2000",35.38033333,-106.4990556,"crus.d","0"
"156","MSB:Fish:315",1949,7,28,"MSB 315-3","JAR11521F","JG","KL","07-15-2025",NA,33,27,445,"impact","impact_1941-1950",35.188761,-106.64706,"crus.d","0"
"157","MSB:Fish:315",1949,7,28,"MSB 315-2","JAR11524F","BP","KL","07-15-2025","F",38,30,666,"impact","impact_1941-1950",35.188761,-106.64706,"crus.d","0"
"158","MSB:Fish:315",1949,7,28,"MSB 315-4","JAR11527F","BP","KL","07-15-2025","F",31,24,301,"impact","impact_1941-1950",35.188761,-106.64706,"crus.d","0"
"159","MSB:Fish:315",1949,7,28,"MSB 315-1","JAR11522F","JG","BP","07-15-2025",NA,38,31,711,"impact","impact_1941-1950",35.188761,-106.64706,"crus.d","0"
"160","MSB:Fish:315",1949,7,28,"MSB 315-5","JAR11544F","JG","EO","07-15-2025","F",35,28,417,"impact","impact_1941-1950",35.188761,-106.64706,"crus.d","0"
"161","MSB:Fish:324",1950,10,18,"MSB 324-2","JAR11336F","BP","KL","07-10-2025","F",45,36,1097,"control","control_1941-1950",35.229809,-106.616288,"crus.d","0"
"162","MSB:Fish:324",1950,10,18,"MSB 324-1","JAR11335F","JG","KL","07-10-2025","F",39,33,691,"control","control_1941-1950",35.229809,-106.616288,"crus.d","0"
"163","MSB:Fish:324",1950,10,18,"MSB 324-5","JAR11339F","BP","KL","07-10-2025","F",39,31,754,"control","control_1941-1950",35.229809,-106.616288,"crus.d","0"
"164","MSB:Fish:324",1950,10,18,"MSB 324-4","JAR11338F","BP","GC","07-10-2025",NA,46,36,1172,"control","control_1941-1950",35.229809,-106.616288,"crus.d","0"
"165","MSB:Fish:324",1950,10,18,"MSB 324-3","JAR11337F","BP","GC","07-10-2025",NA,49,39,1841,"control","control_1941-1950",35.229809,-106.616288,"crus.d","0"
"166","MSB:Fish:326",1949,7,21,"MSB 326-5","JAR8924F","EO","JG","07-09-2025","F",38,32,628,"impact","impact_1941-1950",35.210652,-106.627124,"crus.d","0"
"167","MSB:Fish:326",1949,7,21,"MSB 326-4","JAR8933F","EO","KL","07-09-2025","F",33,27,421,"impact","impact_1941-1950",35.210652,-106.627124,"crus.d","0"
"168","MSB:Fish:326",1949,7,21,"MSB 326-3","JAR8931F","KL","KL","07-09-2025",NA,36,30,581,"impact","impact_1941-1950",35.210652,-106.627124,"crus.d","0"
"169","MSB:Fish:326",1949,7,21,"MSB 326-2","JAR8926F","KL","GC","07-09-2025","F",34,28,560,"impact","impact_1941-1950",35.210652,-106.627124,"crus.d","0"
"170","MSB:Fish:326",1949,7,21,"MSB 326-1","JAR8922F","KL","KL","07-09-2025","F",33,27,355,"impact","impact_1941-1950",35.210652,-106.627124,"crus.d","0"
"171","MSB:Fish:327",1942,2,28,"MSB 327-1","JAR8840F","EO","GC","07-08-2025","F",45,36,927,"control","control_1941-1950",35.37417,-106.49278,"crus.d","0"
"172","MSB:Fish:327",1942,2,28,"MSB 327-4","JAR8842F","EO","GC","07-08-2025",NA,32,25,257,"control","control_1941-1950",35.37417,-106.49278,"crus.d","0"
"173","MSB:Fish:327",1942,2,28,"MSB 327-3","JAR8846F","BP","GC","07-08-2025","F",45,36,910,"control","control_1941-1950",35.37417,-106.49278,"crus.d","0"
"174","MSB:Fish:327",1942,2,28,"MSB 327-2","JAR8903F","EO","JG","07-08-2025",NA,47,38,1118,"control","control_1941-1950",35.37417,-106.49278,"crus.d","0"
"175","MSB:Fish:327",1942,2,28,"MSB 327-5","JAR8844F","BP","GC","07-08-2025","F",25,20,131,"control","control_1941-1950",35.37417,-106.49278,"crus.d","0"
"176","MSB:Fish:330",1949,11,5,"MSB 330-1","JAR11350F","EO","JG","07-10-2025",NA,45,36,982,"control","control_1941-1950",35.211994,-106.631125,"crus.d","0"
"177","MSB:Fish:330",1949,11,5,"MSB 330-3","JAR11356F","EO","GC","07-10-2025",NA,29,23,241,"control","control_1941-1950",35.211994,-106.631125,"crus.d","0"
"178","MSB:Fish:330",1949,11,5,"MSB 330-4","JAR11353F","JG","BP","07-10-2025",NA,32,26,276,"control","control_1941-1950",35.211994,-106.631125,"crus.d","0"
"179","MSB:Fish:330",1949,11,5,"MSB 330-5","JAR11369F","JG","EO","07-10-2025","F",26,22,195,"control","control_1941-1950",35.211994,-106.631125,"crus.d","0"
"180","MSB:Fish:330",1949,11,5,"MSB 330-2","JAR11347F","JG","BP","07-10-2025",NA,34,28,374,"control","control_1941-1950",35.211994,-106.631125,"crus.d","0"
"181","MSB:Fish:334",1952,5,3,"MSB 334-1","JAR11113F","BP","KL","07-16-2025",NA,33,26,309,"control","control_1951-1960",35.302146,-106.571551,"crus.d","0"
"182","MSB:Fish:334",1952,5,3,"MSB 334-3","JAR11107F","BP","JG","07-16-2025",NA,30,24,217,"control","control_1951-1960",35.302146,-106.571551,"crus.d","0"
"183","MSB:Fish:334",1952,5,3,"MSB 334-5","JAR11108F","BP","GC","07-16-2025",NA,27,22,179,"control","control_1951-1960",35.302146,-106.571551,"crus.d","0"
"184","MSB:Fish:334",1952,5,3,"MSB 334-4","JAR11116F","BP","EO","07-16-2025","F",30,23,233,"control","control_1951-1960",35.302146,-106.571551,"crus.d","0"
"185","MSB:Fish:334",1952,5,3,"MSB 334-2","JAR11110F","BP","EO","07-16-2025","F",31,25,293,"control","control_1951-1960",35.302146,-106.571551,"crus.d","0"
"186","MSB:Fish:3391",1965,5,18,"MSB 3391-1","JAR11370F","EO","KL","07-10-2025","F",41,35,794,"control","control_1961-1970",35.383813,-106.481,"crus.d","0"
"187","MSB:Fish:3391",1965,5,18,"MSB 3391-2","JAR11366F","EO","GC","07-10-2025","M",28,23,188,"control","control_1961-1970",35.383813,-106.481,"crus.d","0"
"188","MSB:Fish:3391",1965,5,18,"MSB 3391-5","JAR11367F","EO","JG","07-10-2025","F",35,28,522,"control","control_1961-1970",35.383813,-106.481,"crus.d","0"
"189","MSB:Fish:3391",1965,5,18,"MSB 3391-4","JAR11364F","EO","KL","07-10-2025",NA,33,27,348,"control","control_1961-1970",35.383813,-106.481,"crus.d","0"
"190","MSB:Fish:3391",1965,5,18,"MSB 3391-3","JAR11363F","EO","EO","07-10-2025","F",31,26,296,"control","control_1961-1970",35.383813,-106.481,"crus.d","0"
"191","MSB:Fish:3421",1972,6,19,"MSB 3421-1","JAR11296F","EO","KL","07-14-2025","F",36,29,612,"control","control_1971-1980",35.249718,-106.603396,"crus.d","0"
"192","MSB:Fish:3421",1972,6,19,"MSB 3421-4","JAR11294F","EO","KL","07-14-2025","F",40,33,736,"control","control_1971-1980",35.249718,-106.603396,"crus.d","0"
"193","MSB:Fish:3421",1972,6,19,"MSB 3421-2","JAR11288F","EO","KL","07-14-2025","F",46,37,1270,"control","control_1971-1980",35.249718,-106.603396,"crus.d","0"
"194","MSB:Fish:3421",1972,6,19,"MSB 3421-5","JAR11293F","EO","KL","07-14-2025","F",44,36,1076,"control","control_1971-1980",35.249718,-106.603396,"crus.d","0"
"195","MSB:Fish:3421",1972,6,19,"MSB 3421-3","JAR11291F","EO","KL","07-14-2025","F",42,35,996,"control","control_1971-1980",35.249718,-106.603396,"crus.d","0"
"196","MSB:Fish:365",1947,9,27,"MSB 365-1","JAR11529F","JG","JG","07-15-2025",NA,39,33,608,"control","control_1941-1950",35.321576,-106.555389,"crus.d","0"
"197","MSB:Fish:365",1947,9,27,"MSB 365-5","JAR11531F","JG","JG","07-15-2025",NA,32,25,251,"control","control_1941-1950",35.321576,-106.555389,"crus.d","0"
"198","MSB:Fish:365",1947,9,27,"MSB 365-2","JAR11532F","BP","KL","07-15-2025","F",38,29,390,"control","control_1941-1950",35.321576,-106.555389,"crus.d","0"
"199","MSB:Fish:365",1947,9,27,"MSB 365-3","JAR11526F","JG","KL","07-15-2025","F",37,29,507,"control","control_1941-1950",35.321576,-106.555389,"crus.d","0"
"200","MSB:Fish:365",1947,9,27,"MSB 365-4","JAR11523F","BP","KL","07-15-2025",NA,38,30,356,"control","control_1941-1950",35.321576,-106.555389,"crus.d","0"
"201","MSB:Fish:38942",1997,7,5,"MSB 38942-5","JAR11115F","EO","GC","07-17-2025","F",41,32,883,"control","control_1991-2000",35.28302778,-106.5981389,"crus.d","0"
"202","MSB:Fish:38942",1997,7,5,"MSB 38942-1","JAR11120F","EO","GC","07-17-2025","F",50,42,2039,"control","control_1991-2000",35.28302778,-106.5981389,"crus.d","0"
"203","MSB:Fish:38942",1997,7,5,"MSB 38942-2","JAR11119F","EO","KL","07-17-2025","F",47,39,1803,"control","control_1991-2000",35.28302778,-106.5981389,"crus.d","0"
"204","MSB:Fish:38942",1997,7,5,"MSB 38942-3","JAR11121F","EO","KL","07-17-2025","F",45,38,1685,"control","control_1991-2000",35.28302778,-106.5981389,"crus.d","0"
"205","MSB:Fish:38942",1997,7,5,"MSB 38942-4","JAR11118F","EO","KL","07-17-2025","F",46,38,1451,"control","control_1991-2000",35.28302778,-106.5981389,"crus.d","0"
"206","MSB:Fish:39100",1997,10,15,"MSB 39100-1","JAR11577F","BP","JG","07-17-2025",NA,34,26,374,"control","control_1991-2000",35.322164,-106.557448,"crus.d","0"
"207","MSB:Fish:39100",1997,10,15,"MSB 39100-2","JAR11573F","BP","EO","07-17-2025","F",38,28,500,"control","control_1991-2000",35.322164,-106.557448,"crus.d","0"
"208","MSB:Fish:39100",1997,10,15,"MSB 39100-4","JAR11575F","BP","GC","07-17-2025","F",34,26,403,"control","control_1991-2000",35.322164,-106.557448,"crus.d","0"
"209","MSB:Fish:39100",1997,10,15,"MSB 39100-5","JAR11576F","BP","GC","07-17-2025","F",25,19,144,"control","control_1991-2000",35.322164,-106.557448,"crus.d","0"
"210","MSB:Fish:39100",1997,10,15,"MSB 39100-3","JAR11574F","BP","KL","07-17-2025","M",25,20,167,"control","control_1991-2000",35.322164,-106.557448,"crus.d","0"
"211","MSB:Fish:3993",1977,9,28,"MSB 3993-4","JAR11626F","BP","GC","07-21-2025","F",29,23,333,"impact","impact_1971-1980",35.136341,-106.685742,"crus.d","0"
"212","MSB:Fish:3993",1977,9,28,"MSB 3993-1","JAR11623F","JG","GC","07-21-2025",NA,25,20,170,"impact","impact_1971-1980",35.136341,-106.685742,"crus.d","0"
"213","MSB:Fish:3993",1977,9,28,"MSB 3993-2","JAR11621F","BP","GC","07-21-2025","F",26,20,224,"impact","impact_1971-1980",35.136341,-106.685742,"crus.d","0"
"214","MSB:Fish:3993",1977,9,28,"MSB 3993-3","JAR11618F","JG","BP","07-21-2025","M",28,21,181,"impact","impact_1971-1980",35.136341,-106.685742,"crus.d","0"
"215","MSB:Fish:3993",1977,9,28,"MSB 3993-5","JAR11620F","JG","BP","07-21-2025","M",27,21,186,"impact","impact_1971-1980",35.136341,-106.685742,"crus.d","0"
"216","MSB:Fish:4012",1977,9,28,"MSB 4012-5","JAR11616F","JG","JG","07-21-2025",NA,25,21,169,"impact","impact_1971-1980",35.134932,-106.690783,"crus.d","0"
"217","MSB:Fish:4012",1977,9,28,"MSB 4012-1","JAR11607F","JG","EO","07-21-2025","F",32,25,365,"impact","impact_1971-1980",35.134932,-106.690783,"crus.d","0"
"218","MSB:Fish:4012",1977,9,28,"MSB 4012-4","JAR11613F","BP","GC","07-21-2025","F",26,20,178,"impact","impact_1971-1980",35.134932,-106.690783,"crus.d","0"
"219","MSB:Fish:4012",1977,9,28,"MSB 4012-3","JAR11617F","JG","GC","07-21-2025","F",32,27,303,"impact","impact_1971-1980",35.134932,-106.690783,"crus.d","0"
"220","MSB:Fish:4012",1977,9,28,"MSB 4012-2","JAR11610F","BP","GC","07-21-2025","F",31,24,316,"impact","impact_1971-1980",35.134932,-106.690783,"crus.d","0"
"221","MSB:Fish:4056",1978,5,19,"MSB 4056-2","JAR11322F","EO","KL","07-14-2025","F",36,28,566,"control","control_1971-1980",35.253481,-106.591225,"crus.d","0"
"222","MSB:Fish:4056",1978,5,19,"MSB 4056-3","JAR11318F","EO","JG","07-14-2025","F",37,28,549,"control","control_1971-1980",35.253481,-106.591225,"crus.d","0"
"223","MSB:Fish:4056",1978,5,19,"MSB 4056-4","JAR11317F","EO","JG","07-14-2025","F",34,28,483,"control","control_1971-1980",35.253481,-106.591225,"crus.d","0"
"224","MSB:Fish:4056",1978,5,19,"MSB 4056-1","JAR11319F","EO","GC","07-14-2025","F",37,30,644,"control","control_1971-1980",35.253481,-106.591225,"crus.d","0"
"225","MSB:Fish:4056",1978,5,19,"MSB 4056-5","JAR11321F","EO","GC","07-14-2025","F",34,28,581,"control","control_1971-1980",35.253481,-106.591225,"crus.d","0"
"226","MSB:Fish:4086",1978,9,29,"MSB 4086-3","JAR11342F","BP","JG","07-11-2025",NA,31,24,340,"control","control_1971-1980",35.380072,-106.499406,"crus.d","0"
"227","MSB:Fish:4086",1978,9,29,"MSB 4086-5","JAR11340F","BP","GC","07-11-2025","M",29,23,261,"control","control_1971-1980",35.380072,-106.499406,"crus.d","0"
"228","MSB:Fish:4086",1978,9,29,"MSB 4086-4","JAR11341F","BP","GC","07-11-2025","F",26,19,139,"control","control_1971-1980",35.380072,-106.499406,"crus.d","0"
"229","MSB:Fish:4086",1978,9,29,"MSB 4086-2","JAR11344F","BP","EO","07-11-2025","F",40,30,701,"control","control_1971-1980",35.380072,-106.499406,"crus.d","0"
"230","MSB:Fish:4086",1978,9,29,"MSB 4086-1","JAR11345F","BP","KL","07-11-2025","F",41,32,795,"control","control_1971-1980",35.380072,-106.499406,"crus.d","0"
"231","MSB:Fish:4172",1977,5,10,"MSB 4172-2","JAR11329F","JG","GC","07-14-2025","F",33,29,347,"control","control_1971-1980",35.26637,-106.598674,"crus.d","0"
"232","MSB:Fish:4172",1977,5,10,"MSB 4172-3","JAR11330F","BP","KL","07-14-2025","F",27,21,170,"control","control_1971-1980",35.26637,-106.598674,"crus.d","0"
"233","MSB:Fish:4172",1977,5,10,"MSB 4172-4","JAR11327F","BP","GC","07-14-2025","M",27,21,150,"control","control_1971-1980",35.26637,-106.598674,"crus.d","0"
"234","MSB:Fish:4172",1977,5,10,"MSB 4172-1","JAR11328F","BP","KL","07-14-2025",NA,29,24,252,"control","control_1971-1980",35.26637,-106.598674,"crus.d","0"
"235","MSB:Fish:4172",1977,5,10,"MSB 4172-5","JAR11326F","JG","JG","07-14-2025",NA,27,21,137,"control","control_1971-1980",35.26637,-106.598674,"crus.d","0"
"236","MSB:Fish:4176",1978,5,21,"MSB 4176-5","JAR8822F","JG","KL","07-08-2025","F",29,23,368,"control","control_1971-1980",35.253481,-106.591225,"crus.d","0"
"237","MSB:Fish:4176",1978,5,21,"MSB 4176-1","JAR8821F","BP","JG","07-08-2025","F",38,31,741,"control","control_1971-1980",35.253481,-106.591225,"crus.d","0"
"238","MSB:Fish:4176",1978,5,21,"MSB 4176-3","JAR8818F","JG","KL","07-08-2025","F",33,26,425,"control","control_1971-1980",35.253481,-106.591225,"crus.d","0"
"239","MSB:Fish:4176",1978,5,21,"MSB 4176-2","JAR8816F","BP","EO","07-08-2025","F",39,31,798,"control","control_1971-1980",35.253481,-106.591225,"crus.d","0"
"240","MSB:Fish:4176",1978,5,21,"MSB 4176-4","JAR8820F","BP","JG","07-08-2025","F",38,30,806,"control","control_1971-1980",35.253481,-106.591225,"crus.d","0"
"241","MSB:Fish:43165",1999,4,21,"MSB 43165-3","JAR11124F","EO","KL","07-17-2025","F",35,27,471,"impact","impact_1991-2000",35.027111,-106.672944,"crus.d","0"
"242","MSB:Fish:43165",1999,4,21,"MSB 43165-4","JAR11123F","EO","JG GC","07-17-2025","F",38,30,636,"impact","impact_1991-2000",35.027111,-106.672944,"crus.d","0"
"243","MSB:Fish:43165",1999,4,21,"MSB 43165-2","JAR11125F","EO","EO","07-17-2025","F",38,30,668,"impact","impact_1991-2000",35.027111,-106.672944,"crus.d","0"
"244","MSB:Fish:43165",1999,4,21,"MSB 43165-1","JAR11126F","EO","GC","07-17-2025","F",33,27,464,"impact","impact_1991-2000",35.027111,-106.672944,"crus.d","0"
"245","MSB:Fish:43165",1999,4,21,"MSB 43165-5","JAR11122F","EO","KL","07-17-2025","F",40,32,732,"impact","impact_1991-2000",35.027111,-106.672944,"crus.d","0"
"246","MSB:Fish:43242",1999,7,14,"MSB 43242-5","JAR11026F","KL","KL","07-28-2025",NA,41,33,899,"control","control_1991-2000",35.28302778,-106.5981389,"crus.d","0"
"247","MSB:Fish:43242",1999,7,14,"MSB 43242-4","JAR11034F","KL","KL","07-28-2025","F",32,25,344,"control","control_1991-2000",35.28302778,-106.5981389,"crus.d","0"
"248","MSB:Fish:43242",1999,7,14,"MSB 43242-3","JAR11029F","KL","KL","07-28-2025","F",32,25,338,"control","control_1991-2000",35.28302778,-106.5981389,"crus.d","0"
"249","MSB:Fish:43242",1999,7,14,"MSB 43242-2","JAR11032F","KL","KL","07-28-2025",NA,32,26,416,"control","control_1991-2000",35.28302778,-106.5981389,"crus.d","0"
"250","MSB:Fish:43242",1999,7,14,"MSB 43242-1","JAR11031F","KL","KL","07-28-2025",NA,29,22,249,"control","control_1991-2000",35.28302778,-106.5981389,"crus.d","0"
"251","MSB:Fish:43251",1999,7,15,"MSB 43251-2","JAR11011F","KL","KL","07-23-2025","F",37,29,616,"impact","impact_1991-2000",35.089293,-106.680842,"crus.d","0"
"252","MSB:Fish:43251",1999,7,15,"MSB 43251-1","JAR11014F","KL","KL","07-23-2025",NA,32,26,384,"impact","impact_1991-2000",35.089293,-106.680842,"crus.d","0"
"253","MSB:Fish:43251",1999,7,15,"MSB 43251-4","JAR11018F","KL","KL","07-23-2025","F",32,25,392,"impact","impact_1991-2000",35.089293,-106.680842,"crus.d","0"
"254","MSB:Fish:43251",1999,7,15,"MSB 43251-5","JAR11019F","KL","KL","07-23-2025","F",34,27,NA,"impact","impact_1991-2000",35.089293,-106.680842,"crus.d","0"
"255","MSB:Fish:43251",1999,7,15,"MSB 43251-3","JAR11017F","KL","KL","07-23-2025","F",33,27,379,"impact","impact_1991-2000",35.089293,-106.680842,"crus.d","0"
"256","MSB:Fish:43370",1999,8,25,"MSB 43370-2","JAR11035F","KL","KL","07-28-2025",NA,28,22,215,"control","control_1991-2000",35.28302778,-106.5981389,"crus.d","0"
"257","MSB:Fish:43370",1999,8,25,"MSB 43370-3","JAR11036F","KL","KL","07-28-2025",NA,36,29,480,"control","control_1991-2000",35.28302778,-106.5981389,"crus.d","0"
"258","MSB:Fish:43370",1999,8,25,"MSB 43370-1","JAR11041F","KL","KL","07-28-2025",NA,38,30,NA,"control","control_1991-2000",35.28302778,-106.5981389,"crus.d","0"
"259","MSB:Fish:43370",1999,8,25,"MSB 43370-5","JAR11043F","KL","KL","07-28-2025","M",30,24,225,"control","control_1991-2000",35.28302778,-106.5981389,"crus.d","0"
"260","MSB:Fish:43370",1999,8,25,"MSB 43370-4","JAR11042F","KL","KL","07-28-2025",NA,26,20,154,"control","control_1991-2000",35.28302778,-106.5981389,"crus.d","0"
"261","MSB:Fish:4353",1978,9,8,"MSB 4353-1","JAR11097F","JG","GC","07-16-2025","F",35,29,601,"control","control_1971-1980",35.222784,-106.601974,"crus.d","0"
"262","MSB:Fish:4353",1978,9,8,"MSB 4353-4","JAR11106F","BP","BP","07-16-2025",NA,25,19,157,"control","control_1971-1980",35.222784,-106.601974,"crus.d","0"
"263","MSB:Fish:4353",1978,9,8,"MSB 4353-2","JAR11100F","JG","GC","07-16-2025","M",29,24,212,"control","control_1971-1980",35.222784,-106.601974,"crus.d","0"
"264","MSB:Fish:4353",1978,9,8,"MSB 4353-5","JAR11105F","BP","KL","07-16-2025",NA,25,20,NA,"control","control_1971-1980",35.222784,-106.601974,"crus.d","0"
"265","MSB:Fish:4353",1978,9,8,"MSB 4353-3","JAR11103F","JG","GC","07-16-2025","M",27,22,151,"control","control_1971-1980",35.222784,-106.601974,"crus.d","0"
"266","MSB:Fish:4378",1978,9,23,"MSB 4378-3","JAR11554F","JG","KL","07-16-2025","F",38,32,556,"impact","impact_1971-1980",34.905272,-106.685564,"crus.d","0"
"267","MSB:Fish:4378",1978,9,23,"MSB 4378-5","JAR11545F","BP","GC","07-16-2025","F",36,28,469,"impact","impact_1971-1980",34.905272,-106.685564,"crus.d","0"
"268","MSB:Fish:4378",1978,9,23,"MSB 4378-3","JAR11546F","BP","KL","07-16-2025","F",42,32,738,"impact","impact_1971-1980",34.905272,-106.685564,"crus.d","0"
"269","MSB:Fish:4378",1978,9,23,"MSB 4378-2","JAR11551F","BP","JG","07-16-2025","F",38,30,633,"impact","impact_1971-1980",34.905272,-106.685564,"crus.d","0"
"270","MSB:Fish:4378",1978,9,23,"MSB 4378-1","JAR11548F","BP","KL","07-16-2025","F",37,28,634,"impact","impact_1971-1980",34.905272,-106.685564,"crus.d","0"
"271","MSB:Fish:438",1978,NA,5,"MSB 4389-1","JAR11516F","JG","GC","07-15-2025",NA,38,31,575,NA,NA,NA,NA,"crus.d","0"
"272","MSB:Fish:4385",1978,9,6,"MSB 4385-2","JAR8843F","EO","KL","07-08-2025",NA,30,26,273,"impact","impact_1971-1980",34.905272,-106.685564,"crus.d","0"
"273","MSB:Fish:4385",1978,9,6,"MSB 4385-5","JAR8838F","EO","JG","07-08-2025","F",27,22,197,"impact","impact_1971-1980",34.905272,-106.685564,"crus.d","0"
"274","MSB:Fish:4385",1978,9,6,"MSB 4385-3","JAR8845F","KL","KL","07-08-2025","F",27,23,204,"impact","impact_1971-1980",34.905272,-106.685564,"crus.d","0"
"275","MSB:Fish:4385",1978,9,6,"MSB 4385-4","JAR8839","KL","GC","07-08-2025","F",26,22,222,"impact","impact_1971-1980",34.905272,-106.685564,"crus.d","0"
"276","MSB:Fish:4385",1978,9,6,"MSB 4385-1","JAR8841F","KL","KL","07-08-2025","F",25,21,161,"impact","impact_1971-1980",34.905272,-106.685564,"crus.d","0"
"277","MSB:Fish:4389",1978,9,5,"MSB 4389-2","JAR11519F","JG","GC","07-15-2025","F",34,28,507,"impact","impact_1971-1980",35.092867,-106.682332,"crus.d","0"
"278","MSB:Fish:4389",1978,9,5,"MSB 4389-4","JAR11514F","JG","GC","07-15-2025",NA,40,33,716,"impact","impact_1971-1980",35.092867,-106.682332,"crus.d","0"
"279","MSB:Fish:4389",1978,9,5,"MSB 4389-3","JAR11511F","JG","GC","07-15-2025","M",34,29,461,"impact","impact_1971-1980",35.092867,-106.682332,"crus.d","0"
"280","MSB:Fish:4389",1978,9,5,"MSB 4389-5","JAR11513F","JG","GC","07-15-2025",NA,38,32,654,"impact","impact_1971-1980",35.092867,-106.682332,"crus.d","0"
"281","MSB:Fish:4418",1978,8,3,"MSB 4418-1","JAR11292F","BP","GC","07-14-2025","F",43,34,1443,"impact","impact_1971-1980",34.905272,-106.685564,"crus.d","0"
"282","MSB:Fish:4418",1978,8,3,"MSB 4418-2","JAR11289F","BP","KL","07-14-2025","F",38,30,662,"impact","impact_1971-1980",34.905272,-106.685564,"crus.d","0"
"283","MSB:Fish:4418",1978,8,3,"MSB 4418-5","JAR11297F","EO","KL","07-14-2025","F",40,33,985,"impact","impact_1971-1980",34.905272,-106.685564,"crus.d","0"
"284","MSB:Fish:4418",1978,8,3,"MSB 4418-4","JAR11298F","EO","KL","07-14-2025","F",37,30,678,"impact","impact_1971-1980",34.905272,-106.685564,"crus.d","0"
"285","MSB:Fish:4418",1978,8,3,"MSB 4418-3","JAR11295F","BP","KL","07-14-2025","F",40,31,805,"impact","impact_1971-1980",34.905272,-106.685564,"crus.d","2"
"286","MSB:Fish:4440",1978,9,5,"MSB 4440-2","JAR11555F","BJG","JG","07-16-2025",NA,28,22,223,"impact","impact_1971-1980",35.090702,-106.684514,"crus.d","0"
"287","MSB:Fish:4440",1978,9,5,"MSB 4440-1","JAR11552F","BP","JG","07-16-2025",NA,25,20,138,"impact","impact_1971-1980",35.090702,-106.684514,"crus.d","0"
"288","MSB:Fish:4440",1978,9,5,"MSB 4440-4","JAR11098F","JG","KL","07-16-2025","M",25,21,144,"impact","impact_1971-1980",35.090702,-106.684514,"crus.d","0"
"289","MSB:Fish:4440",1978,9,5,"MSB 4440-3","JAR11095F","BP","GC","07-16-2025","M",27,20,205,"impact","impact_1971-1980",35.090702,-106.684514,"crus.d","0"
"290","MSB:Fish:4440",1978,9,5,"MSB 4440-5","JAR11549F","BP","GC","07-16-2025","M",26,20,151,"impact","impact_1971-1980",35.090702,-106.684514,"crus.d","0"
"291","MSB:Fish:4453",1978,9,5,"MSB 4453-5","JAR8940F","EO","GC","07-10-2025","M",27,22,167,"impact","impact_1971-1980",35.10562,-106.681074,"crus.d","0"
"292","MSB:Fish:4453",1978,9,5,"MSB 4453-1","JAR11359F","EO","KL","07-10-2025","F",36,30,577,"impact","impact_1971-1980",35.10562,-106.681074,"crus.d","0"
"293","MSB:Fish:4453",1978,9,5,"MSB 4453-3","JAR8938F","EO","KL","07-10-2025","M",28,22,149,"impact","impact_1971-1980",35.10562,-106.681074,"crus.d","0"
"294","MSB:Fish:4453",1978,9,5,"MSB 4453-2","JAR8936F","EO ","GC","07-10-2025","F",39,31,742,"impact","impact_1971-1980",35.10562,-106.681074,"crus.d","0"
"295","MSB:Fish:4453",1978,9,5,"MSB 4453-4","JAR8942F","EO","JG","07-10-2025",NA,26,22,143,"impact","impact_1971-1980",35.10562,-106.681074,"crus.d","0"
"296","MSB:Fish:4462",1978,6,14,"MSB 4462-1","JAR11541F","BP","BP","07-15-2025",NA,27,22,205,"control","control_1971-1980",35.322164,-106.557448,"crus.d","0"
"297","MSB:Fish:4462",1978,6,14,"MSB 4462-2","JAR11540F","BP","EO","07-15-2025","F",36,27,517,"control","control_1971-1980",35.322164,-106.557448,"crus.d","0"
"298","MSB:Fish:4462",1978,6,14,"MSB 4462-5","JAR11535F","BP","GC","07-15-2025","M",26,20,170,"control","control_1971-1980",35.322164,-106.557448,"crus.d","0"
"299","MSB:Fish:4462",1978,6,14,"MSB 4462-3","JAR11538F","BP","KL","07-15-2025","F",27,20,195,"control","control_1971-1980",35.322164,-106.557448,"crus.d","0"
"300","MSB:Fish:4462",1978,6,14,"MSB 4462-4","JAR11543F","BP","GC","07-15-2025","M",27,20,197,"control","control_1971-1980",35.322164,-106.557448,"crus.d","0"
"301","MSB:Fish:4486",1978,9,29,"MSB 4486-1","JAR11274F","JG","KL","07-11-2025","F",29,24,252,"control","control_1971-1980",35.383856,-106.490929,"crus.d","0"
"302","MSB:Fish:4486",1978,9,29,"MSB 4486-2","JAR11324F","JG","KL","07-11-2025","M",25,20,171,"control","control_1971-1980",35.383856,-106.490929,"crus.d","0"
"303","MSB:Fish:4486",1978,9,29,"MSB 4486-3","JAR11325F","KL","EO","07-11-2025","F",28,23,227,"control","control_1971-1980",35.383856,-106.490929,"crus.d","0"
"304","MSB:Fish:4486",1978,9,29,"MSB 4486-4","JAR11323F","KL","KL","07-11-2025",NA,27,22,226,"control","control_1971-1980",35.383856,-106.490929,"crus.d","0"
"305","MSB:Fish:4486",1978,9,29,"MSB 4486-5","JAR11273F","KL","KL","07-11-2025",NA,25,20,158,"control","control_1971-1980",35.383856,-106.490929,"crus.d","0"
"306","MSB:Fish:4748",1978,9,5,"MSB 4748-1","JAR8904F","BP","JG","07-09-2025",NA,33,25,374,"impact","impact_1971-1980",35.197227,-106.642667,"crus.d","0"
"307","MSB:Fish:4748",1978,9,5,"MSB 4748-3","JAR8907F","BP","EO","07-09-2025","F",34,27,362,"impact","impact_1971-1980",35.197227,-106.642667,"crus.d","0"
"308","MSB:Fish:4748",1978,9,5,"MSB 4748-2","JAR8909F","EO","JG","07-09-2025",NA,36,28,522,"impact","impact_1971-1980",35.197227,-106.642667,"crus.d","0"
"309","MSB:Fish:4748",1978,9,5,"MSB 4748-5","JAR8905F","BP","GC","07-09-2025",NA,30,24,278,"impact","impact_1971-1980",35.197227,-106.642667,"crus.d","0"
"310","MSB:Fish:4748",1978,9,5,"MSB 4748-4","JAR8906F","EO","GC","07-09-2025",NA,29,23,213,"impact","impact_1971-1980",35.197227,-106.642667,"crus.d","0"
"311","MSB:Fish:4750",1978,9,29,"MSB 4750-5","JAR8807F","EO","JG KL","07-07-2025",NA,34,27,447,"control","control_1971-1980",35.385246,-106.478952,"crus.d","0"
"312","MSB:Fish:4750",1978,9,29,"MSB 4750-3","JAR8809F","EO","GC","07-07-2025","F",44,35,886,"control","control_1971-1980",35.385246,-106.478952,"crus.d","0"
"313","MSB:Fish:4750",1978,9,29,"MSB 4750-1","JAR8811F","BP","JG GC","07-07-2025","F",40,32,703,"control","control_1971-1980",35.385246,-106.478952,"crus.d","0"
"314","MSB:Fish:4750",1978,9,29,"MSB 4750-4","JAR8813F","BP","KL","07-07-2025","F",39,31,703,"control","control_1971-1980",35.385246,-106.478952,"crus.d","0"
"315","MSB:Fish:4750",1978,9,29,"MSB 4750-2","JAR8808F","JG","KL","07-07-2025","F",41,36,1080,"control","control_1971-1980",35.385246,-106.478952,"crus.d","0"
"316","MSB:Fish:515",1949,11,19,"MSB 515-4","JAR11287F","EO","KL","07-14-2025","F",37,32,1145,"impact","impact_1941-1950",35.20447,-106.610066,"crus.d","0"
"317","MSB:Fish:515",1949,11,19,"MSB 515-1","JAR11307F","EO","KL","07-14-2025",NA,43,36,964,"impact","impact_1941-1950",35.20447,-106.610066,"crus.d","0"
"318","MSB:Fish:515",1949,11,19,"MSB 515-3","JAR11290F","EO","GC","07-14-2025","F",39,32,785,"impact","impact_1941-1950",35.20447,-106.610066,"crus.d","0"
"319","MSB:Fish:515",1949,11,19,"MSB 515-2","JAR11310F","EO","GC","07-14-2025","F",37,30,662,"impact","impact_1941-1950",35.20447,-106.610066,"crus.d","0"
"320","MSB:Fish:515",1949,11,19,"MSB 515-5","JAR11304F","EO","JG","07-14-2025","F",43,35,1190,"impact","impact_1941-1950",35.20447,-106.610066,"crus.d","0"
"321","MSB:Fish:5811",1987,9,9,"MSB 5811-4","JAR8806F","EO","KL","07-07-2025","F",34,27,481,"control","control_1981-1990",35.322164,-106.557448,"crus.d","0"
"322","MSB:Fish:5811",1987,9,9,"MSB 5811-5","JAR8810F","BP","GC","07-07-2025","F",32,26,411,"control","control_1981-1990",35.322164,-106.557448,"crus.d","0"
"323","MSB:Fish:5811",1987,9,9,"MSB 5811-2","JAR8804F","EO","GC","07-07-2025",NA,41,34,755,"control","control_1981-1990",35.322164,-106.557448,"crus.d","0"
"324","MSB:Fish:5811",1987,9,9,"MSB 5811-1","JAR8803F","BP","EO GC","07-07-2025","F",39,31,706,"control","control_1981-1990",35.322164,-106.557448,"crus.d","0"
"325","MSB:Fish:5811",1987,9,9,"MSB 5811-3","JAR8805F","BP","JG KL","07-07-2025",NA,35,27,556,"control","control_1981-1990",35.322164,-106.557448,"crus.d","0"
"326","MSB:Fish:5822",1987,9,10,"MSB 5822-1","JAR11343F","BP","GC","07-10-2025","F",34,26,358,"impact","impact_1981-1990",34.905272,-106.685564,"crus.d","0"
"327","MSB:Fish:5822",1987,9,10,"MSB 5822-5","JAR11352F","BP","JG","07-10-2025",NA,29,21,200,"impact","impact_1981-1990",34.905272,-106.685564,"crus.d","0"
"328","MSB:Fish:5822",1987,9,10,"MSB 5822-2","JAR11346F","BP","GC","07-10-2025","F",36,29,480,"impact","impact_1981-1990",34.905272,-106.685564,"crus.d","0"
"329","MSB:Fish:5822",1987,9,10,"MSB 5822-4","JAR11355F","JG","JG","07-10-2025",NA,25,20,153,"impact","impact_1981-1990",34.905272,-106.685564,"crus.d","0"
"330","MSB:Fish:5822",1987,9,10,"MSB 5822-3","JAR11358F","BP","JG","07-10-2025","F",41,32,826,"impact","impact_1981-1990",34.905272,-106.685564,"crus.d","0"
"331","MSB:Fish:62355",2000,9,14,"MSB 62355-1","JAR11052F","KL","KL","07-28-2025","F",32,25,322,"control","control_1991-2000",35.28373,-106.59878,"crus.d","0"
"332","MSB:Fish:62355",2000,9,14,"MSB 62355-3","JAR11053F","KL","KL","07-28-2025","F",29,24,210,"control","control_1991-2000",35.28373,-106.59878,"crus.d","0"
"333","MSB:Fish:62355",2000,9,14,"MSB 62355-2","JAR11055F","KL","KL","07-28-2025",NA,33,26,326,"control","control_1991-2000",35.28373,-106.59878,"crus.d","0"
"334","MSB:Fish:62355",2000,9,14,"MSB 62355-5","JAR11058F","KL","KL","07-28-2025",NA,25,21,152,"control","control_1991-2000",35.28373,-106.59878,"crus.d","0"
"335","MSB:Fish:62355",2000,9,14,"MSB 62355-4","JAR11054F","KL","KL","07-28-2025","F",32,25,308,"control","control_1991-2000",35.28373,-106.59878,"crus.d","0"
"336","MSB:Fish:6300",1988,11,12,"MSB 6300-5","JAR11624F","JG","GC","07-21-2025","F",33,27,377,"impact","impact_1981-1990",35.017903,-106.661847,"crus.d","0"
"337","MSB:Fish:6300",1988,11,12,"MSB 6300-1","JAR11625F","BP","BP","07-21-2025","M",33,26,347,"impact","impact_1981-1990",35.017903,-106.661847,"crus.d","0"
"338","MSB:Fish:6300",1988,11,12,"MSB 6300-4","JAR11622F","JG","BP","07-21-2025",NA,33,25,280,"impact","impact_1981-1990",35.017903,-106.661847,"crus.d","0"
"339","MSB:Fish:6300",1988,11,12,"MSB 6300-3","JAR11627F","BP","EO","07-21-2025","F",33,25,348,"impact","impact_1981-1990",35.017903,-106.661847,"crus.d","0"
"340","MSB:Fish:6300",1988,11,12,"MSB 6300-2","JAR11619F","JG","GC","07-21-2025","F",34,27,388,"impact","impact_1981-1990",35.017903,-106.661847,"crus.d","0"
"341","MSB:Fish:6405",1989,10,16,"MSB 6405-4","JAR11312F","BP","GC","07-14-2025","F",37,29,435,"impact","impact_1981-1990",35.089293,-106.680842,"crus.d","0"
"342","MSB:Fish:6405",1989,10,16,"MSB 6405-2","JAR11315F","JG","EO","07-14-2025","F",37,31,537,"impact","impact_1981-1990",35.089293,-106.680842,"crus.d","0"
"343","MSB:Fish:6405",1989,10,16,"MSB 6405-3","JAR11313F","JG","GC","07-14-2025","F",33,26,403,"impact","impact_1981-1990",35.089293,-106.680842,"crus.d","0"
"344","MSB:Fish:6405",1989,10,16,"MSB 6405-1","JAR1131F","BP","KL","07-14-2025","F",32,24,325,"impact","impact_1981-1990",35.089293,-106.680842,"crus.d","0"
"345","MSB:Fish:6405",1989,10,16,"MSB 6405-5","JAR11314F","JG","JG","07-14-2025",NA,34,27,398,"impact","impact_1981-1990",35.089293,-106.680842,"crus.d","0"
"346","MSB:Fish:68470",1984,8,15,"MSB 68470-3","JAR11608F","BP","JG","07-18-2025","F",44,33,959,"impact","impact_1981-1990",35.089293,-106.680842,"crus.d","0"
"347","MSB:Fish:68470",1984,8,15,"MSB 68470-1","JAR11604F","BP","KL","07-18-2025","F",41,31,874,"impact","impact_1981-1990",35.089293,-106.680842,"crus.d","0"
"348","MSB:Fish:68470",1984,8,15,"MSB 68470-5","JAR11601F","BP","EO","07-18-2025","F",37,29,554,"impact","impact_1981-1990",35.089293,-106.680842,"crus.d","0"
"349","MSB:Fish:68470",1984,8,15,"MSB 68470-2","JAR11605F","JG","GC","07-18-2025","F",37,30,568,"impact","impact_1981-1990",35.089293,-106.680842,"crus.d","0"
"350","MSB:Fish:68470",1984,8,15,"MSB 68470-4","JAR11611F","JG","JG","07-18-2025",NA,35,30,521,"impact","impact_1981-1990",35.089293,-106.680842,"crus.d","0"
"351","MSB:Fish:68483",1984,8,15,"MSB 68483-5","JAR11593F","JG","EO","07-18-2025","F",39,32,596,"impact","impact_1981-1990",35.069907,-106.658878,"crus.d","0"
"352","MSB:Fish:68483",1984,8,15,"MSB 68483-1","JAR11594F","JG","JG","07-18-2025","F",36,29,526,"impact","impact_1981-1990",35.069907,-106.658878,"crus.d","0"
"353","MSB:Fish:68483",1984,8,15,"MSB 68483-4","JAR11599","JG","GC","07-18-2025","F",37,30,507,"impact","impact_1981-1990",35.069907,-106.658878,"crus.d","0"
"354","MSB:Fish:68483",1984,8,15,"MSB 68483-3","JAR11602F","BP","BP","07-18-2025","F",36,29,500,"impact","impact_1981-1990",35.069907,-106.658878,"crus.d","0"
"355","MSB:Fish:68483",1984,8,15,"MSB 68483-2","JAR11596F","JG","KL","07-18-2025","F",35,29,498,"impact","impact_1981-1990",35.069907,-106.658878,"crus.d","0"
"356","MSB:Fish:68508",1984,8,15,"MSB 68508-2","JAR11591F","JG","JG","07-21-2025","F",34,27,416,"control","control_1981-1990",35.225523,-106.597651,"crus.d","0"
"357","MSB:Fish:68508",1984,8,15,"MSB 68508-4","JAR11588F","JG","GC","07-21-2025","F",35,28,587,"control","control_1981-1990",35.225523,-106.597651,"crus.d","0"
"358","MSB:Fish:68508",1984,8,15,"MSB 68508-5","JAR11587F","BP","JG","07-21-2025","F",33,25,397,"control","control_1981-1990",35.225523,-106.597651,"crus.d","0"
"359","MSB:Fish:68508",1984,8,15,"MSB 68508-3","JAR11585F","BP","EO","07-21-2025","F",37,28,556,"control","control_1981-1990",35.225523,-106.597651,"crus.d","0"
"360","MSB:Fish:68508",1984,8,15,"MSB 68508-1","JAR11590F","BP","GC","07-21-2025","F",36,27,487,"control","control_1981-1990",35.225523,-106.597651,"crus.d","0"
"361","MSB:Fish:68521",1984,8,16,"MSB 68521-5","JAR11597F","BP","JG","07-18-2025","F",32,25,429,"control","control_1981-1990",35.211416,-106.612833,"crus.d","0"
"362","MSB:Fish:68521",1984,8,16,"MSB 68521-4","JAR11598F","BP","KL","07-18-2025","F",31,24,369,"control","control_1981-1990",35.211416,-106.612833,"crus.d","0"
"363","MSB:Fish:68521",1984,8,16,"MSB 68521-1","JAR11600F","JG","KL","07-18-2025","F",39,31,597,"control","control_1981-1990",35.211416,-106.612833,"crus.d","0"
"364","MSB:Fish:68521",1984,8,16,"MSB 68521-3","JAR11595F","JG","BP","07-18-2025","F",39,31,719,"control","control_1981-1990",35.211416,-106.612833,"crus.d","0"
"365","MSB:Fish:68521",1984,8,16,"MSB 68521-2","JAR11603F","BP","BP","07-18-2025","F",36,27,661,"control","control_1981-1990",35.211416,-106.612833,"crus.d","0"
"366","MSB:Fish:7208",1989,11,4,"MSB 7208-3","JAR11518F","BP","GC","07-14-2025",NA,32,25,345,"impact","impact_1981-1990",35.205042,-106.609081,"crus.d","0"
"367","MSB:Fish:7208",1989,11,4,"MSB 7208-2","JAR11515F","EO","JG","07-14-2025",NA,38,31,650,"impact","impact_1981-1990",35.205042,-106.609081,"crus.d","0"
"368","MSB:Fish:7208",1989,11,4,"MSB 7208-5","JAR11509F","BP","GC","07-14-2025","F",34,25,381,"impact","impact_1981-1990",35.205042,-106.609081,"crus.d","0"
"369","MSB:Fish:7208",1989,11,4,"MSB 7208-1","JAR11510F","BP","KL","07-14-2025","F",36,26,645,"impact","impact_1981-1990",35.205042,-106.609081,"crus.d","0"
"370","MSB:Fish:7208",1989,11,4,"MSB 7208-4","JAR11512F","EO","GC","07-14-2025","F",37,29,482,"impact","impact_1981-1990",35.205042,-106.609081,"crus.d","0"
"371","MSB:Fish:7239",1989,11,12,"MSB 7230-1","JAR11606F","JG","GC","07-21-2025","F",30,23,279,"impact","impact_1981-1990",34.994298,-106.678945,"crus.d","0"
"372","MSB:Fish:7239",1989,11,12,"MSB 7239-4","JAR11615F","BP","EO","07-21-2025","F",29,22,268,"impact","impact_1981-1990",34.994298,-106.678945,"crus.d","0"
"373","MSB:Fish:7239",1989,11,12,"MSB 7239-2","JAR11612F","BP","JG","07-21-2025",NA,36,27,500,"impact","impact_1981-1990",34.994298,-106.678945,"crus.d","0"
"374","MSB:Fish:7239",1989,11,12,"MSB 7239-3","JAR11609F","JG","GC","07-21-2025",NA,27,22,204,"impact","impact_1981-1990",34.994298,-106.678945,"crus.d","0"
"375","MSB:Fish:7239",1989,11,12,"MSB 7239-5","JAR11614F","JG","EO","07-21-2025","F",30,24,281,"impact","impact_1981-1990",34.994298,-106.678945,"crus.d","0"
"376","MSB:Fish:73719",2002,9,16,"MSB 73719-4","JAR11050F","KL","KL","07-28-2025","F",38,31,612,"control","control_2001-2010",35.322164,-106.557448,"crus.d","0"
"377","MSB:Fish:73719",2002,9,16,"MSB 73719-5","JAR11051F","KL","KL","07-28-2025",NA,36,29,495,"control","control_2001-2010",35.322164,-106.557448,"crus.d","0"
"378","MSB:Fish:73719",2002,9,16,"MSB 73719-3","JAR11049F","KL","KL","07-28-2025","F",40,32,748,"control","control_2001-2010",35.322164,-106.557448,"crus.d","0"
"379","MSB:Fish:73719",2002,9,16,"MSB 73719-2","JAR11048F","KL","KL","07-28-2025","F",41,34,824,"control","control_2001-2010",35.322164,-106.557448,"crus.d","0"
"380","MSB:Fish:73719",2002,9,16,"MSB 73719-1","JAR11047F","KL","KL","07-28-2025",NA,37,30,488,"control","control_2001-2010",35.322164,-106.557448,"crus.d","0"
"381","MSB:Fish:7971",1990,10,22,"MSB 7971-2","JAR8910F","BP","EO","07-09-2025","F",29,24,264,"impact","impact_1981-1990",35.089293,-106.680842,"crus.d","0"
"382","MSB:Fish:7971",1990,10,22,"MSB 7971-1","JAR8912F","EO","KL","07-09-2025","F",38,30,560,"impact","impact_1981-1990",35.089293,-106.680842,"crus.d","0"
"383","MSB:Fish:7971",1990,10,22,"MSB 7971-3","JAR8908F","EO","BP","07-09-2025","F",33,25,370,"impact","impact_1981-1990",35.089293,-106.680842,"crus.d","0"
"384","MSB:Fish:7971",1990,10,22,"MSB 7971-5","JAR8916F","EO","BP","07-09-2025","F",28,21,207,"impact","impact_1981-1990",35.089293,-106.680842,"crus.d","0"
"385","MSB:Fish:7971",1990,10,22,"MSB 7971-4","JAR8914F","BP","GC","07-09-2025",NA,26,21,155,"impact","impact_1981-1990",35.089293,-106.680842,"crus.d","0"
"386","MSB:Fish:9004",1998,10,28,"MSB 9004-5","JAR11300F","JG","BP","07-14-2025","F",34,28,428,"impact","impact_1981-1990",35.196977,-106.642444,"crus.d","0"
"387","MSB:Fish:9004",1990,10,28,"MSB 9004-1","JAR11303F","BP","BP","07-14-2025",NA,33,27,388,"impact","impact_1981-1990",35.196977,-106.642444,"crus.d","0"
"388","MSB:Fish:9004",1990,10,28,"MSB 9004-4","JAR11301F","JG","GC","07-14-2025",NA,34,28,405,"impact","impact_1981-1990",35.196977,-106.642444,"crus.d","0"
"389","MSB:Fish:9004",1990,10,28,"MSB 9004-2","JAR11306F","JG","KL","07-14-2025",NA,32,25,351,"impact","impact_1981-1990",35.196977,-106.642444,"crus.d","0"
"390","MSB:Fish:9004",1990,10,28,"MSB 9004-3","JAR11309F","JG","KL","07-14-2025","F",40,32,595,"impact","impact_1981-1990",35.196977,-106.642444,"crus.d","0"
"391","MSB:Fish:9011",1990,10,28,"MSB 9011-1","JAR11099F","JG","GC","07-16-2025",NA,36,30,481,"control","control_1981-1990",35.28086111,-106.5988056,"crus.d","0"
"392","MSB:Fish:9011",1990,10,28,"MSB 9011-3","JAR11104F","JG","JG","07-16-2025",NA,35,27,423,"control","control_1981-1990",35.28086111,-106.5988056,"crus.d","0"
"393","MSB:Fish:9011",1990,10,28,"MSB 9011-5","JAR11101F","JG","KL","07-16-2025",NA,30,24,291,"control","control_1981-1990",35.28086111,-106.5988056,"crus.d","0"
"394","MSB:Fish:9011",1990,10,28,"MSB 9011-4","JAR11096F","BP","GC","07-16-2025","F",32,23,324,"control","control_1981-1990",35.28086111,-106.5988056,"crus.d","0"
"395","MSB:Fish:9011",1990,10,28,"MSB 9011-2","JAR11102F","JG","GC","07-16-2025",NA,36,31,550,"control","control_1981-1990",35.28086111,-106.5988056,"crus.d","0"
"396","MSB:Fish:9465",1989,2,26,"MSB 9465-1","JAR11536F","EO","KL","07-15-2025","F",38,31,553,"impact","impact_1981-1990",34.917008,-106.675195,"crus.d","0"
"397","MSB:Fish:9465",1989,2,26,"MSB 9465-4","JAR11539F","EO","KL","07-15-2025","F",47,38,1063,"impact","impact_1981-1990",34.917008,-106.675195,"crus.d","0"
"398","MSB:Fish:9465",1989,2,26,"MSB 9465-3","JAR11542F","BP","GC","07-15-2025",NA,39,30,565,"impact","impact_1981-1990",34.917008,-106.675195,"crus.d","0"
"399","MSB:Fish:9465",1989,2,26,"MSB 9465-5","JAR11533F","BP","JG","07-15-2025",NA,39,30,778,"impact","impact_1981-1990",34.917008,-106.675195,"crus.d","0"
"400","MSB:Fish:9465",1989,2,26,"MSB 9465-2","JAR11537F","EO","GC","07-15-2025","F",47,38,1184,"impact","impact_1981-1990",34.917008,-106.675195,"crus.d","0"
"401","MSB:Fish:1078",1939,1,30,"MSB 1078-1","JAR11299F","BP","JG","07-14-2025","F",40,31,647,"impact","impact_1931-1940",35.087167,-106.682164,"crus.lersp","0"
"402","MSB:Fish:1078",1939,1,30,"MSB 1078-2","JAR11302F","JG","KL","07-14-2025",NA,41,32,699,"impact","impact_1931-1940",35.087167,-106.682164,"crus.lersp","0"
"403","MSB:Fish:1078",1939,1,30,"MSB 1078-3","JAR11305F","BP","KL","07-14-2025",NA,43,35,798,"impact","impact_1931-1940",35.087167,-106.682164,"crus.lersp","0"
"404","MSB:Fish:1078",1939,1,30,"MSB 1078-4","JAR11320F","JG","GC","07-14-2025","F",43,37,1027,"impact","impact_1931-1940",35.087167,-106.682164,"crus.lersp","0"
"405","MSB:Fish:1078",1939,1,30,"MSB 1078-5","JAR11308F","BP","KL","07-14-2025",NA,39,29,627,"impact","impact_1931-1940",35.087167,-106.682164,"crus.lersp","0"
"406","MSB:Fish:1079",1941,9,14,"MSB 1079-5","JAR11311F","JG","KL","07-14-2025",NA,37,29,441,"impact","impact_1941-1950",35.096748,-106.692027,"crus.lersp","0"
"407","MSB:Fish:1079",1941,9,14,"MSB 1079-3","JAR11332F","BP","GC","07-14-2025","F",33,25,457,"impact","impact_1941-1950",35.096748,-106.692027,"crus.lersp","0"
"408","MSB:Fish:1079",1941,9,14,"MSB 1079-1","JAR11334F","BP","GC","07-14-2025",NA,29,24,231,"impact","impact_1941-1950",35.096748,-106.692027,"crus.lersp","0"
"409","MSB:Fish:1079",1941,9,14,"MSB 1079-2","JAR11331F","JG","KL","07-14-2025",NA,35,29,447,"impact","impact_1941-1950",35.096748,-106.692027,"crus.lersp","0"
"410","MSB:Fish:1079",1941,9,14,"MSB 1079-4","JAR11333F","BP","GC","07-14-2025","F",44,33,754,"impact","impact_1941-1950",35.096748,-106.692027,"crus.lersp","0"
"411","MSB:Fish:1081",1939,3,17,"MSB 1081-5","JAR8835F","BP","EO","07-08-2025","F",28,22,226,"impact","impact_1931-1940",35.072363,-106.668064,"crus.lersp","0"
"412","MSB:Fish:1081",1939,3,17,"MSB 1081-4","JAR8832F","JG","KL","07-08-2025","F",27,22,188,"impact","impact_1931-1940",35.072363,-106.668064,"crus.lersp","0"
"413","MSB:Fish:1081",1939,3,17,"MSB 1081-2","JAR8836","JG","BP","07-08-2025",NA,29,24,239,"impact","impact_1931-1940",35.072363,-106.668064,"crus.lersp","0"
"414","MSB:Fish:1081",1939,3,17,"MSB 1081-1","JAR8837F","BP","BP","07-08-2025","F",43,33,868,"impact","impact_1931-1940",35.072363,-106.668064,"crus.lersp","0"
"415","MSB:Fish:1081",1939,3,17,"MSB 1081-3","JAR8834F","BP","JG","07-08-2025",NA,27,21,176,"impact","impact_1931-1940",35.072363,-106.668064,"crus.lersp","0"
"416","MSB:Fish:1082",1938,10,18,"MSB 1082-1","JAR8930F","BP","EO","07-09-2025","F",41,32,722,"impact","impact_1931-1940",35.100259,-106.692107,"crus.lersp","0"
"417","MSB:Fish:1082",1938,10,18,"MSB 1082-4","JAR8934F","BP","BP","07-09-2025",NA,31,24,264,"impact","impact_1931-1940",35.100259,-106.692107,"crus.lersp","0"
"418","MSB:Fish:1082",1938,10,18,"MSB 1082-2","JAR8928F","EO","GC","07-09-2025","F",40,33,627,"impact","impact_1931-1940",35.100259,-106.692107,"crus.lersp","0"
"419","MSB:Fish:1082",1938,10,18,"MSB 1082-5","JAR8927F","EO","KL","07-09-2025",NA,25,21,140,"impact","impact_1931-1940",35.100259,-106.692107,"crus.lersp","0"
"420","MSB:Fish:1082",1938,10,18,"MSB 1082-3","JAR8929F","EO","KL","07-09-2025","F",34,28,397,"impact","impact_1931-1940",35.100259,-106.692107,"crus.lersp","0"
"421","MSB:Fish:1085",1939,5,13,"MSB 1085-5","JAR8935F","JG","GC","07-10-2025","F",50,39,1499,"impact","impact_1931-1940",35.192334,-106.619678,"crus.lersp","0"
"422","MSB:Fish:1085",1939,5,13,"MSB 1085-4","JAR8941F","JG","KL","07-10-2025","F",44,36,1060,"impact","impact_1931-1940",35.192334,-106.619678,"crus.lersp","0"
"423","MSB:Fish:1085",1939,5,13,"MSB 1085-1","JAR8932F","JG","KL","07-10-2025","F",41,33,809,"impact","impact_1931-1940",35.192334,-106.619678,"crus.lersp","0"
"424","MSB:Fish:1085",1939,5,13,"MSB 1085-3","JAR8939F","JG","KL","07-10-2025","F",42,34,861,"impact","impact_1931-1940",35.192334,-106.619678,"crus.lersp","0"
"425","MSB:Fish:1085",1939,5,13,"MSB 1085-2","JAR8937F","JG","GC","07-10-2025","M",26,21,147,"impact","impact_1931-1940",35.192334,-106.619678,"crus.lersp","0"
"426","MSB:Fish:1086",1939,4,22,"MSB 1086-2","JAR8900F","BP","GC","07-07-2025","F",45,36,994,"impact","impact_1931-1940",35.173111,-106.626066,"crus.lersp","0"
"427","MSB:Fish:1086",1939,4,22,"MSB 1086-5","JAR8792F","JG","GC","07-07-2025","F",46,35,1207,"impact","impact_1931-1940",35.173111,-106.626066,"crus.lersp","0"
"428","MSB:Fish:1086",1939,4,22,"MSB1086-4","JAR8791F","BP","KL","07-07-2025","F",39,30,752,"impact","impact_1931-1940",35.173111,-106.626066,"crus.lersp","0"
"429","MSB:Fish:1086",1939,4,22,"MSB 1086-1","JAR8898F","BP","KL","07-07-2025","F",47,37,1182,"impact","impact_1931-1940",35.173111,-106.626066,"crus.lersp","0"
"430","MSB:Fish:1086",1939,4,22,"MSB 1086-3","JAR8902F","BP","KL","07-07-2025",NA,42,35,1023,"impact","impact_1931-1940",35.173111,-106.626066,"crus.lersp","0"
"431","MSB:Fish:1089",1939,1,24,"MSB 1089-3","JAR11117F","BP","GC","07-16-2025","F",38,29,552,"impact","impact_1931-1940",35.087167,-106.682164,"crus.lersp","0"
"432","MSB:Fish:1089",1939,1,24,"MSB 1089-5","JAR11111F","BP","KL","07-16-2025",NA,35,28,476,"impact","impact_1931-1940",35.087167,-106.682164,"crus.lersp","0"
"433","MSB:Fish:1089",1939,1,24,"MSB 1089-1","JAR11112F","BP","KL","07-16-2025","F",40,33,666,"impact","impact_1931-1940",35.087167,-106.682164,"crus.lersp","0"
"434","MSB:Fish:1089",1939,1,24,"MSB 1089-4","JAR11114F","BP","KL","07-16-2025","F",40,33,741,"impact","impact_1931-1940",35.087167,-106.682164,"crus.lersp","0"
"435","MSB:Fish:1089",1939,1,24,"MSB 1089-2","JAR11109F","BP","GC","07-16-2025",NA,38,30,571,"impact","impact_1931-1940",35.087167,-106.682164,"crus.lersp","0"
"436","MSB:Fish:10898",1992,7,9,"MSB 10898-5","JAR11023F","KL","KL","07-28-2025",NA,25,20,139,"control","control_1991-2000",35.211277,-106.611666,"crus.lersp","0"
"437","MSB:Fish:10898",1992,7,9,"MSB 10898-4","JAR11046F","KL","KL","07-28-2025","F",31,25,309,"control","control_1991-2000",35.211277,-106.611666,"crus.lersp","0"
"438","MSB:Fish:10898",1992,7,9,"MSB 10898-3","JAR11040F","KL","KL","07-28-2025","F",24,19,123,"control","control_1991-2000",35.211277,-106.611666,"crus.lersp","0"
"439","MSB:Fish:10898",1992,7,9,"MSB 10898-2","JAR11038F","KL","KL","07-28-2025","M",26,21,118,"control","control_1991-2000",35.211277,-106.611666,"crus.lersp","0"
"440","MSB:Fish:10898",1992,7,9,"MSB 10898-1","JAR11039F","KL","KL","07-28-2025","M",22,18,90,"control","control_1991-2000",35.211277,-106.611666,"crus.lersp","0"
"441","MSB:Fish:1090",1939,6,9,"MSB 1090-4","JAR11354F","BP","GC","07-10-2025","M",25,19,132,"impact","impact_1931-1940",34.906619,-106.685289,"crus.lersp","0"
"442","MSB:Fish:1090",1939,6,9,"MSB 1090-2","JAR11351F","BP","JG","07-10-2025","F",37,30,670,"impact","impact_1931-1940",34.906619,-106.685289,"crus.lersp","0"
"443","MSB:Fish:1090",1939,6,9,"MSB 1090-5","JAR11349F","BP","KL","07-10-2025","F",29,24,323,"impact","impact_1931-1940",34.906619,-106.685289,"crus.lersp","0"
"444","MSB:Fish:1090",1939,6,9,"MSB 1090-3","JAR11357F","BP","EO","07-10-2025","F",33,25,483,"impact","impact_1931-1940",34.906619,-106.685289,"crus.lersp","0"
"445","MSB:Fish:1090",1939,6,9,"MSB 1090-1","JAR11348F","BP","GC","07-10-2025","F",39,30,751,"impact","impact_1931-1940",34.906619,-106.685289,"crus.lersp","0"
"446","MSB:Fish:10922",1992,7,9,"MSB 10922-3","JAR11592F","BP","KL","07-18-2025","F",33,25,400,"impact","impact_1991-2000",35.10469444,-106.6916667,"crus.lersp","0"
"447","MSB:Fish:10922",1992,7,9,"MSB 10922-5","JAR115843F","BP","GC","07-18-2025","F",30,24,322,"impact","impact_1991-2000",35.10469444,-106.6916667,"crus.lersp","0"
"448","MSB:Fish:10922",1992,7,9,"MSB 10922-4","JAR11584F","JG","GC","07-18-2025","F",27,22,141,"impact","impact_1991-2000",35.10469444,-106.6916667,"crus.lersp","0"
"449","MSB:Fish:10922",1992,7,9,"MSB 10922-2","JAR11586F","JG","GC","07-18-2025","F",25,20,143,"impact","impact_1991-2000",35.10469444,-106.6916667,"crus.lersp","0"
"450","MSB:Fish:10922",1992,7,9,"MSB 10922-1","JAR11589F","JG","KL","07-18-2025","F",30,25,362,"impact","impact_1991-2000",35.10469444,-106.6916667,"crus.lersp","0"
"451","MSB:Fish:10944",1992,7,15,"MSB 10944-2","JAR11565F","BP","GC","07-17-2025","F",37,29,751,"impact","impact_1991-2000",35.089293,-106.680842,"crus.lersp","0"
"452","MSB:Fish:10944",1992,7,15,"MSB 10944-3","JAR11566F","BP","GC","07-17-2025","F",48,36,1418,"impact","impact_1991-2000",35.089293,-106.680842,"crus.lersp","0"
"453","MSB:Fish:10944",1992,7,15,"MSB 10944-4","JAR11564F","BP","KL","07-17-2025","F",34,27,538,"impact","impact_1991-2000",35.089293,-106.680842,"crus.lersp","0"
"454","MSB:Fish:10944",1992,7,15,"MSB 10944-5","JAR11567F","BP","KL","07-17-2025","F",35,27,542,"impact","impact_1991-2000",35.089293,-106.680842,"crus.lersp","0"
"455","MSB:Fish:10944",1992,7,15,"MSB 10944-1","JAR11568F","BP","GC","07-17-2025","F",43,33,1179,"impact","impact_1991-2000",35.089293,-106.680842,"crus.lersp","0"
"456","MSB:Fish:1098",1939,5,13,"MSB 1098-4","JAR8819F","EO","KL","07-07-2025","F",32,25,352,"impact","impact_1931-1940",35.189406,-106.625396,"crus.lersp","0"
"457","MSB:Fish:1098",1939,5,13,"MSB 1098-2","JAR8815F","EO","GC","07-07-2025","F",41,33,887,"impact","impact_1931-1940",35.189406,-106.625396,"crus.lersp","0"
"458","MSB:Fish:1098",1939,5,13,"MSB 1098-3","JAR8817F","EO","KL","07-07-2025",NA,30,24,257,"impact","impact_1931-1940",35.189406,-106.625396,"crus.lersp","0"
"459","MSB:Fish:1098",1939,5,13,"MSB 1098-5","JAR8812F","EO","KL","07-07-2025",NA,41,33,697,"impact","impact_1931-1940",35.189406,-106.625396,"crus.lersp","0"
"460","MSB:Fish:1098",1939,5,13,"MSB 1098-1","JAR8814F","EO","KL","07-08-2025","F",46,37,1164,"impact","impact_1931-1940",35.189406,-106.625396,"crus.lersp","0"
"461","MSB:Fish:1100",1939,2,26,"MSB 1100-4","JAR8824F","BP","KL","07-08-2025","F",28,24,303,"impact","impact_1931-1940",35.072363,-106.668064,"crus.lersp","0"
"462","MSB:Fish:1100",1939,2,26,"MSB 1100-3","JAR8823F","JG","KL","07-08-2025",NA,33,25,326,"impact","impact_1931-1940",35.072363,-106.668064,"crus.lersp","0"
"463","MSB:Fish:1100",1939,2,26,"MSB 1100-1","JAR8825F","JG","KL","07-08-2025","F",43,33,679,"impact","impact_1931-1940",35.072363,-106.668064,"crus.lersp","0"
"464","MSB:Fish:1100",1939,2,26,"MSB 1100-2","JAR8827F","BP","EO ","07-08-2025","F",28,25,318,"impact","impact_1931-1940",35.072363,-106.668064,"crus.lersp","0"
"465","MSB:Fish:1100",1939,2,26,"MSB 1100-5","JAR8829F","JG","KL","07-08-2025",NA,26,23,226,"impact","impact_1931-1940",35.072363,-106.668064,"crus.lersp","0"
"466","MSB:Fish:1105",1939,1,20,"MSB 1105-1","JAR11362F","JG","GC","07-10-2025",NA,30,24,202,"impact","impact_1931-1940",35.100259,-106.692107,"crus.lersp","0"
"467","MSB:Fish:1105",1939,1,30,"MSB 1105-5","JAR11360F","JG","KL","07-10-2025",NA,36,28,396,"impact","impact_1931-1940",35.100259,-106.692107,"crus.lersp","0"
"468","MSB:Fish:1105",1939,1,30,"MSB 1105-3","JAR11361F","JG","KL","07-10-2025",NA,40,36,728,"impact","impact_1931-1940",35.100259,-106.692107,"crus.lersp","0"
"469","MSB:Fish:1105",1939,1,30,"MSB 1105-2","JAR11365F","JG","JG","07-10-2025",NA,27,23,158,"impact","impact_1931-1940",35.100259,-106.692107,"crus.lersp","0"
"470","MSB:Fish:1105",1939,1,30,"MSB 1105-4","JAR11368F","EO","EO","07-10-2025",NA,40,32,456,"impact","impact_1931-1940",35.100259,-106.692107,"crus.lersp","0"
"471","MSB:Fish:11095",1992,7,21,"MSB 11095-1","JAR11015F","KL","KL","07-23-2025",NA,26,21,178,"impact","impact_1991-2000",35.027111,-106.672944,"crus.lersp","0"
"472","MSB:Fish:11095",1992,7,21,"MSB 11095-3","JAR11013F","KL","KL","07-23-2025","F",35,28,526,"impact","impact_1991-2000",35.027111,-106.672944,"crus.lersp","0"
"473","MSB:Fish:11095",1992,7,21,"MSB 11095-2","JAR11016F","KL","KL","07-23-2025","F",33,27,385,"impact","impact_1991-2000",35.027111,-106.672944,"crus.lersp","0"
"474","MSB:Fish:11095",1992,7,21,"MSB 11095-4","JAR11000F","KL","KL","07-23-2025","F",31,25,375,"impact","impact_1991-2000",35.027111,-106.672944,"crus.lersp","0"
"475","MSB:Fish:11095",1992,7,21,"MSB 11095-5","JAR11003F","KL","KL","07-23-2025",NA,32,26,460,"impact","impact_1991-2000",35.027111,-106.672944,"crus.lersp","0"
"476","MSB:Fish:11126",1992,7,22,"MSB 11126-2","JAR11562F","JG","BP","07-17-2025","F",37,30,634,"impact","impact_1991-2000",34.97052778,-106.6911111,"crus.lersp","0"
"477","MSB:Fish:11126",1992,7,22,"MSB 11126-3","JAR11560F","JG","BP","07-17-2025","F",31,25,355,"impact","impact_1991-2000",34.97052778,-106.6911111,"crus.lersp","0"
"478","MSB:Fish:11126",1992,7,22,"MSB 11126-1","JAR11561F","EO","EO","07-17-2025","F",45,36,1113,"impact","impact_1991-2000",34.97052778,-106.6911111,"crus.lersp","0"
"479","MSB:Fish:11126",1992,7,22,"MSB 11126-4","JAR11559F","JG","GC","07-17-2025","F",40,34,733,"impact","impact_1991-2000",34.97052778,-106.6911111,"crus.lersp","0"
"480","MSB:Fish:11126",1992,7,22,"MSB 11126-5","JAR11558F","EO","KL","07-17-2025","M",26,21,179,"impact","impact_1991-2000",34.97052778,-106.6911111,"crus.lersp","0"
"481","MSB:Fish:11194",1992,7,24,"MSB 11194-2","JAR11570F","EO","KL","07-17-2025","M",26,22,151,"impact","impact_1991-2000",34.92872222,-106.6818611,"crus.lersp","0"
"482","MSB:Fish:11194",1992,7,24,"MSB 11194-3","JAR11569F","EO","GC","07-17-2025",NA,28,22,159,"impact","impact_1991-2000",34.92872222,-106.6818611,"crus.lersp","0"
"483","MSB:Fish:11194",1992,7,24,"MSB 11194-5","JAR11572F","EO","KL","07-17-2025",NA,36,29,658,"impact","impact_1991-2000",34.92872222,-106.6818611,"crus.lersp","0"
"484","MSB:Fish:11194",1992,7,24,"MSB 11194-4","JAR11571F","EO","EO","07-17-2025","F",35,27,456,"impact","impact_1991-2000",34.92872222,-106.6818611,"crus.lersp","0"
"485","MSB:Fish:11194",1992,7,24,"MSB 11194-1","JAR11563F","EO","GC","07-17-2025","F",29,24,333,"impact","impact_1991-2000",34.92872222,-106.6818611,"crus.lersp","0"
"486","MSB:Fish:12010",1992,9,28,"MSB 12010-3","JAR11037F","KL","KL","07-28-2025","F",28,23,210,"control","control_1991-2000",35.211416,-106.612833,"crus.lersp","0"
"487","MSB:Fish:12010",1992,9,28,"MSB 12010-2","JAR11056F","KL","KL","07-28-2025",NA,27,21.5,211,"control","control_1991-2000",35.211416,-106.612833,"crus.lersp","0"
"488","MSB:Fish:12010",1992,9,28,"MSB 12010-1","JAR11057F","KL","KL","07-28-2025","F",36,29,446,"control","control_1991-2000",35.211416,-106.612833,"crus.lersp","0"
"489","MSB:Fish:12010",1992,9,28,"MSB 12010-5","JAR11045F","KL","KL","07-28-2025","F",25,20,156,"control","control_1991-2000",35.211416,-106.612833,"crus.lersp","0"
"490","MSB:Fish:12010",1992,9,28,"MSB 12010-4","JAR11044F","KL","KL","07-28-2025","F",28,21,210,"control","control_1991-2000",35.211416,-106.612833,"crus.lersp","0"
"491","MSB:Fish:12531",1992,11,13,"MSB 12531-1","JAR11267F","EO","GC","07-11-2025",NA,46,38,1030,"control","control_1991-2000",35.380486,-106.502059,"crus.lersp","0"
"492","MSB:Fish:12531",1992,11,13,"MSB 12531-4","JAR11265F","EO","KL","07-11-2025",NA,31,25,317,"control","control_1991-2000",35.380486,-106.502059,"crus.lersp","0"
"493","MSB:Fish:12531",1992,11,13,"MSB 12531-5","JAR11266F","EO","BP","07-11-2025","F",48,40,1190,"control","control_1991-2000",35.380486,-106.502059,"crus.lersp","0"
"494","MSB:Fish:12531",1992,11,13,"MSB 12531-2","JAR11263F","EO","KL","07-11-2025",NA,34,27,414,"control","control_1991-2000",35.380486,-106.502059,"crus.lersp","0"
"495","MSB:Fish:12531",1992,11,13,"MSB 12531-3","JAR11264F","EO","KL","07-11-2025","F",35,28,445,"control","control_1991-2000",35.380486,-106.502059,"crus.lersp","0"
"496","MSB:Fish:14485",1993,7,13,"MSB 14485-1","JAR11128F","EO","GC","07-17-2025",NA,41,34,760,"impact","impact_1991-2000",34.929964,-106.681431,"crus.lersp","0"
"497","MSB:Fish:14485",1993,7,13,"MSB 14485-5","JAR11127F","JG","JG","07-17-2025",NA,24,20,116,"impact","impact_1991-2000",34.929964,-106.681431,"crus.lersp","0"
"498","MSB:Fish:14485",1993,7,13,"MSB 14485-4","JAR11129F","EO","GC","07-17-2025","F",30,23,247,"impact","impact_1991-2000",34.929964,-106.681431,"crus.lersp","0"
"499","MSB:Fish:14485",1993,7,13,"MSB 14485-3","JAR11557F","EO","KL","07-17-2025","F",37,29,520,"impact","impact_1991-2000",34.929964,-106.681431,"crus.lersp","0"
"500","MSB:Fish:14485",1993,7,13,"MSB 14485-2","JAR11130F","JG","GC","07-17-2025","F",43,35,751,"impact","impact_1991-2000",34.929964,-106.681431,"crus.lersp","0"
"501","MSB:Fish:18799",1993,8,12,"MSB 18799-5","JAR11578F","BP","KL","07-17-2025","F",30,23,274,"control","control_1991-2000",35.280904,-106.597587,"crus.lersp","0"
"502","MSB:Fish:18799",1993,8,12,"MSB 18799-2","JAR11582F","BP","KL","07-17-2025","F",31,25,375,"control","control_1991-2000",35.280904,-106.597587,"crus.lersp","0"
"503","MSB:Fish:18799",1993,8,12,"MSB 18799-4","JAR11579F","BP","GC","07-17-2025","F",32,26,344,"control","control_1991-2000",35.280904,-106.597587,"crus.lersp","0"
"504","MSB:Fish:18799",1993,8,12,"MSB 18799-3","JAR11580","BP","EO","07-17-2025","F",36,28,509,"control","control_1991-2000",35.280904,-106.597587,"crus.lersp","0"
"505","MSB:Fish:18799",1993,8,12,"MSB 18799-1","JAR11581F","BP","KL","07-17-2025","M",29,23,249,"control","control_1991-2000",35.280904,-106.597587,"crus.lersp","0"
"506","MSB:Fish:19155",1993,8,4,"MSB 19155-1","JAR11020F","KL","KL","07-23-2025","F",38,30,585,"impact","impact_1991-2000",35.017503,-106.672569,"crus.lersp","0"
"507","MSB:Fish:19155",1993,8,4,"MSB 19155-2","JAR11021F","KL","KL","07-23-2025","F",34,28,495,"impact","impact_1991-2000",35.017503,-106.672569,"crus.lersp","0"
"508","MSB:Fish:19155",1993,8,4,"MSB 19155-3","JAR11022F","KL","KL","07-23-2025","F",31,26,355,"impact","impact_1991-2000",35.017503,-106.672569,"crus.lersp","0"
"509","MSB:Fish:19155",1993,8,4,"MSB 19155-5","JAR11012F","KL","KL","07-23-2025","F",38,32,697,"impact","impact_1991-2000",35.017503,-106.672569,"crus.lersp","0"
"510","MSB:Fish:19155",1993,8,4,"MSB 19155-4","JAR11027F","KL","KL","07-23-2025","F",34,28,NA,"impact","impact_1991-2000",35.017503,-106.672569,"crus.lersp","0"
"511","MSB:Fish:19170",1993,8,4,"MSB 19170-3","JAR8800F","BP","BP GC","07-07-2025","F",34,26,421,"impact","impact_1991-2000",35.008358,-106.678909,"crus.lersp","0"
"512","MSB:Fish:19170",1993,8,4,"MSB 19170-5","JAR8798F","EO","JG","07-07-2025","F",32,25,353,"impact","impact_1991-2000",35.008358,-106.678909,"crus.lersp","0"
"513","MSB:Fish:19170",1993,8,4,"MSB 19170-1","JAR8802F","BP","GC","07-07-2025","F",31,24,355,"impact","impact_1991-2000",35.008358,-106.678909,"crus.lersp","0"
"514","MSB:Fish:19170",1993,8,4,"MSB 19170-4","JAR8799F","EO","BP","07-07-2025","F",34,27,460,"impact","impact_1991-2000",35.008358,-106.678909,"crus.lersp","0"
"515","MSB:Fish:19170",1993,8,4,"MSB 19170-2","JAR8801F","EO","BP KL","07-07-2025",NA,35,27,481,"impact","impact_1991-2000",35.008358,-106.678909,"crus.lersp","0"
"516","MSB:Fish:2795",1969,4,2,"MSB 2795-4","JAR8920F","BP","KL","07-09-2025","F",29,24,236,"control","control_1961-1970",35.253452,-106.592892,"crus.lersp","0"
"517","MSB:Fish:2795",1969,4,2,"MSB 2795-5","JAR8919F","BP","JG","07-09-2025",NA,25,19,105,"control","control_1961-1970",35.253452,-106.592892,"crus.lersp","0"
"518","MSB:Fish:2795",1969,4,2,"MSB 2795-2","JAR8925F","BP","GC","07-09-2025",NA,31,24,325,"control","control_1961-1970",35.253452,-106.592892,"crus.lersp","0"
"519","MSB:Fish:2795",1969,4,2,"MSB 2795-1","JAR8932F","BP","JG","07-09-2025",NA,45,35,820,"control","control_1961-1970",35.253452,-106.592892,"crus.lersp","0"
"520","MSB:Fish:2795",1969,4,2,"MSB 2795-3","JAR8921F","BP","GC","07-09-2025",NA,46,37,885,"control","control_1961-1970",35.253452,-106.592892,"crus.lersp","0"
"521","MSB:Fish:280",1949,10,28,"MSB 280-3","JAR8830F","BP","EO","07-08-2025","F",28,20,184,"impact","impact_1941-1950",35.155761,-106.655157,"crus.lersp","0"
"522","MSB:Fish:280",1949,10,28,"MSB 280-4","JAR8828F","JG","JG","07-08-2025",NA,43,35,824,"impact","impact_1941-1950",35.155761,-106.655157,"crus.lersp","0"
"523","MSB:Fish:280",1949,10,28,"MSB 280-1","JAR8833F","BP","BP","07-08-2025",NA,33,26,379,"impact","impact_1941-1950",35.155761,-106.655157,"crus.lersp","0"
"524","MSB:Fish:280",1949,10,28,"MSB 280-5","JAR8826F","JG","JG","07-08-2025",NA,28,23,238,"impact","impact_1941-1950",35.155761,-106.655157,"crus.lersp","0"
"525","MSB:Fish:280",1949,10,28,"MSB 280-2","JAR8831F","JG","KL","07-08-2025","F",42,33,733,"impact","impact_1941-1950",35.155761,-106.655157,"crus.lersp","0"
"526","MSB:Fish:285",1961,2,17,"MSB 285-3","JAR11528F","EO","KL","07-15-2025","F",42,34,741,"impact","impact_1961-1970",35.051774,-106.671997,"crus.lersp","0"
"527","MSB:Fish:285",1961,2,17,"MSB 285-2","JAR11525F","BP","GC","07-15-2025",NA,32,25,318,"impact","impact_1961-1970",35.051774,-106.671997,"crus.lersp","0"
"528","MSB:Fish:285",1961,2,17,"MSB 285-1","JAR11517F","EO","KL","07-15-2025","F",46,37,1064,"impact","impact_1961-1970",35.051774,-106.671997,"crus.lersp","0"
"529","MSB:Fish:285",1961,2,17,"MSB 285-4","JAR11530F","BP","KL","07-15-2025","F",34,26,419,"impact","impact_1961-1970",35.051774,-106.671997,"crus.lersp","0"
"530","MSB:Fish:285",1961,2,17,"MSB 285-5","JAR11520F","EO","EO","07-15-2025","F",29,23,224,"impact","impact_1961-1970",35.051774,-106.671997,"crus.lersp","0"
"531","MSB:Fish:288",1949,12,3,"MSB 288-1","JAR11272F","BP","GC","07-11-2025","F",41,32,695,"impact","impact_1941-1950",35.068939,-106.663683,"crus.lersp","0"
"532","MSB:Fish:288",1949,12,3,"MSB 288-4","JAR11269F","BP","BP","07-11-2025",NA,28,22,247,"impact","impact_1941-1950",35.068939,-106.663683,"crus.lersp","0"
"533","MSB:Fish:288",1949,12,3,"MSB 288-5","JAR11268F","EO","EO","07-11-2025","F",35,28,413,"impact","impact_1941-1950",35.068939,-106.663683,"crus.lersp","0"
"534","MSB:Fish:288",1949,12,3,"MSB 288-3","JAR11270F","EO","KL","07-11-2025","F",49,40,1240,"impact","impact_1941-1950",35.068939,-106.663683,"crus.lersp","0"
"535","MSB:Fish:288",1949,12,3,"MSB 288-2","JAR11271F","BP","BP","07-11-2025",NA,30,27,461,"impact","impact_1941-1950",35.068939,-106.663683,"crus.lersp","0"
"536","MSB:Fish:292",1961,2,12,"MSB 292-3","JAR11553F","JG","KL","07-16-2025","M",25,21,138,"control","control_1961-1970",35.408152,-106.470544,"crus.lersp","0"
"537","MSB:Fish:292",1961,2,12,"MSB 292-1","JAR11556F","BP","KL","07-16-2025","M",31,24,273,"control","control_1961-1970",35.408152,-106.470544,"crus.lersp","0"
"538","MSB:Fish:292",1961,2,12,"MSB 292-5","JAR11547F","JG","JG","07-16-2025",NA,25,21,167,"control","control_1961-1970",35.408152,-106.470544,"crus.lersp","0"
"539","MSB:Fish:292",1961,2,12,"MSB 292-4","JAR11550F","BP","KL","07-16-2025","F",33,25,342,"control","control_1961-1970",35.408152,-106.470544,"crus.lersp","0"
"540","MSB:Fish:292",1961,2,12,"MSB 292-2","JAR11534F","JG","JG","07-16-2025",NA,25,20,132,"control","control_1961-1970",35.408152,-106.470544,"crus.lersp","0"
"541","MSB:Fish:305",1949,7,21,"MSB 305-2","JAR8913F","BP","GC","07-09-2025",NA,41,32,810,"impact","impact_1941-1950",35.204443,-106.610046,"crus.lersp","0"
"542","MSB:Fish:305",1949,7,21,"MSB 305-3","JAR8915F","BP","KL","07-09-2025","F",39,31,840,"impact","impact_1941-1950",35.204443,-106.610046,"crus.lersp","0"
"543","MSB:Fish:305",1949,7,21,"MSB 305-1","JAR8911F","BP","JG","07-09-2025","F",38,30,653,"impact","impact_1941-1950",35.204443,-106.610046,"crus.lersp","0"
"544","MSB:Fish:305",1949,7,21,"MSB 305-5","JAR8918F","BP","KL","07-09-2025",NA,41,34,848,"impact","impact_1941-1950",35.204443,-106.610046,"crus.lersp","0"
"545","MSB:Fish:305",1949,7,21,"MSB 305-4","JAR8917F","BP","EO","07-09-2025","F",26,21,146,"impact","impact_1941-1950",35.204443,-106.610046,"crus.lersp","0"
"546","MSB:Fish:307",1959,2,24,"MSB 307-1","JAR8797F","BP","GC","07-07-2025","F",30,24,257,"impact","impact_1951-1960",34.987044,-106.690293,"crus.lersp","0"
"547","MSB:Fish:307",1959,2,24,"MSB 307-2","JAR8796F","JG","KL","07-07-2025","F",31,23,295,"impact","impact_1951-1960",34.987044,-106.690293,"crus.lersp","0"
"548","MSB:Fish:307",1959,2,24,"MSB 307-5","JAR8793F","JG","GC","07-07-2025",NA,33,24,304,"impact","impact_1951-1960",34.987044,-106.690293,"crus.lersp","0"
"549","MSB:Fish:307",1959,2,24,"MSB 307-4","JAR8794F","BP","KL","07-07-2025","F",31,26,296,"impact","impact_1951-1960",34.987044,-106.690293,"crus.lersp","0"
"550","MSB:Fish:307",1959,2,24,"MSB 307-3","JAR8795F","BP","KL","07-07-2025",NA,31,25,277,"impact","impact_1951-1960",34.987044,-106.690293,"crus.lersp","0"
"551","MSB:Fish:30771",1996,10,30,"MSB 30771-3","JAR11025F","KL","KL","07-28-2025",NA,39,32,613,"control","control_1991-2000",35.38033333,-106.4990556,"crus.lersp","0"
"552","MSB:Fish:30771",1996,10,30,"MSB 30771-2","JAR11024F","KL","KL","07-28-2025",NA,34,27,361,"control","control_1991-2000",35.38033333,-106.4990556,"crus.lersp","0"
"553","MSB:Fish:30771",1996,10,30,"MSB 30771-1","JAR11030F","KL","KL","07-28-2025",NA,27,21,182,"control","control_1991-2000",35.38033333,-106.4990556,"crus.lersp","0"
"554","MSB:Fish:30771",1996,10,30,"MSB 30771-5","JAR11033F","KL","KL","07-28-2025","M",30,23,241,"control","control_1991-2000",35.38033333,-106.4990556,"crus.lersp","0"
"555","MSB:Fish:30771",1996,10,30,"MSB 30771-4","JAR11028F","KL","KL","07-28-2025",NA,26,20,165,"control","control_1991-2000",35.38033333,-106.4990556,"crus.lersp","0"
"556","MSB:Fish:315",1949,7,28,"MSB 315-3","JAR11521F","JG","KL","07-15-2025",NA,33,27,445,"impact","impact_1941-1950",35.188761,-106.64706,"crus.lersp","0"
"557","MSB:Fish:315",1949,7,28,"MSB 315-2","JAR11524F","BP","KL","07-15-2025","F",38,30,666,"impact","impact_1941-1950",35.188761,-106.64706,"crus.lersp","0"
"558","MSB:Fish:315",1949,7,28,"MSB 315-4","JAR11527F","BP","KL","07-15-2025","F",31,24,301,"impact","impact_1941-1950",35.188761,-106.64706,"crus.lersp","0"
"559","MSB:Fish:315",1949,7,28,"MSB 315-1","JAR11522F","JG","BP","07-15-2025",NA,38,31,711,"impact","impact_1941-1950",35.188761,-106.64706,"crus.lersp","0"
"560","MSB:Fish:315",1949,7,28,"MSB 315-5","JAR11544F","JG","EO","07-15-2025","F",35,28,417,"impact","impact_1941-1950",35.188761,-106.64706,"crus.lersp","0"
"561","MSB:Fish:324",1950,10,18,"MSB 324-2","JAR11336F","BP","KL","07-10-2025","F",45,36,1097,"control","control_1941-1950",35.229809,-106.616288,"crus.lersp","0"
"562","MSB:Fish:324",1950,10,18,"MSB 324-1","JAR11335F","JG","KL","07-10-2025","F",39,33,691,"control","control_1941-1950",35.229809,-106.616288,"crus.lersp","0"
"563","MSB:Fish:324",1950,10,18,"MSB 324-5","JAR11339F","BP","KL","07-10-2025","F",39,31,754,"control","control_1941-1950",35.229809,-106.616288,"crus.lersp","0"
"564","MSB:Fish:324",1950,10,18,"MSB 324-4","JAR11338F","BP","GC","07-10-2025",NA,46,36,1172,"control","control_1941-1950",35.229809,-106.616288,"crus.lersp","0"
"565","MSB:Fish:324",1950,10,18,"MSB 324-3","JAR11337F","BP","GC","07-10-2025",NA,49,39,1841,"control","control_1941-1950",35.229809,-106.616288,"crus.lersp","0"
"566","MSB:Fish:326",1949,7,21,"MSB 326-5","JAR8924F","EO","JG","07-09-2025","F",38,32,628,"impact","impact_1941-1950",35.210652,-106.627124,"crus.lersp","0"
"567","MSB:Fish:326",1949,7,21,"MSB 326-4","JAR8933F","EO","KL","07-09-2025","F",33,27,421,"impact","impact_1941-1950",35.210652,-106.627124,"crus.lersp","0"
"568","MSB:Fish:326",1949,7,21,"MSB 326-3","JAR8931F","KL","KL","07-09-2025",NA,36,30,581,"impact","impact_1941-1950",35.210652,-106.627124,"crus.lersp","0"
"569","MSB:Fish:326",1949,7,21,"MSB 326-2","JAR8926F","KL","GC","07-09-2025","F",34,28,560,"impact","impact_1941-1950",35.210652,-106.627124,"crus.lersp","0"
"570","MSB:Fish:326",1949,7,21,"MSB 326-1","JAR8922F","KL","KL","07-09-2025","F",33,27,355,"impact","impact_1941-1950",35.210652,-106.627124,"crus.lersp","0"
"571","MSB:Fish:327",1942,2,28,"MSB 327-1","JAR8840F","EO","GC","07-08-2025","F",45,36,927,"control","control_1941-1950",35.37417,-106.49278,"crus.lersp","0"
"572","MSB:Fish:327",1942,2,28,"MSB 327-4","JAR8842F","EO","GC","07-08-2025",NA,32,25,257,"control","control_1941-1950",35.37417,-106.49278,"crus.lersp","0"
"573","MSB:Fish:327",1942,2,28,"MSB 327-3","JAR8846F","BP","GC","07-08-2025","F",45,36,910,"control","control_1941-1950",35.37417,-106.49278,"crus.lersp","0"
"574","MSB:Fish:327",1942,2,28,"MSB 327-2","JAR8903F","EO","JG","07-08-2025",NA,47,38,1118,"control","control_1941-1950",35.37417,-106.49278,"crus.lersp","0"
"575","MSB:Fish:327",1942,2,28,"MSB 327-5","JAR8844F","BP","GC","07-08-2025","F",25,20,131,"control","control_1941-1950",35.37417,-106.49278,"crus.lersp","0"
"576","MSB:Fish:330",1949,11,5,"MSB 330-1","JAR11350F","EO","JG","07-10-2025",NA,45,36,982,"control","control_1941-1950",35.211994,-106.631125,"crus.lersp","0"
"577","MSB:Fish:330",1949,11,5,"MSB 330-3","JAR11356F","EO","GC","07-10-2025",NA,29,23,241,"control","control_1941-1950",35.211994,-106.631125,"crus.lersp","0"
"578","MSB:Fish:330",1949,11,5,"MSB 330-4","JAR11353F","JG","BP","07-10-2025",NA,32,26,276,"control","control_1941-1950",35.211994,-106.631125,"crus.lersp","0"
"579","MSB:Fish:330",1949,11,5,"MSB 330-5","JAR11369F","JG","EO","07-10-2025","F",26,22,195,"control","control_1941-1950",35.211994,-106.631125,"crus.lersp","0"
"580","MSB:Fish:330",1949,11,5,"MSB 330-2","JAR11347F","JG","BP","07-10-2025",NA,34,28,374,"control","control_1941-1950",35.211994,-106.631125,"crus.lersp","0"
"581","MSB:Fish:334",1952,5,3,"MSB 334-1","JAR11113F","BP","KL","07-16-2025",NA,33,26,309,"control","control_1951-1960",35.302146,-106.571551,"crus.lersp","0"
"582","MSB:Fish:334",1952,5,3,"MSB 334-3","JAR11107F","BP","JG","07-16-2025",NA,30,24,217,"control","control_1951-1960",35.302146,-106.571551,"crus.lersp","0"
"583","MSB:Fish:334",1952,5,3,"MSB 334-5","JAR11108F","BP","GC","07-16-2025",NA,27,22,179,"control","control_1951-1960",35.302146,-106.571551,"crus.lersp","0"
"584","MSB:Fish:334",1952,5,3,"MSB 334-4","JAR11116F","BP","EO","07-16-2025","F",30,23,233,"control","control_1951-1960",35.302146,-106.571551,"crus.lersp","0"
"585","MSB:Fish:334",1952,5,3,"MSB 334-2","JAR11110F","BP","EO","07-16-2025","F",31,25,293,"control","control_1951-1960",35.302146,-106.571551,"crus.lersp","0"
"586","MSB:Fish:3391",1965,5,18,"MSB 3391-1","JAR11370F","EO","KL","07-10-2025","F",41,35,794,"control","control_1961-1970",35.383813,-106.481,"crus.lersp","0"
"587","MSB:Fish:3391",1965,5,18,"MSB 3391-2","JAR11366F","EO","GC","07-10-2025","M",28,23,188,"control","control_1961-1970",35.383813,-106.481,"crus.lersp","0"
"588","MSB:Fish:3391",1965,5,18,"MSB 3391-5","JAR11367F","EO","JG","07-10-2025","F",35,28,522,"control","control_1961-1970",35.383813,-106.481,"crus.lersp","0"
"589","MSB:Fish:3391",1965,5,18,"MSB 3391-4","JAR11364F","EO","KL","07-10-2025",NA,33,27,348,"control","control_1961-1970",35.383813,-106.481,"crus.lersp","0"
"590","MSB:Fish:3391",1965,5,18,"MSB 3391-3","JAR11363F","EO","EO","07-10-2025","F",31,26,296,"control","control_1961-1970",35.383813,-106.481,"crus.lersp","0"
"591","MSB:Fish:3421",1972,6,19,"MSB 3421-1","JAR11296F","EO","KL","07-14-2025","F",36,29,612,"control","control_1971-1980",35.249718,-106.603396,"crus.lersp","0"
"592","MSB:Fish:3421",1972,6,19,"MSB 3421-4","JAR11294F","EO","KL","07-14-2025","F",40,33,736,"control","control_1971-1980",35.249718,-106.603396,"crus.lersp","0"
"593","MSB:Fish:3421",1972,6,19,"MSB 3421-2","JAR11288F","EO","KL","07-14-2025","F",46,37,1270,"control","control_1971-1980",35.249718,-106.603396,"crus.lersp","0"
"594","MSB:Fish:3421",1972,6,19,"MSB 3421-5","JAR11293F","EO","KL","07-14-2025","F",44,36,1076,"control","control_1971-1980",35.249718,-106.603396,"crus.lersp","0"
"595","MSB:Fish:3421",1972,6,19,"MSB 3421-3","JAR11291F","EO","KL","07-14-2025","F",42,35,996,"control","control_1971-1980",35.249718,-106.603396,"crus.lersp","0"
"596","MSB:Fish:365",1947,9,27,"MSB 365-1","JAR11529F","JG","JG","07-15-2025",NA,39,33,608,"control","control_1941-1950",35.321576,-106.555389,"crus.lersp","0"
"597","MSB:Fish:365",1947,9,27,"MSB 365-5","JAR11531F","JG","JG","07-15-2025",NA,32,25,251,"control","control_1941-1950",35.321576,-106.555389,"crus.lersp","0"
"598","MSB:Fish:365",1947,9,27,"MSB 365-2","JAR11532F","BP","KL","07-15-2025","F",38,29,390,"control","control_1941-1950",35.321576,-106.555389,"crus.lersp","0"
"599","MSB:Fish:365",1947,9,27,"MSB 365-3","JAR11526F","JG","KL","07-15-2025","F",37,29,507,"control","control_1941-1950",35.321576,-106.555389,"crus.lersp","0"
"600","MSB:Fish:365",1947,9,27,"MSB 365-4","JAR11523F","BP","KL","07-15-2025",NA,38,30,356,"control","control_1941-1950",35.321576,-106.555389,"crus.lersp","0"
"601","MSB:Fish:38942",1997,7,5,"MSB 38942-5","JAR11115F","EO","GC","07-17-2025","F",41,32,883,"control","control_1991-2000",35.28302778,-106.5981389,"crus.lersp","0"
"602","MSB:Fish:38942",1997,7,5,"MSB 38942-1","JAR11120F","EO","GC","07-17-2025","F",50,42,2039,"control","control_1991-2000",35.28302778,-106.5981389,"crus.lersp","0"
"603","MSB:Fish:38942",1997,7,5,"MSB 38942-2","JAR11119F","EO","KL","07-17-2025","F",47,39,1803,"control","control_1991-2000",35.28302778,-106.5981389,"crus.lersp","0"
"604","MSB:Fish:38942",1997,7,5,"MSB 38942-3","JAR11121F","EO","KL","07-17-2025","F",45,38,1685,"control","control_1991-2000",35.28302778,-106.5981389,"crus.lersp","0"
"605","MSB:Fish:38942",1997,7,5,"MSB 38942-4","JAR11118F","EO","KL","07-17-2025","F",46,38,1451,"control","control_1991-2000",35.28302778,-106.5981389,"crus.lersp","0"
"606","MSB:Fish:39100",1997,10,15,"MSB 39100-1","JAR11577F","BP","JG","07-17-2025",NA,34,26,374,"control","control_1991-2000",35.322164,-106.557448,"crus.lersp","0"
"607","MSB:Fish:39100",1997,10,15,"MSB 39100-2","JAR11573F","BP","EO","07-17-2025","F",38,28,500,"control","control_1991-2000",35.322164,-106.557448,"crus.lersp","0"
"608","MSB:Fish:39100",1997,10,15,"MSB 39100-4","JAR11575F","BP","GC","07-17-2025","F",34,26,403,"control","control_1991-2000",35.322164,-106.557448,"crus.lersp","0"
"609","MSB:Fish:39100",1997,10,15,"MSB 39100-5","JAR11576F","BP","GC","07-17-2025","F",25,19,144,"control","control_1991-2000",35.322164,-106.557448,"crus.lersp","0"
"610","MSB:Fish:39100",1997,10,15,"MSB 39100-3","JAR11574F","BP","KL","07-17-2025","M",25,20,167,"control","control_1991-2000",35.322164,-106.557448,"crus.lersp","0"
"611","MSB:Fish:3993",1977,9,28,"MSB 3993-4","JAR11626F","BP","GC","07-21-2025","F",29,23,333,"impact","impact_1971-1980",35.136341,-106.685742,"crus.lersp","0"
"612","MSB:Fish:3993",1977,9,28,"MSB 3993-1","JAR11623F","JG","GC","07-21-2025",NA,25,20,170,"impact","impact_1971-1980",35.136341,-106.685742,"crus.lersp","0"
"613","MSB:Fish:3993",1977,9,28,"MSB 3993-2","JAR11621F","BP","GC","07-21-2025","F",26,20,224,"impact","impact_1971-1980",35.136341,-106.685742,"crus.lersp","0"
"614","MSB:Fish:3993",1977,9,28,"MSB 3993-3","JAR11618F","JG","BP","07-21-2025","M",28,21,181,"impact","impact_1971-1980",35.136341,-106.685742,"crus.lersp","0"
"615","MSB:Fish:3993",1977,9,28,"MSB 3993-5","JAR11620F","JG","BP","07-21-2025","M",27,21,186,"impact","impact_1971-1980",35.136341,-106.685742,"crus.lersp","0"
"616","MSB:Fish:4012",1977,9,28,"MSB 4012-5","JAR11616F","JG","JG","07-21-2025",NA,25,21,169,"impact","impact_1971-1980",35.134932,-106.690783,"crus.lersp","0"
"617","MSB:Fish:4012",1977,9,28,"MSB 4012-1","JAR11607F","JG","EO","07-21-2025","F",32,25,365,"impact","impact_1971-1980",35.134932,-106.690783,"crus.lersp","0"
"618","MSB:Fish:4012",1977,9,28,"MSB 4012-4","JAR11613F","BP","GC","07-21-2025","F",26,20,178,"impact","impact_1971-1980",35.134932,-106.690783,"crus.lersp","0"
"619","MSB:Fish:4012",1977,9,28,"MSB 4012-3","JAR11617F","JG","GC","07-21-2025","F",32,27,303,"impact","impact_1971-1980",35.134932,-106.690783,"crus.lersp","0"
"620","MSB:Fish:4012",1977,9,28,"MSB 4012-2","JAR11610F","BP","GC","07-21-2025","F",31,24,316,"impact","impact_1971-1980",35.134932,-106.690783,"crus.lersp","0"
"621","MSB:Fish:4056",1978,5,19,"MSB 4056-2","JAR11322F","EO","KL","07-14-2025","F",36,28,566,"control","control_1971-1980",35.253481,-106.591225,"crus.lersp","0"
"622","MSB:Fish:4056",1978,5,19,"MSB 4056-3","JAR11318F","EO","JG","07-14-2025","F",37,28,549,"control","control_1971-1980",35.253481,-106.591225,"crus.lersp","0"
"623","MSB:Fish:4056",1978,5,19,"MSB 4056-4","JAR11317F","EO","JG","07-14-2025","F",34,28,483,"control","control_1971-1980",35.253481,-106.591225,"crus.lersp","0"
"624","MSB:Fish:4056",1978,5,19,"MSB 4056-1","JAR11319F","EO","GC","07-14-2025","F",37,30,644,"control","control_1971-1980",35.253481,-106.591225,"crus.lersp","0"
"625","MSB:Fish:4056",1978,5,19,"MSB 4056-5","JAR11321F","EO","GC","07-14-2025","F",34,28,581,"control","control_1971-1980",35.253481,-106.591225,"crus.lersp","0"
"626","MSB:Fish:4086",1978,9,29,"MSB 4086-3","JAR11342F","BP","JG","07-11-2025",NA,31,24,340,"control","control_1971-1980",35.380072,-106.499406,"crus.lersp","0"
"627","MSB:Fish:4086",1978,9,29,"MSB 4086-5","JAR11340F","BP","GC","07-11-2025","M",29,23,261,"control","control_1971-1980",35.380072,-106.499406,"crus.lersp","0"
"628","MSB:Fish:4086",1978,9,29,"MSB 4086-4","JAR11341F","BP","GC","07-11-2025","F",26,19,139,"control","control_1971-1980",35.380072,-106.499406,"crus.lersp","0"
"629","MSB:Fish:4086",1978,9,29,"MSB 4086-2","JAR11344F","BP","EO","07-11-2025","F",40,30,701,"control","control_1971-1980",35.380072,-106.499406,"crus.lersp","0"
"630","MSB:Fish:4086",1978,9,29,"MSB 4086-1","JAR11345F","BP","KL","07-11-2025","F",41,32,795,"control","control_1971-1980",35.380072,-106.499406,"crus.lersp","0"
"631","MSB:Fish:4172",1977,5,10,"MSB 4172-2","JAR11329F","JG","GC","07-14-2025","F",33,29,347,"control","control_1971-1980",35.26637,-106.598674,"crus.lersp","0"
"632","MSB:Fish:4172",1977,5,10,"MSB 4172-3","JAR11330F","BP","KL","07-14-2025","F",27,21,170,"control","control_1971-1980",35.26637,-106.598674,"crus.lersp","0"
"633","MSB:Fish:4172",1977,5,10,"MSB 4172-4","JAR11327F","BP","GC","07-14-2025","M",27,21,150,"control","control_1971-1980",35.26637,-106.598674,"crus.lersp","0"
"634","MSB:Fish:4172",1977,5,10,"MSB 4172-1","JAR11328F","BP","KL","07-14-2025",NA,29,24,252,"control","control_1971-1980",35.26637,-106.598674,"crus.lersp","0"
"635","MSB:Fish:4172",1977,5,10,"MSB 4172-5","JAR11326F","JG","JG","07-14-2025",NA,27,21,137,"control","control_1971-1980",35.26637,-106.598674,"crus.lersp","0"
"636","MSB:Fish:4176",1978,5,21,"MSB 4176-5","JAR8822F","JG","KL","07-08-2025","F",29,23,368,"control","control_1971-1980",35.253481,-106.591225,"crus.lersp","0"
"637","MSB:Fish:4176",1978,5,21,"MSB 4176-1","JAR8821F","BP","JG","07-08-2025","F",38,31,741,"control","control_1971-1980",35.253481,-106.591225,"crus.lersp","0"
"638","MSB:Fish:4176",1978,5,21,"MSB 4176-3","JAR8818F","JG","KL","07-08-2025","F",33,26,425,"control","control_1971-1980",35.253481,-106.591225,"crus.lersp","0"
"639","MSB:Fish:4176",1978,5,21,"MSB 4176-2","JAR8816F","BP","EO","07-08-2025","F",39,31,798,"control","control_1971-1980",35.253481,-106.591225,"crus.lersp","0"
"640","MSB:Fish:4176",1978,5,21,"MSB 4176-4","JAR8820F","BP","JG","07-08-2025","F",38,30,806,"control","control_1971-1980",35.253481,-106.591225,"crus.lersp","0"
"641","MSB:Fish:43165",1999,4,21,"MSB 43165-3","JAR11124F","EO","KL","07-17-2025","F",35,27,471,"impact","impact_1991-2000",35.027111,-106.672944,"crus.lersp","0"
"642","MSB:Fish:43165",1999,4,21,"MSB 43165-4","JAR11123F","EO","JG GC","07-17-2025","F",38,30,636,"impact","impact_1991-2000",35.027111,-106.672944,"crus.lersp","0"
"643","MSB:Fish:43165",1999,4,21,"MSB 43165-2","JAR11125F","EO","EO","07-17-2025","F",38,30,668,"impact","impact_1991-2000",35.027111,-106.672944,"crus.lersp","0"
"644","MSB:Fish:43165",1999,4,21,"MSB 43165-1","JAR11126F","EO","GC","07-17-2025","F",33,27,464,"impact","impact_1991-2000",35.027111,-106.672944,"crus.lersp","0"
"645","MSB:Fish:43165",1999,4,21,"MSB 43165-5","JAR11122F","EO","KL","07-17-2025","F",40,32,732,"impact","impact_1991-2000",35.027111,-106.672944,"crus.lersp","0"
"646","MSB:Fish:43242",1999,7,14,"MSB 43242-5","JAR11026F","KL","KL","07-28-2025",NA,41,33,899,"control","control_1991-2000",35.28302778,-106.5981389,"crus.lersp","0"
"647","MSB:Fish:43242",1999,7,14,"MSB 43242-4","JAR11034F","KL","KL","07-28-2025","F",32,25,344,"control","control_1991-2000",35.28302778,-106.5981389,"crus.lersp","0"
"648","MSB:Fish:43242",1999,7,14,"MSB 43242-3","JAR11029F","KL","KL","07-28-2025","F",32,25,338,"control","control_1991-2000",35.28302778,-106.5981389,"crus.lersp","0"
"649","MSB:Fish:43242",1999,7,14,"MSB 43242-2","JAR11032F","KL","KL","07-28-2025",NA,32,26,416,"control","control_1991-2000",35.28302778,-106.5981389,"crus.lersp","0"
"650","MSB:Fish:43242",1999,7,14,"MSB 43242-1","JAR11031F","KL","KL","07-28-2025",NA,29,22,249,"control","control_1991-2000",35.28302778,-106.5981389,"crus.lersp","0"
"651","MSB:Fish:43251",1999,7,15,"MSB 43251-2","JAR11011F","KL","KL","07-23-2025","F",37,29,616,"impact","impact_1991-2000",35.089293,-106.680842,"crus.lersp","0"
"652","MSB:Fish:43251",1999,7,15,"MSB 43251-1","JAR11014F","KL","KL","07-23-2025",NA,32,26,384,"impact","impact_1991-2000",35.089293,-106.680842,"crus.lersp","0"
"653","MSB:Fish:43251",1999,7,15,"MSB 43251-4","JAR11018F","KL","KL","07-23-2025","F",32,25,392,"impact","impact_1991-2000",35.089293,-106.680842,"crus.lersp","0"
"654","MSB:Fish:43251",1999,7,15,"MSB 43251-5","JAR11019F","KL","KL","07-23-2025","F",34,27,NA,"impact","impact_1991-2000",35.089293,-106.680842,"crus.lersp","0"
"655","MSB:Fish:43251",1999,7,15,"MSB 43251-3","JAR11017F","KL","KL","07-23-2025","F",33,27,379,"impact","impact_1991-2000",35.089293,-106.680842,"crus.lersp","0"
"656","MSB:Fish:43370",1999,8,25,"MSB 43370-2","JAR11035F","KL","KL","07-28-2025",NA,28,22,215,"control","control_1991-2000",35.28302778,-106.5981389,"crus.lersp","0"
"657","MSB:Fish:43370",1999,8,25,"MSB 43370-3","JAR11036F","KL","KL","07-28-2025",NA,36,29,480,"control","control_1991-2000",35.28302778,-106.5981389,"crus.lersp","0"
"658","MSB:Fish:43370",1999,8,25,"MSB 43370-1","JAR11041F","KL","KL","07-28-2025",NA,38,30,NA,"control","control_1991-2000",35.28302778,-106.5981389,"crus.lersp","0"
"659","MSB:Fish:43370",1999,8,25,"MSB 43370-5","JAR11043F","KL","KL","07-28-2025","M",30,24,225,"control","control_1991-2000",35.28302778,-106.5981389,"crus.lersp","0"
"660","MSB:Fish:43370",1999,8,25,"MSB 43370-4","JAR11042F","KL","KL","07-28-2025",NA,26,20,154,"control","control_1991-2000",35.28302778,-106.5981389,"crus.lersp","0"
"661","MSB:Fish:4353",1978,9,8,"MSB 4353-1","JAR11097F","JG","GC","07-16-2025","F",35,29,601,"control","control_1971-1980",35.222784,-106.601974,"crus.lersp","0"
"662","MSB:Fish:4353",1978,9,8,"MSB 4353-4","JAR11106F","BP","BP","07-16-2025",NA,25,19,157,"control","control_1971-1980",35.222784,-106.601974,"crus.lersp","0"
"663","MSB:Fish:4353",1978,9,8,"MSB 4353-2","JAR11100F","JG","GC","07-16-2025","M",29,24,212,"control","control_1971-1980",35.222784,-106.601974,"crus.lersp","0"
"664","MSB:Fish:4353",1978,9,8,"MSB 4353-5","JAR11105F","BP","KL","07-16-2025",NA,25,20,NA,"control","control_1971-1980",35.222784,-106.601974,"crus.lersp","0"
"665","MSB:Fish:4353",1978,9,8,"MSB 4353-3","JAR11103F","JG","GC","07-16-2025","M",27,22,151,"control","control_1971-1980",35.222784,-106.601974,"crus.lersp","0"
"666","MSB:Fish:4378",1978,9,23,"MSB 4378-3","JAR11554F","JG","KL","07-16-2025","F",38,32,556,"impact","impact_1971-1980",34.905272,-106.685564,"crus.lersp","0"
"667","MSB:Fish:4378",1978,9,23,"MSB 4378-5","JAR11545F","BP","GC","07-16-2025","F",36,28,469,"impact","impact_1971-1980",34.905272,-106.685564,"crus.lersp","0"
"668","MSB:Fish:4378",1978,9,23,"MSB 4378-3","JAR11546F","BP","KL","07-16-2025","F",42,32,738,"impact","impact_1971-1980",34.905272,-106.685564,"crus.lersp","0"
"669","MSB:Fish:4378",1978,9,23,"MSB 4378-2","JAR11551F","BP","JG","07-16-2025","F",38,30,633,"impact","impact_1971-1980",34.905272,-106.685564,"crus.lersp","0"
"670","MSB:Fish:4378",1978,9,23,"MSB 4378-1","JAR11548F","BP","KL","07-16-2025","F",37,28,634,"impact","impact_1971-1980",34.905272,-106.685564,"crus.lersp","0"
"671","MSB:Fish:438",1978,NA,5,"MSB 4389-1","JAR11516F","JG","GC","07-15-2025",NA,38,31,575,NA,NA,NA,NA,"crus.lersp","0"
"672","MSB:Fish:4385",1978,9,6,"MSB 4385-2","JAR8843F","EO","KL","07-08-2025",NA,30,26,273,"impact","impact_1971-1980",34.905272,-106.685564,"crus.lersp","0"
"673","MSB:Fish:4385",1978,9,6,"MSB 4385-5","JAR8838F","EO","JG","07-08-2025","F",27,22,197,"impact","impact_1971-1980",34.905272,-106.685564,"crus.lersp","0"
"674","MSB:Fish:4385",1978,9,6,"MSB 4385-3","JAR8845F","KL","KL","07-08-2025","F",27,23,204,"impact","impact_1971-1980",34.905272,-106.685564,"crus.lersp","0"
"675","MSB:Fish:4385",1978,9,6,"MSB 4385-4","JAR8839","KL","GC","07-08-2025","F",26,22,222,"impact","impact_1971-1980",34.905272,-106.685564,"crus.lersp","0"
"676","MSB:Fish:4385",1978,9,6,"MSB 4385-1","JAR8841F","KL","KL","07-08-2025","F",25,21,161,"impact","impact_1971-1980",34.905272,-106.685564,"crus.lersp","0"
"677","MSB:Fish:4389",1978,9,5,"MSB 4389-2","JAR11519F","JG","GC","07-15-2025","F",34,28,507,"impact","impact_1971-1980",35.092867,-106.682332,"crus.lersp","0"
"678","MSB:Fish:4389",1978,9,5,"MSB 4389-4","JAR11514F","JG","GC","07-15-2025",NA,40,33,716,"impact","impact_1971-1980",35.092867,-106.682332,"crus.lersp","0"
"679","MSB:Fish:4389",1978,9,5,"MSB 4389-3","JAR11511F","JG","GC","07-15-2025","M",34,29,461,"impact","impact_1971-1980",35.092867,-106.682332,"crus.lersp","0"
"680","MSB:Fish:4389",1978,9,5,"MSB 4389-5","JAR11513F","JG","GC","07-15-2025",NA,38,32,654,"impact","impact_1971-1980",35.092867,-106.682332,"crus.lersp","0"
"681","MSB:Fish:4418",1978,8,3,"MSB 4418-1","JAR11292F","BP","GC","07-14-2025","F",43,34,1443,"impact","impact_1971-1980",34.905272,-106.685564,"crus.lersp","0"
"682","MSB:Fish:4418",1978,8,3,"MSB 4418-2","JAR11289F","BP","KL","07-14-2025","F",38,30,662,"impact","impact_1971-1980",34.905272,-106.685564,"crus.lersp","0"
"683","MSB:Fish:4418",1978,8,3,"MSB 4418-5","JAR11297F","EO","KL","07-14-2025","F",40,33,985,"impact","impact_1971-1980",34.905272,-106.685564,"crus.lersp","0"
"684","MSB:Fish:4418",1978,8,3,"MSB 4418-4","JAR11298F","EO","KL","07-14-2025","F",37,30,678,"impact","impact_1971-1980",34.905272,-106.685564,"crus.lersp","0"
"685","MSB:Fish:4418",1978,8,3,"MSB 4418-3","JAR11295F","BP","KL","07-14-2025","F",40,31,805,"impact","impact_1971-1980",34.905272,-106.685564,"crus.lersp","0"
"686","MSB:Fish:4440",1978,9,5,"MSB 4440-2","JAR11555F","BJG","JG","07-16-2025",NA,28,22,223,"impact","impact_1971-1980",35.090702,-106.684514,"crus.lersp","0"
"687","MSB:Fish:4440",1978,9,5,"MSB 4440-1","JAR11552F","BP","JG","07-16-2025",NA,25,20,138,"impact","impact_1971-1980",35.090702,-106.684514,"crus.lersp","0"
"688","MSB:Fish:4440",1978,9,5,"MSB 4440-4","JAR11098F","JG","KL","07-16-2025","M",25,21,144,"impact","impact_1971-1980",35.090702,-106.684514,"crus.lersp","0"
"689","MSB:Fish:4440",1978,9,5,"MSB 4440-3","JAR11095F","BP","GC","07-16-2025","M",27,20,205,"impact","impact_1971-1980",35.090702,-106.684514,"crus.lersp","0"
"690","MSB:Fish:4440",1978,9,5,"MSB 4440-5","JAR11549F","BP","GC","07-16-2025","M",26,20,151,"impact","impact_1971-1980",35.090702,-106.684514,"crus.lersp","0"
"691","MSB:Fish:4453",1978,9,5,"MSB 4453-5","JAR8940F","EO","GC","07-10-2025","M",27,22,167,"impact","impact_1971-1980",35.10562,-106.681074,"crus.lersp","0"
"692","MSB:Fish:4453",1978,9,5,"MSB 4453-1","JAR11359F","EO","KL","07-10-2025","F",36,30,577,"impact","impact_1971-1980",35.10562,-106.681074,"crus.lersp","0"
"693","MSB:Fish:4453",1978,9,5,"MSB 4453-3","JAR8938F","EO","KL","07-10-2025","M",28,22,149,"impact","impact_1971-1980",35.10562,-106.681074,"crus.lersp","0"
"694","MSB:Fish:4453",1978,9,5,"MSB 4453-2","JAR8936F","EO ","GC","07-10-2025","F",39,31,742,"impact","impact_1971-1980",35.10562,-106.681074,"crus.lersp","0"
"695","MSB:Fish:4453",1978,9,5,"MSB 4453-4","JAR8942F","EO","JG","07-10-2025",NA,26,22,143,"impact","impact_1971-1980",35.10562,-106.681074,"crus.lersp","0"
"696","MSB:Fish:4462",1978,6,14,"MSB 4462-1","JAR11541F","BP","BP","07-15-2025",NA,27,22,205,"control","control_1971-1980",35.322164,-106.557448,"crus.lersp","0"
"697","MSB:Fish:4462",1978,6,14,"MSB 4462-2","JAR11540F","BP","EO","07-15-2025","F",36,27,517,"control","control_1971-1980",35.322164,-106.557448,"crus.lersp","0"
"698","MSB:Fish:4462",1978,6,14,"MSB 4462-5","JAR11535F","BP","GC","07-15-2025","M",26,20,170,"control","control_1971-1980",35.322164,-106.557448,"crus.lersp","0"
"699","MSB:Fish:4462",1978,6,14,"MSB 4462-3","JAR11538F","BP","KL","07-15-2025","F",27,20,195,"control","control_1971-1980",35.322164,-106.557448,"crus.lersp","0"
"700","MSB:Fish:4462",1978,6,14,"MSB 4462-4","JAR11543F","BP","GC","07-15-2025","M",27,20,197,"control","control_1971-1980",35.322164,-106.557448,"crus.lersp","0"
"701","MSB:Fish:4486",1978,9,29,"MSB 4486-1","JAR11274F","JG","KL","07-11-2025","F",29,24,252,"control","control_1971-1980",35.383856,-106.490929,"crus.lersp","0"
"702","MSB:Fish:4486",1978,9,29,"MSB 4486-2","JAR11324F","JG","KL","07-11-2025","M",25,20,171,"control","control_1971-1980",35.383856,-106.490929,"crus.lersp","0"
"703","MSB:Fish:4486",1978,9,29,"MSB 4486-3","JAR11325F","KL","EO","07-11-2025","F",28,23,227,"control","control_1971-1980",35.383856,-106.490929,"crus.lersp","0"
"704","MSB:Fish:4486",1978,9,29,"MSB 4486-4","JAR11323F","KL","KL","07-11-2025",NA,27,22,226,"control","control_1971-1980",35.383856,-106.490929,"crus.lersp","0"
"705","MSB:Fish:4486",1978,9,29,"MSB 4486-5","JAR11273F","KL","KL","07-11-2025",NA,25,20,158,"control","control_1971-1980",35.383856,-106.490929,"crus.lersp","0"
"706","MSB:Fish:4748",1978,9,5,"MSB 4748-1","JAR8904F","BP","JG","07-09-2025",NA,33,25,374,"impact","impact_1971-1980",35.197227,-106.642667,"crus.lersp","0"
"707","MSB:Fish:4748",1978,9,5,"MSB 4748-3","JAR8907F","BP","EO","07-09-2025","F",34,27,362,"impact","impact_1971-1980",35.197227,-106.642667,"crus.lersp","0"
"708","MSB:Fish:4748",1978,9,5,"MSB 4748-2","JAR8909F","EO","JG","07-09-2025",NA,36,28,522,"impact","impact_1971-1980",35.197227,-106.642667,"crus.lersp","0"
"709","MSB:Fish:4748",1978,9,5,"MSB 4748-5","JAR8905F","BP","GC","07-09-2025",NA,30,24,278,"impact","impact_1971-1980",35.197227,-106.642667,"crus.lersp","0"
"710","MSB:Fish:4748",1978,9,5,"MSB 4748-4","JAR8906F","EO","GC","07-09-2025",NA,29,23,213,"impact","impact_1971-1980",35.197227,-106.642667,"crus.lersp","0"
"711","MSB:Fish:4750",1978,9,29,"MSB 4750-5","JAR8807F","EO","JG KL","07-07-2025",NA,34,27,447,"control","control_1971-1980",35.385246,-106.478952,"crus.lersp","0"
"712","MSB:Fish:4750",1978,9,29,"MSB 4750-3","JAR8809F","EO","GC","07-07-2025","F",44,35,886,"control","control_1971-1980",35.385246,-106.478952,"crus.lersp","0"
"713","MSB:Fish:4750",1978,9,29,"MSB 4750-1","JAR8811F","BP","JG GC","07-07-2025","F",40,32,703,"control","control_1971-1980",35.385246,-106.478952,"crus.lersp","0"
"714","MSB:Fish:4750",1978,9,29,"MSB 4750-4","JAR8813F","BP","KL","07-07-2025","F",39,31,703,"control","control_1971-1980",35.385246,-106.478952,"crus.lersp","0"
"715","MSB:Fish:4750",1978,9,29,"MSB 4750-2","JAR8808F","JG","KL","07-07-2025","F",41,36,1080,"control","control_1971-1980",35.385246,-106.478952,"crus.lersp","0"
"716","MSB:Fish:515",1949,11,19,"MSB 515-4","JAR11287F","EO","KL","07-14-2025","F",37,32,1145,"impact","impact_1941-1950",35.20447,-106.610066,"crus.lersp","0"
"717","MSB:Fish:515",1949,11,19,"MSB 515-1","JAR11307F","EO","KL","07-14-2025",NA,43,36,964,"impact","impact_1941-1950",35.20447,-106.610066,"crus.lersp","0"
"718","MSB:Fish:515",1949,11,19,"MSB 515-3","JAR11290F","EO","GC","07-14-2025","F",39,32,785,"impact","impact_1941-1950",35.20447,-106.610066,"crus.lersp","0"
"719","MSB:Fish:515",1949,11,19,"MSB 515-2","JAR11310F","EO","GC","07-14-2025","F",37,30,662,"impact","impact_1941-1950",35.20447,-106.610066,"crus.lersp","0"
"720","MSB:Fish:515",1949,11,19,"MSB 515-5","JAR11304F","EO","JG","07-14-2025","F",43,35,1190,"impact","impact_1941-1950",35.20447,-106.610066,"crus.lersp","0"
"721","MSB:Fish:5811",1987,9,9,"MSB 5811-4","JAR8806F","EO","KL","07-07-2025","F",34,27,481,"control","control_1981-1990",35.322164,-106.557448,"crus.lersp","0"
"722","MSB:Fish:5811",1987,9,9,"MSB 5811-5","JAR8810F","BP","GC","07-07-2025","F",32,26,411,"control","control_1981-1990",35.322164,-106.557448,"crus.lersp","0"
"723","MSB:Fish:5811",1987,9,9,"MSB 5811-2","JAR8804F","EO","GC","07-07-2025",NA,41,34,755,"control","control_1981-1990",35.322164,-106.557448,"crus.lersp","0"
"724","MSB:Fish:5811",1987,9,9,"MSB 5811-1","JAR8803F","BP","EO GC","07-07-2025","F",39,31,706,"control","control_1981-1990",35.322164,-106.557448,"crus.lersp","0"
"725","MSB:Fish:5811",1987,9,9,"MSB 5811-3","JAR8805F","BP","JG KL","07-07-2025",NA,35,27,556,"control","control_1981-1990",35.322164,-106.557448,"crus.lersp","0"
"726","MSB:Fish:5822",1987,9,10,"MSB 5822-1","JAR11343F","BP","GC","07-10-2025","F",34,26,358,"impact","impact_1981-1990",34.905272,-106.685564,"crus.lersp","0"
"727","MSB:Fish:5822",1987,9,10,"MSB 5822-5","JAR11352F","BP","JG","07-10-2025",NA,29,21,200,"impact","impact_1981-1990",34.905272,-106.685564,"crus.lersp","0"
"728","MSB:Fish:5822",1987,9,10,"MSB 5822-2","JAR11346F","BP","GC","07-10-2025","F",36,29,480,"impact","impact_1981-1990",34.905272,-106.685564,"crus.lersp","0"
"729","MSB:Fish:5822",1987,9,10,"MSB 5822-4","JAR11355F","JG","JG","07-10-2025",NA,25,20,153,"impact","impact_1981-1990",34.905272,-106.685564,"crus.lersp","0"
"730","MSB:Fish:5822",1987,9,10,"MSB 5822-3","JAR11358F","BP","JG","07-10-2025","F",41,32,826,"impact","impact_1981-1990",34.905272,-106.685564,"crus.lersp","0"
"731","MSB:Fish:62355",2000,9,14,"MSB 62355-1","JAR11052F","KL","KL","07-28-2025","F",32,25,322,"control","control_1991-2000",35.28373,-106.59878,"crus.lersp","0"
"732","MSB:Fish:62355",2000,9,14,"MSB 62355-3","JAR11053F","KL","KL","07-28-2025","F",29,24,210,"control","control_1991-2000",35.28373,-106.59878,"crus.lersp","0"
"733","MSB:Fish:62355",2000,9,14,"MSB 62355-2","JAR11055F","KL","KL","07-28-2025",NA,33,26,326,"control","control_1991-2000",35.28373,-106.59878,"crus.lersp","0"
"734","MSB:Fish:62355",2000,9,14,"MSB 62355-5","JAR11058F","KL","KL","07-28-2025",NA,25,21,152,"control","control_1991-2000",35.28373,-106.59878,"crus.lersp","0"
"735","MSB:Fish:62355",2000,9,14,"MSB 62355-4","JAR11054F","KL","KL","07-28-2025","F",32,25,308,"control","control_1991-2000",35.28373,-106.59878,"crus.lersp","0"
"736","MSB:Fish:6300",1988,11,12,"MSB 6300-5","JAR11624F","JG","GC","07-21-2025","F",33,27,377,"impact","impact_1981-1990",35.017903,-106.661847,"crus.lersp","0"
"737","MSB:Fish:6300",1988,11,12,"MSB 6300-1","JAR11625F","BP","BP","07-21-2025","M",33,26,347,"impact","impact_1981-1990",35.017903,-106.661847,"crus.lersp","0"
"738","MSB:Fish:6300",1988,11,12,"MSB 6300-4","JAR11622F","JG","BP","07-21-2025",NA,33,25,280,"impact","impact_1981-1990",35.017903,-106.661847,"crus.lersp","0"
"739","MSB:Fish:6300",1988,11,12,"MSB 6300-3","JAR11627F","BP","EO","07-21-2025","F",33,25,348,"impact","impact_1981-1990",35.017903,-106.661847,"crus.lersp","0"
"740","MSB:Fish:6300",1988,11,12,"MSB 6300-2","JAR11619F","JG","GC","07-21-2025","F",34,27,388,"impact","impact_1981-1990",35.017903,-106.661847,"crus.lersp","0"
"741","MSB:Fish:6405",1989,10,16,"MSB 6405-4","JAR11312F","BP","GC","07-14-2025","F",37,29,435,"impact","impact_1981-1990",35.089293,-106.680842,"crus.lersp","0"
"742","MSB:Fish:6405",1989,10,16,"MSB 6405-2","JAR11315F","JG","EO","07-14-2025","F",37,31,537,"impact","impact_1981-1990",35.089293,-106.680842,"crus.lersp","0"
"743","MSB:Fish:6405",1989,10,16,"MSB 6405-3","JAR11313F","JG","GC","07-14-2025","F",33,26,403,"impact","impact_1981-1990",35.089293,-106.680842,"crus.lersp","0"
"744","MSB:Fish:6405",1989,10,16,"MSB 6405-1","JAR1131F","BP","KL","07-14-2025","F",32,24,325,"impact","impact_1981-1990",35.089293,-106.680842,"crus.lersp","0"
"745","MSB:Fish:6405",1989,10,16,"MSB 6405-5","JAR11314F","JG","JG","07-14-2025",NA,34,27,398,"impact","impact_1981-1990",35.089293,-106.680842,"crus.lersp","0"
"746","MSB:Fish:68470",1984,8,15,"MSB 68470-3","JAR11608F","BP","JG","07-18-2025","F",44,33,959,"impact","impact_1981-1990",35.089293,-106.680842,"crus.lersp","0"
"747","MSB:Fish:68470",1984,8,15,"MSB 68470-1","JAR11604F","BP","KL","07-18-2025","F",41,31,874,"impact","impact_1981-1990",35.089293,-106.680842,"crus.lersp","0"
"748","MSB:Fish:68470",1984,8,15,"MSB 68470-5","JAR11601F","BP","EO","07-18-2025","F",37,29,554,"impact","impact_1981-1990",35.089293,-106.680842,"crus.lersp","0"
"749","MSB:Fish:68470",1984,8,15,"MSB 68470-2","JAR11605F","JG","GC","07-18-2025","F",37,30,568,"impact","impact_1981-1990",35.089293,-106.680842,"crus.lersp","0"
"750","MSB:Fish:68470",1984,8,15,"MSB 68470-4","JAR11611F","JG","JG","07-18-2025",NA,35,30,521,"impact","impact_1981-1990",35.089293,-106.680842,"crus.lersp","0"
"751","MSB:Fish:68483",1984,8,15,"MSB 68483-5","JAR11593F","JG","EO","07-18-2025","F",39,32,596,"impact","impact_1981-1990",35.069907,-106.658878,"crus.lersp","0"
"752","MSB:Fish:68483",1984,8,15,"MSB 68483-1","JAR11594F","JG","JG","07-18-2025","F",36,29,526,"impact","impact_1981-1990",35.069907,-106.658878,"crus.lersp","0"
"753","MSB:Fish:68483",1984,8,15,"MSB 68483-4","JAR11599","JG","GC","07-18-2025","F",37,30,507,"impact","impact_1981-1990",35.069907,-106.658878,"crus.lersp","0"
"754","MSB:Fish:68483",1984,8,15,"MSB 68483-3","JAR11602F","BP","BP","07-18-2025","F",36,29,500,"impact","impact_1981-1990",35.069907,-106.658878,"crus.lersp","0"
"755","MSB:Fish:68483",1984,8,15,"MSB 68483-2","JAR11596F","JG","KL","07-18-2025","F",35,29,498,"impact","impact_1981-1990",35.069907,-106.658878,"crus.lersp","0"
"756","MSB:Fish:68508",1984,8,15,"MSB 68508-2","JAR11591F","JG","JG","07-21-2025","F",34,27,416,"control","control_1981-1990",35.225523,-106.597651,"crus.lersp","0"
"757","MSB:Fish:68508",1984,8,15,"MSB 68508-4","JAR11588F","JG","GC","07-21-2025","F",35,28,587,"control","control_1981-1990",35.225523,-106.597651,"crus.lersp","0"
"758","MSB:Fish:68508",1984,8,15,"MSB 68508-5","JAR11587F","BP","JG","07-21-2025","F",33,25,397,"control","control_1981-1990",35.225523,-106.597651,"crus.lersp","0"
"759","MSB:Fish:68508",1984,8,15,"MSB 68508-3","JAR11585F","BP","EO","07-21-2025","F",37,28,556,"control","control_1981-1990",35.225523,-106.597651,"crus.lersp","0"
"760","MSB:Fish:68508",1984,8,15,"MSB 68508-1","JAR11590F","BP","GC","07-21-2025","F",36,27,487,"control","control_1981-1990",35.225523,-106.597651,"crus.lersp","0"
"761","MSB:Fish:68521",1984,8,16,"MSB 68521-5","JAR11597F","BP","JG","07-18-2025","F",32,25,429,"control","control_1981-1990",35.211416,-106.612833,"crus.lersp","0"
"762","MSB:Fish:68521",1984,8,16,"MSB 68521-4","JAR11598F","BP","KL","07-18-2025","F",31,24,369,"control","control_1981-1990",35.211416,-106.612833,"crus.lersp","0"
"763","MSB:Fish:68521",1984,8,16,"MSB 68521-1","JAR11600F","JG","KL","07-18-2025","F",39,31,597,"control","control_1981-1990",35.211416,-106.612833,"crus.lersp","0"
"764","MSB:Fish:68521",1984,8,16,"MSB 68521-3","JAR11595F","JG","BP","07-18-2025","F",39,31,719,"control","control_1981-1990",35.211416,-106.612833,"crus.lersp","0"
"765","MSB:Fish:68521",1984,8,16,"MSB 68521-2","JAR11603F","BP","BP","07-18-2025","F",36,27,661,"control","control_1981-1990",35.211416,-106.612833,"crus.lersp","0"
"766","MSB:Fish:7208",1989,11,4,"MSB 7208-3","JAR11518F","BP","GC","07-14-2025",NA,32,25,345,"impact","impact_1981-1990",35.205042,-106.609081,"crus.lersp","0"
"767","MSB:Fish:7208",1989,11,4,"MSB 7208-2","JAR11515F","EO","JG","07-14-2025",NA,38,31,650,"impact","impact_1981-1990",35.205042,-106.609081,"crus.lersp","1"
"768","MSB:Fish:7208",1989,11,4,"MSB 7208-5","JAR11509F","BP","GC","07-14-2025","F",34,25,381,"impact","impact_1981-1990",35.205042,-106.609081,"crus.lersp","0"
"769","MSB:Fish:7208",1989,11,4,"MSB 7208-1","JAR11510F","BP","KL","07-14-2025","F",36,26,645,"impact","impact_1981-1990",35.205042,-106.609081,"crus.lersp","0"
"770","MSB:Fish:7208",1989,11,4,"MSB 7208-4","JAR11512F","EO","GC","07-14-2025","F",37,29,482,"impact","impact_1981-1990",35.205042,-106.609081,"crus.lersp","0"
"771","MSB:Fish:7239",1989,11,12,"MSB 7230-1","JAR11606F","JG","GC","07-21-2025","F",30,23,279,"impact","impact_1981-1990",34.994298,-106.678945,"crus.lersp","0"
"772","MSB:Fish:7239",1989,11,12,"MSB 7239-4","JAR11615F","BP","EO","07-21-2025","F",29,22,268,"impact","impact_1981-1990",34.994298,-106.678945,"crus.lersp","0"
"773","MSB:Fish:7239",1989,11,12,"MSB 7239-2","JAR11612F","BP","JG","07-21-2025",NA,36,27,500,"impact","impact_1981-1990",34.994298,-106.678945,"crus.lersp","0"
"774","MSB:Fish:7239",1989,11,12,"MSB 7239-3","JAR11609F","JG","GC","07-21-2025",NA,27,22,204,"impact","impact_1981-1990",34.994298,-106.678945,"crus.lersp","0"
"775","MSB:Fish:7239",1989,11,12,"MSB 7239-5","JAR11614F","JG","EO","07-21-2025","F",30,24,281,"impact","impact_1981-1990",34.994298,-106.678945,"crus.lersp","0"
"776","MSB:Fish:73719",2002,9,16,"MSB 73719-4","JAR11050F","KL","KL","07-28-2025","F",38,31,612,"control","control_2001-2010",35.322164,-106.557448,"crus.lersp","0"
"777","MSB:Fish:73719",2002,9,16,"MSB 73719-5","JAR11051F","KL","KL","07-28-2025",NA,36,29,495,"control","control_2001-2010",35.322164,-106.557448,"crus.lersp","0"
"778","MSB:Fish:73719",2002,9,16,"MSB 73719-3","JAR11049F","KL","KL","07-28-2025","F",40,32,748,"control","control_2001-2010",35.322164,-106.557448,"crus.lersp","0"
"779","MSB:Fish:73719",2002,9,16,"MSB 73719-2","JAR11048F","KL","KL","07-28-2025","F",41,34,824,"control","control_2001-2010",35.322164,-106.557448,"crus.lersp","1"
"780","MSB:Fish:73719",2002,9,16,"MSB 73719-1","JAR11047F","KL","KL","07-28-2025",NA,37,30,488,"control","control_2001-2010",35.322164,-106.557448,"crus.lersp","0"
"781","MSB:Fish:7971",1990,10,22,"MSB 7971-2","JAR8910F","BP","EO","07-09-2025","F",29,24,264,"impact","impact_1981-1990",35.089293,-106.680842,"crus.lersp","0"
"782","MSB:Fish:7971",1990,10,22,"MSB 7971-1","JAR8912F","EO","KL","07-09-2025","F",38,30,560,"impact","impact_1981-1990",35.089293,-106.680842,"crus.lersp","0"
"783","MSB:Fish:7971",1990,10,22,"MSB 7971-3","JAR8908F","EO","BP","07-09-2025","F",33,25,370,"impact","impact_1981-1990",35.089293,-106.680842,"crus.lersp","0"
"784","MSB:Fish:7971",1990,10,22,"MSB 7971-5","JAR8916F","EO","BP","07-09-2025","F",28,21,207,"impact","impact_1981-1990",35.089293,-106.680842,"crus.lersp","0"
"785","MSB:Fish:7971",1990,10,22,"MSB 7971-4","JAR8914F","BP","GC","07-09-2025",NA,26,21,155,"impact","impact_1981-1990",35.089293,-106.680842,"crus.lersp","0"
"786","MSB:Fish:9004",1998,10,28,"MSB 9004-5","JAR11300F","JG","BP","07-14-2025","F",34,28,428,"impact","impact_1981-1990",35.196977,-106.642444,"crus.lersp","0"
"787","MSB:Fish:9004",1990,10,28,"MSB 9004-1","JAR11303F","BP","BP","07-14-2025",NA,33,27,388,"impact","impact_1981-1990",35.196977,-106.642444,"crus.lersp","0"
"788","MSB:Fish:9004",1990,10,28,"MSB 9004-4","JAR11301F","JG","GC","07-14-2025",NA,34,28,405,"impact","impact_1981-1990",35.196977,-106.642444,"crus.lersp","0"
"789","MSB:Fish:9004",1990,10,28,"MSB 9004-2","JAR11306F","JG","KL","07-14-2025",NA,32,25,351,"impact","impact_1981-1990",35.196977,-106.642444,"crus.lersp","0"
"790","MSB:Fish:9004",1990,10,28,"MSB 9004-3","JAR11309F","JG","KL","07-14-2025","F",40,32,595,"impact","impact_1981-1990",35.196977,-106.642444,"crus.lersp","0"
"791","MSB:Fish:9011",1990,10,28,"MSB 9011-1","JAR11099F","JG","GC","07-16-2025",NA,36,30,481,"control","control_1981-1990",35.28086111,-106.5988056,"crus.lersp","0"
"792","MSB:Fish:9011",1990,10,28,"MSB 9011-3","JAR11104F","JG","JG","07-16-2025",NA,35,27,423,"control","control_1981-1990",35.28086111,-106.5988056,"crus.lersp","0"
"793","MSB:Fish:9011",1990,10,28,"MSB 9011-5","JAR11101F","JG","KL","07-16-2025",NA,30,24,291,"control","control_1981-1990",35.28086111,-106.5988056,"crus.lersp","0"
"794","MSB:Fish:9011",1990,10,28,"MSB 9011-4","JAR11096F","BP","GC","07-16-2025","F",32,23,324,"control","control_1981-1990",35.28086111,-106.5988056,"crus.lersp","0"
"795","MSB:Fish:9011",1990,10,28,"MSB 9011-2","JAR11102F","JG","GC","07-16-2025",NA,36,31,550,"control","control_1981-1990",35.28086111,-106.5988056,"crus.lersp","0"
"796","MSB:Fish:9465",1989,2,26,"MSB 9465-1","JAR11536F","EO","KL","07-15-2025","F",38,31,553,"impact","impact_1981-1990",34.917008,-106.675195,"crus.lersp","0"
"797","MSB:Fish:9465",1989,2,26,"MSB 9465-4","JAR11539F","EO","KL","07-15-2025","F",47,38,1063,"impact","impact_1981-1990",34.917008,-106.675195,"crus.lersp","0"
"798","MSB:Fish:9465",1989,2,26,"MSB 9465-3","JAR11542F","BP","GC","07-15-2025",NA,39,30,565,"impact","impact_1981-1990",34.917008,-106.675195,"crus.lersp","0"
"799","MSB:Fish:9465",1989,2,26,"MSB 9465-5","JAR11533F","BP","JG","07-15-2025",NA,39,30,778,"impact","impact_1981-1990",34.917008,-106.675195,"crus.lersp","0"
"800","MSB:Fish:9465",1989,2,26,"MSB 9465-2","JAR11537F","EO","GC","07-15-2025","F",47,38,1184,"impact","impact_1981-1990",34.917008,-106.675195,"crus.lersp","0"
"801","MSB:Fish:1078",1939,1,30,"MSB 1078-1","JAR11299F","BP","JG","07-14-2025","F",40,31,647,"impact","impact_1931-1940",35.087167,-106.682164,"mono.gyrof","0"
"802","MSB:Fish:1078",1939,1,30,"MSB 1078-2","JAR11302F","JG","KL","07-14-2025",NA,41,32,699,"impact","impact_1931-1940",35.087167,-106.682164,"mono.gyrof","0"
"803","MSB:Fish:1078",1939,1,30,"MSB 1078-3","JAR11305F","BP","KL","07-14-2025",NA,43,35,798,"impact","impact_1931-1940",35.087167,-106.682164,"mono.gyrof","0"
"804","MSB:Fish:1078",1939,1,30,"MSB 1078-4","JAR11320F","JG","GC","07-14-2025","F",43,37,1027,"impact","impact_1931-1940",35.087167,-106.682164,"mono.gyrof","0"
"805","MSB:Fish:1078",1939,1,30,"MSB 1078-5","JAR11308F","BP","KL","07-14-2025",NA,39,29,627,"impact","impact_1931-1940",35.087167,-106.682164,"mono.gyrof","0"
"806","MSB:Fish:1079",1941,9,14,"MSB 1079-5","JAR11311F","JG","KL","07-14-2025",NA,37,29,441,"impact","impact_1941-1950",35.096748,-106.692027,"mono.gyrof","0"
"807","MSB:Fish:1079",1941,9,14,"MSB 1079-3","JAR11332F","BP","GC","07-14-2025","F",33,25,457,"impact","impact_1941-1950",35.096748,-106.692027,"mono.gyrof","0"
"808","MSB:Fish:1079",1941,9,14,"MSB 1079-1","JAR11334F","BP","GC","07-14-2025",NA,29,24,231,"impact","impact_1941-1950",35.096748,-106.692027,"mono.gyrof","0"
"809","MSB:Fish:1079",1941,9,14,"MSB 1079-2","JAR11331F","JG","KL","07-14-2025",NA,35,29,447,"impact","impact_1941-1950",35.096748,-106.692027,"mono.gyrof","0"
"810","MSB:Fish:1079",1941,9,14,"MSB 1079-4","JAR11333F","BP","GC","07-14-2025","F",44,33,754,"impact","impact_1941-1950",35.096748,-106.692027,"mono.gyrof","0"
"811","MSB:Fish:1081",1939,3,17,"MSB 1081-5","JAR8835F","BP","EO","07-08-2025","F",28,22,226,"impact","impact_1931-1940",35.072363,-106.668064,"mono.gyrof","0"
"812","MSB:Fish:1081",1939,3,17,"MSB 1081-4","JAR8832F","JG","KL","07-08-2025","F",27,22,188,"impact","impact_1931-1940",35.072363,-106.668064,"mono.gyrof","0"
"813","MSB:Fish:1081",1939,3,17,"MSB 1081-2","JAR8836","JG","BP","07-08-2025",NA,29,24,239,"impact","impact_1931-1940",35.072363,-106.668064,"mono.gyrof","0"
"814","MSB:Fish:1081",1939,3,17,"MSB 1081-1","JAR8837F","BP","BP","07-08-2025","F",43,33,868,"impact","impact_1931-1940",35.072363,-106.668064,"mono.gyrof","0"
"815","MSB:Fish:1081",1939,3,17,"MSB 1081-3","JAR8834F","BP","JG","07-08-2025",NA,27,21,176,"impact","impact_1931-1940",35.072363,-106.668064,"mono.gyrof","0"
"816","MSB:Fish:1082",1938,10,18,"MSB 1082-1","JAR8930F","BP","EO","07-09-2025","F",41,32,722,"impact","impact_1931-1940",35.100259,-106.692107,"mono.gyrof","0"
"817","MSB:Fish:1082",1938,10,18,"MSB 1082-4","JAR8934F","BP","BP","07-09-2025",NA,31,24,264,"impact","impact_1931-1940",35.100259,-106.692107,"mono.gyrof","0"
"818","MSB:Fish:1082",1938,10,18,"MSB 1082-2","JAR8928F","EO","GC","07-09-2025","F",40,33,627,"impact","impact_1931-1940",35.100259,-106.692107,"mono.gyrof","0"
"819","MSB:Fish:1082",1938,10,18,"MSB 1082-5","JAR8927F","EO","KL","07-09-2025",NA,25,21,140,"impact","impact_1931-1940",35.100259,-106.692107,"mono.gyrof","0"
"820","MSB:Fish:1082",1938,10,18,"MSB 1082-3","JAR8929F","EO","KL","07-09-2025","F",34,28,397,"impact","impact_1931-1940",35.100259,-106.692107,"mono.gyrof","0"
"821","MSB:Fish:1085",1939,5,13,"MSB 1085-5","JAR8935F","JG","GC","07-10-2025","F",50,39,1499,"impact","impact_1931-1940",35.192334,-106.619678,"mono.gyrof","0"
"822","MSB:Fish:1085",1939,5,13,"MSB 1085-4","JAR8941F","JG","KL","07-10-2025","F",44,36,1060,"impact","impact_1931-1940",35.192334,-106.619678,"mono.gyrof","0"
"823","MSB:Fish:1085",1939,5,13,"MSB 1085-1","JAR8932F","JG","KL","07-10-2025","F",41,33,809,"impact","impact_1931-1940",35.192334,-106.619678,"mono.gyrof","0"
"824","MSB:Fish:1085",1939,5,13,"MSB 1085-3","JAR8939F","JG","KL","07-10-2025","F",42,34,861,"impact","impact_1931-1940",35.192334,-106.619678,"mono.gyrof","0"
"825","MSB:Fish:1085",1939,5,13,"MSB 1085-2","JAR8937F","JG","GC","07-10-2025","M",26,21,147,"impact","impact_1931-1940",35.192334,-106.619678,"mono.gyrof","0"
"826","MSB:Fish:1086",1939,4,22,"MSB 1086-2","JAR8900F","BP","GC","07-07-2025","F",45,36,994,"impact","impact_1931-1940",35.173111,-106.626066,"mono.gyrof","0"
"827","MSB:Fish:1086",1939,4,22,"MSB 1086-5","JAR8792F","JG","GC","07-07-2025","F",46,35,1207,"impact","impact_1931-1940",35.173111,-106.626066,"mono.gyrof","0"
"828","MSB:Fish:1086",1939,4,22,"MSB1086-4","JAR8791F","BP","KL","07-07-2025","F",39,30,752,"impact","impact_1931-1940",35.173111,-106.626066,"mono.gyrof","0"
"829","MSB:Fish:1086",1939,4,22,"MSB 1086-1","JAR8898F","BP","KL","07-07-2025","F",47,37,1182,"impact","impact_1931-1940",35.173111,-106.626066,"mono.gyrof","0"
"830","MSB:Fish:1086",1939,4,22,"MSB 1086-3","JAR8902F","BP","KL","07-07-2025",NA,42,35,1023,"impact","impact_1931-1940",35.173111,-106.626066,"mono.gyrof","0"
"831","MSB:Fish:1089",1939,1,24,"MSB 1089-3","JAR11117F","BP","GC","07-16-2025","F",38,29,552,"impact","impact_1931-1940",35.087167,-106.682164,"mono.gyrof","0"
"832","MSB:Fish:1089",1939,1,24,"MSB 1089-5","JAR11111F","BP","KL","07-16-2025",NA,35,28,476,"impact","impact_1931-1940",35.087167,-106.682164,"mono.gyrof","0"
"833","MSB:Fish:1089",1939,1,24,"MSB 1089-1","JAR11112F","BP","KL","07-16-2025","F",40,33,666,"impact","impact_1931-1940",35.087167,-106.682164,"mono.gyrof","0"
"834","MSB:Fish:1089",1939,1,24,"MSB 1089-4","JAR11114F","BP","KL","07-16-2025","F",40,33,741,"impact","impact_1931-1940",35.087167,-106.682164,"mono.gyrof","0"
"835","MSB:Fish:1089",1939,1,24,"MSB 1089-2","JAR11109F","BP","GC","07-16-2025",NA,38,30,571,"impact","impact_1931-1940",35.087167,-106.682164,"mono.gyrof","0"
"836","MSB:Fish:10898",1992,7,9,"MSB 10898-5","JAR11023F","KL","KL","07-28-2025",NA,25,20,139,"control","control_1991-2000",35.211277,-106.611666,"mono.gyrof","0"
"837","MSB:Fish:10898",1992,7,9,"MSB 10898-4","JAR11046F","KL","KL","07-28-2025","F",31,25,309,"control","control_1991-2000",35.211277,-106.611666,"mono.gyrof","0"
"838","MSB:Fish:10898",1992,7,9,"MSB 10898-3","JAR11040F","KL","KL","07-28-2025","F",24,19,123,"control","control_1991-2000",35.211277,-106.611666,"mono.gyrof","0"
"839","MSB:Fish:10898",1992,7,9,"MSB 10898-2","JAR11038F","KL","KL","07-28-2025","M",26,21,118,"control","control_1991-2000",35.211277,-106.611666,"mono.gyrof","0"
"840","MSB:Fish:10898",1992,7,9,"MSB 10898-1","JAR11039F","KL","KL","07-28-2025","M",22,18,90,"control","control_1991-2000",35.211277,-106.611666,"mono.gyrof","0"
"841","MSB:Fish:1090",1939,6,9,"MSB 1090-4","JAR11354F","BP","GC","07-10-2025","M",25,19,132,"impact","impact_1931-1940",34.906619,-106.685289,"mono.gyrof","0"
"842","MSB:Fish:1090",1939,6,9,"MSB 1090-2","JAR11351F","BP","JG","07-10-2025","F",37,30,670,"impact","impact_1931-1940",34.906619,-106.685289,"mono.gyrof","0"
"843","MSB:Fish:1090",1939,6,9,"MSB 1090-5","JAR11349F","BP","KL","07-10-2025","F",29,24,323,"impact","impact_1931-1940",34.906619,-106.685289,"mono.gyrof","0"
"844","MSB:Fish:1090",1939,6,9,"MSB 1090-3","JAR11357F","BP","EO","07-10-2025","F",33,25,483,"impact","impact_1931-1940",34.906619,-106.685289,"mono.gyrof","0"
"845","MSB:Fish:1090",1939,6,9,"MSB 1090-1","JAR11348F","BP","GC","07-10-2025","F",39,30,751,"impact","impact_1931-1940",34.906619,-106.685289,"mono.gyrof","0"
"846","MSB:Fish:10922",1992,7,9,"MSB 10922-3","JAR11592F","BP","KL","07-18-2025","F",33,25,400,"impact","impact_1991-2000",35.10469444,-106.6916667,"mono.gyrof","0"
"847","MSB:Fish:10922",1992,7,9,"MSB 10922-5","JAR115843F","BP","GC","07-18-2025","F",30,24,322,"impact","impact_1991-2000",35.10469444,-106.6916667,"mono.gyrof","0"
"848","MSB:Fish:10922",1992,7,9,"MSB 10922-4","JAR11584F","JG","GC","07-18-2025","F",27,22,141,"impact","impact_1991-2000",35.10469444,-106.6916667,"mono.gyrof","0"
"849","MSB:Fish:10922",1992,7,9,"MSB 10922-2","JAR11586F","JG","GC","07-18-2025","F",25,20,143,"impact","impact_1991-2000",35.10469444,-106.6916667,"mono.gyrof","0"
"850","MSB:Fish:10922",1992,7,9,"MSB 10922-1","JAR11589F","JG","KL","07-18-2025","F",30,25,362,"impact","impact_1991-2000",35.10469444,-106.6916667,"mono.gyrof","0"
"851","MSB:Fish:10944",1992,7,15,"MSB 10944-2","JAR11565F","BP","GC","07-17-2025","F",37,29,751,"impact","impact_1991-2000",35.089293,-106.680842,"mono.gyrof","0"
"852","MSB:Fish:10944",1992,7,15,"MSB 10944-3","JAR11566F","BP","GC","07-17-2025","F",48,36,1418,"impact","impact_1991-2000",35.089293,-106.680842,"mono.gyrof","0"
"853","MSB:Fish:10944",1992,7,15,"MSB 10944-4","JAR11564F","BP","KL","07-17-2025","F",34,27,538,"impact","impact_1991-2000",35.089293,-106.680842,"mono.gyrof","0"
"854","MSB:Fish:10944",1992,7,15,"MSB 10944-5","JAR11567F","BP","KL","07-17-2025","F",35,27,542,"impact","impact_1991-2000",35.089293,-106.680842,"mono.gyrof","0"
"855","MSB:Fish:10944",1992,7,15,"MSB 10944-1","JAR11568F","BP","GC","07-17-2025","F",43,33,1179,"impact","impact_1991-2000",35.089293,-106.680842,"mono.gyrof","0"
"856","MSB:Fish:1098",1939,5,13,"MSB 1098-4","JAR8819F","EO","KL","07-07-2025","F",32,25,352,"impact","impact_1931-1940",35.189406,-106.625396,"mono.gyrof","0"
"857","MSB:Fish:1098",1939,5,13,"MSB 1098-2","JAR8815F","EO","GC","07-07-2025","F",41,33,887,"impact","impact_1931-1940",35.189406,-106.625396,"mono.gyrof","0"
"858","MSB:Fish:1098",1939,5,13,"MSB 1098-3","JAR8817F","EO","KL","07-07-2025",NA,30,24,257,"impact","impact_1931-1940",35.189406,-106.625396,"mono.gyrof","0"
"859","MSB:Fish:1098",1939,5,13,"MSB 1098-5","JAR8812F","EO","KL","07-07-2025",NA,41,33,697,"impact","impact_1931-1940",35.189406,-106.625396,"mono.gyrof","0"
"860","MSB:Fish:1098",1939,5,13,"MSB 1098-1","JAR8814F","EO","KL","07-08-2025","F",46,37,1164,"impact","impact_1931-1940",35.189406,-106.625396,"mono.gyrof","0"
"861","MSB:Fish:1100",1939,2,26,"MSB 1100-4","JAR8824F","BP","KL","07-08-2025","F",28,24,303,"impact","impact_1931-1940",35.072363,-106.668064,"mono.gyrof","0"
"862","MSB:Fish:1100",1939,2,26,"MSB 1100-3","JAR8823F","JG","KL","07-08-2025",NA,33,25,326,"impact","impact_1931-1940",35.072363,-106.668064,"mono.gyrof","0"
"863","MSB:Fish:1100",1939,2,26,"MSB 1100-1","JAR8825F","JG","KL","07-08-2025","F",43,33,679,"impact","impact_1931-1940",35.072363,-106.668064,"mono.gyrof","0"
"864","MSB:Fish:1100",1939,2,26,"MSB 1100-2","JAR8827F","BP","EO ","07-08-2025","F",28,25,318,"impact","impact_1931-1940",35.072363,-106.668064,"mono.gyrof","0"
"865","MSB:Fish:1100",1939,2,26,"MSB 1100-5","JAR8829F","JG","KL","07-08-2025",NA,26,23,226,"impact","impact_1931-1940",35.072363,-106.668064,"mono.gyrof","0"
"866","MSB:Fish:1105",1939,1,20,"MSB 1105-1","JAR11362F","JG","GC","07-10-2025",NA,30,24,202,"impact","impact_1931-1940",35.100259,-106.692107,"mono.gyrof","0"
"867","MSB:Fish:1105",1939,1,30,"MSB 1105-5","JAR11360F","JG","KL","07-10-2025",NA,36,28,396,"impact","impact_1931-1940",35.100259,-106.692107,"mono.gyrof","0"
"868","MSB:Fish:1105",1939,1,30,"MSB 1105-3","JAR11361F","JG","KL","07-10-2025",NA,40,36,728,"impact","impact_1931-1940",35.100259,-106.692107,"mono.gyrof","0"
"869","MSB:Fish:1105",1939,1,30,"MSB 1105-2","JAR11365F","JG","JG","07-10-2025",NA,27,23,158,"impact","impact_1931-1940",35.100259,-106.692107,"mono.gyrof","0"
"870","MSB:Fish:1105",1939,1,30,"MSB 1105-4","JAR11368F","EO","EO","07-10-2025",NA,40,32,456,"impact","impact_1931-1940",35.100259,-106.692107,"mono.gyrof","0"
"871","MSB:Fish:11095",1992,7,21,"MSB 11095-1","JAR11015F","KL","KL","07-23-2025",NA,26,21,178,"impact","impact_1991-2000",35.027111,-106.672944,"mono.gyrof","0"
"872","MSB:Fish:11095",1992,7,21,"MSB 11095-3","JAR11013F","KL","KL","07-23-2025","F",35,28,526,"impact","impact_1991-2000",35.027111,-106.672944,"mono.gyrof","0"
"873","MSB:Fish:11095",1992,7,21,"MSB 11095-2","JAR11016F","KL","KL","07-23-2025","F",33,27,385,"impact","impact_1991-2000",35.027111,-106.672944,"mono.gyrof","0"
"874","MSB:Fish:11095",1992,7,21,"MSB 11095-4","JAR11000F","KL","KL","07-23-2025","F",31,25,375,"impact","impact_1991-2000",35.027111,-106.672944,"mono.gyrof","0"
"875","MSB:Fish:11095",1992,7,21,"MSB 11095-5","JAR11003F","KL","KL","07-23-2025",NA,32,26,460,"impact","impact_1991-2000",35.027111,-106.672944,"mono.gyrof","0"
"876","MSB:Fish:11126",1992,7,22,"MSB 11126-2","JAR11562F","JG","BP","07-17-2025","F",37,30,634,"impact","impact_1991-2000",34.97052778,-106.6911111,"mono.gyrof","0"
"877","MSB:Fish:11126",1992,7,22,"MSB 11126-3","JAR11560F","JG","BP","07-17-2025","F",31,25,355,"impact","impact_1991-2000",34.97052778,-106.6911111,"mono.gyrof","0"
"878","MSB:Fish:11126",1992,7,22,"MSB 11126-1","JAR11561F","EO","EO","07-17-2025","F",45,36,1113,"impact","impact_1991-2000",34.97052778,-106.6911111,"mono.gyrof","0"
"879","MSB:Fish:11126",1992,7,22,"MSB 11126-4","JAR11559F","JG","GC","07-17-2025","F",40,34,733,"impact","impact_1991-2000",34.97052778,-106.6911111,"mono.gyrof","0"
"880","MSB:Fish:11126",1992,7,22,"MSB 11126-5","JAR11558F","EO","KL","07-17-2025","M",26,21,179,"impact","impact_1991-2000",34.97052778,-106.6911111,"mono.gyrof","0"
"881","MSB:Fish:11194",1992,7,24,"MSB 11194-2","JAR11570F","EO","KL","07-17-2025","M",26,22,151,"impact","impact_1991-2000",34.92872222,-106.6818611,"mono.gyrof","0"
"882","MSB:Fish:11194",1992,7,24,"MSB 11194-3","JAR11569F","EO","GC","07-17-2025",NA,28,22,159,"impact","impact_1991-2000",34.92872222,-106.6818611,"mono.gyrof","0"
"883","MSB:Fish:11194",1992,7,24,"MSB 11194-5","JAR11572F","EO","KL","07-17-2025",NA,36,29,658,"impact","impact_1991-2000",34.92872222,-106.6818611,"mono.gyrof","0"
"884","MSB:Fish:11194",1992,7,24,"MSB 11194-4","JAR11571F","EO","EO","07-17-2025","F",35,27,456,"impact","impact_1991-2000",34.92872222,-106.6818611,"mono.gyrof","0"
"885","MSB:Fish:11194",1992,7,24,"MSB 11194-1","JAR11563F","EO","GC","07-17-2025","F",29,24,333,"impact","impact_1991-2000",34.92872222,-106.6818611,"mono.gyrof","0"
"886","MSB:Fish:12010",1992,9,28,"MSB 12010-3","JAR11037F","KL","KL","07-28-2025","F",28,23,210,"control","control_1991-2000",35.211416,-106.612833,"mono.gyrof","0"
"887","MSB:Fish:12010",1992,9,28,"MSB 12010-2","JAR11056F","KL","KL","07-28-2025",NA,27,21.5,211,"control","control_1991-2000",35.211416,-106.612833,"mono.gyrof","0"
"888","MSB:Fish:12010",1992,9,28,"MSB 12010-1","JAR11057F","KL","KL","07-28-2025","F",36,29,446,"control","control_1991-2000",35.211416,-106.612833,"mono.gyrof","0"
"889","MSB:Fish:12010",1992,9,28,"MSB 12010-5","JAR11045F","KL","KL","07-28-2025","F",25,20,156,"control","control_1991-2000",35.211416,-106.612833,"mono.gyrof","0"
"890","MSB:Fish:12010",1992,9,28,"MSB 12010-4","JAR11044F","KL","KL","07-28-2025","F",28,21,210,"control","control_1991-2000",35.211416,-106.612833,"mono.gyrof","0"
"891","MSB:Fish:12531",1992,11,13,"MSB 12531-1","JAR11267F","EO","GC","07-11-2025",NA,46,38,1030,"control","control_1991-2000",35.380486,-106.502059,"mono.gyrof","0"
"892","MSB:Fish:12531",1992,11,13,"MSB 12531-4","JAR11265F","EO","KL","07-11-2025",NA,31,25,317,"control","control_1991-2000",35.380486,-106.502059,"mono.gyrof","0"
"893","MSB:Fish:12531",1992,11,13,"MSB 12531-5","JAR11266F","EO","BP","07-11-2025","F",48,40,1190,"control","control_1991-2000",35.380486,-106.502059,"mono.gyrof","0"
"894","MSB:Fish:12531",1992,11,13,"MSB 12531-2","JAR11263F","EO","KL","07-11-2025",NA,34,27,414,"control","control_1991-2000",35.380486,-106.502059,"mono.gyrof","0"
"895","MSB:Fish:12531",1992,11,13,"MSB 12531-3","JAR11264F","EO","KL","07-11-2025","F",35,28,445,"control","control_1991-2000",35.380486,-106.502059,"mono.gyrof","0"
"896","MSB:Fish:14485",1993,7,13,"MSB 14485-1","JAR11128F","EO","GC","07-17-2025",NA,41,34,760,"impact","impact_1991-2000",34.929964,-106.681431,"mono.gyrof","0"
"897","MSB:Fish:14485",1993,7,13,"MSB 14485-5","JAR11127F","JG","JG","07-17-2025",NA,24,20,116,"impact","impact_1991-2000",34.929964,-106.681431,"mono.gyrof","0"
"898","MSB:Fish:14485",1993,7,13,"MSB 14485-4","JAR11129F","EO","GC","07-17-2025","F",30,23,247,"impact","impact_1991-2000",34.929964,-106.681431,"mono.gyrof","0"
"899","MSB:Fish:14485",1993,7,13,"MSB 14485-3","JAR11557F","EO","KL","07-17-2025","F",37,29,520,"impact","impact_1991-2000",34.929964,-106.681431,"mono.gyrof","0"
"900","MSB:Fish:14485",1993,7,13,"MSB 14485-2","JAR11130F","JG","GC","07-17-2025","F",43,35,751,"impact","impact_1991-2000",34.929964,-106.681431,"mono.gyrof","0"
"901","MSB:Fish:18799",1993,8,12,"MSB 18799-5","JAR11578F","BP","KL","07-17-2025","F",30,23,274,"control","control_1991-2000",35.280904,-106.597587,"mono.gyrof","0"
"902","MSB:Fish:18799",1993,8,12,"MSB 18799-2","JAR11582F","BP","KL","07-17-2025","F",31,25,375,"control","control_1991-2000",35.280904,-106.597587,"mono.gyrof","0"
"903","MSB:Fish:18799",1993,8,12,"MSB 18799-4","JAR11579F","BP","GC","07-17-2025","F",32,26,344,"control","control_1991-2000",35.280904,-106.597587,"mono.gyrof","0"
"904","MSB:Fish:18799",1993,8,12,"MSB 18799-3","JAR11580","BP","EO","07-17-2025","F",36,28,509,"control","control_1991-2000",35.280904,-106.597587,"mono.gyrof","0"
"905","MSB:Fish:18799",1993,8,12,"MSB 18799-1","JAR11581F","BP","KL","07-17-2025","M",29,23,249,"control","control_1991-2000",35.280904,-106.597587,"mono.gyrof","0"
"906","MSB:Fish:19155",1993,8,4,"MSB 19155-1","JAR11020F","KL","KL","07-23-2025","F",38,30,585,"impact","impact_1991-2000",35.017503,-106.672569,"mono.gyrof","0"
"907","MSB:Fish:19155",1993,8,4,"MSB 19155-2","JAR11021F","KL","KL","07-23-2025","F",34,28,495,"impact","impact_1991-2000",35.017503,-106.672569,"mono.gyrof","0"
"908","MSB:Fish:19155",1993,8,4,"MSB 19155-3","JAR11022F","KL","KL","07-23-2025","F",31,26,355,"impact","impact_1991-2000",35.017503,-106.672569,"mono.gyrof","0"
"909","MSB:Fish:19155",1993,8,4,"MSB 19155-5","JAR11012F","KL","KL","07-23-2025","F",38,32,697,"impact","impact_1991-2000",35.017503,-106.672569,"mono.gyrof","0"
"910","MSB:Fish:19155",1993,8,4,"MSB 19155-4","JAR11027F","KL","KL","07-23-2025","F",34,28,NA,"impact","impact_1991-2000",35.017503,-106.672569,"mono.gyrof","0"
"911","MSB:Fish:19170",1993,8,4,"MSB 19170-3","JAR8800F","BP","BP GC","07-07-2025","F",34,26,421,"impact","impact_1991-2000",35.008358,-106.678909,"mono.gyrof","0"
"912","MSB:Fish:19170",1993,8,4,"MSB 19170-5","JAR8798F","EO","JG","07-07-2025","F",32,25,353,"impact","impact_1991-2000",35.008358,-106.678909,"mono.gyrof","0"
"913","MSB:Fish:19170",1993,8,4,"MSB 19170-1","JAR8802F","BP","GC","07-07-2025","F",31,24,355,"impact","impact_1991-2000",35.008358,-106.678909,"mono.gyrof","0"
"914","MSB:Fish:19170",1993,8,4,"MSB 19170-4","JAR8799F","EO","BP","07-07-2025","F",34,27,460,"impact","impact_1991-2000",35.008358,-106.678909,"mono.gyrof","0"
"915","MSB:Fish:19170",1993,8,4,"MSB 19170-2","JAR8801F","EO","BP KL","07-07-2025",NA,35,27,481,"impact","impact_1991-2000",35.008358,-106.678909,"mono.gyrof","0"
"916","MSB:Fish:2795",1969,4,2,"MSB 2795-4","JAR8920F","BP","KL","07-09-2025","F",29,24,236,"control","control_1961-1970",35.253452,-106.592892,"mono.gyrof","0"
"917","MSB:Fish:2795",1969,4,2,"MSB 2795-5","JAR8919F","BP","JG","07-09-2025",NA,25,19,105,"control","control_1961-1970",35.253452,-106.592892,"mono.gyrof","0"
"918","MSB:Fish:2795",1969,4,2,"MSB 2795-2","JAR8925F","BP","GC","07-09-2025",NA,31,24,325,"control","control_1961-1970",35.253452,-106.592892,"mono.gyrof","0"
"919","MSB:Fish:2795",1969,4,2,"MSB 2795-1","JAR8932F","BP","JG","07-09-2025",NA,45,35,820,"control","control_1961-1970",35.253452,-106.592892,"mono.gyrof","0"
"920","MSB:Fish:2795",1969,4,2,"MSB 2795-3","JAR8921F","BP","GC","07-09-2025",NA,46,37,885,"control","control_1961-1970",35.253452,-106.592892,"mono.gyrof","0"
"921","MSB:Fish:280",1949,10,28,"MSB 280-3","JAR8830F","BP","EO","07-08-2025","F",28,20,184,"impact","impact_1941-1950",35.155761,-106.655157,"mono.gyrof","0"
"922","MSB:Fish:280",1949,10,28,"MSB 280-4","JAR8828F","JG","JG","07-08-2025",NA,43,35,824,"impact","impact_1941-1950",35.155761,-106.655157,"mono.gyrof","0"
"923","MSB:Fish:280",1949,10,28,"MSB 280-1","JAR8833F","BP","BP","07-08-2025",NA,33,26,379,"impact","impact_1941-1950",35.155761,-106.655157,"mono.gyrof","0"
"924","MSB:Fish:280",1949,10,28,"MSB 280-5","JAR8826F","JG","JG","07-08-2025",NA,28,23,238,"impact","impact_1941-1950",35.155761,-106.655157,"mono.gyrof","0"
"925","MSB:Fish:280",1949,10,28,"MSB 280-2","JAR8831F","JG","KL","07-08-2025","F",42,33,733,"impact","impact_1941-1950",35.155761,-106.655157,"mono.gyrof","0"
"926","MSB:Fish:285",1961,2,17,"MSB 285-3","JAR11528F","EO","KL","07-15-2025","F",42,34,741,"impact","impact_1961-1970",35.051774,-106.671997,"mono.gyrof","0"
"927","MSB:Fish:285",1961,2,17,"MSB 285-2","JAR11525F","BP","GC","07-15-2025",NA,32,25,318,"impact","impact_1961-1970",35.051774,-106.671997,"mono.gyrof","0"
"928","MSB:Fish:285",1961,2,17,"MSB 285-1","JAR11517F","EO","KL","07-15-2025","F",46,37,1064,"impact","impact_1961-1970",35.051774,-106.671997,"mono.gyrof","0"
"929","MSB:Fish:285",1961,2,17,"MSB 285-4","JAR11530F","BP","KL","07-15-2025","F",34,26,419,"impact","impact_1961-1970",35.051774,-106.671997,"mono.gyrof","4"
"930","MSB:Fish:285",1961,2,17,"MSB 285-5","JAR11520F","EO","EO","07-15-2025","F",29,23,224,"impact","impact_1961-1970",35.051774,-106.671997,"mono.gyrof","0"
"931","MSB:Fish:288",1949,12,3,"MSB 288-1","JAR11272F","BP","GC","07-11-2025","F",41,32,695,"impact","impact_1941-1950",35.068939,-106.663683,"mono.gyrof","0"
"932","MSB:Fish:288",1949,12,3,"MSB 288-4","JAR11269F","BP","BP","07-11-2025",NA,28,22,247,"impact","impact_1941-1950",35.068939,-106.663683,"mono.gyrof","0"
"933","MSB:Fish:288",1949,12,3,"MSB 288-5","JAR11268F","EO","EO","07-11-2025","F",35,28,413,"impact","impact_1941-1950",35.068939,-106.663683,"mono.gyrof","0"
"934","MSB:Fish:288",1949,12,3,"MSB 288-3","JAR11270F","EO","KL","07-11-2025","F",49,40,1240,"impact","impact_1941-1950",35.068939,-106.663683,"mono.gyrof","0"
"935","MSB:Fish:288",1949,12,3,"MSB 288-2","JAR11271F","BP","BP","07-11-2025",NA,30,27,461,"impact","impact_1941-1950",35.068939,-106.663683,"mono.gyrof","0"
"936","MSB:Fish:292",1961,2,12,"MSB 292-3","JAR11553F","JG","KL","07-16-2025","M",25,21,138,"control","control_1961-1970",35.408152,-106.470544,"mono.gyrof",NA
"937","MSB:Fish:292",1961,2,12,"MSB 292-1","JAR11556F","BP","KL","07-16-2025","M",31,24,273,"control","control_1961-1970",35.408152,-106.470544,"mono.gyrof","0"
"938","MSB:Fish:292",1961,2,12,"MSB 292-5","JAR11547F","JG","JG","07-16-2025",NA,25,21,167,"control","control_1961-1970",35.408152,-106.470544,"mono.gyrof","0"
"939","MSB:Fish:292",1961,2,12,"MSB 292-4","JAR11550F","BP","KL","07-16-2025","F",33,25,342,"control","control_1961-1970",35.408152,-106.470544,"mono.gyrof","0"
"940","MSB:Fish:292",1961,2,12,"MSB 292-2","JAR11534F","JG","JG","07-16-2025",NA,25,20,132,"control","control_1961-1970",35.408152,-106.470544,"mono.gyrof","0"
"941","MSB:Fish:305",1949,7,21,"MSB 305-2","JAR8913F","BP","GC","07-09-2025",NA,41,32,810,"impact","impact_1941-1950",35.204443,-106.610046,"mono.gyrof","0"
"942","MSB:Fish:305",1949,7,21,"MSB 305-3","JAR8915F","BP","KL","07-09-2025","F",39,31,840,"impact","impact_1941-1950",35.204443,-106.610046,"mono.gyrof","0"
"943","MSB:Fish:305",1949,7,21,"MSB 305-1","JAR8911F","BP","JG","07-09-2025","F",38,30,653,"impact","impact_1941-1950",35.204443,-106.610046,"mono.gyrof","0"
"944","MSB:Fish:305",1949,7,21,"MSB 305-5","JAR8918F","BP","KL","07-09-2025",NA,41,34,848,"impact","impact_1941-1950",35.204443,-106.610046,"mono.gyrof","0"
"945","MSB:Fish:305",1949,7,21,"MSB 305-4","JAR8917F","BP","EO","07-09-2025","F",26,21,146,"impact","impact_1941-1950",35.204443,-106.610046,"mono.gyrof","0"
"946","MSB:Fish:307",1959,2,24,"MSB 307-1","JAR8797F","BP","GC","07-07-2025","F",30,24,257,"impact","impact_1951-1960",34.987044,-106.690293,"mono.gyrof","0"
"947","MSB:Fish:307",1959,2,24,"MSB 307-2","JAR8796F","JG","KL","07-07-2025","F",31,23,295,"impact","impact_1951-1960",34.987044,-106.690293,"mono.gyrof","0"
"948","MSB:Fish:307",1959,2,24,"MSB 307-5","JAR8793F","JG","GC","07-07-2025",NA,33,24,304,"impact","impact_1951-1960",34.987044,-106.690293,"mono.gyrof","0"
"949","MSB:Fish:307",1959,2,24,"MSB 307-4","JAR8794F","BP","KL","07-07-2025","F",31,26,296,"impact","impact_1951-1960",34.987044,-106.690293,"mono.gyrof","0"
"950","MSB:Fish:307",1959,2,24,"MSB 307-3","JAR8795F","BP","KL","07-07-2025",NA,31,25,277,"impact","impact_1951-1960",34.987044,-106.690293,"mono.gyrof","0"
"951","MSB:Fish:30771",1996,10,30,"MSB 30771-3","JAR11025F","KL","KL","07-28-2025",NA,39,32,613,"control","control_1991-2000",35.38033333,-106.4990556,"mono.gyrof","0"
"952","MSB:Fish:30771",1996,10,30,"MSB 30771-2","JAR11024F","KL","KL","07-28-2025",NA,34,27,361,"control","control_1991-2000",35.38033333,-106.4990556,"mono.gyrof","0"
"953","MSB:Fish:30771",1996,10,30,"MSB 30771-1","JAR11030F","KL","KL","07-28-2025",NA,27,21,182,"control","control_1991-2000",35.38033333,-106.4990556,"mono.gyrof","0"
"954","MSB:Fish:30771",1996,10,30,"MSB 30771-5","JAR11033F","KL","KL","07-28-2025","M",30,23,241,"control","control_1991-2000",35.38033333,-106.4990556,"mono.gyrof","0"
"955","MSB:Fish:30771",1996,10,30,"MSB 30771-4","JAR11028F","KL","KL","07-28-2025",NA,26,20,165,"control","control_1991-2000",35.38033333,-106.4990556,"mono.gyrof","0"
"956","MSB:Fish:315",1949,7,28,"MSB 315-3","JAR11521F","JG","KL","07-15-2025",NA,33,27,445,"impact","impact_1941-1950",35.188761,-106.64706,"mono.gyrof","0"
"957","MSB:Fish:315",1949,7,28,"MSB 315-2","JAR11524F","BP","KL","07-15-2025","F",38,30,666,"impact","impact_1941-1950",35.188761,-106.64706,"mono.gyrof","0"
"958","MSB:Fish:315",1949,7,28,"MSB 315-4","JAR11527F","BP","KL","07-15-2025","F",31,24,301,"impact","impact_1941-1950",35.188761,-106.64706,"mono.gyrof","0"
"959","MSB:Fish:315",1949,7,28,"MSB 315-1","JAR11522F","JG","BP","07-15-2025",NA,38,31,711,"impact","impact_1941-1950",35.188761,-106.64706,"mono.gyrof","0"
"960","MSB:Fish:315",1949,7,28,"MSB 315-5","JAR11544F","JG","EO","07-15-2025","F",35,28,417,"impact","impact_1941-1950",35.188761,-106.64706,"mono.gyrof","0"
"961","MSB:Fish:324",1950,10,18,"MSB 324-2","JAR11336F","BP","KL","07-10-2025","F",45,36,1097,"control","control_1941-1950",35.229809,-106.616288,"mono.gyrof","0"
"962","MSB:Fish:324",1950,10,18,"MSB 324-1","JAR11335F","JG","KL","07-10-2025","F",39,33,691,"control","control_1941-1950",35.229809,-106.616288,"mono.gyrof","0"
"963","MSB:Fish:324",1950,10,18,"MSB 324-5","JAR11339F","BP","KL","07-10-2025","F",39,31,754,"control","control_1941-1950",35.229809,-106.616288,"mono.gyrof","0"
"964","MSB:Fish:324",1950,10,18,"MSB 324-4","JAR11338F","BP","GC","07-10-2025",NA,46,36,1172,"control","control_1941-1950",35.229809,-106.616288,"mono.gyrof","0"
"965","MSB:Fish:324",1950,10,18,"MSB 324-3","JAR11337F","BP","GC","07-10-2025",NA,49,39,1841,"control","control_1941-1950",35.229809,-106.616288,"mono.gyrof","0"
"966","MSB:Fish:326",1949,7,21,"MSB 326-5","JAR8924F","EO","JG","07-09-2025","F",38,32,628,"impact","impact_1941-1950",35.210652,-106.627124,"mono.gyrof","0"
"967","MSB:Fish:326",1949,7,21,"MSB 326-4","JAR8933F","EO","KL","07-09-2025","F",33,27,421,"impact","impact_1941-1950",35.210652,-106.627124,"mono.gyrof","0"
"968","MSB:Fish:326",1949,7,21,"MSB 326-3","JAR8931F","KL","KL","07-09-2025",NA,36,30,581,"impact","impact_1941-1950",35.210652,-106.627124,"mono.gyrof","0"
"969","MSB:Fish:326",1949,7,21,"MSB 326-2","JAR8926F","KL","GC","07-09-2025","F",34,28,560,"impact","impact_1941-1950",35.210652,-106.627124,"mono.gyrof","0"
"970","MSB:Fish:326",1949,7,21,"MSB 326-1","JAR8922F","KL","KL","07-09-2025","F",33,27,355,"impact","impact_1941-1950",35.210652,-106.627124,"mono.gyrof","0"
"971","MSB:Fish:327",1942,2,28,"MSB 327-1","JAR8840F","EO","GC","07-08-2025","F",45,36,927,"control","control_1941-1950",35.37417,-106.49278,"mono.gyrof","0"
"972","MSB:Fish:327",1942,2,28,"MSB 327-4","JAR8842F","EO","GC","07-08-2025",NA,32,25,257,"control","control_1941-1950",35.37417,-106.49278,"mono.gyrof","0"
"973","MSB:Fish:327",1942,2,28,"MSB 327-3","JAR8846F","BP","GC","07-08-2025","F",45,36,910,"control","control_1941-1950",35.37417,-106.49278,"mono.gyrof","0"
"974","MSB:Fish:327",1942,2,28,"MSB 327-2","JAR8903F","EO","JG","07-08-2025",NA,47,38,1118,"control","control_1941-1950",35.37417,-106.49278,"mono.gyrof","0"
"975","MSB:Fish:327",1942,2,28,"MSB 327-5","JAR8844F","BP","GC","07-08-2025","F",25,20,131,"control","control_1941-1950",35.37417,-106.49278,"mono.gyrof","0"
"976","MSB:Fish:330",1949,11,5,"MSB 330-1","JAR11350F","EO","JG","07-10-2025",NA,45,36,982,"control","control_1941-1950",35.211994,-106.631125,"mono.gyrof","0"
"977","MSB:Fish:330",1949,11,5,"MSB 330-3","JAR11356F","EO","GC","07-10-2025",NA,29,23,241,"control","control_1941-1950",35.211994,-106.631125,"mono.gyrof","0"
"978","MSB:Fish:330",1949,11,5,"MSB 330-4","JAR11353F","JG","BP","07-10-2025",NA,32,26,276,"control","control_1941-1950",35.211994,-106.631125,"mono.gyrof","0"
"979","MSB:Fish:330",1949,11,5,"MSB 330-5","JAR11369F","JG","EO","07-10-2025","F",26,22,195,"control","control_1941-1950",35.211994,-106.631125,"mono.gyrof","0"
"980","MSB:Fish:330",1949,11,5,"MSB 330-2","JAR11347F","JG","BP","07-10-2025",NA,34,28,374,"control","control_1941-1950",35.211994,-106.631125,"mono.gyrof","0"
"981","MSB:Fish:334",1952,5,3,"MSB 334-1","JAR11113F","BP","KL","07-16-2025",NA,33,26,309,"control","control_1951-1960",35.302146,-106.571551,"mono.gyrof","0"
"982","MSB:Fish:334",1952,5,3,"MSB 334-3","JAR11107F","BP","JG","07-16-2025",NA,30,24,217,"control","control_1951-1960",35.302146,-106.571551,"mono.gyrof","0"
"983","MSB:Fish:334",1952,5,3,"MSB 334-5","JAR11108F","BP","GC","07-16-2025",NA,27,22,179,"control","control_1951-1960",35.302146,-106.571551,"mono.gyrof","0"
"984","MSB:Fish:334",1952,5,3,"MSB 334-4","JAR11116F","BP","EO","07-16-2025","F",30,23,233,"control","control_1951-1960",35.302146,-106.571551,"mono.gyrof","0"
"985","MSB:Fish:334",1952,5,3,"MSB 334-2","JAR11110F","BP","EO","07-16-2025","F",31,25,293,"control","control_1951-1960",35.302146,-106.571551,"mono.gyrof","0"
"986","MSB:Fish:3391",1965,5,18,"MSB 3391-1","JAR11370F","EO","KL","07-10-2025","F",41,35,794,"control","control_1961-1970",35.383813,-106.481,"mono.gyrof","0"
"987","MSB:Fish:3391",1965,5,18,"MSB 3391-2","JAR11366F","EO","GC","07-10-2025","M",28,23,188,"control","control_1961-1970",35.383813,-106.481,"mono.gyrof","0"
"988","MSB:Fish:3391",1965,5,18,"MSB 3391-5","JAR11367F","EO","JG","07-10-2025","F",35,28,522,"control","control_1961-1970",35.383813,-106.481,"mono.gyrof","0"
"989","MSB:Fish:3391",1965,5,18,"MSB 3391-4","JAR11364F","EO","KL","07-10-2025",NA,33,27,348,"control","control_1961-1970",35.383813,-106.481,"mono.gyrof","0"
"990","MSB:Fish:3391",1965,5,18,"MSB 3391-3","JAR11363F","EO","EO","07-10-2025","F",31,26,296,"control","control_1961-1970",35.383813,-106.481,"mono.gyrof","0"
"991","MSB:Fish:3421",1972,6,19,"MSB 3421-1","JAR11296F","EO","KL","07-14-2025","F",36,29,612,"control","control_1971-1980",35.249718,-106.603396,"mono.gyrof","0"
"992","MSB:Fish:3421",1972,6,19,"MSB 3421-4","JAR11294F","EO","KL","07-14-2025","F",40,33,736,"control","control_1971-1980",35.249718,-106.603396,"mono.gyrof","0"
"993","MSB:Fish:3421",1972,6,19,"MSB 3421-2","JAR11288F","EO","KL","07-14-2025","F",46,37,1270,"control","control_1971-1980",35.249718,-106.603396,"mono.gyrof","0"
"994","MSB:Fish:3421",1972,6,19,"MSB 3421-5","JAR11293F","EO","KL","07-14-2025","F",44,36,1076,"control","control_1971-1980",35.249718,-106.603396,"mono.gyrof","0"
"995","MSB:Fish:3421",1972,6,19,"MSB 3421-3","JAR11291F","EO","KL","07-14-2025","F",42,35,996,"control","control_1971-1980",35.249718,-106.603396,"mono.gyrof","0"
"996","MSB:Fish:365",1947,9,27,"MSB 365-1","JAR11529F","JG","JG","07-15-2025",NA,39,33,608,"control","control_1941-1950",35.321576,-106.555389,"mono.gyrof","0"
"997","MSB:Fish:365",1947,9,27,"MSB 365-5","JAR11531F","JG","JG","07-15-2025",NA,32,25,251,"control","control_1941-1950",35.321576,-106.555389,"mono.gyrof","0"
"998","MSB:Fish:365",1947,9,27,"MSB 365-2","JAR11532F","BP","KL","07-15-2025","F",38,29,390,"control","control_1941-1950",35.321576,-106.555389,"mono.gyrof","0"
"999","MSB:Fish:365",1947,9,27,"MSB 365-3","JAR11526F","JG","KL","07-15-2025","F",37,29,507,"control","control_1941-1950",35.321576,-106.555389,"mono.gyrof","0"
"1000","MSB:Fish:365",1947,9,27,"MSB 365-4","JAR11523F","BP","KL","07-15-2025",NA,38,30,356,"control","control_1941-1950",35.321576,-106.555389,"mono.gyrof","0"
"1001","MSB:Fish:38942",1997,7,5,"MSB 38942-5","JAR11115F","EO","GC","07-17-2025","F",41,32,883,"control","control_1991-2000",35.28302778,-106.5981389,"mono.gyrof","0"
"1002","MSB:Fish:38942",1997,7,5,"MSB 38942-1","JAR11120F","EO","GC","07-17-2025","F",50,42,2039,"control","control_1991-2000",35.28302778,-106.5981389,"mono.gyrof","0"
"1003","MSB:Fish:38942",1997,7,5,"MSB 38942-2","JAR11119F","EO","KL","07-17-2025","F",47,39,1803,"control","control_1991-2000",35.28302778,-106.5981389,"mono.gyrof","0"
"1004","MSB:Fish:38942",1997,7,5,"MSB 38942-3","JAR11121F","EO","KL","07-17-2025","F",45,38,1685,"control","control_1991-2000",35.28302778,-106.5981389,"mono.gyrof","0"
"1005","MSB:Fish:38942",1997,7,5,"MSB 38942-4","JAR11118F","EO","KL","07-17-2025","F",46,38,1451,"control","control_1991-2000",35.28302778,-106.5981389,"mono.gyrof","0"
"1006","MSB:Fish:39100",1997,10,15,"MSB 39100-1","JAR11577F","BP","JG","07-17-2025",NA,34,26,374,"control","control_1991-2000",35.322164,-106.557448,"mono.gyrof","0"
"1007","MSB:Fish:39100",1997,10,15,"MSB 39100-2","JAR11573F","BP","EO","07-17-2025","F",38,28,500,"control","control_1991-2000",35.322164,-106.557448,"mono.gyrof","0"
"1008","MSB:Fish:39100",1997,10,15,"MSB 39100-4","JAR11575F","BP","GC","07-17-2025","F",34,26,403,"control","control_1991-2000",35.322164,-106.557448,"mono.gyrof","0"
"1009","MSB:Fish:39100",1997,10,15,"MSB 39100-5","JAR11576F","BP","GC","07-17-2025","F",25,19,144,"control","control_1991-2000",35.322164,-106.557448,"mono.gyrof","0"
"1010","MSB:Fish:39100",1997,10,15,"MSB 39100-3","JAR11574F","BP","KL","07-17-2025","M",25,20,167,"control","control_1991-2000",35.322164,-106.557448,"mono.gyrof","0"
"1011","MSB:Fish:3993",1977,9,28,"MSB 3993-4","JAR11626F","BP","GC","07-21-2025","F",29,23,333,"impact","impact_1971-1980",35.136341,-106.685742,"mono.gyrof","0"
"1012","MSB:Fish:3993",1977,9,28,"MSB 3993-1","JAR11623F","JG","GC","07-21-2025",NA,25,20,170,"impact","impact_1971-1980",35.136341,-106.685742,"mono.gyrof","0"
"1013","MSB:Fish:3993",1977,9,28,"MSB 3993-2","JAR11621F","BP","GC","07-21-2025","F",26,20,224,"impact","impact_1971-1980",35.136341,-106.685742,"mono.gyrof","0"
"1014","MSB:Fish:3993",1977,9,28,"MSB 3993-3","JAR11618F","JG","BP","07-21-2025","M",28,21,181,"impact","impact_1971-1980",35.136341,-106.685742,"mono.gyrof","0"
"1015","MSB:Fish:3993",1977,9,28,"MSB 3993-5","JAR11620F","JG","BP","07-21-2025","M",27,21,186,"impact","impact_1971-1980",35.136341,-106.685742,"mono.gyrof","0"
"1016","MSB:Fish:4012",1977,9,28,"MSB 4012-5","JAR11616F","JG","JG","07-21-2025",NA,25,21,169,"impact","impact_1971-1980",35.134932,-106.690783,"mono.gyrof","0"
"1017","MSB:Fish:4012",1977,9,28,"MSB 4012-1","JAR11607F","JG","EO","07-21-2025","F",32,25,365,"impact","impact_1971-1980",35.134932,-106.690783,"mono.gyrof","0"
"1018","MSB:Fish:4012",1977,9,28,"MSB 4012-4","JAR11613F","BP","GC","07-21-2025","F",26,20,178,"impact","impact_1971-1980",35.134932,-106.690783,"mono.gyrof","0"
"1019","MSB:Fish:4012",1977,9,28,"MSB 4012-3","JAR11617F","JG","GC","07-21-2025","F",32,27,303,"impact","impact_1971-1980",35.134932,-106.690783,"mono.gyrof","0"
"1020","MSB:Fish:4012",1977,9,28,"MSB 4012-2","JAR11610F","BP","GC","07-21-2025","F",31,24,316,"impact","impact_1971-1980",35.134932,-106.690783,"mono.gyrof","0"
"1021","MSB:Fish:4056",1978,5,19,"MSB 4056-2","JAR11322F","EO","KL","07-14-2025","F",36,28,566,"control","control_1971-1980",35.253481,-106.591225,"mono.gyrof","0"
"1022","MSB:Fish:4056",1978,5,19,"MSB 4056-3","JAR11318F","EO","JG","07-14-2025","F",37,28,549,"control","control_1971-1980",35.253481,-106.591225,"mono.gyrof","0"
"1023","MSB:Fish:4056",1978,5,19,"MSB 4056-4","JAR11317F","EO","JG","07-14-2025","F",34,28,483,"control","control_1971-1980",35.253481,-106.591225,"mono.gyrof","0"
"1024","MSB:Fish:4056",1978,5,19,"MSB 4056-1","JAR11319F","EO","GC","07-14-2025","F",37,30,644,"control","control_1971-1980",35.253481,-106.591225,"mono.gyrof","0"
"1025","MSB:Fish:4056",1978,5,19,"MSB 4056-5","JAR11321F","EO","GC","07-14-2025","F",34,28,581,"control","control_1971-1980",35.253481,-106.591225,"mono.gyrof","0"
"1026","MSB:Fish:4086",1978,9,29,"MSB 4086-3","JAR11342F","BP","JG","07-11-2025",NA,31,24,340,"control","control_1971-1980",35.380072,-106.499406,"mono.gyrof","0"
"1027","MSB:Fish:4086",1978,9,29,"MSB 4086-5","JAR11340F","BP","GC","07-11-2025","M",29,23,261,"control","control_1971-1980",35.380072,-106.499406,"mono.gyrof","0"
"1028","MSB:Fish:4086",1978,9,29,"MSB 4086-4","JAR11341F","BP","GC","07-11-2025","F",26,19,139,"control","control_1971-1980",35.380072,-106.499406,"mono.gyrof","0"
"1029","MSB:Fish:4086",1978,9,29,"MSB 4086-2","JAR11344F","BP","EO","07-11-2025","F",40,30,701,"control","control_1971-1980",35.380072,-106.499406,"mono.gyrof","0"
"1030","MSB:Fish:4086",1978,9,29,"MSB 4086-1","JAR11345F","BP","KL","07-11-2025","F",41,32,795,"control","control_1971-1980",35.380072,-106.499406,"mono.gyrof","0"
"1031","MSB:Fish:4172",1977,5,10,"MSB 4172-2","JAR11329F","JG","GC","07-14-2025","F",33,29,347,"control","control_1971-1980",35.26637,-106.598674,"mono.gyrof","0"
"1032","MSB:Fish:4172",1977,5,10,"MSB 4172-3","JAR11330F","BP","KL","07-14-2025","F",27,21,170,"control","control_1971-1980",35.26637,-106.598674,"mono.gyrof","0"
"1033","MSB:Fish:4172",1977,5,10,"MSB 4172-4","JAR11327F","BP","GC","07-14-2025","M",27,21,150,"control","control_1971-1980",35.26637,-106.598674,"mono.gyrof","0"
"1034","MSB:Fish:4172",1977,5,10,"MSB 4172-1","JAR11328F","BP","KL","07-14-2025",NA,29,24,252,"control","control_1971-1980",35.26637,-106.598674,"mono.gyrof","0"
"1035","MSB:Fish:4172",1977,5,10,"MSB 4172-5","JAR11326F","JG","JG","07-14-2025",NA,27,21,137,"control","control_1971-1980",35.26637,-106.598674,"mono.gyrof","0"
"1036","MSB:Fish:4176",1978,5,21,"MSB 4176-5","JAR8822F","JG","KL","07-08-2025","F",29,23,368,"control","control_1971-1980",35.253481,-106.591225,"mono.gyrof","0"
"1037","MSB:Fish:4176",1978,5,21,"MSB 4176-1","JAR8821F","BP","JG","07-08-2025","F",38,31,741,"control","control_1971-1980",35.253481,-106.591225,"mono.gyrof","0"
"1038","MSB:Fish:4176",1978,5,21,"MSB 4176-3","JAR8818F","JG","KL","07-08-2025","F",33,26,425,"control","control_1971-1980",35.253481,-106.591225,"mono.gyrof","0"
"1039","MSB:Fish:4176",1978,5,21,"MSB 4176-2","JAR8816F","BP","EO","07-08-2025","F",39,31,798,"control","control_1971-1980",35.253481,-106.591225,"mono.gyrof","0"
"1040","MSB:Fish:4176",1978,5,21,"MSB 4176-4","JAR8820F","BP","JG","07-08-2025","F",38,30,806,"control","control_1971-1980",35.253481,-106.591225,"mono.gyrof","0"
"1041","MSB:Fish:43165",1999,4,21,"MSB 43165-3","JAR11124F","EO","KL","07-17-2025","F",35,27,471,"impact","impact_1991-2000",35.027111,-106.672944,"mono.gyrof","0"
"1042","MSB:Fish:43165",1999,4,21,"MSB 43165-4","JAR11123F","EO","JG GC","07-17-2025","F",38,30,636,"impact","impact_1991-2000",35.027111,-106.672944,"mono.gyrof","0"
"1043","MSB:Fish:43165",1999,4,21,"MSB 43165-2","JAR11125F","EO","EO","07-17-2025","F",38,30,668,"impact","impact_1991-2000",35.027111,-106.672944,"mono.gyrof","0"
"1044","MSB:Fish:43165",1999,4,21,"MSB 43165-1","JAR11126F","EO","GC","07-17-2025","F",33,27,464,"impact","impact_1991-2000",35.027111,-106.672944,"mono.gyrof","0"
"1045","MSB:Fish:43165",1999,4,21,"MSB 43165-5","JAR11122F","EO","KL","07-17-2025","F",40,32,732,"impact","impact_1991-2000",35.027111,-106.672944,"mono.gyrof","0"
"1046","MSB:Fish:43242",1999,7,14,"MSB 43242-5","JAR11026F","KL","KL","07-28-2025",NA,41,33,899,"control","control_1991-2000",35.28302778,-106.5981389,"mono.gyrof","0"
"1047","MSB:Fish:43242",1999,7,14,"MSB 43242-4","JAR11034F","KL","KL","07-28-2025","F",32,25,344,"control","control_1991-2000",35.28302778,-106.5981389,"mono.gyrof","0"
"1048","MSB:Fish:43242",1999,7,14,"MSB 43242-3","JAR11029F","KL","KL","07-28-2025","F",32,25,338,"control","control_1991-2000",35.28302778,-106.5981389,"mono.gyrof","0"
"1049","MSB:Fish:43242",1999,7,14,"MSB 43242-2","JAR11032F","KL","KL","07-28-2025",NA,32,26,416,"control","control_1991-2000",35.28302778,-106.5981389,"mono.gyrof","0"
"1050","MSB:Fish:43242",1999,7,14,"MSB 43242-1","JAR11031F","KL","KL","07-28-2025",NA,29,22,249,"control","control_1991-2000",35.28302778,-106.5981389,"mono.gyrof","0"
"1051","MSB:Fish:43251",1999,7,15,"MSB 43251-2","JAR11011F","KL","KL","07-23-2025","F",37,29,616,"impact","impact_1991-2000",35.089293,-106.680842,"mono.gyrof","0"
"1052","MSB:Fish:43251",1999,7,15,"MSB 43251-1","JAR11014F","KL","KL","07-23-2025",NA,32,26,384,"impact","impact_1991-2000",35.089293,-106.680842,"mono.gyrof","0"
"1053","MSB:Fish:43251",1999,7,15,"MSB 43251-4","JAR11018F","KL","KL","07-23-2025","F",32,25,392,"impact","impact_1991-2000",35.089293,-106.680842,"mono.gyrof","0"
"1054","MSB:Fish:43251",1999,7,15,"MSB 43251-5","JAR11019F","KL","KL","07-23-2025","F",34,27,NA,"impact","impact_1991-2000",35.089293,-106.680842,"mono.gyrof","0"
"1055","MSB:Fish:43251",1999,7,15,"MSB 43251-3","JAR11017F","KL","KL","07-23-2025","F",33,27,379,"impact","impact_1991-2000",35.089293,-106.680842,"mono.gyrof","0"
"1056","MSB:Fish:43370",1999,8,25,"MSB 43370-2","JAR11035F","KL","KL","07-28-2025",NA,28,22,215,"control","control_1991-2000",35.28302778,-106.5981389,"mono.gyrof","0"
"1057","MSB:Fish:43370",1999,8,25,"MSB 43370-3","JAR11036F","KL","KL","07-28-2025",NA,36,29,480,"control","control_1991-2000",35.28302778,-106.5981389,"mono.gyrof","0"
"1058","MSB:Fish:43370",1999,8,25,"MSB 43370-1","JAR11041F","KL","KL","07-28-2025",NA,38,30,NA,"control","control_1991-2000",35.28302778,-106.5981389,"mono.gyrof","0"
"1059","MSB:Fish:43370",1999,8,25,"MSB 43370-5","JAR11043F","KL","KL","07-28-2025","M",30,24,225,"control","control_1991-2000",35.28302778,-106.5981389,"mono.gyrof","0"
"1060","MSB:Fish:43370",1999,8,25,"MSB 43370-4","JAR11042F","KL","KL","07-28-2025",NA,26,20,154,"control","control_1991-2000",35.28302778,-106.5981389,"mono.gyrof","0"
"1061","MSB:Fish:4353",1978,9,8,"MSB 4353-1","JAR11097F","JG","GC","07-16-2025","F",35,29,601,"control","control_1971-1980",35.222784,-106.601974,"mono.gyrof","0"
"1062","MSB:Fish:4353",1978,9,8,"MSB 4353-4","JAR11106F","BP","BP","07-16-2025",NA,25,19,157,"control","control_1971-1980",35.222784,-106.601974,"mono.gyrof","0"
"1063","MSB:Fish:4353",1978,9,8,"MSB 4353-2","JAR11100F","JG","GC","07-16-2025","M",29,24,212,"control","control_1971-1980",35.222784,-106.601974,"mono.gyrof","0"
"1064","MSB:Fish:4353",1978,9,8,"MSB 4353-5","JAR11105F","BP","KL","07-16-2025",NA,25,20,NA,"control","control_1971-1980",35.222784,-106.601974,"mono.gyrof","0"
"1065","MSB:Fish:4353",1978,9,8,"MSB 4353-3","JAR11103F","JG","GC","07-16-2025","M",27,22,151,"control","control_1971-1980",35.222784,-106.601974,"mono.gyrof","0"
"1066","MSB:Fish:4378",1978,9,23,"MSB 4378-3","JAR11554F","JG","KL","07-16-2025","F",38,32,556,"impact","impact_1971-1980",34.905272,-106.685564,"mono.gyrof","0"
"1067","MSB:Fish:4378",1978,9,23,"MSB 4378-5","JAR11545F","BP","GC","07-16-2025","F",36,28,469,"impact","impact_1971-1980",34.905272,-106.685564,"mono.gyrof","0"
"1068","MSB:Fish:4378",1978,9,23,"MSB 4378-3","JAR11546F","BP","KL","07-16-2025","F",42,32,738,"impact","impact_1971-1980",34.905272,-106.685564,"mono.gyrof","0"
"1069","MSB:Fish:4378",1978,9,23,"MSB 4378-2","JAR11551F","BP","JG","07-16-2025","F",38,30,633,"impact","impact_1971-1980",34.905272,-106.685564,"mono.gyrof","0"
"1070","MSB:Fish:4378",1978,9,23,"MSB 4378-1","JAR11548F","BP","KL","07-16-2025","F",37,28,634,"impact","impact_1971-1980",34.905272,-106.685564,"mono.gyrof","0"
"1071","MSB:Fish:438",1978,NA,5,"MSB 4389-1","JAR11516F","JG","GC","07-15-2025",NA,38,31,575,NA,NA,NA,NA,"mono.gyrof","0"
"1072","MSB:Fish:4385",1978,9,6,"MSB 4385-2","JAR8843F","EO","KL","07-08-2025",NA,30,26,273,"impact","impact_1971-1980",34.905272,-106.685564,"mono.gyrof","0"
"1073","MSB:Fish:4385",1978,9,6,"MSB 4385-5","JAR8838F","EO","JG","07-08-2025","F",27,22,197,"impact","impact_1971-1980",34.905272,-106.685564,"mono.gyrof","0"
"1074","MSB:Fish:4385",1978,9,6,"MSB 4385-3","JAR8845F","KL","KL","07-08-2025","F",27,23,204,"impact","impact_1971-1980",34.905272,-106.685564,"mono.gyrof","0"
"1075","MSB:Fish:4385",1978,9,6,"MSB 4385-4","JAR8839","KL","GC","07-08-2025","F",26,22,222,"impact","impact_1971-1980",34.905272,-106.685564,"mono.gyrof","0"
"1076","MSB:Fish:4385",1978,9,6,"MSB 4385-1","JAR8841F","KL","KL","07-08-2025","F",25,21,161,"impact","impact_1971-1980",34.905272,-106.685564,"mono.gyrof","0"
"1077","MSB:Fish:4389",1978,9,5,"MSB 4389-2","JAR11519F","JG","GC","07-15-2025","F",34,28,507,"impact","impact_1971-1980",35.092867,-106.682332,"mono.gyrof","0"
"1078","MSB:Fish:4389",1978,9,5,"MSB 4389-4","JAR11514F","JG","GC","07-15-2025",NA,40,33,716,"impact","impact_1971-1980",35.092867,-106.682332,"mono.gyrof","0"
"1079","MSB:Fish:4389",1978,9,5,"MSB 4389-3","JAR11511F","JG","GC","07-15-2025","M",34,29,461,"impact","impact_1971-1980",35.092867,-106.682332,"mono.gyrof","0"
"1080","MSB:Fish:4389",1978,9,5,"MSB 4389-5","JAR11513F","JG","GC","07-15-2025",NA,38,32,654,"impact","impact_1971-1980",35.092867,-106.682332,"mono.gyrof","0"
"1081","MSB:Fish:4418",1978,8,3,"MSB 4418-1","JAR11292F","BP","GC","07-14-2025","F",43,34,1443,"impact","impact_1971-1980",34.905272,-106.685564,"mono.gyrof","0"
"1082","MSB:Fish:4418",1978,8,3,"MSB 4418-2","JAR11289F","BP","KL","07-14-2025","F",38,30,662,"impact","impact_1971-1980",34.905272,-106.685564,"mono.gyrof","0"
"1083","MSB:Fish:4418",1978,8,3,"MSB 4418-5","JAR11297F","EO","KL","07-14-2025","F",40,33,985,"impact","impact_1971-1980",34.905272,-106.685564,"mono.gyrof","0"
"1084","MSB:Fish:4418",1978,8,3,"MSB 4418-4","JAR11298F","EO","KL","07-14-2025","F",37,30,678,"impact","impact_1971-1980",34.905272,-106.685564,"mono.gyrof","0"
"1085","MSB:Fish:4418",1978,8,3,"MSB 4418-3","JAR11295F","BP","KL","07-14-2025","F",40,31,805,"impact","impact_1971-1980",34.905272,-106.685564,"mono.gyrof","0"
"1086","MSB:Fish:4440",1978,9,5,"MSB 4440-2","JAR11555F","BJG","JG","07-16-2025",NA,28,22,223,"impact","impact_1971-1980",35.090702,-106.684514,"mono.gyrof","0"
"1087","MSB:Fish:4440",1978,9,5,"MSB 4440-1","JAR11552F","BP","JG","07-16-2025",NA,25,20,138,"impact","impact_1971-1980",35.090702,-106.684514,"mono.gyrof","0"
"1088","MSB:Fish:4440",1978,9,5,"MSB 4440-4","JAR11098F","JG","KL","07-16-2025","M",25,21,144,"impact","impact_1971-1980",35.090702,-106.684514,"mono.gyrof","0"
"1089","MSB:Fish:4440",1978,9,5,"MSB 4440-3","JAR11095F","BP","GC","07-16-2025","M",27,20,205,"impact","impact_1971-1980",35.090702,-106.684514,"mono.gyrof","0"
"1090","MSB:Fish:4440",1978,9,5,"MSB 4440-5","JAR11549F","BP","GC","07-16-2025","M",26,20,151,"impact","impact_1971-1980",35.090702,-106.684514,"mono.gyrof","0"
"1091","MSB:Fish:4453",1978,9,5,"MSB 4453-5","JAR8940F","EO","GC","07-10-2025","M",27,22,167,"impact","impact_1971-1980",35.10562,-106.681074,"mono.gyrof","0"
"1092","MSB:Fish:4453",1978,9,5,"MSB 4453-1","JAR11359F","EO","KL","07-10-2025","F",36,30,577,"impact","impact_1971-1980",35.10562,-106.681074,"mono.gyrof","0"
"1093","MSB:Fish:4453",1978,9,5,"MSB 4453-3","JAR8938F","EO","KL","07-10-2025","M",28,22,149,"impact","impact_1971-1980",35.10562,-106.681074,"mono.gyrof","0"
"1094","MSB:Fish:4453",1978,9,5,"MSB 4453-2","JAR8936F","EO ","GC","07-10-2025","F",39,31,742,"impact","impact_1971-1980",35.10562,-106.681074,"mono.gyrof","0"
"1095","MSB:Fish:4453",1978,9,5,"MSB 4453-4","JAR8942F","EO","JG","07-10-2025",NA,26,22,143,"impact","impact_1971-1980",35.10562,-106.681074,"mono.gyrof","0"
"1096","MSB:Fish:4462",1978,6,14,"MSB 4462-1","JAR11541F","BP","BP","07-15-2025",NA,27,22,205,"control","control_1971-1980",35.322164,-106.557448,"mono.gyrof","0"
"1097","MSB:Fish:4462",1978,6,14,"MSB 4462-2","JAR11540F","BP","EO","07-15-2025","F",36,27,517,"control","control_1971-1980",35.322164,-106.557448,"mono.gyrof","0"
"1098","MSB:Fish:4462",1978,6,14,"MSB 4462-5","JAR11535F","BP","GC","07-15-2025","M",26,20,170,"control","control_1971-1980",35.322164,-106.557448,"mono.gyrof","0"
"1099","MSB:Fish:4462",1978,6,14,"MSB 4462-3","JAR11538F","BP","KL","07-15-2025","F",27,20,195,"control","control_1971-1980",35.322164,-106.557448,"mono.gyrof","0"
"1100","MSB:Fish:4462",1978,6,14,"MSB 4462-4","JAR11543F","BP","GC","07-15-2025","M",27,20,197,"control","control_1971-1980",35.322164,-106.557448,"mono.gyrof","0"
"1101","MSB:Fish:4486",1978,9,29,"MSB 4486-1","JAR11274F","JG","KL","07-11-2025","F",29,24,252,"control","control_1971-1980",35.383856,-106.490929,"mono.gyrof","0"
"1102","MSB:Fish:4486",1978,9,29,"MSB 4486-2","JAR11324F","JG","KL","07-11-2025","M",25,20,171,"control","control_1971-1980",35.383856,-106.490929,"mono.gyrof","0"
"1103","MSB:Fish:4486",1978,9,29,"MSB 4486-3","JAR11325F","KL","EO","07-11-2025","F",28,23,227,"control","control_1971-1980",35.383856,-106.490929,"mono.gyrof","0"
"1104","MSB:Fish:4486",1978,9,29,"MSB 4486-4","JAR11323F","KL","KL","07-11-2025",NA,27,22,226,"control","control_1971-1980",35.383856,-106.490929,"mono.gyrof","0"
"1105","MSB:Fish:4486",1978,9,29,"MSB 4486-5","JAR11273F","KL","KL","07-11-2025",NA,25,20,158,"control","control_1971-1980",35.383856,-106.490929,"mono.gyrof","0"
"1106","MSB:Fish:4748",1978,9,5,"MSB 4748-1","JAR8904F","BP","JG","07-09-2025",NA,33,25,374,"impact","impact_1971-1980",35.197227,-106.642667,"mono.gyrof","0"
"1107","MSB:Fish:4748",1978,9,5,"MSB 4748-3","JAR8907F","BP","EO","07-09-2025","F",34,27,362,"impact","impact_1971-1980",35.197227,-106.642667,"mono.gyrof","0"
"1108","MSB:Fish:4748",1978,9,5,"MSB 4748-2","JAR8909F","EO","JG","07-09-2025",NA,36,28,522,"impact","impact_1971-1980",35.197227,-106.642667,"mono.gyrof","0"
"1109","MSB:Fish:4748",1978,9,5,"MSB 4748-5","JAR8905F","BP","GC","07-09-2025",NA,30,24,278,"impact","impact_1971-1980",35.197227,-106.642667,"mono.gyrof","0"
"1110","MSB:Fish:4748",1978,9,5,"MSB 4748-4","JAR8906F","EO","GC","07-09-2025",NA,29,23,213,"impact","impact_1971-1980",35.197227,-106.642667,"mono.gyrof","0"
"1111","MSB:Fish:4750",1978,9,29,"MSB 4750-5","JAR8807F","EO","JG KL","07-07-2025",NA,34,27,447,"control","control_1971-1980",35.385246,-106.478952,"mono.gyrof","0"
"1112","MSB:Fish:4750",1978,9,29,"MSB 4750-3","JAR8809F","EO","GC","07-07-2025","F",44,35,886,"control","control_1971-1980",35.385246,-106.478952,"mono.gyrof","0"
"1113","MSB:Fish:4750",1978,9,29,"MSB 4750-1","JAR8811F","BP","JG GC","07-07-2025","F",40,32,703,"control","control_1971-1980",35.385246,-106.478952,"mono.gyrof","0"
"1114","MSB:Fish:4750",1978,9,29,"MSB 4750-4","JAR8813F","BP","KL","07-07-2025","F",39,31,703,"control","control_1971-1980",35.385246,-106.478952,"mono.gyrof","0"
"1115","MSB:Fish:4750",1978,9,29,"MSB 4750-2","JAR8808F","JG","KL","07-07-2025","F",41,36,1080,"control","control_1971-1980",35.385246,-106.478952,"mono.gyrof","0"
"1116","MSB:Fish:515",1949,11,19,"MSB 515-4","JAR11287F","EO","KL","07-14-2025","F",37,32,1145,"impact","impact_1941-1950",35.20447,-106.610066,"mono.gyrof","0"
"1117","MSB:Fish:515",1949,11,19,"MSB 515-1","JAR11307F","EO","KL","07-14-2025",NA,43,36,964,"impact","impact_1941-1950",35.20447,-106.610066,"mono.gyrof","0"
"1118","MSB:Fish:515",1949,11,19,"MSB 515-3","JAR11290F","EO","GC","07-14-2025","F",39,32,785,"impact","impact_1941-1950",35.20447,-106.610066,"mono.gyrof","0"
"1119","MSB:Fish:515",1949,11,19,"MSB 515-2","JAR11310F","EO","GC","07-14-2025","F",37,30,662,"impact","impact_1941-1950",35.20447,-106.610066,"mono.gyrof","0"
"1120","MSB:Fish:515",1949,11,19,"MSB 515-5","JAR11304F","EO","JG","07-14-2025","F",43,35,1190,"impact","impact_1941-1950",35.20447,-106.610066,"mono.gyrof","0"
"1121","MSB:Fish:5811",1987,9,9,"MSB 5811-4","JAR8806F","EO","KL","07-07-2025","F",34,27,481,"control","control_1981-1990",35.322164,-106.557448,"mono.gyrof","0"
"1122","MSB:Fish:5811",1987,9,9,"MSB 5811-5","JAR8810F","BP","GC","07-07-2025","F",32,26,411,"control","control_1981-1990",35.322164,-106.557448,"mono.gyrof","0"
"1123","MSB:Fish:5811",1987,9,9,"MSB 5811-2","JAR8804F","EO","GC","07-07-2025",NA,41,34,755,"control","control_1981-1990",35.322164,-106.557448,"mono.gyrof","0"
"1124","MSB:Fish:5811",1987,9,9,"MSB 5811-1","JAR8803F","BP","EO GC","07-07-2025","F",39,31,706,"control","control_1981-1990",35.322164,-106.557448,"mono.gyrof","0"
"1125","MSB:Fish:5811",1987,9,9,"MSB 5811-3","JAR8805F","BP","JG KL","07-07-2025",NA,35,27,556,"control","control_1981-1990",35.322164,-106.557448,"mono.gyrof","0"
"1126","MSB:Fish:5822",1987,9,10,"MSB 5822-1","JAR11343F","BP","GC","07-10-2025","F",34,26,358,"impact","impact_1981-1990",34.905272,-106.685564,"mono.gyrof","0"
"1127","MSB:Fish:5822",1987,9,10,"MSB 5822-5","JAR11352F","BP","JG","07-10-2025",NA,29,21,200,"impact","impact_1981-1990",34.905272,-106.685564,"mono.gyrof","0"
"1128","MSB:Fish:5822",1987,9,10,"MSB 5822-2","JAR11346F","BP","GC","07-10-2025","F",36,29,480,"impact","impact_1981-1990",34.905272,-106.685564,"mono.gyrof","0"
"1129","MSB:Fish:5822",1987,9,10,"MSB 5822-4","JAR11355F","JG","JG","07-10-2025",NA,25,20,153,"impact","impact_1981-1990",34.905272,-106.685564,"mono.gyrof","0"
"1130","MSB:Fish:5822",1987,9,10,"MSB 5822-3","JAR11358F","BP","JG","07-10-2025","F",41,32,826,"impact","impact_1981-1990",34.905272,-106.685564,"mono.gyrof","0"
"1131","MSB:Fish:62355",2000,9,14,"MSB 62355-1","JAR11052F","KL","KL","07-28-2025","F",32,25,322,"control","control_1991-2000",35.28373,-106.59878,"mono.gyrof","0"
"1132","MSB:Fish:62355",2000,9,14,"MSB 62355-3","JAR11053F","KL","KL","07-28-2025","F",29,24,210,"control","control_1991-2000",35.28373,-106.59878,"mono.gyrof","0"
"1133","MSB:Fish:62355",2000,9,14,"MSB 62355-2","JAR11055F","KL","KL","07-28-2025",NA,33,26,326,"control","control_1991-2000",35.28373,-106.59878,"mono.gyrof","0"
"1134","MSB:Fish:62355",2000,9,14,"MSB 62355-5","JAR11058F","KL","KL","07-28-2025",NA,25,21,152,"control","control_1991-2000",35.28373,-106.59878,"mono.gyrof","0"
"1135","MSB:Fish:62355",2000,9,14,"MSB 62355-4","JAR11054F","KL","KL","07-28-2025","F",32,25,308,"control","control_1991-2000",35.28373,-106.59878,"mono.gyrof","0"
"1136","MSB:Fish:6300",1988,11,12,"MSB 6300-5","JAR11624F","JG","GC","07-21-2025","F",33,27,377,"impact","impact_1981-1990",35.017903,-106.661847,"mono.gyrof","0"
"1137","MSB:Fish:6300",1988,11,12,"MSB 6300-1","JAR11625F","BP","BP","07-21-2025","M",33,26,347,"impact","impact_1981-1990",35.017903,-106.661847,"mono.gyrof","0"
"1138","MSB:Fish:6300",1988,11,12,"MSB 6300-4","JAR11622F","JG","BP","07-21-2025",NA,33,25,280,"impact","impact_1981-1990",35.017903,-106.661847,"mono.gyrof","0"
"1139","MSB:Fish:6300",1988,11,12,"MSB 6300-3","JAR11627F","BP","EO","07-21-2025","F",33,25,348,"impact","impact_1981-1990",35.017903,-106.661847,"mono.gyrof","0"
"1140","MSB:Fish:6300",1988,11,12,"MSB 6300-2","JAR11619F","JG","GC","07-21-2025","F",34,27,388,"impact","impact_1981-1990",35.017903,-106.661847,"mono.gyrof","0"
"1141","MSB:Fish:6405",1989,10,16,"MSB 6405-4","JAR11312F","BP","GC","07-14-2025","F",37,29,435,"impact","impact_1981-1990",35.089293,-106.680842,"mono.gyrof","0"
"1142","MSB:Fish:6405",1989,10,16,"MSB 6405-2","JAR11315F","JG","EO","07-14-2025","F",37,31,537,"impact","impact_1981-1990",35.089293,-106.680842,"mono.gyrof","0"
"1143","MSB:Fish:6405",1989,10,16,"MSB 6405-3","JAR11313F","JG","GC","07-14-2025","F",33,26,403,"impact","impact_1981-1990",35.089293,-106.680842,"mono.gyrof","0"
"1144","MSB:Fish:6405",1989,10,16,"MSB 6405-1","JAR1131F","BP","KL","07-14-2025","F",32,24,325,"impact","impact_1981-1990",35.089293,-106.680842,"mono.gyrof","0"
"1145","MSB:Fish:6405",1989,10,16,"MSB 6405-5","JAR11314F","JG","JG","07-14-2025",NA,34,27,398,"impact","impact_1981-1990",35.089293,-106.680842,"mono.gyrof","0"
"1146","MSB:Fish:68470",1984,8,15,"MSB 68470-3","JAR11608F","BP","JG","07-18-2025","F",44,33,959,"impact","impact_1981-1990",35.089293,-106.680842,"mono.gyrof","0"
"1147","MSB:Fish:68470",1984,8,15,"MSB 68470-1","JAR11604F","BP","KL","07-18-2025","F",41,31,874,"impact","impact_1981-1990",35.089293,-106.680842,"mono.gyrof","0"
"1148","MSB:Fish:68470",1984,8,15,"MSB 68470-5","JAR11601F","BP","EO","07-18-2025","F",37,29,554,"impact","impact_1981-1990",35.089293,-106.680842,"mono.gyrof","0"
"1149","MSB:Fish:68470",1984,8,15,"MSB 68470-2","JAR11605F","JG","GC","07-18-2025","F",37,30,568,"impact","impact_1981-1990",35.089293,-106.680842,"mono.gyrof","0"
"1150","MSB:Fish:68470",1984,8,15,"MSB 68470-4","JAR11611F","JG","JG","07-18-2025",NA,35,30,521,"impact","impact_1981-1990",35.089293,-106.680842,"mono.gyrof","0"
"1151","MSB:Fish:68483",1984,8,15,"MSB 68483-5","JAR11593F","JG","EO","07-18-2025","F",39,32,596,"impact","impact_1981-1990",35.069907,-106.658878,"mono.gyrof","0"
"1152","MSB:Fish:68483",1984,8,15,"MSB 68483-1","JAR11594F","JG","JG","07-18-2025","F",36,29,526,"impact","impact_1981-1990",35.069907,-106.658878,"mono.gyrof","0"
"1153","MSB:Fish:68483",1984,8,15,"MSB 68483-4","JAR11599","JG","GC","07-18-2025","F",37,30,507,"impact","impact_1981-1990",35.069907,-106.658878,"mono.gyrof","0"
"1154","MSB:Fish:68483",1984,8,15,"MSB 68483-3","JAR11602F","BP","BP","07-18-2025","F",36,29,500,"impact","impact_1981-1990",35.069907,-106.658878,"mono.gyrof","0"
"1155","MSB:Fish:68483",1984,8,15,"MSB 68483-2","JAR11596F","JG","KL","07-18-2025","F",35,29,498,"impact","impact_1981-1990",35.069907,-106.658878,"mono.gyrof","0"
"1156","MSB:Fish:68508",1984,8,15,"MSB 68508-2","JAR11591F","JG","JG","07-21-2025","F",34,27,416,"control","control_1981-1990",35.225523,-106.597651,"mono.gyrof","0"
"1157","MSB:Fish:68508",1984,8,15,"MSB 68508-4","JAR11588F","JG","GC","07-21-2025","F",35,28,587,"control","control_1981-1990",35.225523,-106.597651,"mono.gyrof","0"
"1158","MSB:Fish:68508",1984,8,15,"MSB 68508-5","JAR11587F","BP","JG","07-21-2025","F",33,25,397,"control","control_1981-1990",35.225523,-106.597651,"mono.gyrof","0"
"1159","MSB:Fish:68508",1984,8,15,"MSB 68508-3","JAR11585F","BP","EO","07-21-2025","F",37,28,556,"control","control_1981-1990",35.225523,-106.597651,"mono.gyrof","0"
"1160","MSB:Fish:68508",1984,8,15,"MSB 68508-1","JAR11590F","BP","GC","07-21-2025","F",36,27,487,"control","control_1981-1990",35.225523,-106.597651,"mono.gyrof","0"
"1161","MSB:Fish:68521",1984,8,16,"MSB 68521-5","JAR11597F","BP","JG","07-18-2025","F",32,25,429,"control","control_1981-1990",35.211416,-106.612833,"mono.gyrof","0"
"1162","MSB:Fish:68521",1984,8,16,"MSB 68521-4","JAR11598F","BP","KL","07-18-2025","F",31,24,369,"control","control_1981-1990",35.211416,-106.612833,"mono.gyrof","0"
"1163","MSB:Fish:68521",1984,8,16,"MSB 68521-1","JAR11600F","JG","KL","07-18-2025","F",39,31,597,"control","control_1981-1990",35.211416,-106.612833,"mono.gyrof","0"
"1164","MSB:Fish:68521",1984,8,16,"MSB 68521-3","JAR11595F","JG","BP","07-18-2025","F",39,31,719,"control","control_1981-1990",35.211416,-106.612833,"mono.gyrof","0"
"1165","MSB:Fish:68521",1984,8,16,"MSB 68521-2","JAR11603F","BP","BP","07-18-2025","F",36,27,661,"control","control_1981-1990",35.211416,-106.612833,"mono.gyrof","0"
"1166","MSB:Fish:7208",1989,11,4,"MSB 7208-3","JAR11518F","BP","GC","07-14-2025",NA,32,25,345,"impact","impact_1981-1990",35.205042,-106.609081,"mono.gyrof","0"
"1167","MSB:Fish:7208",1989,11,4,"MSB 7208-2","JAR11515F","EO","JG","07-14-2025",NA,38,31,650,"impact","impact_1981-1990",35.205042,-106.609081,"mono.gyrof","0"
"1168","MSB:Fish:7208",1989,11,4,"MSB 7208-5","JAR11509F","BP","GC","07-14-2025","F",34,25,381,"impact","impact_1981-1990",35.205042,-106.609081,"mono.gyrof","0"
"1169","MSB:Fish:7208",1989,11,4,"MSB 7208-1","JAR11510F","BP","KL","07-14-2025","F",36,26,645,"impact","impact_1981-1990",35.205042,-106.609081,"mono.gyrof","0"
"1170","MSB:Fish:7208",1989,11,4,"MSB 7208-4","JAR11512F","EO","GC","07-14-2025","F",37,29,482,"impact","impact_1981-1990",35.205042,-106.609081,"mono.gyrof","0"
"1171","MSB:Fish:7239",1989,11,12,"MSB 7230-1","JAR11606F","JG","GC","07-21-2025","F",30,23,279,"impact","impact_1981-1990",34.994298,-106.678945,"mono.gyrof","0"
"1172","MSB:Fish:7239",1989,11,12,"MSB 7239-4","JAR11615F","BP","EO","07-21-2025","F",29,22,268,"impact","impact_1981-1990",34.994298,-106.678945,"mono.gyrof","0"
"1173","MSB:Fish:7239",1989,11,12,"MSB 7239-2","JAR11612F","BP","JG","07-21-2025",NA,36,27,500,"impact","impact_1981-1990",34.994298,-106.678945,"mono.gyrof","0"
"1174","MSB:Fish:7239",1989,11,12,"MSB 7239-3","JAR11609F","JG","GC","07-21-2025",NA,27,22,204,"impact","impact_1981-1990",34.994298,-106.678945,"mono.gyrof","0"
"1175","MSB:Fish:7239",1989,11,12,"MSB 7239-5","JAR11614F","JG","EO","07-21-2025","F",30,24,281,"impact","impact_1981-1990",34.994298,-106.678945,"mono.gyrof","0"
"1176","MSB:Fish:73719",2002,9,16,"MSB 73719-4","JAR11050F","KL","KL","07-28-2025","F",38,31,612,"control","control_2001-2010",35.322164,-106.557448,"mono.gyrof","0"
"1177","MSB:Fish:73719",2002,9,16,"MSB 73719-5","JAR11051F","KL","KL","07-28-2025",NA,36,29,495,"control","control_2001-2010",35.322164,-106.557448,"mono.gyrof","0"
"1178","MSB:Fish:73719",2002,9,16,"MSB 73719-3","JAR11049F","KL","KL","07-28-2025","F",40,32,748,"control","control_2001-2010",35.322164,-106.557448,"mono.gyrof","0"
"1179","MSB:Fish:73719",2002,9,16,"MSB 73719-2","JAR11048F","KL","KL","07-28-2025","F",41,34,824,"control","control_2001-2010",35.322164,-106.557448,"mono.gyrof","0"
"1180","MSB:Fish:73719",2002,9,16,"MSB 73719-1","JAR11047F","KL","KL","07-28-2025",NA,37,30,488,"control","control_2001-2010",35.322164,-106.557448,"mono.gyrof","0"
"1181","MSB:Fish:7971",1990,10,22,"MSB 7971-2","JAR8910F","BP","EO","07-09-2025","F",29,24,264,"impact","impact_1981-1990",35.089293,-106.680842,"mono.gyrof","0"
"1182","MSB:Fish:7971",1990,10,22,"MSB 7971-1","JAR8912F","EO","KL","07-09-2025","F",38,30,560,"impact","impact_1981-1990",35.089293,-106.680842,"mono.gyrof","0"
"1183","MSB:Fish:7971",1990,10,22,"MSB 7971-3","JAR8908F","EO","BP","07-09-2025","F",33,25,370,"impact","impact_1981-1990",35.089293,-106.680842,"mono.gyrof","0"
"1184","MSB:Fish:7971",1990,10,22,"MSB 7971-5","JAR8916F","EO","BP","07-09-2025","F",28,21,207,"impact","impact_1981-1990",35.089293,-106.680842,"mono.gyrof","0"
"1185","MSB:Fish:7971",1990,10,22,"MSB 7971-4","JAR8914F","BP","GC","07-09-2025",NA,26,21,155,"impact","impact_1981-1990",35.089293,-106.680842,"mono.gyrof","0"
"1186","MSB:Fish:9004",1998,10,28,"MSB 9004-5","JAR11300F","JG","BP","07-14-2025","F",34,28,428,"impact","impact_1981-1990",35.196977,-106.642444,"mono.gyrof","0"
"1187","MSB:Fish:9004",1990,10,28,"MSB 9004-1","JAR11303F","BP","BP","07-14-2025",NA,33,27,388,"impact","impact_1981-1990",35.196977,-106.642444,"mono.gyrof","0"
"1188","MSB:Fish:9004",1990,10,28,"MSB 9004-4","JAR11301F","JG","GC","07-14-2025",NA,34,28,405,"impact","impact_1981-1990",35.196977,-106.642444,"mono.gyrof","0"
"1189","MSB:Fish:9004",1990,10,28,"MSB 9004-2","JAR11306F","JG","KL","07-14-2025",NA,32,25,351,"impact","impact_1981-1990",35.196977,-106.642444,"mono.gyrof","0"
"1190","MSB:Fish:9004",1990,10,28,"MSB 9004-3","JAR11309F","JG","KL","07-14-2025","F",40,32,595,"impact","impact_1981-1990",35.196977,-106.642444,"mono.gyrof","0"
"1191","MSB:Fish:9011",1990,10,28,"MSB 9011-1","JAR11099F","JG","GC","07-16-2025",NA,36,30,481,"control","control_1981-1990",35.28086111,-106.5988056,"mono.gyrof","0"
"1192","MSB:Fish:9011",1990,10,28,"MSB 9011-3","JAR11104F","JG","JG","07-16-2025",NA,35,27,423,"control","control_1981-1990",35.28086111,-106.5988056,"mono.gyrof","0"
"1193","MSB:Fish:9011",1990,10,28,"MSB 9011-5","JAR11101F","JG","KL","07-16-2025",NA,30,24,291,"control","control_1981-1990",35.28086111,-106.5988056,"mono.gyrof","0"
"1194","MSB:Fish:9011",1990,10,28,"MSB 9011-4","JAR11096F","BP","GC","07-16-2025","F",32,23,324,"control","control_1981-1990",35.28086111,-106.5988056,"mono.gyrof","0"
"1195","MSB:Fish:9011",1990,10,28,"MSB 9011-2","JAR11102F","JG","GC","07-16-2025",NA,36,31,550,"control","control_1981-1990",35.28086111,-106.5988056,"mono.gyrof","0"
"1196","MSB:Fish:9465",1989,2,26,"MSB 9465-1","JAR11536F","EO","KL","07-15-2025","F",38,31,553,"impact","impact_1981-1990",34.917008,-106.675195,"mono.gyrof","0"
"1197","MSB:Fish:9465",1989,2,26,"MSB 9465-4","JAR11539F","EO","KL","07-15-2025","F",47,38,1063,"impact","impact_1981-1990",34.917008,-106.675195,"mono.gyrof","0"
"1198","MSB:Fish:9465",1989,2,26,"MSB 9465-3","JAR11542F","BP","GC","07-15-2025",NA,39,30,565,"impact","impact_1981-1990",34.917008,-106.675195,"mono.gyrof","0"
"1199","MSB:Fish:9465",1989,2,26,"MSB 9465-5","JAR11533F","BP","JG","07-15-2025",NA,39,30,778,"impact","impact_1981-1990",34.917008,-106.675195,"mono.gyrof","0"
"1200","MSB:Fish:9465",1989,2,26,"MSB 9465-2","JAR11537F","EO","GC","07-15-2025","F",47,38,1184,"impact","impact_1981-1990",34.917008,-106.675195,"mono.gyrof","0"
"1201","MSB:Fish:1078",1939,1,30,"MSB 1078-1","JAR11299F","BP","JG","07-14-2025","F",40,31,647,"impact","impact_1931-1940",35.087167,-106.682164,"mono.salsp","2"
"1202","MSB:Fish:1078",1939,1,30,"MSB 1078-2","JAR11302F","JG","KL","07-14-2025",NA,41,32,699,"impact","impact_1931-1940",35.087167,-106.682164,"mono.salsp","0"
"1203","MSB:Fish:1078",1939,1,30,"MSB 1078-3","JAR11305F","BP","KL","07-14-2025",NA,43,35,798,"impact","impact_1931-1940",35.087167,-106.682164,"mono.salsp","0"
"1204","MSB:Fish:1078",1939,1,30,"MSB 1078-4","JAR11320F","JG","GC","07-14-2025","F",43,37,1027,"impact","impact_1931-1940",35.087167,-106.682164,"mono.salsp","0"
"1205","MSB:Fish:1078",1939,1,30,"MSB 1078-5","JAR11308F","BP","KL","07-14-2025",NA,39,29,627,"impact","impact_1931-1940",35.087167,-106.682164,"mono.salsp","0"
"1206","MSB:Fish:1079",1941,9,14,"MSB 1079-5","JAR11311F","JG","KL","07-14-2025",NA,37,29,441,"impact","impact_1941-1950",35.096748,-106.692027,"mono.salsp","0"
"1207","MSB:Fish:1079",1941,9,14,"MSB 1079-3","JAR11332F","BP","GC","07-14-2025","F",33,25,457,"impact","impact_1941-1950",35.096748,-106.692027,"mono.salsp","0"
"1208","MSB:Fish:1079",1941,9,14,"MSB 1079-1","JAR11334F","BP","GC","07-14-2025",NA,29,24,231,"impact","impact_1941-1950",35.096748,-106.692027,"mono.salsp","0"
"1209","MSB:Fish:1079",1941,9,14,"MSB 1079-2","JAR11331F","JG","KL","07-14-2025",NA,35,29,447,"impact","impact_1941-1950",35.096748,-106.692027,"mono.salsp","0"
"1210","MSB:Fish:1079",1941,9,14,"MSB 1079-4","JAR11333F","BP","GC","07-14-2025","F",44,33,754,"impact","impact_1941-1950",35.096748,-106.692027,"mono.salsp","0"
"1211","MSB:Fish:1081",1939,3,17,"MSB 1081-5","JAR8835F","BP","EO","07-08-2025","F",28,22,226,"impact","impact_1931-1940",35.072363,-106.668064,"mono.salsp","2"
"1212","MSB:Fish:1081",1939,3,17,"MSB 1081-4","JAR8832F","JG","KL","07-08-2025","F",27,22,188,"impact","impact_1931-1940",35.072363,-106.668064,"mono.salsp","2"
"1213","MSB:Fish:1081",1939,3,17,"MSB 1081-2","JAR8836","JG","BP","07-08-2025",NA,29,24,239,"impact","impact_1931-1940",35.072363,-106.668064,"mono.salsp","0"
"1214","MSB:Fish:1081",1939,3,17,"MSB 1081-1","JAR8837F","BP","BP","07-08-2025","F",43,33,868,"impact","impact_1931-1940",35.072363,-106.668064,"mono.salsp","8"
"1215","MSB:Fish:1081",1939,3,17,"MSB 1081-3","JAR8834F","BP","JG","07-08-2025",NA,27,21,176,"impact","impact_1931-1940",35.072363,-106.668064,"mono.salsp","4"
"1216","MSB:Fish:1082",1938,10,18,"MSB 1082-1","JAR8930F","BP","EO","07-09-2025","F",41,32,722,"impact","impact_1931-1940",35.100259,-106.692107,"mono.salsp","10"
"1217","MSB:Fish:1082",1938,10,18,"MSB 1082-4","JAR8934F","BP","BP","07-09-2025",NA,31,24,264,"impact","impact_1931-1940",35.100259,-106.692107,"mono.salsp","0"
"1218","MSB:Fish:1082",1938,10,18,"MSB 1082-2","JAR8928F","EO","GC","07-09-2025","F",40,33,627,"impact","impact_1931-1940",35.100259,-106.692107,"mono.salsp","10"
"1219","MSB:Fish:1082",1938,10,18,"MSB 1082-5","JAR8927F","EO","KL","07-09-2025",NA,25,21,140,"impact","impact_1931-1940",35.100259,-106.692107,"mono.salsp","0"
"1220","MSB:Fish:1082",1938,10,18,"MSB 1082-3","JAR8929F","EO","KL","07-09-2025","F",34,28,397,"impact","impact_1931-1940",35.100259,-106.692107,"mono.salsp","0"
"1221","MSB:Fish:1085",1939,5,13,"MSB 1085-5","JAR8935F","JG","GC","07-10-2025","F",50,39,1499,"impact","impact_1931-1940",35.192334,-106.619678,"mono.salsp","2"
"1222","MSB:Fish:1085",1939,5,13,"MSB 1085-4","JAR8941F","JG","KL","07-10-2025","F",44,36,1060,"impact","impact_1931-1940",35.192334,-106.619678,"mono.salsp","0"
"1223","MSB:Fish:1085",1939,5,13,"MSB 1085-1","JAR8932F","JG","KL","07-10-2025","F",41,33,809,"impact","impact_1931-1940",35.192334,-106.619678,"mono.salsp","0"
"1224","MSB:Fish:1085",1939,5,13,"MSB 1085-3","JAR8939F","JG","KL","07-10-2025","F",42,34,861,"impact","impact_1931-1940",35.192334,-106.619678,"mono.salsp","0"
"1225","MSB:Fish:1085",1939,5,13,"MSB 1085-2","JAR8937F","JG","GC","07-10-2025","M",26,21,147,"impact","impact_1931-1940",35.192334,-106.619678,"mono.salsp","0"
"1226","MSB:Fish:1086",1939,4,22,"MSB 1086-2","JAR8900F","BP","GC","07-07-2025","F",45,36,994,"impact","impact_1931-1940",35.173111,-106.626066,"mono.salsp","0"
"1227","MSB:Fish:1086",1939,4,22,"MSB 1086-5","JAR8792F","JG","GC","07-07-2025","F",46,35,1207,"impact","impact_1931-1940",35.173111,-106.626066,"mono.salsp","2"
"1228","MSB:Fish:1086",1939,4,22,"MSB1086-4","JAR8791F","BP","KL","07-07-2025","F",39,30,752,"impact","impact_1931-1940",35.173111,-106.626066,"mono.salsp","2"
"1229","MSB:Fish:1086",1939,4,22,"MSB 1086-1","JAR8898F","BP","KL","07-07-2025","F",47,37,1182,"impact","impact_1931-1940",35.173111,-106.626066,"mono.salsp","6"
"1230","MSB:Fish:1086",1939,4,22,"MSB 1086-3","JAR8902F","BP","KL","07-07-2025",NA,42,35,1023,"impact","impact_1931-1940",35.173111,-106.626066,"mono.salsp","0"
"1231","MSB:Fish:1089",1939,1,24,"MSB 1089-3","JAR11117F","BP","GC","07-16-2025","F",38,29,552,"impact","impact_1931-1940",35.087167,-106.682164,"mono.salsp","4"
"1232","MSB:Fish:1089",1939,1,24,"MSB 1089-5","JAR11111F","BP","KL","07-16-2025",NA,35,28,476,"impact","impact_1931-1940",35.087167,-106.682164,"mono.salsp","4"
"1233","MSB:Fish:1089",1939,1,24,"MSB 1089-1","JAR11112F","BP","KL","07-16-2025","F",40,33,666,"impact","impact_1931-1940",35.087167,-106.682164,"mono.salsp","2"
"1234","MSB:Fish:1089",1939,1,24,"MSB 1089-4","JAR11114F","BP","KL","07-16-2025","F",40,33,741,"impact","impact_1931-1940",35.087167,-106.682164,"mono.salsp","0"
"1235","MSB:Fish:1089",1939,1,24,"MSB 1089-2","JAR11109F","BP","GC","07-16-2025",NA,38,30,571,"impact","impact_1931-1940",35.087167,-106.682164,"mono.salsp","4"
"1236","MSB:Fish:10898",1992,7,9,"MSB 10898-5","JAR11023F","KL","KL","07-28-2025",NA,25,20,139,"control","control_1991-2000",35.211277,-106.611666,"mono.salsp","0"
"1237","MSB:Fish:10898",1992,7,9,"MSB 10898-4","JAR11046F","KL","KL","07-28-2025","F",31,25,309,"control","control_1991-2000",35.211277,-106.611666,"mono.salsp","0"
"1238","MSB:Fish:10898",1992,7,9,"MSB 10898-3","JAR11040F","KL","KL","07-28-2025","F",24,19,123,"control","control_1991-2000",35.211277,-106.611666,"mono.salsp","0"
"1239","MSB:Fish:10898",1992,7,9,"MSB 10898-2","JAR11038F","KL","KL","07-28-2025","M",26,21,118,"control","control_1991-2000",35.211277,-106.611666,"mono.salsp","0"
"1240","MSB:Fish:10898",1992,7,9,"MSB 10898-1","JAR11039F","KL","KL","07-28-2025","M",22,18,90,"control","control_1991-2000",35.211277,-106.611666,"mono.salsp","0"
"1241","MSB:Fish:1090",1939,6,9,"MSB 1090-4","JAR11354F","BP","GC","07-10-2025","M",25,19,132,"impact","impact_1931-1940",34.906619,-106.685289,"mono.salsp","14"
"1242","MSB:Fish:1090",1939,6,9,"MSB 1090-2","JAR11351F","BP","JG","07-10-2025","F",37,30,670,"impact","impact_1931-1940",34.906619,-106.685289,"mono.salsp","8"
"1243","MSB:Fish:1090",1939,6,9,"MSB 1090-5","JAR11349F","BP","KL","07-10-2025","F",29,24,323,"impact","impact_1931-1940",34.906619,-106.685289,"mono.salsp","12"
"1244","MSB:Fish:1090",1939,6,9,"MSB 1090-3","JAR11357F","BP","EO","07-10-2025","F",33,25,483,"impact","impact_1931-1940",34.906619,-106.685289,"mono.salsp","6"
"1245","MSB:Fish:1090",1939,6,9,"MSB 1090-1","JAR11348F","BP","GC","07-10-2025","F",39,30,751,"impact","impact_1931-1940",34.906619,-106.685289,"mono.salsp","22"
"1246","MSB:Fish:10922",1992,7,9,"MSB 10922-3","JAR11592F","BP","KL","07-18-2025","F",33,25,400,"impact","impact_1991-2000",35.10469444,-106.6916667,"mono.salsp","12"
"1247","MSB:Fish:10922",1992,7,9,"MSB 10922-5","JAR115843F","BP","GC","07-18-2025","F",30,24,322,"impact","impact_1991-2000",35.10469444,-106.6916667,"mono.salsp","12"
"1248","MSB:Fish:10922",1992,7,9,"MSB 10922-4","JAR11584F","JG","GC","07-18-2025","F",27,22,141,"impact","impact_1991-2000",35.10469444,-106.6916667,"mono.salsp","4"
"1249","MSB:Fish:10922",1992,7,9,"MSB 10922-2","JAR11586F","JG","GC","07-18-2025","F",25,20,143,"impact","impact_1991-2000",35.10469444,-106.6916667,"mono.salsp","0"
"1250","MSB:Fish:10922",1992,7,9,"MSB 10922-1","JAR11589F","JG","KL","07-18-2025","F",30,25,362,"impact","impact_1991-2000",35.10469444,-106.6916667,"mono.salsp","0"
"1251","MSB:Fish:10944",1992,7,15,"MSB 10944-2","JAR11565F","BP","GC","07-17-2025","F",37,29,751,"impact","impact_1991-2000",35.089293,-106.680842,"mono.salsp","28"
"1252","MSB:Fish:10944",1992,7,15,"MSB 10944-3","JAR11566F","BP","GC","07-17-2025","F",48,36,1418,"impact","impact_1991-2000",35.089293,-106.680842,"mono.salsp","38"
"1253","MSB:Fish:10944",1992,7,15,"MSB 10944-4","JAR11564F","BP","KL","07-17-2025","F",34,27,538,"impact","impact_1991-2000",35.089293,-106.680842,"mono.salsp","38"
"1254","MSB:Fish:10944",1992,7,15,"MSB 10944-5","JAR11567F","BP","KL","07-17-2025","F",35,27,542,"impact","impact_1991-2000",35.089293,-106.680842,"mono.salsp","8"
"1255","MSB:Fish:10944",1992,7,15,"MSB 10944-1","JAR11568F","BP","GC","07-17-2025","F",43,33,1179,"impact","impact_1991-2000",35.089293,-106.680842,"mono.salsp","76"
"1256","MSB:Fish:1098",1939,5,13,"MSB 1098-4","JAR8819F","EO","KL","07-07-2025","F",32,25,352,"impact","impact_1931-1940",35.189406,-106.625396,"mono.salsp","2"
"1257","MSB:Fish:1098",1939,5,13,"MSB 1098-2","JAR8815F","EO","GC","07-07-2025","F",41,33,887,"impact","impact_1931-1940",35.189406,-106.625396,"mono.salsp","2"
"1258","MSB:Fish:1098",1939,5,13,"MSB 1098-3","JAR8817F","EO","KL","07-07-2025",NA,30,24,257,"impact","impact_1931-1940",35.189406,-106.625396,"mono.salsp","2"
"1259","MSB:Fish:1098",1939,5,13,"MSB 1098-5","JAR8812F","EO","KL","07-07-2025",NA,41,33,697,"impact","impact_1931-1940",35.189406,-106.625396,"mono.salsp","2"
"1260","MSB:Fish:1098",1939,5,13,"MSB 1098-1","JAR8814F","EO","KL","07-08-2025","F",46,37,1164,"impact","impact_1931-1940",35.189406,-106.625396,"mono.salsp","4"
"1261","MSB:Fish:1100",1939,2,26,"MSB 1100-4","JAR8824F","BP","KL","07-08-2025","F",28,24,303,"impact","impact_1931-1940",35.072363,-106.668064,"mono.salsp","0"
"1262","MSB:Fish:1100",1939,2,26,"MSB 1100-3","JAR8823F","JG","KL","07-08-2025",NA,33,25,326,"impact","impact_1931-1940",35.072363,-106.668064,"mono.salsp","2"
"1263","MSB:Fish:1100",1939,2,26,"MSB 1100-1","JAR8825F","JG","KL","07-08-2025","F",43,33,679,"impact","impact_1931-1940",35.072363,-106.668064,"mono.salsp","6"
"1264","MSB:Fish:1100",1939,2,26,"MSB 1100-2","JAR8827F","BP","EO ","07-08-2025","F",28,25,318,"impact","impact_1931-1940",35.072363,-106.668064,"mono.salsp","0"
"1265","MSB:Fish:1100",1939,2,26,"MSB 1100-5","JAR8829F","JG","KL","07-08-2025",NA,26,23,226,"impact","impact_1931-1940",35.072363,-106.668064,"mono.salsp","0"
"1266","MSB:Fish:1105",1939,1,20,"MSB 1105-1","JAR11362F","JG","GC","07-10-2025",NA,30,24,202,"impact","impact_1931-1940",35.100259,-106.692107,"mono.salsp","8"
"1267","MSB:Fish:1105",1939,1,30,"MSB 1105-5","JAR11360F","JG","KL","07-10-2025",NA,36,28,396,"impact","impact_1931-1940",35.100259,-106.692107,"mono.salsp","0"
"1268","MSB:Fish:1105",1939,1,30,"MSB 1105-3","JAR11361F","JG","KL","07-10-2025",NA,40,36,728,"impact","impact_1931-1940",35.100259,-106.692107,"mono.salsp","0"
"1269","MSB:Fish:1105",1939,1,30,"MSB 1105-2","JAR11365F","JG","JG","07-10-2025",NA,27,23,158,"impact","impact_1931-1940",35.100259,-106.692107,"mono.salsp","0"
"1270","MSB:Fish:1105",1939,1,30,"MSB 1105-4","JAR11368F","EO","EO","07-10-2025",NA,40,32,456,"impact","impact_1931-1940",35.100259,-106.692107,"mono.salsp","0"
"1271","MSB:Fish:11095",1992,7,21,"MSB 11095-1","JAR11015F","KL","KL","07-23-2025",NA,26,21,178,"impact","impact_1991-2000",35.027111,-106.672944,"mono.salsp","4"
"1272","MSB:Fish:11095",1992,7,21,"MSB 11095-3","JAR11013F","KL","KL","07-23-2025","F",35,28,526,"impact","impact_1991-2000",35.027111,-106.672944,"mono.salsp","2"
"1273","MSB:Fish:11095",1992,7,21,"MSB 11095-2","JAR11016F","KL","KL","07-23-2025","F",33,27,385,"impact","impact_1991-2000",35.027111,-106.672944,"mono.salsp","4"
"1274","MSB:Fish:11095",1992,7,21,"MSB 11095-4","JAR11000F","KL","KL","07-23-2025","F",31,25,375,"impact","impact_1991-2000",35.027111,-106.672944,"mono.salsp","4"
"1275","MSB:Fish:11095",1992,7,21,"MSB 11095-5","JAR11003F","KL","KL","07-23-2025",NA,32,26,460,"impact","impact_1991-2000",35.027111,-106.672944,"mono.salsp","0"
"1276","MSB:Fish:11126",1992,7,22,"MSB 11126-2","JAR11562F","JG","BP","07-17-2025","F",37,30,634,"impact","impact_1991-2000",34.97052778,-106.6911111,"mono.salsp","0"
"1277","MSB:Fish:11126",1992,7,22,"MSB 11126-3","JAR11560F","JG","BP","07-17-2025","F",31,25,355,"impact","impact_1991-2000",34.97052778,-106.6911111,"mono.salsp","0"
"1278","MSB:Fish:11126",1992,7,22,"MSB 11126-1","JAR11561F","EO","EO","07-17-2025","F",45,36,1113,"impact","impact_1991-2000",34.97052778,-106.6911111,"mono.salsp","0"
"1279","MSB:Fish:11126",1992,7,22,"MSB 11126-4","JAR11559F","JG","GC","07-17-2025","F",40,34,733,"impact","impact_1991-2000",34.97052778,-106.6911111,"mono.salsp","0"
"1280","MSB:Fish:11126",1992,7,22,"MSB 11126-5","JAR11558F","EO","KL","07-17-2025","M",26,21,179,"impact","impact_1991-2000",34.97052778,-106.6911111,"mono.salsp","0"
"1281","MSB:Fish:11194",1992,7,24,"MSB 11194-2","JAR11570F","EO","KL","07-17-2025","M",26,22,151,"impact","impact_1991-2000",34.92872222,-106.6818611,"mono.salsp","0"
"1282","MSB:Fish:11194",1992,7,24,"MSB 11194-3","JAR11569F","EO","GC","07-17-2025",NA,28,22,159,"impact","impact_1991-2000",34.92872222,-106.6818611,"mono.salsp","4"
"1283","MSB:Fish:11194",1992,7,24,"MSB 11194-5","JAR11572F","EO","KL","07-17-2025",NA,36,29,658,"impact","impact_1991-2000",34.92872222,-106.6818611,"mono.salsp","2"
"1284","MSB:Fish:11194",1992,7,24,"MSB 11194-4","JAR11571F","EO","EO","07-17-2025","F",35,27,456,"impact","impact_1991-2000",34.92872222,-106.6818611,"mono.salsp","4"
"1285","MSB:Fish:11194",1992,7,24,"MSB 11194-1","JAR11563F","EO","GC","07-17-2025","F",29,24,333,"impact","impact_1991-2000",34.92872222,-106.6818611,"mono.salsp","6"
"1286","MSB:Fish:12010",1992,9,28,"MSB 12010-3","JAR11037F","KL","KL","07-28-2025","F",28,23,210,"control","control_1991-2000",35.211416,-106.612833,"mono.salsp","4"
"1287","MSB:Fish:12010",1992,9,28,"MSB 12010-2","JAR11056F","KL","KL","07-28-2025",NA,27,21.5,211,"control","control_1991-2000",35.211416,-106.612833,"mono.salsp","12"
"1288","MSB:Fish:12010",1992,9,28,"MSB 12010-1","JAR11057F","KL","KL","07-28-2025","F",36,29,446,"control","control_1991-2000",35.211416,-106.612833,"mono.salsp","20"
"1289","MSB:Fish:12010",1992,9,28,"MSB 12010-5","JAR11045F","KL","KL","07-28-2025","F",25,20,156,"control","control_1991-2000",35.211416,-106.612833,"mono.salsp","6"
"1290","MSB:Fish:12010",1992,9,28,"MSB 12010-4","JAR11044F","KL","KL","07-28-2025","F",28,21,210,"control","control_1991-2000",35.211416,-106.612833,"mono.salsp","0"
"1291","MSB:Fish:12531",1992,11,13,"MSB 12531-1","JAR11267F","EO","GC","07-11-2025",NA,46,38,1030,"control","control_1991-2000",35.380486,-106.502059,"mono.salsp","0"
"1292","MSB:Fish:12531",1992,11,13,"MSB 12531-4","JAR11265F","EO","KL","07-11-2025",NA,31,25,317,"control","control_1991-2000",35.380486,-106.502059,"mono.salsp","0"
"1293","MSB:Fish:12531",1992,11,13,"MSB 12531-5","JAR11266F","EO","BP","07-11-2025","F",48,40,1190,"control","control_1991-2000",35.380486,-106.502059,"mono.salsp","0"
"1294","MSB:Fish:12531",1992,11,13,"MSB 12531-2","JAR11263F","EO","KL","07-11-2025",NA,34,27,414,"control","control_1991-2000",35.380486,-106.502059,"mono.salsp","0"
"1295","MSB:Fish:12531",1992,11,13,"MSB 12531-3","JAR11264F","EO","KL","07-11-2025","F",35,28,445,"control","control_1991-2000",35.380486,-106.502059,"mono.salsp","0"
"1296","MSB:Fish:14485",1993,7,13,"MSB 14485-1","JAR11128F","EO","GC","07-17-2025",NA,41,34,760,"impact","impact_1991-2000",34.929964,-106.681431,"mono.salsp","6"
"1297","MSB:Fish:14485",1993,7,13,"MSB 14485-5","JAR11127F","JG","JG","07-17-2025",NA,24,20,116,"impact","impact_1991-2000",34.929964,-106.681431,"mono.salsp","0"
"1298","MSB:Fish:14485",1993,7,13,"MSB 14485-4","JAR11129F","EO","GC","07-17-2025","F",30,23,247,"impact","impact_1991-2000",34.929964,-106.681431,"mono.salsp","0"
"1299","MSB:Fish:14485",1993,7,13,"MSB 14485-3","JAR11557F","EO","KL","07-17-2025","F",37,29,520,"impact","impact_1991-2000",34.929964,-106.681431,"mono.salsp","10"
"1300","MSB:Fish:14485",1993,7,13,"MSB 14485-2","JAR11130F","JG","GC","07-17-2025","F",43,35,751,"impact","impact_1991-2000",34.929964,-106.681431,"mono.salsp","0"
"1301","MSB:Fish:18799",1993,8,12,"MSB 18799-5","JAR11578F","BP","KL","07-17-2025","F",30,23,274,"control","control_1991-2000",35.280904,-106.597587,"mono.salsp","2"
"1302","MSB:Fish:18799",1993,8,12,"MSB 18799-2","JAR11582F","BP","KL","07-17-2025","F",31,25,375,"control","control_1991-2000",35.280904,-106.597587,"mono.salsp","4"
"1303","MSB:Fish:18799",1993,8,12,"MSB 18799-4","JAR11579F","BP","GC","07-17-2025","F",32,26,344,"control","control_1991-2000",35.280904,-106.597587,"mono.salsp","0"
"1304","MSB:Fish:18799",1993,8,12,"MSB 18799-3","JAR11580","BP","EO","07-17-2025","F",36,28,509,"control","control_1991-2000",35.280904,-106.597587,"mono.salsp","4"
"1305","MSB:Fish:18799",1993,8,12,"MSB 18799-1","JAR11581F","BP","KL","07-17-2025","M",29,23,249,"control","control_1991-2000",35.280904,-106.597587,"mono.salsp","4"
"1306","MSB:Fish:19155",1993,8,4,"MSB 19155-1","JAR11020F","KL","KL","07-23-2025","F",38,30,585,"impact","impact_1991-2000",35.017503,-106.672569,"mono.salsp","10"
"1307","MSB:Fish:19155",1993,8,4,"MSB 19155-2","JAR11021F","KL","KL","07-23-2025","F",34,28,495,"impact","impact_1991-2000",35.017503,-106.672569,"mono.salsp","12"
"1308","MSB:Fish:19155",1993,8,4,"MSB 19155-3","JAR11022F","KL","KL","07-23-2025","F",31,26,355,"impact","impact_1991-2000",35.017503,-106.672569,"mono.salsp","4"
"1309","MSB:Fish:19155",1993,8,4,"MSB 19155-5","JAR11012F","KL","KL","07-23-2025","F",38,32,697,"impact","impact_1991-2000",35.017503,-106.672569,"mono.salsp","0"
"1310","MSB:Fish:19155",1993,8,4,"MSB 19155-4","JAR11027F","KL","KL","07-23-2025","F",34,28,NA,"impact","impact_1991-2000",35.017503,-106.672569,"mono.salsp","6"
"1311","MSB:Fish:19170",1993,8,4,"MSB 19170-3","JAR8800F","BP","BP GC","07-07-2025","F",34,26,421,"impact","impact_1991-2000",35.008358,-106.678909,"mono.salsp","0"
"1312","MSB:Fish:19170",1993,8,4,"MSB 19170-5","JAR8798F","EO","JG","07-07-2025","F",32,25,353,"impact","impact_1991-2000",35.008358,-106.678909,"mono.salsp","0"
"1313","MSB:Fish:19170",1993,8,4,"MSB 19170-1","JAR8802F","BP","GC","07-07-2025","F",31,24,355,"impact","impact_1991-2000",35.008358,-106.678909,"mono.salsp","0"
"1314","MSB:Fish:19170",1993,8,4,"MSB 19170-4","JAR8799F","EO","BP","07-07-2025","F",34,27,460,"impact","impact_1991-2000",35.008358,-106.678909,"mono.salsp","0"
"1315","MSB:Fish:19170",1993,8,4,"MSB 19170-2","JAR8801F","EO","BP KL","07-07-2025",NA,35,27,481,"impact","impact_1991-2000",35.008358,-106.678909,"mono.salsp","0"
"1316","MSB:Fish:2795",1969,4,2,"MSB 2795-4","JAR8920F","BP","KL","07-09-2025","F",29,24,236,"control","control_1961-1970",35.253452,-106.592892,"mono.salsp","6"
"1317","MSB:Fish:2795",1969,4,2,"MSB 2795-5","JAR8919F","BP","JG","07-09-2025",NA,25,19,105,"control","control_1961-1970",35.253452,-106.592892,"mono.salsp","0"
"1318","MSB:Fish:2795",1969,4,2,"MSB 2795-2","JAR8925F","BP","GC","07-09-2025",NA,31,24,325,"control","control_1961-1970",35.253452,-106.592892,"mono.salsp","4"
"1319","MSB:Fish:2795",1969,4,2,"MSB 2795-1","JAR8932F","BP","JG","07-09-2025",NA,45,35,820,"control","control_1961-1970",35.253452,-106.592892,"mono.salsp","0"
"1320","MSB:Fish:2795",1969,4,2,"MSB 2795-3","JAR8921F","BP","GC","07-09-2025",NA,46,37,885,"control","control_1961-1970",35.253452,-106.592892,"mono.salsp","4"
"1321","MSB:Fish:280",1949,10,28,"MSB 280-3","JAR8830F","BP","EO","07-08-2025","F",28,20,184,"impact","impact_1941-1950",35.155761,-106.655157,"mono.salsp","0"
"1322","MSB:Fish:280",1949,10,28,"MSB 280-4","JAR8828F","JG","JG","07-08-2025",NA,43,35,824,"impact","impact_1941-1950",35.155761,-106.655157,"mono.salsp","0"
"1323","MSB:Fish:280",1949,10,28,"MSB 280-1","JAR8833F","BP","BP","07-08-2025",NA,33,26,379,"impact","impact_1941-1950",35.155761,-106.655157,"mono.salsp","0"
"1324","MSB:Fish:280",1949,10,28,"MSB 280-5","JAR8826F","JG","JG","07-08-2025",NA,28,23,238,"impact","impact_1941-1950",35.155761,-106.655157,"mono.salsp","0"
"1325","MSB:Fish:280",1949,10,28,"MSB 280-2","JAR8831F","JG","KL","07-08-2025","F",42,33,733,"impact","impact_1941-1950",35.155761,-106.655157,"mono.salsp","0"
"1326","MSB:Fish:285",1961,2,17,"MSB 285-3","JAR11528F","EO","KL","07-15-2025","F",42,34,741,"impact","impact_1961-1970",35.051774,-106.671997,"mono.salsp","0"
"1327","MSB:Fish:285",1961,2,17,"MSB 285-2","JAR11525F","BP","GC","07-15-2025",NA,32,25,318,"impact","impact_1961-1970",35.051774,-106.671997,"mono.salsp","16"
"1328","MSB:Fish:285",1961,2,17,"MSB 285-1","JAR11517F","EO","KL","07-15-2025","F",46,37,1064,"impact","impact_1961-1970",35.051774,-106.671997,"mono.salsp","18"
"1329","MSB:Fish:285",1961,2,17,"MSB 285-4","JAR11530F","BP","KL","07-15-2025","F",34,26,419,"impact","impact_1961-1970",35.051774,-106.671997,"mono.salsp","14"
"1330","MSB:Fish:285",1961,2,17,"MSB 285-5","JAR11520F","EO","EO","07-15-2025","F",29,23,224,"impact","impact_1961-1970",35.051774,-106.671997,"mono.salsp","6"
"1331","MSB:Fish:288",1949,12,3,"MSB 288-1","JAR11272F","BP","GC","07-11-2025","F",41,32,695,"impact","impact_1941-1950",35.068939,-106.663683,"mono.salsp","2"
"1332","MSB:Fish:288",1949,12,3,"MSB 288-4","JAR11269F","BP","BP","07-11-2025",NA,28,22,247,"impact","impact_1941-1950",35.068939,-106.663683,"mono.salsp","0"
"1333","MSB:Fish:288",1949,12,3,"MSB 288-5","JAR11268F","EO","EO","07-11-2025","F",35,28,413,"impact","impact_1941-1950",35.068939,-106.663683,"mono.salsp","2"
"1334","MSB:Fish:288",1949,12,3,"MSB 288-3","JAR11270F","EO","KL","07-11-2025","F",49,40,1240,"impact","impact_1941-1950",35.068939,-106.663683,"mono.salsp","0"
"1335","MSB:Fish:288",1949,12,3,"MSB 288-2","JAR11271F","BP","BP","07-11-2025",NA,30,27,461,"impact","impact_1941-1950",35.068939,-106.663683,"mono.salsp","2"
"1336","MSB:Fish:292",1961,2,12,"MSB 292-3","JAR11553F","JG","KL","07-16-2025","M",25,21,138,"control","control_1961-1970",35.408152,-106.470544,"mono.salsp","2"
"1337","MSB:Fish:292",1961,2,12,"MSB 292-1","JAR11556F","BP","KL","07-16-2025","M",31,24,273,"control","control_1961-1970",35.408152,-106.470544,"mono.salsp","4"
"1338","MSB:Fish:292",1961,2,12,"MSB 292-5","JAR11547F","JG","JG","07-16-2025",NA,25,21,167,"control","control_1961-1970",35.408152,-106.470544,"mono.salsp","4"
"1339","MSB:Fish:292",1961,2,12,"MSB 292-4","JAR11550F","BP","KL","07-16-2025","F",33,25,342,"control","control_1961-1970",35.408152,-106.470544,"mono.salsp","16"
"1340","MSB:Fish:292",1961,2,12,"MSB 292-2","JAR11534F","JG","JG","07-16-2025",NA,25,20,132,"control","control_1961-1970",35.408152,-106.470544,"mono.salsp","4"
"1341","MSB:Fish:305",1949,7,21,"MSB 305-2","JAR8913F","BP","GC","07-09-2025",NA,41,32,810,"impact","impact_1941-1950",35.204443,-106.610046,"mono.salsp","34"
"1342","MSB:Fish:305",1949,7,21,"MSB 305-3","JAR8915F","BP","KL","07-09-2025","F",39,31,840,"impact","impact_1941-1950",35.204443,-106.610046,"mono.salsp","60"
"1343","MSB:Fish:305",1949,7,21,"MSB 305-1","JAR8911F","BP","JG","07-09-2025","F",38,30,653,"impact","impact_1941-1950",35.204443,-106.610046,"mono.salsp","32"
"1344","MSB:Fish:305",1949,7,21,"MSB 305-5","JAR8918F","BP","KL","07-09-2025",NA,41,34,848,"impact","impact_1941-1950",35.204443,-106.610046,"mono.salsp","42"
"1345","MSB:Fish:305",1949,7,21,"MSB 305-4","JAR8917F","BP","EO","07-09-2025","F",26,21,146,"impact","impact_1941-1950",35.204443,-106.610046,"mono.salsp","6"
"1346","MSB:Fish:307",1959,2,24,"MSB 307-1","JAR8797F","BP","GC","07-07-2025","F",30,24,257,"impact","impact_1951-1960",34.987044,-106.690293,"mono.salsp","0"
"1347","MSB:Fish:307",1959,2,24,"MSB 307-2","JAR8796F","JG","KL","07-07-2025","F",31,23,295,"impact","impact_1951-1960",34.987044,-106.690293,"mono.salsp","2"
"1348","MSB:Fish:307",1959,2,24,"MSB 307-5","JAR8793F","JG","GC","07-07-2025",NA,33,24,304,"impact","impact_1951-1960",34.987044,-106.690293,"mono.salsp","0"
"1349","MSB:Fish:307",1959,2,24,"MSB 307-4","JAR8794F","BP","KL","07-07-2025","F",31,26,296,"impact","impact_1951-1960",34.987044,-106.690293,"mono.salsp","0"
"1350","MSB:Fish:307",1959,2,24,"MSB 307-3","JAR8795F","BP","KL","07-07-2025",NA,31,25,277,"impact","impact_1951-1960",34.987044,-106.690293,"mono.salsp","4"
"1351","MSB:Fish:30771",1996,10,30,"MSB 30771-3","JAR11025F","KL","KL","07-28-2025",NA,39,32,613,"control","control_1991-2000",35.38033333,-106.4990556,"mono.salsp","0"
"1352","MSB:Fish:30771",1996,10,30,"MSB 30771-2","JAR11024F","KL","KL","07-28-2025",NA,34,27,361,"control","control_1991-2000",35.38033333,-106.4990556,"mono.salsp","0"
"1353","MSB:Fish:30771",1996,10,30,"MSB 30771-1","JAR11030F","KL","KL","07-28-2025",NA,27,21,182,"control","control_1991-2000",35.38033333,-106.4990556,"mono.salsp","0"
"1354","MSB:Fish:30771",1996,10,30,"MSB 30771-5","JAR11033F","KL","KL","07-28-2025","M",30,23,241,"control","control_1991-2000",35.38033333,-106.4990556,"mono.salsp","0"
"1355","MSB:Fish:30771",1996,10,30,"MSB 30771-4","JAR11028F","KL","KL","07-28-2025",NA,26,20,165,"control","control_1991-2000",35.38033333,-106.4990556,"mono.salsp","2"
"1356","MSB:Fish:315",1949,7,28,"MSB 315-3","JAR11521F","JG","KL","07-15-2025",NA,33,27,445,"impact","impact_1941-1950",35.188761,-106.64706,"mono.salsp","2"
"1357","MSB:Fish:315",1949,7,28,"MSB 315-2","JAR11524F","BP","KL","07-15-2025","F",38,30,666,"impact","impact_1941-1950",35.188761,-106.64706,"mono.salsp","18"
"1358","MSB:Fish:315",1949,7,28,"MSB 315-4","JAR11527F","BP","KL","07-15-2025","F",31,24,301,"impact","impact_1941-1950",35.188761,-106.64706,"mono.salsp","4"
"1359","MSB:Fish:315",1949,7,28,"MSB 315-1","JAR11522F","JG","BP","07-15-2025",NA,38,31,711,"impact","impact_1941-1950",35.188761,-106.64706,"mono.salsp","0"
"1360","MSB:Fish:315",1949,7,28,"MSB 315-5","JAR11544F","JG","EO","07-15-2025","F",35,28,417,"impact","impact_1941-1950",35.188761,-106.64706,"mono.salsp","2"
"1361","MSB:Fish:324",1950,10,18,"MSB 324-2","JAR11336F","BP","KL","07-10-2025","F",45,36,1097,"control","control_1941-1950",35.229809,-106.616288,"mono.salsp","0"
"1362","MSB:Fish:324",1950,10,18,"MSB 324-1","JAR11335F","JG","KL","07-10-2025","F",39,33,691,"control","control_1941-1950",35.229809,-106.616288,"mono.salsp","0"
"1363","MSB:Fish:324",1950,10,18,"MSB 324-5","JAR11339F","BP","KL","07-10-2025","F",39,31,754,"control","control_1941-1950",35.229809,-106.616288,"mono.salsp","0"
"1364","MSB:Fish:324",1950,10,18,"MSB 324-4","JAR11338F","BP","GC","07-10-2025",NA,46,36,1172,"control","control_1941-1950",35.229809,-106.616288,"mono.salsp","12"
"1365","MSB:Fish:324",1950,10,18,"MSB 324-3","JAR11337F","BP","GC","07-10-2025",NA,49,39,1841,"control","control_1941-1950",35.229809,-106.616288,"mono.salsp","10"
"1366","MSB:Fish:326",1949,7,21,"MSB 326-5","JAR8924F","EO","JG","07-09-2025","F",38,32,628,"impact","impact_1941-1950",35.210652,-106.627124,"mono.salsp","4"
"1367","MSB:Fish:326",1949,7,21,"MSB 326-4","JAR8933F","EO","KL","07-09-2025","F",33,27,421,"impact","impact_1941-1950",35.210652,-106.627124,"mono.salsp","4"
"1368","MSB:Fish:326",1949,7,21,"MSB 326-3","JAR8931F","KL","KL","07-09-2025",NA,36,30,581,"impact","impact_1941-1950",35.210652,-106.627124,"mono.salsp","0"
"1369","MSB:Fish:326",1949,7,21,"MSB 326-2","JAR8926F","KL","GC","07-09-2025","F",34,28,560,"impact","impact_1941-1950",35.210652,-106.627124,"mono.salsp","6"
"1370","MSB:Fish:326",1949,7,21,"MSB 326-1","JAR8922F","KL","KL","07-09-2025","F",33,27,355,"impact","impact_1941-1950",35.210652,-106.627124,"mono.salsp","4"
"1371","MSB:Fish:327",1942,2,28,"MSB 327-1","JAR8840F","EO","GC","07-08-2025","F",45,36,927,"control","control_1941-1950",35.37417,-106.49278,"mono.salsp","0"
"1372","MSB:Fish:327",1942,2,28,"MSB 327-4","JAR8842F","EO","GC","07-08-2025",NA,32,25,257,"control","control_1941-1950",35.37417,-106.49278,"mono.salsp","0"
"1373","MSB:Fish:327",1942,2,28,"MSB 327-3","JAR8846F","BP","GC","07-08-2025","F",45,36,910,"control","control_1941-1950",35.37417,-106.49278,"mono.salsp","0"
"1374","MSB:Fish:327",1942,2,28,"MSB 327-2","JAR8903F","EO","JG","07-08-2025",NA,47,38,1118,"control","control_1941-1950",35.37417,-106.49278,"mono.salsp","0"
"1375","MSB:Fish:327",1942,2,28,"MSB 327-5","JAR8844F","BP","GC","07-08-2025","F",25,20,131,"control","control_1941-1950",35.37417,-106.49278,"mono.salsp","0"
"1376","MSB:Fish:330",1949,11,5,"MSB 330-1","JAR11350F","EO","JG","07-10-2025",NA,45,36,982,"control","control_1941-1950",35.211994,-106.631125,"mono.salsp","2"
"1377","MSB:Fish:330",1949,11,5,"MSB 330-3","JAR11356F","EO","GC","07-10-2025",NA,29,23,241,"control","control_1941-1950",35.211994,-106.631125,"mono.salsp","12"
"1378","MSB:Fish:330",1949,11,5,"MSB 330-4","JAR11353F","JG","BP","07-10-2025",NA,32,26,276,"control","control_1941-1950",35.211994,-106.631125,"mono.salsp","0"
"1379","MSB:Fish:330",1949,11,5,"MSB 330-5","JAR11369F","JG","EO","07-10-2025","F",26,22,195,"control","control_1941-1950",35.211994,-106.631125,"mono.salsp","0"
"1380","MSB:Fish:330",1949,11,5,"MSB 330-2","JAR11347F","JG","BP","07-10-2025",NA,34,28,374,"control","control_1941-1950",35.211994,-106.631125,"mono.salsp","0"
"1381","MSB:Fish:334",1952,5,3,"MSB 334-1","JAR11113F","BP","KL","07-16-2025",NA,33,26,309,"control","control_1951-1960",35.302146,-106.571551,"mono.salsp","10"
"1382","MSB:Fish:334",1952,5,3,"MSB 334-3","JAR11107F","BP","JG","07-16-2025",NA,30,24,217,"control","control_1951-1960",35.302146,-106.571551,"mono.salsp","0"
"1383","MSB:Fish:334",1952,5,3,"MSB 334-5","JAR11108F","BP","GC","07-16-2025",NA,27,22,179,"control","control_1951-1960",35.302146,-106.571551,"mono.salsp","2"
"1384","MSB:Fish:334",1952,5,3,"MSB 334-4","JAR11116F","BP","EO","07-16-2025","F",30,23,233,"control","control_1951-1960",35.302146,-106.571551,"mono.salsp","0"
"1385","MSB:Fish:334",1952,5,3,"MSB 334-2","JAR11110F","BP","EO","07-16-2025","F",31,25,293,"control","control_1951-1960",35.302146,-106.571551,"mono.salsp","6"
"1386","MSB:Fish:3391",1965,5,18,"MSB 3391-1","JAR11370F","EO","KL","07-10-2025","F",41,35,794,"control","control_1961-1970",35.383813,-106.481,"mono.salsp","2"
"1387","MSB:Fish:3391",1965,5,18,"MSB 3391-2","JAR11366F","EO","GC","07-10-2025","M",28,23,188,"control","control_1961-1970",35.383813,-106.481,"mono.salsp","0"
"1388","MSB:Fish:3391",1965,5,18,"MSB 3391-5","JAR11367F","EO","JG","07-10-2025","F",35,28,522,"control","control_1961-1970",35.383813,-106.481,"mono.salsp","0"
"1389","MSB:Fish:3391",1965,5,18,"MSB 3391-4","JAR11364F","EO","KL","07-10-2025",NA,33,27,348,"control","control_1961-1970",35.383813,-106.481,"mono.salsp","0"
"1390","MSB:Fish:3391",1965,5,18,"MSB 3391-3","JAR11363F","EO","EO","07-10-2025","F",31,26,296,"control","control_1961-1970",35.383813,-106.481,"mono.salsp","0"
"1391","MSB:Fish:3421",1972,6,19,"MSB 3421-1","JAR11296F","EO","KL","07-14-2025","F",36,29,612,"control","control_1971-1980",35.249718,-106.603396,"mono.salsp","4"
"1392","MSB:Fish:3421",1972,6,19,"MSB 3421-4","JAR11294F","EO","KL","07-14-2025","F",40,33,736,"control","control_1971-1980",35.249718,-106.603396,"mono.salsp","2"
"1393","MSB:Fish:3421",1972,6,19,"MSB 3421-2","JAR11288F","EO","KL","07-14-2025","F",46,37,1270,"control","control_1971-1980",35.249718,-106.603396,"mono.salsp","0"
"1394","MSB:Fish:3421",1972,6,19,"MSB 3421-5","JAR11293F","EO","KL","07-14-2025","F",44,36,1076,"control","control_1971-1980",35.249718,-106.603396,"mono.salsp","34"
"1395","MSB:Fish:3421",1972,6,19,"MSB 3421-3","JAR11291F","EO","KL","07-14-2025","F",42,35,996,"control","control_1971-1980",35.249718,-106.603396,"mono.salsp","4"
"1396","MSB:Fish:365",1947,9,27,"MSB 365-1","JAR11529F","JG","JG","07-15-2025",NA,39,33,608,"control","control_1941-1950",35.321576,-106.555389,"mono.salsp","0"
"1397","MSB:Fish:365",1947,9,27,"MSB 365-5","JAR11531F","JG","JG","07-15-2025",NA,32,25,251,"control","control_1941-1950",35.321576,-106.555389,"mono.salsp","0"
"1398","MSB:Fish:365",1947,9,27,"MSB 365-2","JAR11532F","BP","KL","07-15-2025","F",38,29,390,"control","control_1941-1950",35.321576,-106.555389,"mono.salsp","0"
"1399","MSB:Fish:365",1947,9,27,"MSB 365-3","JAR11526F","JG","KL","07-15-2025","F",37,29,507,"control","control_1941-1950",35.321576,-106.555389,"mono.salsp","8"
"1400","MSB:Fish:365",1947,9,27,"MSB 365-4","JAR11523F","BP","KL","07-15-2025",NA,38,30,356,"control","control_1941-1950",35.321576,-106.555389,"mono.salsp","12"
"1401","MSB:Fish:38942",1997,7,5,"MSB 38942-5","JAR11115F","EO","GC","07-17-2025","F",41,32,883,"control","control_1991-2000",35.28302778,-106.5981389,"mono.salsp","4"
"1402","MSB:Fish:38942",1997,7,5,"MSB 38942-1","JAR11120F","EO","GC","07-17-2025","F",50,42,2039,"control","control_1991-2000",35.28302778,-106.5981389,"mono.salsp","6"
"1403","MSB:Fish:38942",1997,7,5,"MSB 38942-2","JAR11119F","EO","KL","07-17-2025","F",47,39,1803,"control","control_1991-2000",35.28302778,-106.5981389,"mono.salsp","24"
"1404","MSB:Fish:38942",1997,7,5,"MSB 38942-3","JAR11121F","EO","KL","07-17-2025","F",45,38,1685,"control","control_1991-2000",35.28302778,-106.5981389,"mono.salsp","8"
"1405","MSB:Fish:38942",1997,7,5,"MSB 38942-4","JAR11118F","EO","KL","07-17-2025","F",46,38,1451,"control","control_1991-2000",35.28302778,-106.5981389,"mono.salsp","12"
"1406","MSB:Fish:39100",1997,10,15,"MSB 39100-1","JAR11577F","BP","JG","07-17-2025",NA,34,26,374,"control","control_1991-2000",35.322164,-106.557448,"mono.salsp","0"
"1407","MSB:Fish:39100",1997,10,15,"MSB 39100-2","JAR11573F","BP","EO","07-17-2025","F",38,28,500,"control","control_1991-2000",35.322164,-106.557448,"mono.salsp","0"
"1408","MSB:Fish:39100",1997,10,15,"MSB 39100-4","JAR11575F","BP","GC","07-17-2025","F",34,26,403,"control","control_1991-2000",35.322164,-106.557448,"mono.salsp","0"
"1409","MSB:Fish:39100",1997,10,15,"MSB 39100-5","JAR11576F","BP","GC","07-17-2025","F",25,19,144,"control","control_1991-2000",35.322164,-106.557448,"mono.salsp","0"
"1410","MSB:Fish:39100",1997,10,15,"MSB 39100-3","JAR11574F","BP","KL","07-17-2025","M",25,20,167,"control","control_1991-2000",35.322164,-106.557448,"mono.salsp","0"
"1411","MSB:Fish:3993",1977,9,28,"MSB 3993-4","JAR11626F","BP","GC","07-21-2025","F",29,23,333,"impact","impact_1971-1980",35.136341,-106.685742,"mono.salsp","2"
"1412","MSB:Fish:3993",1977,9,28,"MSB 3993-1","JAR11623F","JG","GC","07-21-2025",NA,25,20,170,"impact","impact_1971-1980",35.136341,-106.685742,"mono.salsp","4"
"1413","MSB:Fish:3993",1977,9,28,"MSB 3993-2","JAR11621F","BP","GC","07-21-2025","F",26,20,224,"impact","impact_1971-1980",35.136341,-106.685742,"mono.salsp","12"
"1414","MSB:Fish:3993",1977,9,28,"MSB 3993-3","JAR11618F","JG","BP","07-21-2025","M",28,21,181,"impact","impact_1971-1980",35.136341,-106.685742,"mono.salsp","8"
"1415","MSB:Fish:3993",1977,9,28,"MSB 3993-5","JAR11620F","JG","BP","07-21-2025","M",27,21,186,"impact","impact_1971-1980",35.136341,-106.685742,"mono.salsp","4"
"1416","MSB:Fish:4012",1977,9,28,"MSB 4012-5","JAR11616F","JG","JG","07-21-2025",NA,25,21,169,"impact","impact_1971-1980",35.134932,-106.690783,"mono.salsp","4"
"1417","MSB:Fish:4012",1977,9,28,"MSB 4012-1","JAR11607F","JG","EO","07-21-2025","F",32,25,365,"impact","impact_1971-1980",35.134932,-106.690783,"mono.salsp","0"
"1418","MSB:Fish:4012",1977,9,28,"MSB 4012-4","JAR11613F","BP","GC","07-21-2025","F",26,20,178,"impact","impact_1971-1980",35.134932,-106.690783,"mono.salsp","0"
"1419","MSB:Fish:4012",1977,9,28,"MSB 4012-3","JAR11617F","JG","GC","07-21-2025","F",32,27,303,"impact","impact_1971-1980",35.134932,-106.690783,"mono.salsp","0"
"1420","MSB:Fish:4012",1977,9,28,"MSB 4012-2","JAR11610F","BP","GC","07-21-2025","F",31,24,316,"impact","impact_1971-1980",35.134932,-106.690783,"mono.salsp","0"
"1421","MSB:Fish:4056",1978,5,19,"MSB 4056-2","JAR11322F","EO","KL","07-14-2025","F",36,28,566,"control","control_1971-1980",35.253481,-106.591225,"mono.salsp","6"
"1422","MSB:Fish:4056",1978,5,19,"MSB 4056-3","JAR11318F","EO","JG","07-14-2025","F",37,28,549,"control","control_1971-1980",35.253481,-106.591225,"mono.salsp","8"
"1423","MSB:Fish:4056",1978,5,19,"MSB 4056-4","JAR11317F","EO","JG","07-14-2025","F",34,28,483,"control","control_1971-1980",35.253481,-106.591225,"mono.salsp","0"
"1424","MSB:Fish:4056",1978,5,19,"MSB 4056-1","JAR11319F","EO","GC","07-14-2025","F",37,30,644,"control","control_1971-1980",35.253481,-106.591225,"mono.salsp","6"
"1425","MSB:Fish:4056",1978,5,19,"MSB 4056-5","JAR11321F","EO","GC","07-14-2025","F",34,28,581,"control","control_1971-1980",35.253481,-106.591225,"mono.salsp","4"
"1426","MSB:Fish:4086",1978,9,29,"MSB 4086-3","JAR11342F","BP","JG","07-11-2025",NA,31,24,340,"control","control_1971-1980",35.380072,-106.499406,"mono.salsp","4"
"1427","MSB:Fish:4086",1978,9,29,"MSB 4086-5","JAR11340F","BP","GC","07-11-2025","M",29,23,261,"control","control_1971-1980",35.380072,-106.499406,"mono.salsp","0"
"1428","MSB:Fish:4086",1978,9,29,"MSB 4086-4","JAR11341F","BP","GC","07-11-2025","F",26,19,139,"control","control_1971-1980",35.380072,-106.499406,"mono.salsp","4"
"1429","MSB:Fish:4086",1978,9,29,"MSB 4086-2","JAR11344F","BP","EO","07-11-2025","F",40,30,701,"control","control_1971-1980",35.380072,-106.499406,"mono.salsp","0"
"1430","MSB:Fish:4086",1978,9,29,"MSB 4086-1","JAR11345F","BP","KL","07-11-2025","F",41,32,795,"control","control_1971-1980",35.380072,-106.499406,"mono.salsp","0"
"1431","MSB:Fish:4172",1977,5,10,"MSB 4172-2","JAR11329F","JG","GC","07-14-2025","F",33,29,347,"control","control_1971-1980",35.26637,-106.598674,"mono.salsp","4"
"1432","MSB:Fish:4172",1977,5,10,"MSB 4172-3","JAR11330F","BP","KL","07-14-2025","F",27,21,170,"control","control_1971-1980",35.26637,-106.598674,"mono.salsp","4"
"1433","MSB:Fish:4172",1977,5,10,"MSB 4172-4","JAR11327F","BP","GC","07-14-2025","M",27,21,150,"control","control_1971-1980",35.26637,-106.598674,"mono.salsp","8"
"1434","MSB:Fish:4172",1977,5,10,"MSB 4172-1","JAR11328F","BP","KL","07-14-2025",NA,29,24,252,"control","control_1971-1980",35.26637,-106.598674,"mono.salsp","4"
"1435","MSB:Fish:4172",1977,5,10,"MSB 4172-5","JAR11326F","JG","JG","07-14-2025",NA,27,21,137,"control","control_1971-1980",35.26637,-106.598674,"mono.salsp","6"
"1436","MSB:Fish:4176",1978,5,21,"MSB 4176-5","JAR8822F","JG","KL","07-08-2025","F",29,23,368,"control","control_1971-1980",35.253481,-106.591225,"mono.salsp","10"
"1437","MSB:Fish:4176",1978,5,21,"MSB 4176-1","JAR8821F","BP","JG","07-08-2025","F",38,31,741,"control","control_1971-1980",35.253481,-106.591225,"mono.salsp","0"
"1438","MSB:Fish:4176",1978,5,21,"MSB 4176-3","JAR8818F","JG","KL","07-08-2025","F",33,26,425,"control","control_1971-1980",35.253481,-106.591225,"mono.salsp","2"
"1439","MSB:Fish:4176",1978,5,21,"MSB 4176-2","JAR8816F","BP","EO","07-08-2025","F",39,31,798,"control","control_1971-1980",35.253481,-106.591225,"mono.salsp","0"
"1440","MSB:Fish:4176",1978,5,21,"MSB 4176-4","JAR8820F","BP","JG","07-08-2025","F",38,30,806,"control","control_1971-1980",35.253481,-106.591225,"mono.salsp","12"
"1441","MSB:Fish:43165",1999,4,21,"MSB 43165-3","JAR11124F","EO","KL","07-17-2025","F",35,27,471,"impact","impact_1991-2000",35.027111,-106.672944,"mono.salsp","22"
"1442","MSB:Fish:43165",1999,4,21,"MSB 43165-4","JAR11123F","EO","JG GC","07-17-2025","F",38,30,636,"impact","impact_1991-2000",35.027111,-106.672944,"mono.salsp","0"
"1443","MSB:Fish:43165",1999,4,21,"MSB 43165-2","JAR11125F","EO","EO","07-17-2025","F",38,30,668,"impact","impact_1991-2000",35.027111,-106.672944,"mono.salsp","2"
"1444","MSB:Fish:43165",1999,4,21,"MSB 43165-1","JAR11126F","EO","GC","07-17-2025","F",33,27,464,"impact","impact_1991-2000",35.027111,-106.672944,"mono.salsp","4"
"1445","MSB:Fish:43165",1999,4,21,"MSB 43165-5","JAR11122F","EO","KL","07-17-2025","F",40,32,732,"impact","impact_1991-2000",35.027111,-106.672944,"mono.salsp","2"
"1446","MSB:Fish:43242",1999,7,14,"MSB 43242-5","JAR11026F","KL","KL","07-28-2025",NA,41,33,899,"control","control_1991-2000",35.28302778,-106.5981389,"mono.salsp","6"
"1447","MSB:Fish:43242",1999,7,14,"MSB 43242-4","JAR11034F","KL","KL","07-28-2025","F",32,25,344,"control","control_1991-2000",35.28302778,-106.5981389,"mono.salsp","8"
"1448","MSB:Fish:43242",1999,7,14,"MSB 43242-3","JAR11029F","KL","KL","07-28-2025","F",32,25,338,"control","control_1991-2000",35.28302778,-106.5981389,"mono.salsp","4"
"1449","MSB:Fish:43242",1999,7,14,"MSB 43242-2","JAR11032F","KL","KL","07-28-2025",NA,32,26,416,"control","control_1991-2000",35.28302778,-106.5981389,"mono.salsp","0"
"1450","MSB:Fish:43242",1999,7,14,"MSB 43242-1","JAR11031F","KL","KL","07-28-2025",NA,29,22,249,"control","control_1991-2000",35.28302778,-106.5981389,"mono.salsp","0"
"1451","MSB:Fish:43251",1999,7,15,"MSB 43251-2","JAR11011F","KL","KL","07-23-2025","F",37,29,616,"impact","impact_1991-2000",35.089293,-106.680842,"mono.salsp","0"
"1452","MSB:Fish:43251",1999,7,15,"MSB 43251-1","JAR11014F","KL","KL","07-23-2025",NA,32,26,384,"impact","impact_1991-2000",35.089293,-106.680842,"mono.salsp","4"
"1453","MSB:Fish:43251",1999,7,15,"MSB 43251-4","JAR11018F","KL","KL","07-23-2025","F",32,25,392,"impact","impact_1991-2000",35.089293,-106.680842,"mono.salsp","2"
"1454","MSB:Fish:43251",1999,7,15,"MSB 43251-5","JAR11019F","KL","KL","07-23-2025","F",34,27,NA,"impact","impact_1991-2000",35.089293,-106.680842,"mono.salsp","10"
"1455","MSB:Fish:43251",1999,7,15,"MSB 43251-3","JAR11017F","KL","KL","07-23-2025","F",33,27,379,"impact","impact_1991-2000",35.089293,-106.680842,"mono.salsp","4"
"1456","MSB:Fish:43370",1999,8,25,"MSB 43370-2","JAR11035F","KL","KL","07-28-2025",NA,28,22,215,"control","control_1991-2000",35.28302778,-106.5981389,"mono.salsp","0"
"1457","MSB:Fish:43370",1999,8,25,"MSB 43370-3","JAR11036F","KL","KL","07-28-2025",NA,36,29,480,"control","control_1991-2000",35.28302778,-106.5981389,"mono.salsp","0"
"1458","MSB:Fish:43370",1999,8,25,"MSB 43370-1","JAR11041F","KL","KL","07-28-2025",NA,38,30,NA,"control","control_1991-2000",35.28302778,-106.5981389,"mono.salsp","2"
"1459","MSB:Fish:43370",1999,8,25,"MSB 43370-5","JAR11043F","KL","KL","07-28-2025","M",30,24,225,"control","control_1991-2000",35.28302778,-106.5981389,"mono.salsp","0"
"1460","MSB:Fish:43370",1999,8,25,"MSB 43370-4","JAR11042F","KL","KL","07-28-2025",NA,26,20,154,"control","control_1991-2000",35.28302778,-106.5981389,"mono.salsp","4"
"1461","MSB:Fish:4353",1978,9,8,"MSB 4353-1","JAR11097F","JG","GC","07-16-2025","F",35,29,601,"control","control_1971-1980",35.222784,-106.601974,"mono.salsp","0"
"1462","MSB:Fish:4353",1978,9,8,"MSB 4353-4","JAR11106F","BP","BP","07-16-2025",NA,25,19,157,"control","control_1971-1980",35.222784,-106.601974,"mono.salsp","0"
"1463","MSB:Fish:4353",1978,9,8,"MSB 4353-2","JAR11100F","JG","GC","07-16-2025","M",29,24,212,"control","control_1971-1980",35.222784,-106.601974,"mono.salsp","8"
"1464","MSB:Fish:4353",1978,9,8,"MSB 4353-5","JAR11105F","BP","KL","07-16-2025",NA,25,20,NA,"control","control_1971-1980",35.222784,-106.601974,"mono.salsp","6"
"1465","MSB:Fish:4353",1978,9,8,"MSB 4353-3","JAR11103F","JG","GC","07-16-2025","M",27,22,151,"control","control_1971-1980",35.222784,-106.601974,"mono.salsp","0"
"1466","MSB:Fish:4378",1978,9,23,"MSB 4378-3","JAR11554F","JG","KL","07-16-2025","F",38,32,556,"impact","impact_1971-1980",34.905272,-106.685564,"mono.salsp","4"
"1467","MSB:Fish:4378",1978,9,23,"MSB 4378-5","JAR11545F","BP","GC","07-16-2025","F",36,28,469,"impact","impact_1971-1980",34.905272,-106.685564,"mono.salsp","0"
"1468","MSB:Fish:4378",1978,9,23,"MSB 4378-3","JAR11546F","BP","KL","07-16-2025","F",42,32,738,"impact","impact_1971-1980",34.905272,-106.685564,"mono.salsp","2"
"1469","MSB:Fish:4378",1978,9,23,"MSB 4378-2","JAR11551F","BP","JG","07-16-2025","F",38,30,633,"impact","impact_1971-1980",34.905272,-106.685564,"mono.salsp","6"
"1470","MSB:Fish:4378",1978,9,23,"MSB 4378-1","JAR11548F","BP","KL","07-16-2025","F",37,28,634,"impact","impact_1971-1980",34.905272,-106.685564,"mono.salsp","2"
"1471","MSB:Fish:438",1978,NA,5,"MSB 4389-1","JAR11516F","JG","GC","07-15-2025",NA,38,31,575,NA,NA,NA,NA,"mono.salsp","0"
"1472","MSB:Fish:4385",1978,9,6,"MSB 4385-2","JAR8843F","EO","KL","07-08-2025",NA,30,26,273,"impact","impact_1971-1980",34.905272,-106.685564,"mono.salsp","2"
"1473","MSB:Fish:4385",1978,9,6,"MSB 4385-5","JAR8838F","EO","JG","07-08-2025","F",27,22,197,"impact","impact_1971-1980",34.905272,-106.685564,"mono.salsp","2"
"1474","MSB:Fish:4385",1978,9,6,"MSB 4385-3","JAR8845F","KL","KL","07-08-2025","F",27,23,204,"impact","impact_1971-1980",34.905272,-106.685564,"mono.salsp","4"
"1475","MSB:Fish:4385",1978,9,6,"MSB 4385-4","JAR8839","KL","GC","07-08-2025","F",26,22,222,"impact","impact_1971-1980",34.905272,-106.685564,"mono.salsp","0"
"1476","MSB:Fish:4385",1978,9,6,"MSB 4385-1","JAR8841F","KL","KL","07-08-2025","F",25,21,161,"impact","impact_1971-1980",34.905272,-106.685564,"mono.salsp","2"
"1477","MSB:Fish:4389",1978,9,5,"MSB 4389-2","JAR11519F","JG","GC","07-15-2025","F",34,28,507,"impact","impact_1971-1980",35.092867,-106.682332,"mono.salsp","0"
"1478","MSB:Fish:4389",1978,9,5,"MSB 4389-4","JAR11514F","JG","GC","07-15-2025",NA,40,33,716,"impact","impact_1971-1980",35.092867,-106.682332,"mono.salsp","0"
"1479","MSB:Fish:4389",1978,9,5,"MSB 4389-3","JAR11511F","JG","GC","07-15-2025","M",34,29,461,"impact","impact_1971-1980",35.092867,-106.682332,"mono.salsp","0"
"1480","MSB:Fish:4389",1978,9,5,"MSB 4389-5","JAR11513F","JG","GC","07-15-2025",NA,38,32,654,"impact","impact_1971-1980",35.092867,-106.682332,"mono.salsp","0"
"1481","MSB:Fish:4418",1978,8,3,"MSB 4418-1","JAR11292F","BP","GC","07-14-2025","F",43,34,1443,"impact","impact_1971-1980",34.905272,-106.685564,"mono.salsp","4"
"1482","MSB:Fish:4418",1978,8,3,"MSB 4418-2","JAR11289F","BP","KL","07-14-2025","F",38,30,662,"impact","impact_1971-1980",34.905272,-106.685564,"mono.salsp","0"
"1483","MSB:Fish:4418",1978,8,3,"MSB 4418-5","JAR11297F","EO","KL","07-14-2025","F",40,33,985,"impact","impact_1971-1980",34.905272,-106.685564,"mono.salsp","0"
"1484","MSB:Fish:4418",1978,8,3,"MSB 4418-4","JAR11298F","EO","KL","07-14-2025","F",37,30,678,"impact","impact_1971-1980",34.905272,-106.685564,"mono.salsp","0"
"1485","MSB:Fish:4418",1978,8,3,"MSB 4418-3","JAR11295F","BP","KL","07-14-2025","F",40,31,805,"impact","impact_1971-1980",34.905272,-106.685564,"mono.salsp","0"
"1486","MSB:Fish:4440",1978,9,5,"MSB 4440-2","JAR11555F","BJG","JG","07-16-2025",NA,28,22,223,"impact","impact_1971-1980",35.090702,-106.684514,"mono.salsp","0"
"1487","MSB:Fish:4440",1978,9,5,"MSB 4440-1","JAR11552F","BP","JG","07-16-2025",NA,25,20,138,"impact","impact_1971-1980",35.090702,-106.684514,"mono.salsp","0"
"1488","MSB:Fish:4440",1978,9,5,"MSB 4440-4","JAR11098F","JG","KL","07-16-2025","M",25,21,144,"impact","impact_1971-1980",35.090702,-106.684514,"mono.salsp","2"
"1489","MSB:Fish:4440",1978,9,5,"MSB 4440-3","JAR11095F","BP","GC","07-16-2025","M",27,20,205,"impact","impact_1971-1980",35.090702,-106.684514,"mono.salsp","0"
"1490","MSB:Fish:4440",1978,9,5,"MSB 4440-5","JAR11549F","BP","GC","07-16-2025","M",26,20,151,"impact","impact_1971-1980",35.090702,-106.684514,"mono.salsp","2"
"1491","MSB:Fish:4453",1978,9,5,"MSB 4453-5","JAR8940F","EO","GC","07-10-2025","M",27,22,167,"impact","impact_1971-1980",35.10562,-106.681074,"mono.salsp","0"
"1492","MSB:Fish:4453",1978,9,5,"MSB 4453-1","JAR11359F","EO","KL","07-10-2025","F",36,30,577,"impact","impact_1971-1980",35.10562,-106.681074,"mono.salsp","8"
"1493","MSB:Fish:4453",1978,9,5,"MSB 4453-3","JAR8938F","EO","KL","07-10-2025","M",28,22,149,"impact","impact_1971-1980",35.10562,-106.681074,"mono.salsp","2"
"1494","MSB:Fish:4453",1978,9,5,"MSB 4453-2","JAR8936F","EO ","GC","07-10-2025","F",39,31,742,"impact","impact_1971-1980",35.10562,-106.681074,"mono.salsp","6"
"1495","MSB:Fish:4453",1978,9,5,"MSB 4453-4","JAR8942F","EO","JG","07-10-2025",NA,26,22,143,"impact","impact_1971-1980",35.10562,-106.681074,"mono.salsp","0"
"1496","MSB:Fish:4462",1978,6,14,"MSB 4462-1","JAR11541F","BP","BP","07-15-2025",NA,27,22,205,"control","control_1971-1980",35.322164,-106.557448,"mono.salsp","0"
"1497","MSB:Fish:4462",1978,6,14,"MSB 4462-2","JAR11540F","BP","EO","07-15-2025","F",36,27,517,"control","control_1971-1980",35.322164,-106.557448,"mono.salsp","8"
"1498","MSB:Fish:4462",1978,6,14,"MSB 4462-5","JAR11535F","BP","GC","07-15-2025","M",26,20,170,"control","control_1971-1980",35.322164,-106.557448,"mono.salsp","0"
"1499","MSB:Fish:4462",1978,6,14,"MSB 4462-3","JAR11538F","BP","KL","07-15-2025","F",27,20,195,"control","control_1971-1980",35.322164,-106.557448,"mono.salsp","6"
"1500","MSB:Fish:4462",1978,6,14,"MSB 4462-4","JAR11543F","BP","GC","07-15-2025","M",27,20,197,"control","control_1971-1980",35.322164,-106.557448,"mono.salsp","0"
"1501","MSB:Fish:4486",1978,9,29,"MSB 4486-1","JAR11274F","JG","KL","07-11-2025","F",29,24,252,"control","control_1971-1980",35.383856,-106.490929,"mono.salsp","0"
"1502","MSB:Fish:4486",1978,9,29,"MSB 4486-2","JAR11324F","JG","KL","07-11-2025","M",25,20,171,"control","control_1971-1980",35.383856,-106.490929,"mono.salsp","0"
"1503","MSB:Fish:4486",1978,9,29,"MSB 4486-3","JAR11325F","KL","EO","07-11-2025","F",28,23,227,"control","control_1971-1980",35.383856,-106.490929,"mono.salsp","0"
"1504","MSB:Fish:4486",1978,9,29,"MSB 4486-4","JAR11323F","KL","KL","07-11-2025",NA,27,22,226,"control","control_1971-1980",35.383856,-106.490929,"mono.salsp","0"
"1505","MSB:Fish:4486",1978,9,29,"MSB 4486-5","JAR11273F","KL","KL","07-11-2025",NA,25,20,158,"control","control_1971-1980",35.383856,-106.490929,"mono.salsp","0"
"1506","MSB:Fish:4748",1978,9,5,"MSB 4748-1","JAR8904F","BP","JG","07-09-2025",NA,33,25,374,"impact","impact_1971-1980",35.197227,-106.642667,"mono.salsp","4"
"1507","MSB:Fish:4748",1978,9,5,"MSB 4748-3","JAR8907F","BP","EO","07-09-2025","F",34,27,362,"impact","impact_1971-1980",35.197227,-106.642667,"mono.salsp","8"
"1508","MSB:Fish:4748",1978,9,5,"MSB 4748-2","JAR8909F","EO","JG","07-09-2025",NA,36,28,522,"impact","impact_1971-1980",35.197227,-106.642667,"mono.salsp","0"
"1509","MSB:Fish:4748",1978,9,5,"MSB 4748-5","JAR8905F","BP","GC","07-09-2025",NA,30,24,278,"impact","impact_1971-1980",35.197227,-106.642667,"mono.salsp","0"
"1510","MSB:Fish:4748",1978,9,5,"MSB 4748-4","JAR8906F","EO","GC","07-09-2025",NA,29,23,213,"impact","impact_1971-1980",35.197227,-106.642667,"mono.salsp","0"
"1511","MSB:Fish:4750",1978,9,29,"MSB 4750-5","JAR8807F","EO","JG KL","07-07-2025",NA,34,27,447,"control","control_1971-1980",35.385246,-106.478952,"mono.salsp","10"
"1512","MSB:Fish:4750",1978,9,29,"MSB 4750-3","JAR8809F","EO","GC","07-07-2025","F",44,35,886,"control","control_1971-1980",35.385246,-106.478952,"mono.salsp","14"
"1513","MSB:Fish:4750",1978,9,29,"MSB 4750-1","JAR8811F","BP","JG GC","07-07-2025","F",40,32,703,"control","control_1971-1980",35.385246,-106.478952,"mono.salsp","0"
"1514","MSB:Fish:4750",1978,9,29,"MSB 4750-4","JAR8813F","BP","KL","07-07-2025","F",39,31,703,"control","control_1971-1980",35.385246,-106.478952,"mono.salsp","16"
"1515","MSB:Fish:4750",1978,9,29,"MSB 4750-2","JAR8808F","JG","KL","07-07-2025","F",41,36,1080,"control","control_1971-1980",35.385246,-106.478952,"mono.salsp","2"
"1516","MSB:Fish:515",1949,11,19,"MSB 515-4","JAR11287F","EO","KL","07-14-2025","F",37,32,1145,"impact","impact_1941-1950",35.20447,-106.610066,"mono.salsp","0"
"1517","MSB:Fish:515",1949,11,19,"MSB 515-1","JAR11307F","EO","KL","07-14-2025",NA,43,36,964,"impact","impact_1941-1950",35.20447,-106.610066,"mono.salsp","0"
"1518","MSB:Fish:515",1949,11,19,"MSB 515-3","JAR11290F","EO","GC","07-14-2025","F",39,32,785,"impact","impact_1941-1950",35.20447,-106.610066,"mono.salsp","2"
"1519","MSB:Fish:515",1949,11,19,"MSB 515-2","JAR11310F","EO","GC","07-14-2025","F",37,30,662,"impact","impact_1941-1950",35.20447,-106.610066,"mono.salsp",NA
"1520","MSB:Fish:515",1949,11,19,"MSB 515-5","JAR11304F","EO","JG","07-14-2025","F",43,35,1190,"impact","impact_1941-1950",35.20447,-106.610066,"mono.salsp","0"
"1521","MSB:Fish:5811",1987,9,9,"MSB 5811-4","JAR8806F","EO","KL","07-07-2025","F",34,27,481,"control","control_1981-1990",35.322164,-106.557448,"mono.salsp","4"
"1522","MSB:Fish:5811",1987,9,9,"MSB 5811-5","JAR8810F","BP","GC","07-07-2025","F",32,26,411,"control","control_1981-1990",35.322164,-106.557448,"mono.salsp","8"
"1523","MSB:Fish:5811",1987,9,9,"MSB 5811-2","JAR8804F","EO","GC","07-07-2025",NA,41,34,755,"control","control_1981-1990",35.322164,-106.557448,"mono.salsp","8"
"1524","MSB:Fish:5811",1987,9,9,"MSB 5811-1","JAR8803F","BP","EO GC","07-07-2025","F",39,31,706,"control","control_1981-1990",35.322164,-106.557448,"mono.salsp","6"
"1525","MSB:Fish:5811",1987,9,9,"MSB 5811-3","JAR8805F","BP","JG KL","07-07-2025",NA,35,27,556,"control","control_1981-1990",35.322164,-106.557448,"mono.salsp","10"
"1526","MSB:Fish:5822",1987,9,10,"MSB 5822-1","JAR11343F","BP","GC","07-10-2025","F",34,26,358,"impact","impact_1981-1990",34.905272,-106.685564,"mono.salsp","4"
"1527","MSB:Fish:5822",1987,9,10,"MSB 5822-5","JAR11352F","BP","JG","07-10-2025",NA,29,21,200,"impact","impact_1981-1990",34.905272,-106.685564,"mono.salsp","0"
"1528","MSB:Fish:5822",1987,9,10,"MSB 5822-2","JAR11346F","BP","GC","07-10-2025","F",36,29,480,"impact","impact_1981-1990",34.905272,-106.685564,"mono.salsp","0"
"1529","MSB:Fish:5822",1987,9,10,"MSB 5822-4","JAR11355F","JG","JG","07-10-2025",NA,25,20,153,"impact","impact_1981-1990",34.905272,-106.685564,"mono.salsp","0"
"1530","MSB:Fish:5822",1987,9,10,"MSB 5822-3","JAR11358F","BP","JG","07-10-2025","F",41,32,826,"impact","impact_1981-1990",34.905272,-106.685564,"mono.salsp","0"
"1531","MSB:Fish:62355",2000,9,14,"MSB 62355-1","JAR11052F","KL","KL","07-28-2025","F",32,25,322,"control","control_1991-2000",35.28373,-106.59878,"mono.salsp","0"
"1532","MSB:Fish:62355",2000,9,14,"MSB 62355-3","JAR11053F","KL","KL","07-28-2025","F",29,24,210,"control","control_1991-2000",35.28373,-106.59878,"mono.salsp","4"
"1533","MSB:Fish:62355",2000,9,14,"MSB 62355-2","JAR11055F","KL","KL","07-28-2025",NA,33,26,326,"control","control_1991-2000",35.28373,-106.59878,"mono.salsp","0"
"1534","MSB:Fish:62355",2000,9,14,"MSB 62355-5","JAR11058F","KL","KL","07-28-2025",NA,25,21,152,"control","control_1991-2000",35.28373,-106.59878,"mono.salsp","0"
"1535","MSB:Fish:62355",2000,9,14,"MSB 62355-4","JAR11054F","KL","KL","07-28-2025","F",32,25,308,"control","control_1991-2000",35.28373,-106.59878,"mono.salsp","8"
"1536","MSB:Fish:6300",1988,11,12,"MSB 6300-5","JAR11624F","JG","GC","07-21-2025","F",33,27,377,"impact","impact_1981-1990",35.017903,-106.661847,"mono.salsp","0"
"1537","MSB:Fish:6300",1988,11,12,"MSB 6300-1","JAR11625F","BP","BP","07-21-2025","M",33,26,347,"impact","impact_1981-1990",35.017903,-106.661847,"mono.salsp","0"
"1538","MSB:Fish:6300",1988,11,12,"MSB 6300-4","JAR11622F","JG","BP","07-21-2025",NA,33,25,280,"impact","impact_1981-1990",35.017903,-106.661847,"mono.salsp","0"
"1539","MSB:Fish:6300",1988,11,12,"MSB 6300-3","JAR11627F","BP","EO","07-21-2025","F",33,25,348,"impact","impact_1981-1990",35.017903,-106.661847,"mono.salsp","0"
"1540","MSB:Fish:6300",1988,11,12,"MSB 6300-2","JAR11619F","JG","GC","07-21-2025","F",34,27,388,"impact","impact_1981-1990",35.017903,-106.661847,"mono.salsp","0"
"1541","MSB:Fish:6405",1989,10,16,"MSB 6405-4","JAR11312F","BP","GC","07-14-2025","F",37,29,435,"impact","impact_1981-1990",35.089293,-106.680842,"mono.salsp","2"
"1542","MSB:Fish:6405",1989,10,16,"MSB 6405-2","JAR11315F","JG","EO","07-14-2025","F",37,31,537,"impact","impact_1981-1990",35.089293,-106.680842,"mono.salsp","0"
"1543","MSB:Fish:6405",1989,10,16,"MSB 6405-3","JAR11313F","JG","GC","07-14-2025","F",33,26,403,"impact","impact_1981-1990",35.089293,-106.680842,"mono.salsp","0"
"1544","MSB:Fish:6405",1989,10,16,"MSB 6405-1","JAR1131F","BP","KL","07-14-2025","F",32,24,325,"impact","impact_1981-1990",35.089293,-106.680842,"mono.salsp","0"
"1545","MSB:Fish:6405",1989,10,16,"MSB 6405-5","JAR11314F","JG","JG","07-14-2025",NA,34,27,398,"impact","impact_1981-1990",35.089293,-106.680842,"mono.salsp","0"
"1546","MSB:Fish:68470",1984,8,15,"MSB 68470-3","JAR11608F","BP","JG","07-18-2025","F",44,33,959,"impact","impact_1981-1990",35.089293,-106.680842,"mono.salsp","0"
"1547","MSB:Fish:68470",1984,8,15,"MSB 68470-1","JAR11604F","BP","KL","07-18-2025","F",41,31,874,"impact","impact_1981-1990",35.089293,-106.680842,"mono.salsp","10"
"1548","MSB:Fish:68470",1984,8,15,"MSB 68470-5","JAR11601F","BP","EO","07-18-2025","F",37,29,554,"impact","impact_1981-1990",35.089293,-106.680842,"mono.salsp","4"
"1549","MSB:Fish:68470",1984,8,15,"MSB 68470-2","JAR11605F","JG","GC","07-18-2025","F",37,30,568,"impact","impact_1981-1990",35.089293,-106.680842,"mono.salsp","0"
"1550","MSB:Fish:68470",1984,8,15,"MSB 68470-4","JAR11611F","JG","JG","07-18-2025",NA,35,30,521,"impact","impact_1981-1990",35.089293,-106.680842,"mono.salsp","12"
"1551","MSB:Fish:68483",1984,8,15,"MSB 68483-5","JAR11593F","JG","EO","07-18-2025","F",39,32,596,"impact","impact_1981-1990",35.069907,-106.658878,"mono.salsp","0"
"1552","MSB:Fish:68483",1984,8,15,"MSB 68483-1","JAR11594F","JG","JG","07-18-2025","F",36,29,526,"impact","impact_1981-1990",35.069907,-106.658878,"mono.salsp","0"
"1553","MSB:Fish:68483",1984,8,15,"MSB 68483-4","JAR11599","JG","GC","07-18-2025","F",37,30,507,"impact","impact_1981-1990",35.069907,-106.658878,"mono.salsp","6"
"1554","MSB:Fish:68483",1984,8,15,"MSB 68483-3","JAR11602F","BP","BP","07-18-2025","F",36,29,500,"impact","impact_1981-1990",35.069907,-106.658878,"mono.salsp","0"
"1555","MSB:Fish:68483",1984,8,15,"MSB 68483-2","JAR11596F","JG","KL","07-18-2025","F",35,29,498,"impact","impact_1981-1990",35.069907,-106.658878,"mono.salsp","0"
"1556","MSB:Fish:68508",1984,8,15,"MSB 68508-2","JAR11591F","JG","JG","07-21-2025","F",34,27,416,"control","control_1981-1990",35.225523,-106.597651,"mono.salsp","0"
"1557","MSB:Fish:68508",1984,8,15,"MSB 68508-4","JAR11588F","JG","GC","07-21-2025","F",35,28,587,"control","control_1981-1990",35.225523,-106.597651,"mono.salsp","0"
"1558","MSB:Fish:68508",1984,8,15,"MSB 68508-5","JAR11587F","BP","JG","07-21-2025","F",33,25,397,"control","control_1981-1990",35.225523,-106.597651,"mono.salsp","4"
"1559","MSB:Fish:68508",1984,8,15,"MSB 68508-3","JAR11585F","BP","EO","07-21-2025","F",37,28,556,"control","control_1981-1990",35.225523,-106.597651,"mono.salsp","2"
"1560","MSB:Fish:68508",1984,8,15,"MSB 68508-1","JAR11590F","BP","GC","07-21-2025","F",36,27,487,"control","control_1981-1990",35.225523,-106.597651,"mono.salsp","2"
"1561","MSB:Fish:68521",1984,8,16,"MSB 68521-5","JAR11597F","BP","JG","07-18-2025","F",32,25,429,"control","control_1981-1990",35.211416,-106.612833,"mono.salsp","0"
"1562","MSB:Fish:68521",1984,8,16,"MSB 68521-4","JAR11598F","BP","KL","07-18-2025","F",31,24,369,"control","control_1981-1990",35.211416,-106.612833,"mono.salsp","2"
"1563","MSB:Fish:68521",1984,8,16,"MSB 68521-1","JAR11600F","JG","KL","07-18-2025","F",39,31,597,"control","control_1981-1990",35.211416,-106.612833,"mono.salsp","0"
"1564","MSB:Fish:68521",1984,8,16,"MSB 68521-3","JAR11595F","JG","BP","07-18-2025","F",39,31,719,"control","control_1981-1990",35.211416,-106.612833,"mono.salsp","0"
"1565","MSB:Fish:68521",1984,8,16,"MSB 68521-2","JAR11603F","BP","BP","07-18-2025","F",36,27,661,"control","control_1981-1990",35.211416,-106.612833,"mono.salsp","2"
"1566","MSB:Fish:7208",1989,11,4,"MSB 7208-3","JAR11518F","BP","GC","07-14-2025",NA,32,25,345,"impact","impact_1981-1990",35.205042,-106.609081,"mono.salsp","0"
"1567","MSB:Fish:7208",1989,11,4,"MSB 7208-2","JAR11515F","EO","JG","07-14-2025",NA,38,31,650,"impact","impact_1981-1990",35.205042,-106.609081,"mono.salsp","0"
"1568","MSB:Fish:7208",1989,11,4,"MSB 7208-5","JAR11509F","BP","GC","07-14-2025","F",34,25,381,"impact","impact_1981-1990",35.205042,-106.609081,"mono.salsp","0"
"1569","MSB:Fish:7208",1989,11,4,"MSB 7208-1","JAR11510F","BP","KL","07-14-2025","F",36,26,645,"impact","impact_1981-1990",35.205042,-106.609081,"mono.salsp","0"
"1570","MSB:Fish:7208",1989,11,4,"MSB 7208-4","JAR11512F","EO","GC","07-14-2025","F",37,29,482,"impact","impact_1981-1990",35.205042,-106.609081,"mono.salsp","0"
"1571","MSB:Fish:7239",1989,11,12,"MSB 7230-1","JAR11606F","JG","GC","07-21-2025","F",30,23,279,"impact","impact_1981-1990",34.994298,-106.678945,"mono.salsp","0"
"1572","MSB:Fish:7239",1989,11,12,"MSB 7239-4","JAR11615F","BP","EO","07-21-2025","F",29,22,268,"impact","impact_1981-1990",34.994298,-106.678945,"mono.salsp","0"
"1573","MSB:Fish:7239",1989,11,12,"MSB 7239-2","JAR11612F","BP","JG","07-21-2025",NA,36,27,500,"impact","impact_1981-1990",34.994298,-106.678945,"mono.salsp","0"
"1574","MSB:Fish:7239",1989,11,12,"MSB 7239-3","JAR11609F","JG","GC","07-21-2025",NA,27,22,204,"impact","impact_1981-1990",34.994298,-106.678945,"mono.salsp","0"
"1575","MSB:Fish:7239",1989,11,12,"MSB 7239-5","JAR11614F","JG","EO","07-21-2025","F",30,24,281,"impact","impact_1981-1990",34.994298,-106.678945,"mono.salsp","0"
"1576","MSB:Fish:73719",2002,9,16,"MSB 73719-4","JAR11050F","KL","KL","07-28-2025","F",38,31,612,"control","control_2001-2010",35.322164,-106.557448,"mono.salsp","0"
"1577","MSB:Fish:73719",2002,9,16,"MSB 73719-5","JAR11051F","KL","KL","07-28-2025",NA,36,29,495,"control","control_2001-2010",35.322164,-106.557448,"mono.salsp","0"
"1578","MSB:Fish:73719",2002,9,16,"MSB 73719-3","JAR11049F","KL","KL","07-28-2025","F",40,32,748,"control","control_2001-2010",35.322164,-106.557448,"mono.salsp","0"
"1579","MSB:Fish:73719",2002,9,16,"MSB 73719-2","JAR11048F","KL","KL","07-28-2025","F",41,34,824,"control","control_2001-2010",35.322164,-106.557448,"mono.salsp","2"
"1580","MSB:Fish:73719",2002,9,16,"MSB 73719-1","JAR11047F","KL","KL","07-28-2025",NA,37,30,488,"control","control_2001-2010",35.322164,-106.557448,"mono.salsp","0"
"1581","MSB:Fish:7971",1990,10,22,"MSB 7971-2","JAR8910F","BP","EO","07-09-2025","F",29,24,264,"impact","impact_1981-1990",35.089293,-106.680842,"mono.salsp","2"
"1582","MSB:Fish:7971",1990,10,22,"MSB 7971-1","JAR8912F","EO","KL","07-09-2025","F",38,30,560,"impact","impact_1981-1990",35.089293,-106.680842,"mono.salsp","0"
"1583","MSB:Fish:7971",1990,10,22,"MSB 7971-3","JAR8908F","EO","BP","07-09-2025","F",33,25,370,"impact","impact_1981-1990",35.089293,-106.680842,"mono.salsp","0"
"1584","MSB:Fish:7971",1990,10,22,"MSB 7971-5","JAR8916F","EO","BP","07-09-2025","F",28,21,207,"impact","impact_1981-1990",35.089293,-106.680842,"mono.salsp","0"
"1585","MSB:Fish:7971",1990,10,22,"MSB 7971-4","JAR8914F","BP","GC","07-09-2025",NA,26,21,155,"impact","impact_1981-1990",35.089293,-106.680842,"mono.salsp","4"
"1586","MSB:Fish:9004",1998,10,28,"MSB 9004-5","JAR11300F","JG","BP","07-14-2025","F",34,28,428,"impact","impact_1981-1990",35.196977,-106.642444,"mono.salsp","2"
"1587","MSB:Fish:9004",1990,10,28,"MSB 9004-1","JAR11303F","BP","BP","07-14-2025",NA,33,27,388,"impact","impact_1981-1990",35.196977,-106.642444,"mono.salsp","0"
"1588","MSB:Fish:9004",1990,10,28,"MSB 9004-4","JAR11301F","JG","GC","07-14-2025",NA,34,28,405,"impact","impact_1981-1990",35.196977,-106.642444,"mono.salsp","0"
"1589","MSB:Fish:9004",1990,10,28,"MSB 9004-2","JAR11306F","JG","KL","07-14-2025",NA,32,25,351,"impact","impact_1981-1990",35.196977,-106.642444,"mono.salsp","0"
"1590","MSB:Fish:9004",1990,10,28,"MSB 9004-3","JAR11309F","JG","KL","07-14-2025","F",40,32,595,"impact","impact_1981-1990",35.196977,-106.642444,"mono.salsp","0"
"1591","MSB:Fish:9011",1990,10,28,"MSB 9011-1","JAR11099F","JG","GC","07-16-2025",NA,36,30,481,"control","control_1981-1990",35.28086111,-106.5988056,"mono.salsp","2"
"1592","MSB:Fish:9011",1990,10,28,"MSB 9011-3","JAR11104F","JG","JG","07-16-2025",NA,35,27,423,"control","control_1981-1990",35.28086111,-106.5988056,"mono.salsp","0"
"1593","MSB:Fish:9011",1990,10,28,"MSB 9011-5","JAR11101F","JG","KL","07-16-2025",NA,30,24,291,"control","control_1981-1990",35.28086111,-106.5988056,"mono.salsp","0"
"1594","MSB:Fish:9011",1990,10,28,"MSB 9011-4","JAR11096F","BP","GC","07-16-2025","F",32,23,324,"control","control_1981-1990",35.28086111,-106.5988056,"mono.salsp","0"
"1595","MSB:Fish:9011",1990,10,28,"MSB 9011-2","JAR11102F","JG","GC","07-16-2025",NA,36,31,550,"control","control_1981-1990",35.28086111,-106.5988056,"mono.salsp","0"
"1596","MSB:Fish:9465",1989,2,26,"MSB 9465-1","JAR11536F","EO","KL","07-15-2025","F",38,31,553,"impact","impact_1981-1990",34.917008,-106.675195,"mono.salsp","34"
"1597","MSB:Fish:9465",1989,2,26,"MSB 9465-4","JAR11539F","EO","KL","07-15-2025","F",47,38,1063,"impact","impact_1981-1990",34.917008,-106.675195,"mono.salsp","0"
"1598","MSB:Fish:9465",1989,2,26,"MSB 9465-3","JAR11542F","BP","GC","07-15-2025",NA,39,30,565,"impact","impact_1981-1990",34.917008,-106.675195,"mono.salsp","2"
"1599","MSB:Fish:9465",1989,2,26,"MSB 9465-5","JAR11533F","BP","JG","07-15-2025",NA,39,30,778,"impact","impact_1981-1990",34.917008,-106.675195,"mono.salsp","6"
"1600","MSB:Fish:9465",1989,2,26,"MSB 9465-2","JAR11537F","EO","GC","07-15-2025","F",47,38,1184,"impact","impact_1981-1990",34.917008,-106.675195,"mono.salsp","4"
"1601","MSB:Fish:1078",1939,1,30,"MSB 1078-1","JAR11299F","BP","JG","07-14-2025","F",40,31,647,"impact","impact_1931-1940",35.087167,-106.682164,"mono.ss","0"
"1602","MSB:Fish:1078",1939,1,30,"MSB 1078-2","JAR11302F","JG","KL","07-14-2025",NA,41,32,699,"impact","impact_1931-1940",35.087167,-106.682164,"mono.ss","0"
"1603","MSB:Fish:1078",1939,1,30,"MSB 1078-3","JAR11305F","BP","KL","07-14-2025",NA,43,35,798,"impact","impact_1931-1940",35.087167,-106.682164,"mono.ss","0"
"1604","MSB:Fish:1078",1939,1,30,"MSB 1078-4","JAR11320F","JG","GC","07-14-2025","F",43,37,1027,"impact","impact_1931-1940",35.087167,-106.682164,"mono.ss","0"
"1605","MSB:Fish:1078",1939,1,30,"MSB 1078-5","JAR11308F","BP","KL","07-14-2025",NA,39,29,627,"impact","impact_1931-1940",35.087167,-106.682164,"mono.ss","0"
"1606","MSB:Fish:1079",1941,9,14,"MSB 1079-5","JAR11311F","JG","KL","07-14-2025",NA,37,29,441,"impact","impact_1941-1950",35.096748,-106.692027,"mono.ss","0"
"1607","MSB:Fish:1079",1941,9,14,"MSB 1079-3","JAR11332F","BP","GC","07-14-2025","F",33,25,457,"impact","impact_1941-1950",35.096748,-106.692027,"mono.ss","0"
"1608","MSB:Fish:1079",1941,9,14,"MSB 1079-1","JAR11334F","BP","GC","07-14-2025",NA,29,24,231,"impact","impact_1941-1950",35.096748,-106.692027,"mono.ss","0"
"1609","MSB:Fish:1079",1941,9,14,"MSB 1079-2","JAR11331F","JG","KL","07-14-2025",NA,35,29,447,"impact","impact_1941-1950",35.096748,-106.692027,"mono.ss","0"
"1610","MSB:Fish:1079",1941,9,14,"MSB 1079-4","JAR11333F","BP","GC","07-14-2025","F",44,33,754,"impact","impact_1941-1950",35.096748,-106.692027,"mono.ss","0"
"1611","MSB:Fish:1081",1939,3,17,"MSB 1081-5","JAR8835F","BP","EO","07-08-2025","F",28,22,226,"impact","impact_1931-1940",35.072363,-106.668064,"mono.ss","0"
"1612","MSB:Fish:1081",1939,3,17,"MSB 1081-4","JAR8832F","JG","KL","07-08-2025","F",27,22,188,"impact","impact_1931-1940",35.072363,-106.668064,"mono.ss","0"
"1613","MSB:Fish:1081",1939,3,17,"MSB 1081-2","JAR8836","JG","BP","07-08-2025",NA,29,24,239,"impact","impact_1931-1940",35.072363,-106.668064,"mono.ss","0"
"1614","MSB:Fish:1081",1939,3,17,"MSB 1081-1","JAR8837F","BP","BP","07-08-2025","F",43,33,868,"impact","impact_1931-1940",35.072363,-106.668064,"mono.ss","0"
"1615","MSB:Fish:1081",1939,3,17,"MSB 1081-3","JAR8834F","BP","JG","07-08-2025",NA,27,21,176,"impact","impact_1931-1940",35.072363,-106.668064,"mono.ss","0"
"1616","MSB:Fish:1082",1938,10,18,"MSB 1082-1","JAR8930F","BP","EO","07-09-2025","F",41,32,722,"impact","impact_1931-1940",35.100259,-106.692107,"mono.ss","0"
"1617","MSB:Fish:1082",1938,10,18,"MSB 1082-4","JAR8934F","BP","BP","07-09-2025",NA,31,24,264,"impact","impact_1931-1940",35.100259,-106.692107,"mono.ss","0"
"1618","MSB:Fish:1082",1938,10,18,"MSB 1082-2","JAR8928F","EO","GC","07-09-2025","F",40,33,627,"impact","impact_1931-1940",35.100259,-106.692107,"mono.ss","0"
"1619","MSB:Fish:1082",1938,10,18,"MSB 1082-5","JAR8927F","EO","KL","07-09-2025",NA,25,21,140,"impact","impact_1931-1940",35.100259,-106.692107,"mono.ss","0"
"1620","MSB:Fish:1082",1938,10,18,"MSB 1082-3","JAR8929F","EO","KL","07-09-2025","F",34,28,397,"impact","impact_1931-1940",35.100259,-106.692107,"mono.ss","10"
"1621","MSB:Fish:1085",1939,5,13,"MSB 1085-5","JAR8935F","JG","GC","07-10-2025","F",50,39,1499,"impact","impact_1931-1940",35.192334,-106.619678,"mono.ss","0"
"1622","MSB:Fish:1085",1939,5,13,"MSB 1085-4","JAR8941F","JG","KL","07-10-2025","F",44,36,1060,"impact","impact_1931-1940",35.192334,-106.619678,"mono.ss","0"
"1623","MSB:Fish:1085",1939,5,13,"MSB 1085-1","JAR8932F","JG","KL","07-10-2025","F",41,33,809,"impact","impact_1931-1940",35.192334,-106.619678,"mono.ss","0"
"1624","MSB:Fish:1085",1939,5,13,"MSB 1085-3","JAR8939F","JG","KL","07-10-2025","F",42,34,861,"impact","impact_1931-1940",35.192334,-106.619678,"mono.ss","0"
"1625","MSB:Fish:1085",1939,5,13,"MSB 1085-2","JAR8937F","JG","GC","07-10-2025","M",26,21,147,"impact","impact_1931-1940",35.192334,-106.619678,"mono.ss","0"
"1626","MSB:Fish:1086",1939,4,22,"MSB 1086-2","JAR8900F","BP","GC","07-07-2025","F",45,36,994,"impact","impact_1931-1940",35.173111,-106.626066,"mono.ss","0"
"1627","MSB:Fish:1086",1939,4,22,"MSB 1086-5","JAR8792F","JG","GC","07-07-2025","F",46,35,1207,"impact","impact_1931-1940",35.173111,-106.626066,"mono.ss","0"
"1628","MSB:Fish:1086",1939,4,22,"MSB1086-4","JAR8791F","BP","KL","07-07-2025","F",39,30,752,"impact","impact_1931-1940",35.173111,-106.626066,"mono.ss","0"
"1629","MSB:Fish:1086",1939,4,22,"MSB 1086-1","JAR8898F","BP","KL","07-07-2025","F",47,37,1182,"impact","impact_1931-1940",35.173111,-106.626066,"mono.ss","0"
"1630","MSB:Fish:1086",1939,4,22,"MSB 1086-3","JAR8902F","BP","KL","07-07-2025",NA,42,35,1023,"impact","impact_1931-1940",35.173111,-106.626066,"mono.ss","0"
"1631","MSB:Fish:1089",1939,1,24,"MSB 1089-3","JAR11117F","BP","GC","07-16-2025","F",38,29,552,"impact","impact_1931-1940",35.087167,-106.682164,"mono.ss","0"
"1632","MSB:Fish:1089",1939,1,24,"MSB 1089-5","JAR11111F","BP","KL","07-16-2025",NA,35,28,476,"impact","impact_1931-1940",35.087167,-106.682164,"mono.ss","0"
"1633","MSB:Fish:1089",1939,1,24,"MSB 1089-1","JAR11112F","BP","KL","07-16-2025","F",40,33,666,"impact","impact_1931-1940",35.087167,-106.682164,"mono.ss","4"
"1634","MSB:Fish:1089",1939,1,24,"MSB 1089-4","JAR11114F","BP","KL","07-16-2025","F",40,33,741,"impact","impact_1931-1940",35.087167,-106.682164,"mono.ss","0"
"1635","MSB:Fish:1089",1939,1,24,"MSB 1089-2","JAR11109F","BP","GC","07-16-2025",NA,38,30,571,"impact","impact_1931-1940",35.087167,-106.682164,"mono.ss","0"
"1636","MSB:Fish:10898",1992,7,9,"MSB 10898-5","JAR11023F","KL","KL","07-28-2025",NA,25,20,139,"control","control_1991-2000",35.211277,-106.611666,"mono.ss","0"
"1637","MSB:Fish:10898",1992,7,9,"MSB 10898-4","JAR11046F","KL","KL","07-28-2025","F",31,25,309,"control","control_1991-2000",35.211277,-106.611666,"mono.ss","0"
"1638","MSB:Fish:10898",1992,7,9,"MSB 10898-3","JAR11040F","KL","KL","07-28-2025","F",24,19,123,"control","control_1991-2000",35.211277,-106.611666,"mono.ss","0"
"1639","MSB:Fish:10898",1992,7,9,"MSB 10898-2","JAR11038F","KL","KL","07-28-2025","M",26,21,118,"control","control_1991-2000",35.211277,-106.611666,"mono.ss","0"
"1640","MSB:Fish:10898",1992,7,9,"MSB 10898-1","JAR11039F","KL","KL","07-28-2025","M",22,18,90,"control","control_1991-2000",35.211277,-106.611666,"mono.ss","2"
"1641","MSB:Fish:1090",1939,6,9,"MSB 1090-4","JAR11354F","BP","GC","07-10-2025","M",25,19,132,"impact","impact_1931-1940",34.906619,-106.685289,"mono.ss","0"
"1642","MSB:Fish:1090",1939,6,9,"MSB 1090-2","JAR11351F","BP","JG","07-10-2025","F",37,30,670,"impact","impact_1931-1940",34.906619,-106.685289,"mono.ss","0"
"1643","MSB:Fish:1090",1939,6,9,"MSB 1090-5","JAR11349F","BP","KL","07-10-2025","F",29,24,323,"impact","impact_1931-1940",34.906619,-106.685289,"mono.ss","0"
"1644","MSB:Fish:1090",1939,6,9,"MSB 1090-3","JAR11357F","BP","EO","07-10-2025","F",33,25,483,"impact","impact_1931-1940",34.906619,-106.685289,"mono.ss","0"
"1645","MSB:Fish:1090",1939,6,9,"MSB 1090-1","JAR11348F","BP","GC","07-10-2025","F",39,30,751,"impact","impact_1931-1940",34.906619,-106.685289,"mono.ss","0"
"1646","MSB:Fish:10922",1992,7,9,"MSB 10922-3","JAR11592F","BP","KL","07-18-2025","F",33,25,400,"impact","impact_1991-2000",35.10469444,-106.6916667,"mono.ss","2"
"1647","MSB:Fish:10922",1992,7,9,"MSB 10922-5","JAR115843F","BP","GC","07-18-2025","F",30,24,322,"impact","impact_1991-2000",35.10469444,-106.6916667,"mono.ss","0"
"1648","MSB:Fish:10922",1992,7,9,"MSB 10922-4","JAR11584F","JG","GC","07-18-2025","F",27,22,141,"impact","impact_1991-2000",35.10469444,-106.6916667,"mono.ss","0"
"1649","MSB:Fish:10922",1992,7,9,"MSB 10922-2","JAR11586F","JG","GC","07-18-2025","F",25,20,143,"impact","impact_1991-2000",35.10469444,-106.6916667,"mono.ss","0"
"1650","MSB:Fish:10922",1992,7,9,"MSB 10922-1","JAR11589F","JG","KL","07-18-2025","F",30,25,362,"impact","impact_1991-2000",35.10469444,-106.6916667,"mono.ss","0"
"1651","MSB:Fish:10944",1992,7,15,"MSB 10944-2","JAR11565F","BP","GC","07-17-2025","F",37,29,751,"impact","impact_1991-2000",35.089293,-106.680842,"mono.ss","0"
"1652","MSB:Fish:10944",1992,7,15,"MSB 10944-3","JAR11566F","BP","GC","07-17-2025","F",48,36,1418,"impact","impact_1991-2000",35.089293,-106.680842,"mono.ss","0"
"1653","MSB:Fish:10944",1992,7,15,"MSB 10944-4","JAR11564F","BP","KL","07-17-2025","F",34,27,538,"impact","impact_1991-2000",35.089293,-106.680842,"mono.ss","6"
"1654","MSB:Fish:10944",1992,7,15,"MSB 10944-5","JAR11567F","BP","KL","07-17-2025","F",35,27,542,"impact","impact_1991-2000",35.089293,-106.680842,"mono.ss","0"
"1655","MSB:Fish:10944",1992,7,15,"MSB 10944-1","JAR11568F","BP","GC","07-17-2025","F",43,33,1179,"impact","impact_1991-2000",35.089293,-106.680842,"mono.ss","0"
"1656","MSB:Fish:1098",1939,5,13,"MSB 1098-4","JAR8819F","EO","KL","07-07-2025","F",32,25,352,"impact","impact_1931-1940",35.189406,-106.625396,"mono.ss","0"
"1657","MSB:Fish:1098",1939,5,13,"MSB 1098-2","JAR8815F","EO","GC","07-07-2025","F",41,33,887,"impact","impact_1931-1940",35.189406,-106.625396,"mono.ss","0"
"1658","MSB:Fish:1098",1939,5,13,"MSB 1098-3","JAR8817F","EO","KL","07-07-2025",NA,30,24,257,"impact","impact_1931-1940",35.189406,-106.625396,"mono.ss","0"
"1659","MSB:Fish:1098",1939,5,13,"MSB 1098-5","JAR8812F","EO","KL","07-07-2025",NA,41,33,697,"impact","impact_1931-1940",35.189406,-106.625396,"mono.ss","0"
"1660","MSB:Fish:1098",1939,5,13,"MSB 1098-1","JAR8814F","EO","KL","07-08-2025","F",46,37,1164,"impact","impact_1931-1940",35.189406,-106.625396,"mono.ss","0"
"1661","MSB:Fish:1100",1939,2,26,"MSB 1100-4","JAR8824F","BP","KL","07-08-2025","F",28,24,303,"impact","impact_1931-1940",35.072363,-106.668064,"mono.ss","0"
"1662","MSB:Fish:1100",1939,2,26,"MSB 1100-3","JAR8823F","JG","KL","07-08-2025",NA,33,25,326,"impact","impact_1931-1940",35.072363,-106.668064,"mono.ss","0"
"1663","MSB:Fish:1100",1939,2,26,"MSB 1100-1","JAR8825F","JG","KL","07-08-2025","F",43,33,679,"impact","impact_1931-1940",35.072363,-106.668064,"mono.ss","0"
"1664","MSB:Fish:1100",1939,2,26,"MSB 1100-2","JAR8827F","BP","EO ","07-08-2025","F",28,25,318,"impact","impact_1931-1940",35.072363,-106.668064,"mono.ss","0"
"1665","MSB:Fish:1100",1939,2,26,"MSB 1100-5","JAR8829F","JG","KL","07-08-2025",NA,26,23,226,"impact","impact_1931-1940",35.072363,-106.668064,"mono.ss","0"
"1666","MSB:Fish:1105",1939,1,20,"MSB 1105-1","JAR11362F","JG","GC","07-10-2025",NA,30,24,202,"impact","impact_1931-1940",35.100259,-106.692107,"mono.ss","0"
"1667","MSB:Fish:1105",1939,1,30,"MSB 1105-5","JAR11360F","JG","KL","07-10-2025",NA,36,28,396,"impact","impact_1931-1940",35.100259,-106.692107,"mono.ss","2"
"1668","MSB:Fish:1105",1939,1,30,"MSB 1105-3","JAR11361F","JG","KL","07-10-2025",NA,40,36,728,"impact","impact_1931-1940",35.100259,-106.692107,"mono.ss","0"
"1669","MSB:Fish:1105",1939,1,30,"MSB 1105-2","JAR11365F","JG","JG","07-10-2025",NA,27,23,158,"impact","impact_1931-1940",35.100259,-106.692107,"mono.ss","0"
"1670","MSB:Fish:1105",1939,1,30,"MSB 1105-4","JAR11368F","EO","EO","07-10-2025",NA,40,32,456,"impact","impact_1931-1940",35.100259,-106.692107,"mono.ss","0"
"1671","MSB:Fish:11095",1992,7,21,"MSB 11095-1","JAR11015F","KL","KL","07-23-2025",NA,26,21,178,"impact","impact_1991-2000",35.027111,-106.672944,"mono.ss","0"
"1672","MSB:Fish:11095",1992,7,21,"MSB 11095-3","JAR11013F","KL","KL","07-23-2025","F",35,28,526,"impact","impact_1991-2000",35.027111,-106.672944,"mono.ss","0"
"1673","MSB:Fish:11095",1992,7,21,"MSB 11095-2","JAR11016F","KL","KL","07-23-2025","F",33,27,385,"impact","impact_1991-2000",35.027111,-106.672944,"mono.ss","0"
"1674","MSB:Fish:11095",1992,7,21,"MSB 11095-4","JAR11000F","KL","KL","07-23-2025","F",31,25,375,"impact","impact_1991-2000",35.027111,-106.672944,"mono.ss","0"
"1675","MSB:Fish:11095",1992,7,21,"MSB 11095-5","JAR11003F","KL","KL","07-23-2025",NA,32,26,460,"impact","impact_1991-2000",35.027111,-106.672944,"mono.ss","0"
"1676","MSB:Fish:11126",1992,7,22,"MSB 11126-2","JAR11562F","JG","BP","07-17-2025","F",37,30,634,"impact","impact_1991-2000",34.97052778,-106.6911111,"mono.ss","0"
"1677","MSB:Fish:11126",1992,7,22,"MSB 11126-3","JAR11560F","JG","BP","07-17-2025","F",31,25,355,"impact","impact_1991-2000",34.97052778,-106.6911111,"mono.ss","0"
"1678","MSB:Fish:11126",1992,7,22,"MSB 11126-1","JAR11561F","EO","EO","07-17-2025","F",45,36,1113,"impact","impact_1991-2000",34.97052778,-106.6911111,"mono.ss","0"
"1679","MSB:Fish:11126",1992,7,22,"MSB 11126-4","JAR11559F","JG","GC","07-17-2025","F",40,34,733,"impact","impact_1991-2000",34.97052778,-106.6911111,"mono.ss","0"
"1680","MSB:Fish:11126",1992,7,22,"MSB 11126-5","JAR11558F","EO","KL","07-17-2025","M",26,21,179,"impact","impact_1991-2000",34.97052778,-106.6911111,"mono.ss","0"
"1681","MSB:Fish:11194",1992,7,24,"MSB 11194-2","JAR11570F","EO","KL","07-17-2025","M",26,22,151,"impact","impact_1991-2000",34.92872222,-106.6818611,"mono.ss","0"
"1682","MSB:Fish:11194",1992,7,24,"MSB 11194-3","JAR11569F","EO","GC","07-17-2025",NA,28,22,159,"impact","impact_1991-2000",34.92872222,-106.6818611,"mono.ss","0"
"1683","MSB:Fish:11194",1992,7,24,"MSB 11194-5","JAR11572F","EO","KL","07-17-2025",NA,36,29,658,"impact","impact_1991-2000",34.92872222,-106.6818611,"mono.ss","0"
"1684","MSB:Fish:11194",1992,7,24,"MSB 11194-4","JAR11571F","EO","EO","07-17-2025","F",35,27,456,"impact","impact_1991-2000",34.92872222,-106.6818611,"mono.ss","0"
"1685","MSB:Fish:11194",1992,7,24,"MSB 11194-1","JAR11563F","EO","GC","07-17-2025","F",29,24,333,"impact","impact_1991-2000",34.92872222,-106.6818611,"mono.ss","0"
"1686","MSB:Fish:12010",1992,9,28,"MSB 12010-3","JAR11037F","KL","KL","07-28-2025","F",28,23,210,"control","control_1991-2000",35.211416,-106.612833,"mono.ss","10"
"1687","MSB:Fish:12010",1992,9,28,"MSB 12010-2","JAR11056F","KL","KL","07-28-2025",NA,27,21.5,211,"control","control_1991-2000",35.211416,-106.612833,"mono.ss","0"
"1688","MSB:Fish:12010",1992,9,28,"MSB 12010-1","JAR11057F","KL","KL","07-28-2025","F",36,29,446,"control","control_1991-2000",35.211416,-106.612833,"mono.ss","4"
"1689","MSB:Fish:12010",1992,9,28,"MSB 12010-5","JAR11045F","KL","KL","07-28-2025","F",25,20,156,"control","control_1991-2000",35.211416,-106.612833,"mono.ss","6"
"1690","MSB:Fish:12010",1992,9,28,"MSB 12010-4","JAR11044F","KL","KL","07-28-2025","F",28,21,210,"control","control_1991-2000",35.211416,-106.612833,"mono.ss","0"
"1691","MSB:Fish:12531",1992,11,13,"MSB 12531-1","JAR11267F","EO","GC","07-11-2025",NA,46,38,1030,"control","control_1991-2000",35.380486,-106.502059,"mono.ss","0"
"1692","MSB:Fish:12531",1992,11,13,"MSB 12531-4","JAR11265F","EO","KL","07-11-2025",NA,31,25,317,"control","control_1991-2000",35.380486,-106.502059,"mono.ss","4"
"1693","MSB:Fish:12531",1992,11,13,"MSB 12531-5","JAR11266F","EO","BP","07-11-2025","F",48,40,1190,"control","control_1991-2000",35.380486,-106.502059,"mono.ss","8"
"1694","MSB:Fish:12531",1992,11,13,"MSB 12531-2","JAR11263F","EO","KL","07-11-2025",NA,34,27,414,"control","control_1991-2000",35.380486,-106.502059,"mono.ss","6"
"1695","MSB:Fish:12531",1992,11,13,"MSB 12531-3","JAR11264F","EO","KL","07-11-2025","F",35,28,445,"control","control_1991-2000",35.380486,-106.502059,"mono.ss","10"
"1696","MSB:Fish:14485",1993,7,13,"MSB 14485-1","JAR11128F","EO","GC","07-17-2025",NA,41,34,760,"impact","impact_1991-2000",34.929964,-106.681431,"mono.ss","0"
"1697","MSB:Fish:14485",1993,7,13,"MSB 14485-5","JAR11127F","JG","JG","07-17-2025",NA,24,20,116,"impact","impact_1991-2000",34.929964,-106.681431,"mono.ss","0"
"1698","MSB:Fish:14485",1993,7,13,"MSB 14485-4","JAR11129F","EO","GC","07-17-2025","F",30,23,247,"impact","impact_1991-2000",34.929964,-106.681431,"mono.ss","0"
"1699","MSB:Fish:14485",1993,7,13,"MSB 14485-3","JAR11557F","EO","KL","07-17-2025","F",37,29,520,"impact","impact_1991-2000",34.929964,-106.681431,"mono.ss","0"
"1700","MSB:Fish:14485",1993,7,13,"MSB 14485-2","JAR11130F","JG","GC","07-17-2025","F",43,35,751,"impact","impact_1991-2000",34.929964,-106.681431,"mono.ss","0"
"1701","MSB:Fish:18799",1993,8,12,"MSB 18799-5","JAR11578F","BP","KL","07-17-2025","F",30,23,274,"control","control_1991-2000",35.280904,-106.597587,"mono.ss","10"
"1702","MSB:Fish:18799",1993,8,12,"MSB 18799-2","JAR11582F","BP","KL","07-17-2025","F",31,25,375,"control","control_1991-2000",35.280904,-106.597587,"mono.ss","0"
"1703","MSB:Fish:18799",1993,8,12,"MSB 18799-4","JAR11579F","BP","GC","07-17-2025","F",32,26,344,"control","control_1991-2000",35.280904,-106.597587,"mono.ss","6"
"1704","MSB:Fish:18799",1993,8,12,"MSB 18799-3","JAR11580","BP","EO","07-17-2025","F",36,28,509,"control","control_1991-2000",35.280904,-106.597587,"mono.ss","0"
"1705","MSB:Fish:18799",1993,8,12,"MSB 18799-1","JAR11581F","BP","KL","07-17-2025","M",29,23,249,"control","control_1991-2000",35.280904,-106.597587,"mono.ss","4"
"1706","MSB:Fish:19155",1993,8,4,"MSB 19155-1","JAR11020F","KL","KL","07-23-2025","F",38,30,585,"impact","impact_1991-2000",35.017503,-106.672569,"mono.ss","0"
"1707","MSB:Fish:19155",1993,8,4,"MSB 19155-2","JAR11021F","KL","KL","07-23-2025","F",34,28,495,"impact","impact_1991-2000",35.017503,-106.672569,"mono.ss","0"
"1708","MSB:Fish:19155",1993,8,4,"MSB 19155-3","JAR11022F","KL","KL","07-23-2025","F",31,26,355,"impact","impact_1991-2000",35.017503,-106.672569,"mono.ss","0"
"1709","MSB:Fish:19155",1993,8,4,"MSB 19155-5","JAR11012F","KL","KL","07-23-2025","F",38,32,697,"impact","impact_1991-2000",35.017503,-106.672569,"mono.ss","0"
"1710","MSB:Fish:19155",1993,8,4,"MSB 19155-4","JAR11027F","KL","KL","07-23-2025","F",34,28,NA,"impact","impact_1991-2000",35.017503,-106.672569,"mono.ss","0"
"1711","MSB:Fish:19170",1993,8,4,"MSB 19170-3","JAR8800F","BP","BP GC","07-07-2025","F",34,26,421,"impact","impact_1991-2000",35.008358,-106.678909,"mono.ss","0"
"1712","MSB:Fish:19170",1993,8,4,"MSB 19170-5","JAR8798F","EO","JG","07-07-2025","F",32,25,353,"impact","impact_1991-2000",35.008358,-106.678909,"mono.ss","0"
"1713","MSB:Fish:19170",1993,8,4,"MSB 19170-1","JAR8802F","BP","GC","07-07-2025","F",31,24,355,"impact","impact_1991-2000",35.008358,-106.678909,"mono.ss","0"
"1714","MSB:Fish:19170",1993,8,4,"MSB 19170-4","JAR8799F","EO","BP","07-07-2025","F",34,27,460,"impact","impact_1991-2000",35.008358,-106.678909,"mono.ss","0"
"1715","MSB:Fish:19170",1993,8,4,"MSB 19170-2","JAR8801F","EO","BP KL","07-07-2025",NA,35,27,481,"impact","impact_1991-2000",35.008358,-106.678909,"mono.ss","0"
"1716","MSB:Fish:2795",1969,4,2,"MSB 2795-4","JAR8920F","BP","KL","07-09-2025","F",29,24,236,"control","control_1961-1970",35.253452,-106.592892,"mono.ss","0"
"1717","MSB:Fish:2795",1969,4,2,"MSB 2795-5","JAR8919F","BP","JG","07-09-2025",NA,25,19,105,"control","control_1961-1970",35.253452,-106.592892,"mono.ss","0"
"1718","MSB:Fish:2795",1969,4,2,"MSB 2795-2","JAR8925F","BP","GC","07-09-2025",NA,31,24,325,"control","control_1961-1970",35.253452,-106.592892,"mono.ss","0"
"1719","MSB:Fish:2795",1969,4,2,"MSB 2795-1","JAR8932F","BP","JG","07-09-2025",NA,45,35,820,"control","control_1961-1970",35.253452,-106.592892,"mono.ss","0"
"1720","MSB:Fish:2795",1969,4,2,"MSB 2795-3","JAR8921F","BP","GC","07-09-2025",NA,46,37,885,"control","control_1961-1970",35.253452,-106.592892,"mono.ss","0"
"1721","MSB:Fish:280",1949,10,28,"MSB 280-3","JAR8830F","BP","EO","07-08-2025","F",28,20,184,"impact","impact_1941-1950",35.155761,-106.655157,"mono.ss","0"
"1722","MSB:Fish:280",1949,10,28,"MSB 280-4","JAR8828F","JG","JG","07-08-2025",NA,43,35,824,"impact","impact_1941-1950",35.155761,-106.655157,"mono.ss","0"
"1723","MSB:Fish:280",1949,10,28,"MSB 280-1","JAR8833F","BP","BP","07-08-2025",NA,33,26,379,"impact","impact_1941-1950",35.155761,-106.655157,"mono.ss","0"
"1724","MSB:Fish:280",1949,10,28,"MSB 280-5","JAR8826F","JG","JG","07-08-2025",NA,28,23,238,"impact","impact_1941-1950",35.155761,-106.655157,"mono.ss","0"
"1725","MSB:Fish:280",1949,10,28,"MSB 280-2","JAR8831F","JG","KL","07-08-2025","F",42,33,733,"impact","impact_1941-1950",35.155761,-106.655157,"mono.ss","6"
"1726","MSB:Fish:285",1961,2,17,"MSB 285-3","JAR11528F","EO","KL","07-15-2025","F",42,34,741,"impact","impact_1961-1970",35.051774,-106.671997,"mono.ss","8"
"1727","MSB:Fish:285",1961,2,17,"MSB 285-2","JAR11525F","BP","GC","07-15-2025",NA,32,25,318,"impact","impact_1961-1970",35.051774,-106.671997,"mono.ss","0"
"1728","MSB:Fish:285",1961,2,17,"MSB 285-1","JAR11517F","EO","KL","07-15-2025","F",46,37,1064,"impact","impact_1961-1970",35.051774,-106.671997,"mono.ss","0"
"1729","MSB:Fish:285",1961,2,17,"MSB 285-4","JAR11530F","BP","KL","07-15-2025","F",34,26,419,"impact","impact_1961-1970",35.051774,-106.671997,"mono.ss","0"
"1730","MSB:Fish:285",1961,2,17,"MSB 285-5","JAR11520F","EO","EO","07-15-2025","F",29,23,224,"impact","impact_1961-1970",35.051774,-106.671997,"mono.ss","0"
"1731","MSB:Fish:288",1949,12,3,"MSB 288-1","JAR11272F","BP","GC","07-11-2025","F",41,32,695,"impact","impact_1941-1950",35.068939,-106.663683,"mono.ss","0"
"1732","MSB:Fish:288",1949,12,3,"MSB 288-4","JAR11269F","BP","BP","07-11-2025",NA,28,22,247,"impact","impact_1941-1950",35.068939,-106.663683,"mono.ss","0"
"1733","MSB:Fish:288",1949,12,3,"MSB 288-5","JAR11268F","EO","EO","07-11-2025","F",35,28,413,"impact","impact_1941-1950",35.068939,-106.663683,"mono.ss","0"
"1734","MSB:Fish:288",1949,12,3,"MSB 288-3","JAR11270F","EO","KL","07-11-2025","F",49,40,1240,"impact","impact_1941-1950",35.068939,-106.663683,"mono.ss","6"
"1735","MSB:Fish:288",1949,12,3,"MSB 288-2","JAR11271F","BP","BP","07-11-2025",NA,30,27,461,"impact","impact_1941-1950",35.068939,-106.663683,"mono.ss","0"
"1736","MSB:Fish:292",1961,2,12,"MSB 292-3","JAR11553F","JG","KL","07-16-2025","M",25,21,138,"control","control_1961-1970",35.408152,-106.470544,"mono.ss","2"
"1737","MSB:Fish:292",1961,2,12,"MSB 292-1","JAR11556F","BP","KL","07-16-2025","M",31,24,273,"control","control_1961-1970",35.408152,-106.470544,"mono.ss","0"
"1738","MSB:Fish:292",1961,2,12,"MSB 292-5","JAR11547F","JG","JG","07-16-2025",NA,25,21,167,"control","control_1961-1970",35.408152,-106.470544,"mono.ss","0"
"1739","MSB:Fish:292",1961,2,12,"MSB 292-4","JAR11550F","BP","KL","07-16-2025","F",33,25,342,"control","control_1961-1970",35.408152,-106.470544,"mono.ss","2"
"1740","MSB:Fish:292",1961,2,12,"MSB 292-2","JAR11534F","JG","JG","07-16-2025",NA,25,20,132,"control","control_1961-1970",35.408152,-106.470544,"mono.ss","0"
"1741","MSB:Fish:305",1949,7,21,"MSB 305-2","JAR8913F","BP","GC","07-09-2025",NA,41,32,810,"impact","impact_1941-1950",35.204443,-106.610046,"mono.ss","0"
"1742","MSB:Fish:305",1949,7,21,"MSB 305-3","JAR8915F","BP","KL","07-09-2025","F",39,31,840,"impact","impact_1941-1950",35.204443,-106.610046,"mono.ss","0"
"1743","MSB:Fish:305",1949,7,21,"MSB 305-1","JAR8911F","BP","JG","07-09-2025","F",38,30,653,"impact","impact_1941-1950",35.204443,-106.610046,"mono.ss","0"
"1744","MSB:Fish:305",1949,7,21,"MSB 305-5","JAR8918F","BP","KL","07-09-2025",NA,41,34,848,"impact","impact_1941-1950",35.204443,-106.610046,"mono.ss","0"
"1745","MSB:Fish:305",1949,7,21,"MSB 305-4","JAR8917F","BP","EO","07-09-2025","F",26,21,146,"impact","impact_1941-1950",35.204443,-106.610046,"mono.ss","0"
"1746","MSB:Fish:307",1959,2,24,"MSB 307-1","JAR8797F","BP","GC","07-07-2025","F",30,24,257,"impact","impact_1951-1960",34.987044,-106.690293,"mono.ss","0"
"1747","MSB:Fish:307",1959,2,24,"MSB 307-2","JAR8796F","JG","KL","07-07-2025","F",31,23,295,"impact","impact_1951-1960",34.987044,-106.690293,"mono.ss","0"
"1748","MSB:Fish:307",1959,2,24,"MSB 307-5","JAR8793F","JG","GC","07-07-2025",NA,33,24,304,"impact","impact_1951-1960",34.987044,-106.690293,"mono.ss","0"
"1749","MSB:Fish:307",1959,2,24,"MSB 307-4","JAR8794F","BP","KL","07-07-2025","F",31,26,296,"impact","impact_1951-1960",34.987044,-106.690293,"mono.ss","0"
"1750","MSB:Fish:307",1959,2,24,"MSB 307-3","JAR8795F","BP","KL","07-07-2025",NA,31,25,277,"impact","impact_1951-1960",34.987044,-106.690293,"mono.ss","0"
"1751","MSB:Fish:30771",1996,10,30,"MSB 30771-3","JAR11025F","KL","KL","07-28-2025",NA,39,32,613,"control","control_1991-2000",35.38033333,-106.4990556,"mono.ss","2"
"1752","MSB:Fish:30771",1996,10,30,"MSB 30771-2","JAR11024F","KL","KL","07-28-2025",NA,34,27,361,"control","control_1991-2000",35.38033333,-106.4990556,"mono.ss","10"
"1753","MSB:Fish:30771",1996,10,30,"MSB 30771-1","JAR11030F","KL","KL","07-28-2025",NA,27,21,182,"control","control_1991-2000",35.38033333,-106.4990556,"mono.ss","2"
"1754","MSB:Fish:30771",1996,10,30,"MSB 30771-5","JAR11033F","KL","KL","07-28-2025","M",30,23,241,"control","control_1991-2000",35.38033333,-106.4990556,"mono.ss","8"
"1755","MSB:Fish:30771",1996,10,30,"MSB 30771-4","JAR11028F","KL","KL","07-28-2025",NA,26,20,165,"control","control_1991-2000",35.38033333,-106.4990556,"mono.ss","0"
"1756","MSB:Fish:315",1949,7,28,"MSB 315-3","JAR11521F","JG","KL","07-15-2025",NA,33,27,445,"impact","impact_1941-1950",35.188761,-106.64706,"mono.ss","0"
"1757","MSB:Fish:315",1949,7,28,"MSB 315-2","JAR11524F","BP","KL","07-15-2025","F",38,30,666,"impact","impact_1941-1950",35.188761,-106.64706,"mono.ss","0"
"1758","MSB:Fish:315",1949,7,28,"MSB 315-4","JAR11527F","BP","KL","07-15-2025","F",31,24,301,"impact","impact_1941-1950",35.188761,-106.64706,"mono.ss","0"
"1759","MSB:Fish:315",1949,7,28,"MSB 315-1","JAR11522F","JG","BP","07-15-2025",NA,38,31,711,"impact","impact_1941-1950",35.188761,-106.64706,"mono.ss","0"
"1760","MSB:Fish:315",1949,7,28,"MSB 315-5","JAR11544F","JG","EO","07-15-2025","F",35,28,417,"impact","impact_1941-1950",35.188761,-106.64706,"mono.ss","0"
"1761","MSB:Fish:324",1950,10,18,"MSB 324-2","JAR11336F","BP","KL","07-10-2025","F",45,36,1097,"control","control_1941-1950",35.229809,-106.616288,"mono.ss","24"
"1762","MSB:Fish:324",1950,10,18,"MSB 324-1","JAR11335F","JG","KL","07-10-2025","F",39,33,691,"control","control_1941-1950",35.229809,-106.616288,"mono.ss","0"
"1763","MSB:Fish:324",1950,10,18,"MSB 324-5","JAR11339F","BP","KL","07-10-2025","F",39,31,754,"control","control_1941-1950",35.229809,-106.616288,"mono.ss","8"
"1764","MSB:Fish:324",1950,10,18,"MSB 324-4","JAR11338F","BP","GC","07-10-2025",NA,46,36,1172,"control","control_1941-1950",35.229809,-106.616288,"mono.ss","0"
"1765","MSB:Fish:324",1950,10,18,"MSB 324-3","JAR11337F","BP","GC","07-10-2025",NA,49,39,1841,"control","control_1941-1950",35.229809,-106.616288,"mono.ss","0"
"1766","MSB:Fish:326",1949,7,21,"MSB 326-5","JAR8924F","EO","JG","07-09-2025","F",38,32,628,"impact","impact_1941-1950",35.210652,-106.627124,"mono.ss","0"
"1767","MSB:Fish:326",1949,7,21,"MSB 326-4","JAR8933F","EO","KL","07-09-2025","F",33,27,421,"impact","impact_1941-1950",35.210652,-106.627124,"mono.ss","0"
"1768","MSB:Fish:326",1949,7,21,"MSB 326-3","JAR8931F","KL","KL","07-09-2025",NA,36,30,581,"impact","impact_1941-1950",35.210652,-106.627124,"mono.ss","0"
"1769","MSB:Fish:326",1949,7,21,"MSB 326-2","JAR8926F","KL","GC","07-09-2025","F",34,28,560,"impact","impact_1941-1950",35.210652,-106.627124,"mono.ss","0"
"1770","MSB:Fish:326",1949,7,21,"MSB 326-1","JAR8922F","KL","KL","07-09-2025","F",33,27,355,"impact","impact_1941-1950",35.210652,-106.627124,"mono.ss","0"
"1771","MSB:Fish:327",1942,2,28,"MSB 327-1","JAR8840F","EO","GC","07-08-2025","F",45,36,927,"control","control_1941-1950",35.37417,-106.49278,"mono.ss","0"
"1772","MSB:Fish:327",1942,2,28,"MSB 327-4","JAR8842F","EO","GC","07-08-2025",NA,32,25,257,"control","control_1941-1950",35.37417,-106.49278,"mono.ss","0"
"1773","MSB:Fish:327",1942,2,28,"MSB 327-3","JAR8846F","BP","GC","07-08-2025","F",45,36,910,"control","control_1941-1950",35.37417,-106.49278,"mono.ss","0"
"1774","MSB:Fish:327",1942,2,28,"MSB 327-2","JAR8903F","EO","JG","07-08-2025",NA,47,38,1118,"control","control_1941-1950",35.37417,-106.49278,"mono.ss","0"
"1775","MSB:Fish:327",1942,2,28,"MSB 327-5","JAR8844F","BP","GC","07-08-2025","F",25,20,131,"control","control_1941-1950",35.37417,-106.49278,"mono.ss","0"
"1776","MSB:Fish:330",1949,11,5,"MSB 330-1","JAR11350F","EO","JG","07-10-2025",NA,45,36,982,"control","control_1941-1950",35.211994,-106.631125,"mono.ss","0"
"1777","MSB:Fish:330",1949,11,5,"MSB 330-3","JAR11356F","EO","GC","07-10-2025",NA,29,23,241,"control","control_1941-1950",35.211994,-106.631125,"mono.ss","0"
"1778","MSB:Fish:330",1949,11,5,"MSB 330-4","JAR11353F","JG","BP","07-10-2025",NA,32,26,276,"control","control_1941-1950",35.211994,-106.631125,"mono.ss","0"
"1779","MSB:Fish:330",1949,11,5,"MSB 330-5","JAR11369F","JG","EO","07-10-2025","F",26,22,195,"control","control_1941-1950",35.211994,-106.631125,"mono.ss","0"
"1780","MSB:Fish:330",1949,11,5,"MSB 330-2","JAR11347F","JG","BP","07-10-2025",NA,34,28,374,"control","control_1941-1950",35.211994,-106.631125,"mono.ss","4"
"1781","MSB:Fish:334",1952,5,3,"MSB 334-1","JAR11113F","BP","KL","07-16-2025",NA,33,26,309,"control","control_1951-1960",35.302146,-106.571551,"mono.ss","4"
"1782","MSB:Fish:334",1952,5,3,"MSB 334-3","JAR11107F","BP","JG","07-16-2025",NA,30,24,217,"control","control_1951-1960",35.302146,-106.571551,"mono.ss","0"
"1783","MSB:Fish:334",1952,5,3,"MSB 334-5","JAR11108F","BP","GC","07-16-2025",NA,27,22,179,"control","control_1951-1960",35.302146,-106.571551,"mono.ss","0"
"1784","MSB:Fish:334",1952,5,3,"MSB 334-4","JAR11116F","BP","EO","07-16-2025","F",30,23,233,"control","control_1951-1960",35.302146,-106.571551,"mono.ss","0"
"1785","MSB:Fish:334",1952,5,3,"MSB 334-2","JAR11110F","BP","EO","07-16-2025","F",31,25,293,"control","control_1951-1960",35.302146,-106.571551,"mono.ss","0"
"1786","MSB:Fish:3391",1965,5,18,"MSB 3391-1","JAR11370F","EO","KL","07-10-2025","F",41,35,794,"control","control_1961-1970",35.383813,-106.481,"mono.ss","0"
"1787","MSB:Fish:3391",1965,5,18,"MSB 3391-2","JAR11366F","EO","GC","07-10-2025","M",28,23,188,"control","control_1961-1970",35.383813,-106.481,"mono.ss","0"
"1788","MSB:Fish:3391",1965,5,18,"MSB 3391-5","JAR11367F","EO","JG","07-10-2025","F",35,28,522,"control","control_1961-1970",35.383813,-106.481,"mono.ss","0"
"1789","MSB:Fish:3391",1965,5,18,"MSB 3391-4","JAR11364F","EO","KL","07-10-2025",NA,33,27,348,"control","control_1961-1970",35.383813,-106.481,"mono.ss","0"
"1790","MSB:Fish:3391",1965,5,18,"MSB 3391-3","JAR11363F","EO","EO","07-10-2025","F",31,26,296,"control","control_1961-1970",35.383813,-106.481,"mono.ss","0"
"1791","MSB:Fish:3421",1972,6,19,"MSB 3421-1","JAR11296F","EO","KL","07-14-2025","F",36,29,612,"control","control_1971-1980",35.249718,-106.603396,"mono.ss","0"
"1792","MSB:Fish:3421",1972,6,19,"MSB 3421-4","JAR11294F","EO","KL","07-14-2025","F",40,33,736,"control","control_1971-1980",35.249718,-106.603396,"mono.ss","0"
"1793","MSB:Fish:3421",1972,6,19,"MSB 3421-2","JAR11288F","EO","KL","07-14-2025","F",46,37,1270,"control","control_1971-1980",35.249718,-106.603396,"mono.ss","0"
"1794","MSB:Fish:3421",1972,6,19,"MSB 3421-5","JAR11293F","EO","KL","07-14-2025","F",44,36,1076,"control","control_1971-1980",35.249718,-106.603396,"mono.ss","0"
"1795","MSB:Fish:3421",1972,6,19,"MSB 3421-3","JAR11291F","EO","KL","07-14-2025","F",42,35,996,"control","control_1971-1980",35.249718,-106.603396,"mono.ss","0"
"1796","MSB:Fish:365",1947,9,27,"MSB 365-1","JAR11529F","JG","JG","07-15-2025",NA,39,33,608,"control","control_1941-1950",35.321576,-106.555389,"mono.ss","0"
"1797","MSB:Fish:365",1947,9,27,"MSB 365-5","JAR11531F","JG","JG","07-15-2025",NA,32,25,251,"control","control_1941-1950",35.321576,-106.555389,"mono.ss","0"
"1798","MSB:Fish:365",1947,9,27,"MSB 365-2","JAR11532F","BP","KL","07-15-2025","F",38,29,390,"control","control_1941-1950",35.321576,-106.555389,"mono.ss","0"
"1799","MSB:Fish:365",1947,9,27,"MSB 365-3","JAR11526F","JG","KL","07-15-2025","F",37,29,507,"control","control_1941-1950",35.321576,-106.555389,"mono.ss","0"
"1800","MSB:Fish:365",1947,9,27,"MSB 365-4","JAR11523F","BP","KL","07-15-2025",NA,38,30,356,"control","control_1941-1950",35.321576,-106.555389,"mono.ss","0"
"1801","MSB:Fish:38942",1997,7,5,"MSB 38942-5","JAR11115F","EO","GC","07-17-2025","F",41,32,883,"control","control_1991-2000",35.28302778,-106.5981389,"mono.ss","0"
"1802","MSB:Fish:38942",1997,7,5,"MSB 38942-1","JAR11120F","EO","GC","07-17-2025","F",50,42,2039,"control","control_1991-2000",35.28302778,-106.5981389,"mono.ss","0"
"1803","MSB:Fish:38942",1997,7,5,"MSB 38942-2","JAR11119F","EO","KL","07-17-2025","F",47,39,1803,"control","control_1991-2000",35.28302778,-106.5981389,"mono.ss","0"
"1804","MSB:Fish:38942",1997,7,5,"MSB 38942-3","JAR11121F","EO","KL","07-17-2025","F",45,38,1685,"control","control_1991-2000",35.28302778,-106.5981389,"mono.ss","0"
"1805","MSB:Fish:38942",1997,7,5,"MSB 38942-4","JAR11118F","EO","KL","07-17-2025","F",46,38,1451,"control","control_1991-2000",35.28302778,-106.5981389,"mono.ss","0"
"1806","MSB:Fish:39100",1997,10,15,"MSB 39100-1","JAR11577F","BP","JG","07-17-2025",NA,34,26,374,"control","control_1991-2000",35.322164,-106.557448,"mono.ss","2"
"1807","MSB:Fish:39100",1997,10,15,"MSB 39100-2","JAR11573F","BP","EO","07-17-2025","F",38,28,500,"control","control_1991-2000",35.322164,-106.557448,"mono.ss","8"
"1808","MSB:Fish:39100",1997,10,15,"MSB 39100-4","JAR11575F","BP","GC","07-17-2025","F",34,26,403,"control","control_1991-2000",35.322164,-106.557448,"mono.ss","0"
"1809","MSB:Fish:39100",1997,10,15,"MSB 39100-5","JAR11576F","BP","GC","07-17-2025","F",25,19,144,"control","control_1991-2000",35.322164,-106.557448,"mono.ss","0"
"1810","MSB:Fish:39100",1997,10,15,"MSB 39100-3","JAR11574F","BP","KL","07-17-2025","M",25,20,167,"control","control_1991-2000",35.322164,-106.557448,"mono.ss","0"
"1811","MSB:Fish:3993",1977,9,28,"MSB 3993-4","JAR11626F","BP","GC","07-21-2025","F",29,23,333,"impact","impact_1971-1980",35.136341,-106.685742,"mono.ss","0"
"1812","MSB:Fish:3993",1977,9,28,"MSB 3993-1","JAR11623F","JG","GC","07-21-2025",NA,25,20,170,"impact","impact_1971-1980",35.136341,-106.685742,"mono.ss","0"
"1813","MSB:Fish:3993",1977,9,28,"MSB 3993-2","JAR11621F","BP","GC","07-21-2025","F",26,20,224,"impact","impact_1971-1980",35.136341,-106.685742,"mono.ss","0"
"1814","MSB:Fish:3993",1977,9,28,"MSB 3993-3","JAR11618F","JG","BP","07-21-2025","M",28,21,181,"impact","impact_1971-1980",35.136341,-106.685742,"mono.ss","0"
"1815","MSB:Fish:3993",1977,9,28,"MSB 3993-5","JAR11620F","JG","BP","07-21-2025","M",27,21,186,"impact","impact_1971-1980",35.136341,-106.685742,"mono.ss","0"
"1816","MSB:Fish:4012",1977,9,28,"MSB 4012-5","JAR11616F","JG","JG","07-21-2025",NA,25,21,169,"impact","impact_1971-1980",35.134932,-106.690783,"mono.ss","0"
"1817","MSB:Fish:4012",1977,9,28,"MSB 4012-1","JAR11607F","JG","EO","07-21-2025","F",32,25,365,"impact","impact_1971-1980",35.134932,-106.690783,"mono.ss","0"
"1818","MSB:Fish:4012",1977,9,28,"MSB 4012-4","JAR11613F","BP","GC","07-21-2025","F",26,20,178,"impact","impact_1971-1980",35.134932,-106.690783,"mono.ss","0"
"1819","MSB:Fish:4012",1977,9,28,"MSB 4012-3","JAR11617F","JG","GC","07-21-2025","F",32,27,303,"impact","impact_1971-1980",35.134932,-106.690783,"mono.ss","0"
"1820","MSB:Fish:4012",1977,9,28,"MSB 4012-2","JAR11610F","BP","GC","07-21-2025","F",31,24,316,"impact","impact_1971-1980",35.134932,-106.690783,"mono.ss","0"
"1821","MSB:Fish:4056",1978,5,19,"MSB 4056-2","JAR11322F","EO","KL","07-14-2025","F",36,28,566,"control","control_1971-1980",35.253481,-106.591225,"mono.ss","0"
"1822","MSB:Fish:4056",1978,5,19,"MSB 4056-3","JAR11318F","EO","JG","07-14-2025","F",37,28,549,"control","control_1971-1980",35.253481,-106.591225,"mono.ss","0"
"1823","MSB:Fish:4056",1978,5,19,"MSB 4056-4","JAR11317F","EO","JG","07-14-2025","F",34,28,483,"control","control_1971-1980",35.253481,-106.591225,"mono.ss","0"
"1824","MSB:Fish:4056",1978,5,19,"MSB 4056-1","JAR11319F","EO","GC","07-14-2025","F",37,30,644,"control","control_1971-1980",35.253481,-106.591225,"mono.ss","0"
"1825","MSB:Fish:4056",1978,5,19,"MSB 4056-5","JAR11321F","EO","GC","07-14-2025","F",34,28,581,"control","control_1971-1980",35.253481,-106.591225,"mono.ss","0"
"1826","MSB:Fish:4086",1978,9,29,"MSB 4086-3","JAR11342F","BP","JG","07-11-2025",NA,31,24,340,"control","control_1971-1980",35.380072,-106.499406,"mono.ss","0"
"1827","MSB:Fish:4086",1978,9,29,"MSB 4086-5","JAR11340F","BP","GC","07-11-2025","M",29,23,261,"control","control_1971-1980",35.380072,-106.499406,"mono.ss","0"
"1828","MSB:Fish:4086",1978,9,29,"MSB 4086-4","JAR11341F","BP","GC","07-11-2025","F",26,19,139,"control","control_1971-1980",35.380072,-106.499406,"mono.ss","0"
"1829","MSB:Fish:4086",1978,9,29,"MSB 4086-2","JAR11344F","BP","EO","07-11-2025","F",40,30,701,"control","control_1971-1980",35.380072,-106.499406,"mono.ss","0"
"1830","MSB:Fish:4086",1978,9,29,"MSB 4086-1","JAR11345F","BP","KL","07-11-2025","F",41,32,795,"control","control_1971-1980",35.380072,-106.499406,"mono.ss","12"
"1831","MSB:Fish:4172",1977,5,10,"MSB 4172-2","JAR11329F","JG","GC","07-14-2025","F",33,29,347,"control","control_1971-1980",35.26637,-106.598674,"mono.ss","0"
"1832","MSB:Fish:4172",1977,5,10,"MSB 4172-3","JAR11330F","BP","KL","07-14-2025","F",27,21,170,"control","control_1971-1980",35.26637,-106.598674,"mono.ss","0"
"1833","MSB:Fish:4172",1977,5,10,"MSB 4172-4","JAR11327F","BP","GC","07-14-2025","M",27,21,150,"control","control_1971-1980",35.26637,-106.598674,"mono.ss","0"
"1834","MSB:Fish:4172",1977,5,10,"MSB 4172-1","JAR11328F","BP","KL","07-14-2025",NA,29,24,252,"control","control_1971-1980",35.26637,-106.598674,"mono.ss","0"
"1835","MSB:Fish:4172",1977,5,10,"MSB 4172-5","JAR11326F","JG","JG","07-14-2025",NA,27,21,137,"control","control_1971-1980",35.26637,-106.598674,"mono.ss","0"
"1836","MSB:Fish:4176",1978,5,21,"MSB 4176-5","JAR8822F","JG","KL","07-08-2025","F",29,23,368,"control","control_1971-1980",35.253481,-106.591225,"mono.ss","0"
"1837","MSB:Fish:4176",1978,5,21,"MSB 4176-1","JAR8821F","BP","JG","07-08-2025","F",38,31,741,"control","control_1971-1980",35.253481,-106.591225,"mono.ss","0"
"1838","MSB:Fish:4176",1978,5,21,"MSB 4176-3","JAR8818F","JG","KL","07-08-2025","F",33,26,425,"control","control_1971-1980",35.253481,-106.591225,"mono.ss","0"
"1839","MSB:Fish:4176",1978,5,21,"MSB 4176-2","JAR8816F","BP","EO","07-08-2025","F",39,31,798,"control","control_1971-1980",35.253481,-106.591225,"mono.ss","0"
"1840","MSB:Fish:4176",1978,5,21,"MSB 4176-4","JAR8820F","BP","JG","07-08-2025","F",38,30,806,"control","control_1971-1980",35.253481,-106.591225,"mono.ss","0"
"1841","MSB:Fish:43165",1999,4,21,"MSB 43165-3","JAR11124F","EO","KL","07-17-2025","F",35,27,471,"impact","impact_1991-2000",35.027111,-106.672944,"mono.ss","0"
"1842","MSB:Fish:43165",1999,4,21,"MSB 43165-4","JAR11123F","EO","JG GC","07-17-2025","F",38,30,636,"impact","impact_1991-2000",35.027111,-106.672944,"mono.ss","0"
"1843","MSB:Fish:43165",1999,4,21,"MSB 43165-2","JAR11125F","EO","EO","07-17-2025","F",38,30,668,"impact","impact_1991-2000",35.027111,-106.672944,"mono.ss","0"
"1844","MSB:Fish:43165",1999,4,21,"MSB 43165-1","JAR11126F","EO","GC","07-17-2025","F",33,27,464,"impact","impact_1991-2000",35.027111,-106.672944,"mono.ss","0"
"1845","MSB:Fish:43165",1999,4,21,"MSB 43165-5","JAR11122F","EO","KL","07-17-2025","F",40,32,732,"impact","impact_1991-2000",35.027111,-106.672944,"mono.ss","0"
"1846","MSB:Fish:43242",1999,7,14,"MSB 43242-5","JAR11026F","KL","KL","07-28-2025",NA,41,33,899,"control","control_1991-2000",35.28302778,-106.5981389,"mono.ss","0"
"1847","MSB:Fish:43242",1999,7,14,"MSB 43242-4","JAR11034F","KL","KL","07-28-2025","F",32,25,344,"control","control_1991-2000",35.28302778,-106.5981389,"mono.ss","4"
"1848","MSB:Fish:43242",1999,7,14,"MSB 43242-3","JAR11029F","KL","KL","07-28-2025","F",32,25,338,"control","control_1991-2000",35.28302778,-106.5981389,"mono.ss","0"
"1849","MSB:Fish:43242",1999,7,14,"MSB 43242-2","JAR11032F","KL","KL","07-28-2025",NA,32,26,416,"control","control_1991-2000",35.28302778,-106.5981389,"mono.ss","0"
"1850","MSB:Fish:43242",1999,7,14,"MSB 43242-1","JAR11031F","KL","KL","07-28-2025",NA,29,22,249,"control","control_1991-2000",35.28302778,-106.5981389,"mono.ss","0"
"1851","MSB:Fish:43251",1999,7,15,"MSB 43251-2","JAR11011F","KL","KL","07-23-2025","F",37,29,616,"impact","impact_1991-2000",35.089293,-106.680842,"mono.ss","0"
"1852","MSB:Fish:43251",1999,7,15,"MSB 43251-1","JAR11014F","KL","KL","07-23-2025",NA,32,26,384,"impact","impact_1991-2000",35.089293,-106.680842,"mono.ss","0"
"1853","MSB:Fish:43251",1999,7,15,"MSB 43251-4","JAR11018F","KL","KL","07-23-2025","F",32,25,392,"impact","impact_1991-2000",35.089293,-106.680842,"mono.ss","6"
"1854","MSB:Fish:43251",1999,7,15,"MSB 43251-5","JAR11019F","KL","KL","07-23-2025","F",34,27,NA,"impact","impact_1991-2000",35.089293,-106.680842,"mono.ss","0"
"1855","MSB:Fish:43251",1999,7,15,"MSB 43251-3","JAR11017F","KL","KL","07-23-2025","F",33,27,379,"impact","impact_1991-2000",35.089293,-106.680842,"mono.ss","2"
"1856","MSB:Fish:43370",1999,8,25,"MSB 43370-2","JAR11035F","KL","KL","07-28-2025",NA,28,22,215,"control","control_1991-2000",35.28302778,-106.5981389,"mono.ss","0"
"1857","MSB:Fish:43370",1999,8,25,"MSB 43370-3","JAR11036F","KL","KL","07-28-2025",NA,36,29,480,"control","control_1991-2000",35.28302778,-106.5981389,"mono.ss","0"
"1858","MSB:Fish:43370",1999,8,25,"MSB 43370-1","JAR11041F","KL","KL","07-28-2025",NA,38,30,NA,"control","control_1991-2000",35.28302778,-106.5981389,"mono.ss","0"
"1859","MSB:Fish:43370",1999,8,25,"MSB 43370-5","JAR11043F","KL","KL","07-28-2025","M",30,24,225,"control","control_1991-2000",35.28302778,-106.5981389,"mono.ss","2"
"1860","MSB:Fish:43370",1999,8,25,"MSB 43370-4","JAR11042F","KL","KL","07-28-2025",NA,26,20,154,"control","control_1991-2000",35.28302778,-106.5981389,"mono.ss","0"
"1861","MSB:Fish:4353",1978,9,8,"MSB 4353-1","JAR11097F","JG","GC","07-16-2025","F",35,29,601,"control","control_1971-1980",35.222784,-106.601974,"mono.ss","0"
"1862","MSB:Fish:4353",1978,9,8,"MSB 4353-4","JAR11106F","BP","BP","07-16-2025",NA,25,19,157,"control","control_1971-1980",35.222784,-106.601974,"mono.ss","0"
"1863","MSB:Fish:4353",1978,9,8,"MSB 4353-2","JAR11100F","JG","GC","07-16-2025","M",29,24,212,"control","control_1971-1980",35.222784,-106.601974,"mono.ss","0"
"1864","MSB:Fish:4353",1978,9,8,"MSB 4353-5","JAR11105F","BP","KL","07-16-2025",NA,25,20,NA,"control","control_1971-1980",35.222784,-106.601974,"mono.ss","0"
"1865","MSB:Fish:4353",1978,9,8,"MSB 4353-3","JAR11103F","JG","GC","07-16-2025","M",27,22,151,"control","control_1971-1980",35.222784,-106.601974,"mono.ss","0"
"1866","MSB:Fish:4378",1978,9,23,"MSB 4378-3","JAR11554F","JG","KL","07-16-2025","F",38,32,556,"impact","impact_1971-1980",34.905272,-106.685564,"mono.ss","0"
"1867","MSB:Fish:4378",1978,9,23,"MSB 4378-5","JAR11545F","BP","GC","07-16-2025","F",36,28,469,"impact","impact_1971-1980",34.905272,-106.685564,"mono.ss","0"
"1868","MSB:Fish:4378",1978,9,23,"MSB 4378-3","JAR11546F","BP","KL","07-16-2025","F",42,32,738,"impact","impact_1971-1980",34.905272,-106.685564,"mono.ss","0"
"1869","MSB:Fish:4378",1978,9,23,"MSB 4378-2","JAR11551F","BP","JG","07-16-2025","F",38,30,633,"impact","impact_1971-1980",34.905272,-106.685564,"mono.ss","0"
"1870","MSB:Fish:4378",1978,9,23,"MSB 4378-1","JAR11548F","BP","KL","07-16-2025","F",37,28,634,"impact","impact_1971-1980",34.905272,-106.685564,"mono.ss","0"
"1871","MSB:Fish:438",1978,NA,5,"MSB 4389-1","JAR11516F","JG","GC","07-15-2025",NA,38,31,575,NA,NA,NA,NA,"mono.ss","0"
"1872","MSB:Fish:4385",1978,9,6,"MSB 4385-2","JAR8843F","EO","KL","07-08-2025",NA,30,26,273,"impact","impact_1971-1980",34.905272,-106.685564,"mono.ss","0"
"1873","MSB:Fish:4385",1978,9,6,"MSB 4385-5","JAR8838F","EO","JG","07-08-2025","F",27,22,197,"impact","impact_1971-1980",34.905272,-106.685564,"mono.ss","0"
"1874","MSB:Fish:4385",1978,9,6,"MSB 4385-3","JAR8845F","KL","KL","07-08-2025","F",27,23,204,"impact","impact_1971-1980",34.905272,-106.685564,"mono.ss","0"
"1875","MSB:Fish:4385",1978,9,6,"MSB 4385-4","JAR8839","KL","GC","07-08-2025","F",26,22,222,"impact","impact_1971-1980",34.905272,-106.685564,"mono.ss","0"
"1876","MSB:Fish:4385",1978,9,6,"MSB 4385-1","JAR8841F","KL","KL","07-08-2025","F",25,21,161,"impact","impact_1971-1980",34.905272,-106.685564,"mono.ss","0"
"1877","MSB:Fish:4389",1978,9,5,"MSB 4389-2","JAR11519F","JG","GC","07-15-2025","F",34,28,507,"impact","impact_1971-1980",35.092867,-106.682332,"mono.ss","0"
"1878","MSB:Fish:4389",1978,9,5,"MSB 4389-4","JAR11514F","JG","GC","07-15-2025",NA,40,33,716,"impact","impact_1971-1980",35.092867,-106.682332,"mono.ss","0"
"1879","MSB:Fish:4389",1978,9,5,"MSB 4389-3","JAR11511F","JG","GC","07-15-2025","M",34,29,461,"impact","impact_1971-1980",35.092867,-106.682332,"mono.ss","0"
"1880","MSB:Fish:4389",1978,9,5,"MSB 4389-5","JAR11513F","JG","GC","07-15-2025",NA,38,32,654,"impact","impact_1971-1980",35.092867,-106.682332,"mono.ss","0"
"1881","MSB:Fish:4418",1978,8,3,"MSB 4418-1","JAR11292F","BP","GC","07-14-2025","F",43,34,1443,"impact","impact_1971-1980",34.905272,-106.685564,"mono.ss","0"
"1882","MSB:Fish:4418",1978,8,3,"MSB 4418-2","JAR11289F","BP","KL","07-14-2025","F",38,30,662,"impact","impact_1971-1980",34.905272,-106.685564,"mono.ss","0"
"1883","MSB:Fish:4418",1978,8,3,"MSB 4418-5","JAR11297F","EO","KL","07-14-2025","F",40,33,985,"impact","impact_1971-1980",34.905272,-106.685564,"mono.ss","0"
"1884","MSB:Fish:4418",1978,8,3,"MSB 4418-4","JAR11298F","EO","KL","07-14-2025","F",37,30,678,"impact","impact_1971-1980",34.905272,-106.685564,"mono.ss","0"
"1885","MSB:Fish:4418",1978,8,3,"MSB 4418-3","JAR11295F","BP","KL","07-14-2025","F",40,31,805,"impact","impact_1971-1980",34.905272,-106.685564,"mono.ss","0"
"1886","MSB:Fish:4440",1978,9,5,"MSB 4440-2","JAR11555F","BJG","JG","07-16-2025",NA,28,22,223,"impact","impact_1971-1980",35.090702,-106.684514,"mono.ss","0"
"1887","MSB:Fish:4440",1978,9,5,"MSB 4440-1","JAR11552F","BP","JG","07-16-2025",NA,25,20,138,"impact","impact_1971-1980",35.090702,-106.684514,"mono.ss","0"
"1888","MSB:Fish:4440",1978,9,5,"MSB 4440-4","JAR11098F","JG","KL","07-16-2025","M",25,21,144,"impact","impact_1971-1980",35.090702,-106.684514,"mono.ss","0"
"1889","MSB:Fish:4440",1978,9,5,"MSB 4440-3","JAR11095F","BP","GC","07-16-2025","M",27,20,205,"impact","impact_1971-1980",35.090702,-106.684514,"mono.ss","0"
"1890","MSB:Fish:4440",1978,9,5,"MSB 4440-5","JAR11549F","BP","GC","07-16-2025","M",26,20,151,"impact","impact_1971-1980",35.090702,-106.684514,"mono.ss","0"
"1891","MSB:Fish:4453",1978,9,5,"MSB 4453-5","JAR8940F","EO","GC","07-10-2025","M",27,22,167,"impact","impact_1971-1980",35.10562,-106.681074,"mono.ss","0"
"1892","MSB:Fish:4453",1978,9,5,"MSB 4453-1","JAR11359F","EO","KL","07-10-2025","F",36,30,577,"impact","impact_1971-1980",35.10562,-106.681074,"mono.ss","0"
"1893","MSB:Fish:4453",1978,9,5,"MSB 4453-3","JAR8938F","EO","KL","07-10-2025","M",28,22,149,"impact","impact_1971-1980",35.10562,-106.681074,"mono.ss","0"
"1894","MSB:Fish:4453",1978,9,5,"MSB 4453-2","JAR8936F","EO ","GC","07-10-2025","F",39,31,742,"impact","impact_1971-1980",35.10562,-106.681074,"mono.ss","0"
"1895","MSB:Fish:4453",1978,9,5,"MSB 4453-4","JAR8942F","EO","JG","07-10-2025",NA,26,22,143,"impact","impact_1971-1980",35.10562,-106.681074,"mono.ss","0"
"1896","MSB:Fish:4462",1978,6,14,"MSB 4462-1","JAR11541F","BP","BP","07-15-2025",NA,27,22,205,"control","control_1971-1980",35.322164,-106.557448,"mono.ss","2"
"1897","MSB:Fish:4462",1978,6,14,"MSB 4462-2","JAR11540F","BP","EO","07-15-2025","F",36,27,517,"control","control_1971-1980",35.322164,-106.557448,"mono.ss","0"
"1898","MSB:Fish:4462",1978,6,14,"MSB 4462-5","JAR11535F","BP","GC","07-15-2025","M",26,20,170,"control","control_1971-1980",35.322164,-106.557448,"mono.ss","0"
"1899","MSB:Fish:4462",1978,6,14,"MSB 4462-3","JAR11538F","BP","KL","07-15-2025","F",27,20,195,"control","control_1971-1980",35.322164,-106.557448,"mono.ss","0"
"1900","MSB:Fish:4462",1978,6,14,"MSB 4462-4","JAR11543F","BP","GC","07-15-2025","M",27,20,197,"control","control_1971-1980",35.322164,-106.557448,"mono.ss","0"
"1901","MSB:Fish:4486",1978,9,29,"MSB 4486-1","JAR11274F","JG","KL","07-11-2025","F",29,24,252,"control","control_1971-1980",35.383856,-106.490929,"mono.ss","4"
"1902","MSB:Fish:4486",1978,9,29,"MSB 4486-2","JAR11324F","JG","KL","07-11-2025","M",25,20,171,"control","control_1971-1980",35.383856,-106.490929,"mono.ss","4"
"1903","MSB:Fish:4486",1978,9,29,"MSB 4486-3","JAR11325F","KL","EO","07-11-2025","F",28,23,227,"control","control_1971-1980",35.383856,-106.490929,"mono.ss","4"
"1904","MSB:Fish:4486",1978,9,29,"MSB 4486-4","JAR11323F","KL","KL","07-11-2025",NA,27,22,226,"control","control_1971-1980",35.383856,-106.490929,"mono.ss","8"
"1905","MSB:Fish:4486",1978,9,29,"MSB 4486-5","JAR11273F","KL","KL","07-11-2025",NA,25,20,158,"control","control_1971-1980",35.383856,-106.490929,"mono.ss","4"
"1906","MSB:Fish:4748",1978,9,5,"MSB 4748-1","JAR8904F","BP","JG","07-09-2025",NA,33,25,374,"impact","impact_1971-1980",35.197227,-106.642667,"mono.ss","0"
"1907","MSB:Fish:4748",1978,9,5,"MSB 4748-3","JAR8907F","BP","EO","07-09-2025","F",34,27,362,"impact","impact_1971-1980",35.197227,-106.642667,"mono.ss","0"
"1908","MSB:Fish:4748",1978,9,5,"MSB 4748-2","JAR8909F","EO","JG","07-09-2025",NA,36,28,522,"impact","impact_1971-1980",35.197227,-106.642667,"mono.ss","0"
"1909","MSB:Fish:4748",1978,9,5,"MSB 4748-5","JAR8905F","BP","GC","07-09-2025",NA,30,24,278,"impact","impact_1971-1980",35.197227,-106.642667,"mono.ss","0"
"1910","MSB:Fish:4748",1978,9,5,"MSB 4748-4","JAR8906F","EO","GC","07-09-2025",NA,29,23,213,"impact","impact_1971-1980",35.197227,-106.642667,"mono.ss","0"
"1911","MSB:Fish:4750",1978,9,29,"MSB 4750-5","JAR8807F","EO","JG KL","07-07-2025",NA,34,27,447,"control","control_1971-1980",35.385246,-106.478952,"mono.ss","0"
"1912","MSB:Fish:4750",1978,9,29,"MSB 4750-3","JAR8809F","EO","GC","07-07-2025","F",44,35,886,"control","control_1971-1980",35.385246,-106.478952,"mono.ss","0"
"1913","MSB:Fish:4750",1978,9,29,"MSB 4750-1","JAR8811F","BP","JG GC","07-07-2025","F",40,32,703,"control","control_1971-1980",35.385246,-106.478952,"mono.ss","0"
"1914","MSB:Fish:4750",1978,9,29,"MSB 4750-4","JAR8813F","BP","KL","07-07-2025","F",39,31,703,"control","control_1971-1980",35.385246,-106.478952,"mono.ss","0"
"1915","MSB:Fish:4750",1978,9,29,"MSB 4750-2","JAR8808F","JG","KL","07-07-2025","F",41,36,1080,"control","control_1971-1980",35.385246,-106.478952,"mono.ss","0"
"1916","MSB:Fish:515",1949,11,19,"MSB 515-4","JAR11287F","EO","KL","07-14-2025","F",37,32,1145,"impact","impact_1941-1950",35.20447,-106.610066,"mono.ss","2"
"1917","MSB:Fish:515",1949,11,19,"MSB 515-1","JAR11307F","EO","KL","07-14-2025",NA,43,36,964,"impact","impact_1941-1950",35.20447,-106.610066,"mono.ss","8"
"1918","MSB:Fish:515",1949,11,19,"MSB 515-3","JAR11290F","EO","GC","07-14-2025","F",39,32,785,"impact","impact_1941-1950",35.20447,-106.610066,"mono.ss","0"
"1919","MSB:Fish:515",1949,11,19,"MSB 515-2","JAR11310F","EO","GC","07-14-2025","F",37,30,662,"impact","impact_1941-1950",35.20447,-106.610066,"mono.ss",NA
"1920","MSB:Fish:515",1949,11,19,"MSB 515-5","JAR11304F","EO","JG","07-14-2025","F",43,35,1190,"impact","impact_1941-1950",35.20447,-106.610066,"mono.ss","4"
"1921","MSB:Fish:5811",1987,9,9,"MSB 5811-4","JAR8806F","EO","KL","07-07-2025","F",34,27,481,"control","control_1981-1990",35.322164,-106.557448,"mono.ss","0"
"1922","MSB:Fish:5811",1987,9,9,"MSB 5811-5","JAR8810F","BP","GC","07-07-2025","F",32,26,411,"control","control_1981-1990",35.322164,-106.557448,"mono.ss","0"
"1923","MSB:Fish:5811",1987,9,9,"MSB 5811-2","JAR8804F","EO","GC","07-07-2025",NA,41,34,755,"control","control_1981-1990",35.322164,-106.557448,"mono.ss","0"
"1924","MSB:Fish:5811",1987,9,9,"MSB 5811-1","JAR8803F","BP","EO GC","07-07-2025","F",39,31,706,"control","control_1981-1990",35.322164,-106.557448,"mono.ss","0"
"1925","MSB:Fish:5811",1987,9,9,"MSB 5811-3","JAR8805F","BP","JG KL","07-07-2025",NA,35,27,556,"control","control_1981-1990",35.322164,-106.557448,"mono.ss","0"
"1926","MSB:Fish:5822",1987,9,10,"MSB 5822-1","JAR11343F","BP","GC","07-10-2025","F",34,26,358,"impact","impact_1981-1990",34.905272,-106.685564,"mono.ss","0"
"1927","MSB:Fish:5822",1987,9,10,"MSB 5822-5","JAR11352F","BP","JG","07-10-2025",NA,29,21,200,"impact","impact_1981-1990",34.905272,-106.685564,"mono.ss","0"
"1928","MSB:Fish:5822",1987,9,10,"MSB 5822-2","JAR11346F","BP","GC","07-10-2025","F",36,29,480,"impact","impact_1981-1990",34.905272,-106.685564,"mono.ss","0"
"1929","MSB:Fish:5822",1987,9,10,"MSB 5822-4","JAR11355F","JG","JG","07-10-2025",NA,25,20,153,"impact","impact_1981-1990",34.905272,-106.685564,"mono.ss","0"
"1930","MSB:Fish:5822",1987,9,10,"MSB 5822-3","JAR11358F","BP","JG","07-10-2025","F",41,32,826,"impact","impact_1981-1990",34.905272,-106.685564,"mono.ss","0"
"1931","MSB:Fish:62355",2000,9,14,"MSB 62355-1","JAR11052F","KL","KL","07-28-2025","F",32,25,322,"control","control_1991-2000",35.28373,-106.59878,"mono.ss","14"
"1932","MSB:Fish:62355",2000,9,14,"MSB 62355-3","JAR11053F","KL","KL","07-28-2025","F",29,24,210,"control","control_1991-2000",35.28373,-106.59878,"mono.ss","0"
"1933","MSB:Fish:62355",2000,9,14,"MSB 62355-2","JAR11055F","KL","KL","07-28-2025",NA,33,26,326,"control","control_1991-2000",35.28373,-106.59878,"mono.ss","8"
"1934","MSB:Fish:62355",2000,9,14,"MSB 62355-5","JAR11058F","KL","KL","07-28-2025",NA,25,21,152,"control","control_1991-2000",35.28373,-106.59878,"mono.ss","8"
"1935","MSB:Fish:62355",2000,9,14,"MSB 62355-4","JAR11054F","KL","KL","07-28-2025","F",32,25,308,"control","control_1991-2000",35.28373,-106.59878,"mono.ss","0"
"1936","MSB:Fish:6300",1988,11,12,"MSB 6300-5","JAR11624F","JG","GC","07-21-2025","F",33,27,377,"impact","impact_1981-1990",35.017903,-106.661847,"mono.ss","0"
"1937","MSB:Fish:6300",1988,11,12,"MSB 6300-1","JAR11625F","BP","BP","07-21-2025","M",33,26,347,"impact","impact_1981-1990",35.017903,-106.661847,"mono.ss","0"
"1938","MSB:Fish:6300",1988,11,12,"MSB 6300-4","JAR11622F","JG","BP","07-21-2025",NA,33,25,280,"impact","impact_1981-1990",35.017903,-106.661847,"mono.ss","0"
"1939","MSB:Fish:6300",1988,11,12,"MSB 6300-3","JAR11627F","BP","EO","07-21-2025","F",33,25,348,"impact","impact_1981-1990",35.017903,-106.661847,"mono.ss","0"
"1940","MSB:Fish:6300",1988,11,12,"MSB 6300-2","JAR11619F","JG","GC","07-21-2025","F",34,27,388,"impact","impact_1981-1990",35.017903,-106.661847,"mono.ss","0"
"1941","MSB:Fish:6405",1989,10,16,"MSB 6405-4","JAR11312F","BP","GC","07-14-2025","F",37,29,435,"impact","impact_1981-1990",35.089293,-106.680842,"mono.ss","0"
"1942","MSB:Fish:6405",1989,10,16,"MSB 6405-2","JAR11315F","JG","EO","07-14-2025","F",37,31,537,"impact","impact_1981-1990",35.089293,-106.680842,"mono.ss","0"
"1943","MSB:Fish:6405",1989,10,16,"MSB 6405-3","JAR11313F","JG","GC","07-14-2025","F",33,26,403,"impact","impact_1981-1990",35.089293,-106.680842,"mono.ss","0"
"1944","MSB:Fish:6405",1989,10,16,"MSB 6405-1","JAR1131F","BP","KL","07-14-2025","F",32,24,325,"impact","impact_1981-1990",35.089293,-106.680842,"mono.ss","4"
"1945","MSB:Fish:6405",1989,10,16,"MSB 6405-5","JAR11314F","JG","JG","07-14-2025",NA,34,27,398,"impact","impact_1981-1990",35.089293,-106.680842,"mono.ss","0"
"1946","MSB:Fish:68470",1984,8,15,"MSB 68470-3","JAR11608F","BP","JG","07-18-2025","F",44,33,959,"impact","impact_1981-1990",35.089293,-106.680842,"mono.ss","0"
"1947","MSB:Fish:68470",1984,8,15,"MSB 68470-1","JAR11604F","BP","KL","07-18-2025","F",41,31,874,"impact","impact_1981-1990",35.089293,-106.680842,"mono.ss","0"
"1948","MSB:Fish:68470",1984,8,15,"MSB 68470-5","JAR11601F","BP","EO","07-18-2025","F",37,29,554,"impact","impact_1981-1990",35.089293,-106.680842,"mono.ss","0"
"1949","MSB:Fish:68470",1984,8,15,"MSB 68470-2","JAR11605F","JG","GC","07-18-2025","F",37,30,568,"impact","impact_1981-1990",35.089293,-106.680842,"mono.ss","0"
"1950","MSB:Fish:68470",1984,8,15,"MSB 68470-4","JAR11611F","JG","JG","07-18-2025",NA,35,30,521,"impact","impact_1981-1990",35.089293,-106.680842,"mono.ss","0"
"1951","MSB:Fish:68483",1984,8,15,"MSB 68483-5","JAR11593F","JG","EO","07-18-2025","F",39,32,596,"impact","impact_1981-1990",35.069907,-106.658878,"mono.ss","0"
"1952","MSB:Fish:68483",1984,8,15,"MSB 68483-1","JAR11594F","JG","JG","07-18-2025","F",36,29,526,"impact","impact_1981-1990",35.069907,-106.658878,"mono.ss","0"
"1953","MSB:Fish:68483",1984,8,15,"MSB 68483-4","JAR11599","JG","GC","07-18-2025","F",37,30,507,"impact","impact_1981-1990",35.069907,-106.658878,"mono.ss","0"
"1954","MSB:Fish:68483",1984,8,15,"MSB 68483-3","JAR11602F","BP","BP","07-18-2025","F",36,29,500,"impact","impact_1981-1990",35.069907,-106.658878,"mono.ss","0"
"1955","MSB:Fish:68483",1984,8,15,"MSB 68483-2","JAR11596F","JG","KL","07-18-2025","F",35,29,498,"impact","impact_1981-1990",35.069907,-106.658878,"mono.ss","0"
"1956","MSB:Fish:68508",1984,8,15,"MSB 68508-2","JAR11591F","JG","JG","07-21-2025","F",34,27,416,"control","control_1981-1990",35.225523,-106.597651,"mono.ss","0"
"1957","MSB:Fish:68508",1984,8,15,"MSB 68508-4","JAR11588F","JG","GC","07-21-2025","F",35,28,587,"control","control_1981-1990",35.225523,-106.597651,"mono.ss","0"
"1958","MSB:Fish:68508",1984,8,15,"MSB 68508-5","JAR11587F","BP","JG","07-21-2025","F",33,25,397,"control","control_1981-1990",35.225523,-106.597651,"mono.ss","0"
"1959","MSB:Fish:68508",1984,8,15,"MSB 68508-3","JAR11585F","BP","EO","07-21-2025","F",37,28,556,"control","control_1981-1990",35.225523,-106.597651,"mono.ss","0"
"1960","MSB:Fish:68508",1984,8,15,"MSB 68508-1","JAR11590F","BP","GC","07-21-2025","F",36,27,487,"control","control_1981-1990",35.225523,-106.597651,"mono.ss","0"
"1961","MSB:Fish:68521",1984,8,16,"MSB 68521-5","JAR11597F","BP","JG","07-18-2025","F",32,25,429,"control","control_1981-1990",35.211416,-106.612833,"mono.ss","2"
"1962","MSB:Fish:68521",1984,8,16,"MSB 68521-4","JAR11598F","BP","KL","07-18-2025","F",31,24,369,"control","control_1981-1990",35.211416,-106.612833,"mono.ss","0"
"1963","MSB:Fish:68521",1984,8,16,"MSB 68521-1","JAR11600F","JG","KL","07-18-2025","F",39,31,597,"control","control_1981-1990",35.211416,-106.612833,"mono.ss","0"
"1964","MSB:Fish:68521",1984,8,16,"MSB 68521-3","JAR11595F","JG","BP","07-18-2025","F",39,31,719,"control","control_1981-1990",35.211416,-106.612833,"mono.ss","0"
"1965","MSB:Fish:68521",1984,8,16,"MSB 68521-2","JAR11603F","BP","BP","07-18-2025","F",36,27,661,"control","control_1981-1990",35.211416,-106.612833,"mono.ss","0"
"1966","MSB:Fish:7208",1989,11,4,"MSB 7208-3","JAR11518F","BP","GC","07-14-2025",NA,32,25,345,"impact","impact_1981-1990",35.205042,-106.609081,"mono.ss","0"
"1967","MSB:Fish:7208",1989,11,4,"MSB 7208-2","JAR11515F","EO","JG","07-14-2025",NA,38,31,650,"impact","impact_1981-1990",35.205042,-106.609081,"mono.ss","0"
"1968","MSB:Fish:7208",1989,11,4,"MSB 7208-5","JAR11509F","BP","GC","07-14-2025","F",34,25,381,"impact","impact_1981-1990",35.205042,-106.609081,"mono.ss","0"
"1969","MSB:Fish:7208",1989,11,4,"MSB 7208-1","JAR11510F","BP","KL","07-14-2025","F",36,26,645,"impact","impact_1981-1990",35.205042,-106.609081,"mono.ss","0"
"1970","MSB:Fish:7208",1989,11,4,"MSB 7208-4","JAR11512F","EO","GC","07-14-2025","F",37,29,482,"impact","impact_1981-1990",35.205042,-106.609081,"mono.ss","0"
"1971","MSB:Fish:7239",1989,11,12,"MSB 7230-1","JAR11606F","JG","GC","07-21-2025","F",30,23,279,"impact","impact_1981-1990",34.994298,-106.678945,"mono.ss","0"
"1972","MSB:Fish:7239",1989,11,12,"MSB 7239-4","JAR11615F","BP","EO","07-21-2025","F",29,22,268,"impact","impact_1981-1990",34.994298,-106.678945,"mono.ss","6"
"1973","MSB:Fish:7239",1989,11,12,"MSB 7239-2","JAR11612F","BP","JG","07-21-2025",NA,36,27,500,"impact","impact_1981-1990",34.994298,-106.678945,"mono.ss","0"
"1974","MSB:Fish:7239",1989,11,12,"MSB 7239-3","JAR11609F","JG","GC","07-21-2025",NA,27,22,204,"impact","impact_1981-1990",34.994298,-106.678945,"mono.ss","0"
"1975","MSB:Fish:7239",1989,11,12,"MSB 7239-5","JAR11614F","JG","EO","07-21-2025","F",30,24,281,"impact","impact_1981-1990",34.994298,-106.678945,"mono.ss","0"
"1976","MSB:Fish:73719",2002,9,16,"MSB 73719-4","JAR11050F","KL","KL","07-28-2025","F",38,31,612,"control","control_2001-2010",35.322164,-106.557448,"mono.ss","0"
"1977","MSB:Fish:73719",2002,9,16,"MSB 73719-5","JAR11051F","KL","KL","07-28-2025",NA,36,29,495,"control","control_2001-2010",35.322164,-106.557448,"mono.ss","0"
"1978","MSB:Fish:73719",2002,9,16,"MSB 73719-3","JAR11049F","KL","KL","07-28-2025","F",40,32,748,"control","control_2001-2010",35.322164,-106.557448,"mono.ss","8"
"1979","MSB:Fish:73719",2002,9,16,"MSB 73719-2","JAR11048F","KL","KL","07-28-2025","F",41,34,824,"control","control_2001-2010",35.322164,-106.557448,"mono.ss","0"
"1980","MSB:Fish:73719",2002,9,16,"MSB 73719-1","JAR11047F","KL","KL","07-28-2025",NA,37,30,488,"control","control_2001-2010",35.322164,-106.557448,"mono.ss","0"
"1981","MSB:Fish:7971",1990,10,22,"MSB 7971-2","JAR8910F","BP","EO","07-09-2025","F",29,24,264,"impact","impact_1981-1990",35.089293,-106.680842,"mono.ss","0"
"1982","MSB:Fish:7971",1990,10,22,"MSB 7971-1","JAR8912F","EO","KL","07-09-2025","F",38,30,560,"impact","impact_1981-1990",35.089293,-106.680842,"mono.ss","4"
"1983","MSB:Fish:7971",1990,10,22,"MSB 7971-3","JAR8908F","EO","BP","07-09-2025","F",33,25,370,"impact","impact_1981-1990",35.089293,-106.680842,"mono.ss","0"
"1984","MSB:Fish:7971",1990,10,22,"MSB 7971-5","JAR8916F","EO","BP","07-09-2025","F",28,21,207,"impact","impact_1981-1990",35.089293,-106.680842,"mono.ss","0"
"1985","MSB:Fish:7971",1990,10,22,"MSB 7971-4","JAR8914F","BP","GC","07-09-2025",NA,26,21,155,"impact","impact_1981-1990",35.089293,-106.680842,"mono.ss","0"
"1986","MSB:Fish:9004",1998,10,28,"MSB 9004-5","JAR11300F","JG","BP","07-14-2025","F",34,28,428,"impact","impact_1981-1990",35.196977,-106.642444,"mono.ss","0"
"1987","MSB:Fish:9004",1990,10,28,"MSB 9004-1","JAR11303F","BP","BP","07-14-2025",NA,33,27,388,"impact","impact_1981-1990",35.196977,-106.642444,"mono.ss","0"
"1988","MSB:Fish:9004",1990,10,28,"MSB 9004-4","JAR11301F","JG","GC","07-14-2025",NA,34,28,405,"impact","impact_1981-1990",35.196977,-106.642444,"mono.ss","0"
"1989","MSB:Fish:9004",1990,10,28,"MSB 9004-2","JAR11306F","JG","KL","07-14-2025",NA,32,25,351,"impact","impact_1981-1990",35.196977,-106.642444,"mono.ss","0"
"1990","MSB:Fish:9004",1990,10,28,"MSB 9004-3","JAR11309F","JG","KL","07-14-2025","F",40,32,595,"impact","impact_1981-1990",35.196977,-106.642444,"mono.ss","0"
"1991","MSB:Fish:9011",1990,10,28,"MSB 9011-1","JAR11099F","JG","GC","07-16-2025",NA,36,30,481,"control","control_1981-1990",35.28086111,-106.5988056,"mono.ss","0"
"1992","MSB:Fish:9011",1990,10,28,"MSB 9011-3","JAR11104F","JG","JG","07-16-2025",NA,35,27,423,"control","control_1981-1990",35.28086111,-106.5988056,"mono.ss","0"
"1993","MSB:Fish:9011",1990,10,28,"MSB 9011-5","JAR11101F","JG","KL","07-16-2025",NA,30,24,291,"control","control_1981-1990",35.28086111,-106.5988056,"mono.ss","2"
"1994","MSB:Fish:9011",1990,10,28,"MSB 9011-4","JAR11096F","BP","GC","07-16-2025","F",32,23,324,"control","control_1981-1990",35.28086111,-106.5988056,"mono.ss","0"
"1995","MSB:Fish:9011",1990,10,28,"MSB 9011-2","JAR11102F","JG","GC","07-16-2025",NA,36,31,550,"control","control_1981-1990",35.28086111,-106.5988056,"mono.ss","0"
"1996","MSB:Fish:9465",1989,2,26,"MSB 9465-1","JAR11536F","EO","KL","07-15-2025","F",38,31,553,"impact","impact_1981-1990",34.917008,-106.675195,"mono.ss","0"
"1997","MSB:Fish:9465",1989,2,26,"MSB 9465-4","JAR11539F","EO","KL","07-15-2025","F",47,38,1063,"impact","impact_1981-1990",34.917008,-106.675195,"mono.ss","0"
"1998","MSB:Fish:9465",1989,2,26,"MSB 9465-3","JAR11542F","BP","GC","07-15-2025",NA,39,30,565,"impact","impact_1981-1990",34.917008,-106.675195,"mono.ss","0"
"1999","MSB:Fish:9465",1989,2,26,"MSB 9465-5","JAR11533F","BP","JG","07-15-2025",NA,39,30,778,"impact","impact_1981-1990",34.917008,-106.675195,"mono.ss","0"
"2000","MSB:Fish:9465",1989,2,26,"MSB 9465-2","JAR11537F","EO","GC","07-15-2025","F",47,38,1184,"impact","impact_1981-1990",34.917008,-106.675195,"mono.ss","0"
"2001","MSB:Fish:1078",1939,1,30,"MSB 1078-1","JAR11299F","BP","JG","07-14-2025","F",40,31,647,"impact","impact_1931-1940",35.087167,-106.682164,"trem.dips","0"
"2002","MSB:Fish:1078",1939,1,30,"MSB 1078-2","JAR11302F","JG","KL","07-14-2025",NA,41,32,699,"impact","impact_1931-1940",35.087167,-106.682164,"trem.dips","0"
"2003","MSB:Fish:1078",1939,1,30,"MSB 1078-3","JAR11305F","BP","KL","07-14-2025",NA,43,35,798,"impact","impact_1931-1940",35.087167,-106.682164,"trem.dips","0"
"2004","MSB:Fish:1078",1939,1,30,"MSB 1078-4","JAR11320F","JG","GC","07-14-2025","F",43,37,1027,"impact","impact_1931-1940",35.087167,-106.682164,"trem.dips","0"
"2005","MSB:Fish:1078",1939,1,30,"MSB 1078-5","JAR11308F","BP","KL","07-14-2025",NA,39,29,627,"impact","impact_1931-1940",35.087167,-106.682164,"trem.dips","0"
"2006","MSB:Fish:1079",1941,9,14,"MSB 1079-5","JAR11311F","JG","KL","07-14-2025",NA,37,29,441,"impact","impact_1941-1950",35.096748,-106.692027,"trem.dips","0"
"2007","MSB:Fish:1079",1941,9,14,"MSB 1079-3","JAR11332F","BP","GC","07-14-2025","F",33,25,457,"impact","impact_1941-1950",35.096748,-106.692027,"trem.dips","0"
"2008","MSB:Fish:1079",1941,9,14,"MSB 1079-1","JAR11334F","BP","GC","07-14-2025",NA,29,24,231,"impact","impact_1941-1950",35.096748,-106.692027,"trem.dips","0"
"2009","MSB:Fish:1079",1941,9,14,"MSB 1079-2","JAR11331F","JG","KL","07-14-2025",NA,35,29,447,"impact","impact_1941-1950",35.096748,-106.692027,"trem.dips","0"
"2010","MSB:Fish:1079",1941,9,14,"MSB 1079-4","JAR11333F","BP","GC","07-14-2025","F",44,33,754,"impact","impact_1941-1950",35.096748,-106.692027,"trem.dips","0"
"2011","MSB:Fish:1081",1939,3,17,"MSB 1081-5","JAR8835F","BP","EO","07-08-2025","F",28,22,226,"impact","impact_1931-1940",35.072363,-106.668064,"trem.dips","0"
"2012","MSB:Fish:1081",1939,3,17,"MSB 1081-4","JAR8832F","JG","KL","07-08-2025","F",27,22,188,"impact","impact_1931-1940",35.072363,-106.668064,"trem.dips","0"
"2013","MSB:Fish:1081",1939,3,17,"MSB 1081-2","JAR8836","JG","BP","07-08-2025",NA,29,24,239,"impact","impact_1931-1940",35.072363,-106.668064,"trem.dips","0"
"2014","MSB:Fish:1081",1939,3,17,"MSB 1081-1","JAR8837F","BP","BP","07-08-2025","F",43,33,868,"impact","impact_1931-1940",35.072363,-106.668064,"trem.dips","0"
"2015","MSB:Fish:1081",1939,3,17,"MSB 1081-3","JAR8834F","BP","JG","07-08-2025",NA,27,21,176,"impact","impact_1931-1940",35.072363,-106.668064,"trem.dips","0"
"2016","MSB:Fish:1082",1938,10,18,"MSB 1082-1","JAR8930F","BP","EO","07-09-2025","F",41,32,722,"impact","impact_1931-1940",35.100259,-106.692107,"trem.dips","0"
"2017","MSB:Fish:1082",1938,10,18,"MSB 1082-4","JAR8934F","BP","BP","07-09-2025",NA,31,24,264,"impact","impact_1931-1940",35.100259,-106.692107,"trem.dips","0"
"2018","MSB:Fish:1082",1938,10,18,"MSB 1082-2","JAR8928F","EO","GC","07-09-2025","F",40,33,627,"impact","impact_1931-1940",35.100259,-106.692107,"trem.dips","0"
"2019","MSB:Fish:1082",1938,10,18,"MSB 1082-5","JAR8927F","EO","KL","07-09-2025",NA,25,21,140,"impact","impact_1931-1940",35.100259,-106.692107,"trem.dips","0"
"2020","MSB:Fish:1082",1938,10,18,"MSB 1082-3","JAR8929F","EO","KL","07-09-2025","F",34,28,397,"impact","impact_1931-1940",35.100259,-106.692107,"trem.dips","0"
"2021","MSB:Fish:1085",1939,5,13,"MSB 1085-5","JAR8935F","JG","GC","07-10-2025","F",50,39,1499,"impact","impact_1931-1940",35.192334,-106.619678,"trem.dips","0"
"2022","MSB:Fish:1085",1939,5,13,"MSB 1085-4","JAR8941F","JG","KL","07-10-2025","F",44,36,1060,"impact","impact_1931-1940",35.192334,-106.619678,"trem.dips","0"
"2023","MSB:Fish:1085",1939,5,13,"MSB 1085-1","JAR8932F","JG","KL","07-10-2025","F",41,33,809,"impact","impact_1931-1940",35.192334,-106.619678,"trem.dips","0"
"2024","MSB:Fish:1085",1939,5,13,"MSB 1085-3","JAR8939F","JG","KL","07-10-2025","F",42,34,861,"impact","impact_1931-1940",35.192334,-106.619678,"trem.dips","0"
"2025","MSB:Fish:1085",1939,5,13,"MSB 1085-2","JAR8937F","JG","GC","07-10-2025","M",26,21,147,"impact","impact_1931-1940",35.192334,-106.619678,"trem.dips","0"
"2026","MSB:Fish:1086",1939,4,22,"MSB 1086-2","JAR8900F","BP","GC","07-07-2025","F",45,36,994,"impact","impact_1931-1940",35.173111,-106.626066,"trem.dips","0"
"2027","MSB:Fish:1086",1939,4,22,"MSB 1086-5","JAR8792F","JG","GC","07-07-2025","F",46,35,1207,"impact","impact_1931-1940",35.173111,-106.626066,"trem.dips","0"
"2028","MSB:Fish:1086",1939,4,22,"MSB1086-4","JAR8791F","BP","KL","07-07-2025","F",39,30,752,"impact","impact_1931-1940",35.173111,-106.626066,"trem.dips","0"
"2029","MSB:Fish:1086",1939,4,22,"MSB 1086-1","JAR8898F","BP","KL","07-07-2025","F",47,37,1182,"impact","impact_1931-1940",35.173111,-106.626066,"trem.dips","0"
"2030","MSB:Fish:1086",1939,4,22,"MSB 1086-3","JAR8902F","BP","KL","07-07-2025",NA,42,35,1023,"impact","impact_1931-1940",35.173111,-106.626066,"trem.dips","0"
"2031","MSB:Fish:1089",1939,1,24,"MSB 1089-3","JAR11117F","BP","GC","07-16-2025","F",38,29,552,"impact","impact_1931-1940",35.087167,-106.682164,"trem.dips","0"
"2032","MSB:Fish:1089",1939,1,24,"MSB 1089-5","JAR11111F","BP","KL","07-16-2025",NA,35,28,476,"impact","impact_1931-1940",35.087167,-106.682164,"trem.dips","0"
"2033","MSB:Fish:1089",1939,1,24,"MSB 1089-1","JAR11112F","BP","KL","07-16-2025","F",40,33,666,"impact","impact_1931-1940",35.087167,-106.682164,"trem.dips","0"
"2034","MSB:Fish:1089",1939,1,24,"MSB 1089-4","JAR11114F","BP","KL","07-16-2025","F",40,33,741,"impact","impact_1931-1940",35.087167,-106.682164,"trem.dips","2"
"2035","MSB:Fish:1089",1939,1,24,"MSB 1089-2","JAR11109F","BP","GC","07-16-2025",NA,38,30,571,"impact","impact_1931-1940",35.087167,-106.682164,"trem.dips","0"
"2036","MSB:Fish:10898",1992,7,9,"MSB 10898-5","JAR11023F","KL","KL","07-28-2025",NA,25,20,139,"control","control_1991-2000",35.211277,-106.611666,"trem.dips","0"
"2037","MSB:Fish:10898",1992,7,9,"MSB 10898-4","JAR11046F","KL","KL","07-28-2025","F",31,25,309,"control","control_1991-2000",35.211277,-106.611666,"trem.dips","0"
"2038","MSB:Fish:10898",1992,7,9,"MSB 10898-3","JAR11040F","KL","KL","07-28-2025","F",24,19,123,"control","control_1991-2000",35.211277,-106.611666,"trem.dips","0"
"2039","MSB:Fish:10898",1992,7,9,"MSB 10898-2","JAR11038F","KL","KL","07-28-2025","M",26,21,118,"control","control_1991-2000",35.211277,-106.611666,"trem.dips","0"
"2040","MSB:Fish:10898",1992,7,9,"MSB 10898-1","JAR11039F","KL","KL","07-28-2025","M",22,18,90,"control","control_1991-2000",35.211277,-106.611666,"trem.dips","0"
"2041","MSB:Fish:1090",1939,6,9,"MSB 1090-4","JAR11354F","BP","GC","07-10-2025","M",25,19,132,"impact","impact_1931-1940",34.906619,-106.685289,"trem.dips","0"
"2042","MSB:Fish:1090",1939,6,9,"MSB 1090-2","JAR11351F","BP","JG","07-10-2025","F",37,30,670,"impact","impact_1931-1940",34.906619,-106.685289,"trem.dips","0"
"2043","MSB:Fish:1090",1939,6,9,"MSB 1090-5","JAR11349F","BP","KL","07-10-2025","F",29,24,323,"impact","impact_1931-1940",34.906619,-106.685289,"trem.dips","0"
"2044","MSB:Fish:1090",1939,6,9,"MSB 1090-3","JAR11357F","BP","EO","07-10-2025","F",33,25,483,"impact","impact_1931-1940",34.906619,-106.685289,"trem.dips","0"
"2045","MSB:Fish:1090",1939,6,9,"MSB 1090-1","JAR11348F","BP","GC","07-10-2025","F",39,30,751,"impact","impact_1931-1940",34.906619,-106.685289,"trem.dips","0"
"2046","MSB:Fish:10922",1992,7,9,"MSB 10922-3","JAR11592F","BP","KL","07-18-2025","F",33,25,400,"impact","impact_1991-2000",35.10469444,-106.6916667,"trem.dips","0"
"2047","MSB:Fish:10922",1992,7,9,"MSB 10922-5","JAR115843F","BP","GC","07-18-2025","F",30,24,322,"impact","impact_1991-2000",35.10469444,-106.6916667,"trem.dips","0"
"2048","MSB:Fish:10922",1992,7,9,"MSB 10922-4","JAR11584F","JG","GC","07-18-2025","F",27,22,141,"impact","impact_1991-2000",35.10469444,-106.6916667,"trem.dips","0"
"2049","MSB:Fish:10922",1992,7,9,"MSB 10922-2","JAR11586F","JG","GC","07-18-2025","F",25,20,143,"impact","impact_1991-2000",35.10469444,-106.6916667,"trem.dips","0"
"2050","MSB:Fish:10922",1992,7,9,"MSB 10922-1","JAR11589F","JG","KL","07-18-2025","F",30,25,362,"impact","impact_1991-2000",35.10469444,-106.6916667,"trem.dips","0"
"2051","MSB:Fish:10944",1992,7,15,"MSB 10944-2","JAR11565F","BP","GC","07-17-2025","F",37,29,751,"impact","impact_1991-2000",35.089293,-106.680842,"trem.dips","0"
"2052","MSB:Fish:10944",1992,7,15,"MSB 10944-3","JAR11566F","BP","GC","07-17-2025","F",48,36,1418,"impact","impact_1991-2000",35.089293,-106.680842,"trem.dips","0"
"2053","MSB:Fish:10944",1992,7,15,"MSB 10944-4","JAR11564F","BP","KL","07-17-2025","F",34,27,538,"impact","impact_1991-2000",35.089293,-106.680842,"trem.dips","0"
"2054","MSB:Fish:10944",1992,7,15,"MSB 10944-5","JAR11567F","BP","KL","07-17-2025","F",35,27,542,"impact","impact_1991-2000",35.089293,-106.680842,"trem.dips","0"
"2055","MSB:Fish:10944",1992,7,15,"MSB 10944-1","JAR11568F","BP","GC","07-17-2025","F",43,33,1179,"impact","impact_1991-2000",35.089293,-106.680842,"trem.dips","0"
"2056","MSB:Fish:1098",1939,5,13,"MSB 1098-4","JAR8819F","EO","KL","07-07-2025","F",32,25,352,"impact","impact_1931-1940",35.189406,-106.625396,"trem.dips","0"
"2057","MSB:Fish:1098",1939,5,13,"MSB 1098-2","JAR8815F","EO","GC","07-07-2025","F",41,33,887,"impact","impact_1931-1940",35.189406,-106.625396,"trem.dips","0"
"2058","MSB:Fish:1098",1939,5,13,"MSB 1098-3","JAR8817F","EO","KL","07-07-2025",NA,30,24,257,"impact","impact_1931-1940",35.189406,-106.625396,"trem.dips","0"
"2059","MSB:Fish:1098",1939,5,13,"MSB 1098-5","JAR8812F","EO","KL","07-07-2025",NA,41,33,697,"impact","impact_1931-1940",35.189406,-106.625396,"trem.dips","0"
"2060","MSB:Fish:1098",1939,5,13,"MSB 1098-1","JAR8814F","EO","KL","07-08-2025","F",46,37,1164,"impact","impact_1931-1940",35.189406,-106.625396,"trem.dips","0"
"2061","MSB:Fish:1100",1939,2,26,"MSB 1100-4","JAR8824F","BP","KL","07-08-2025","F",28,24,303,"impact","impact_1931-1940",35.072363,-106.668064,"trem.dips","0"
"2062","MSB:Fish:1100",1939,2,26,"MSB 1100-3","JAR8823F","JG","KL","07-08-2025",NA,33,25,326,"impact","impact_1931-1940",35.072363,-106.668064,"trem.dips","0"
"2063","MSB:Fish:1100",1939,2,26,"MSB 1100-1","JAR8825F","JG","KL","07-08-2025","F",43,33,679,"impact","impact_1931-1940",35.072363,-106.668064,"trem.dips","0"
"2064","MSB:Fish:1100",1939,2,26,"MSB 1100-2","JAR8827F","BP","EO ","07-08-2025","F",28,25,318,"impact","impact_1931-1940",35.072363,-106.668064,"trem.dips","0"
"2065","MSB:Fish:1100",1939,2,26,"MSB 1100-5","JAR8829F","JG","KL","07-08-2025",NA,26,23,226,"impact","impact_1931-1940",35.072363,-106.668064,"trem.dips","0"
"2066","MSB:Fish:1105",1939,1,20,"MSB 1105-1","JAR11362F","JG","GC","07-10-2025",NA,30,24,202,"impact","impact_1931-1940",35.100259,-106.692107,"trem.dips","0"
"2067","MSB:Fish:1105",1939,1,30,"MSB 1105-5","JAR11360F","JG","KL","07-10-2025",NA,36,28,396,"impact","impact_1931-1940",35.100259,-106.692107,"trem.dips","2"
"2068","MSB:Fish:1105",1939,1,30,"MSB 1105-3","JAR11361F","JG","KL","07-10-2025",NA,40,36,728,"impact","impact_1931-1940",35.100259,-106.692107,"trem.dips","0"
"2069","MSB:Fish:1105",1939,1,30,"MSB 1105-2","JAR11365F","JG","JG","07-10-2025",NA,27,23,158,"impact","impact_1931-1940",35.100259,-106.692107,"trem.dips","0"
"2070","MSB:Fish:1105",1939,1,30,"MSB 1105-4","JAR11368F","EO","EO","07-10-2025",NA,40,32,456,"impact","impact_1931-1940",35.100259,-106.692107,"trem.dips","0"
"2071","MSB:Fish:11095",1992,7,21,"MSB 11095-1","JAR11015F","KL","KL","07-23-2025",NA,26,21,178,"impact","impact_1991-2000",35.027111,-106.672944,"trem.dips","4"
"2072","MSB:Fish:11095",1992,7,21,"MSB 11095-3","JAR11013F","KL","KL","07-23-2025","F",35,28,526,"impact","impact_1991-2000",35.027111,-106.672944,"trem.dips","0"
"2073","MSB:Fish:11095",1992,7,21,"MSB 11095-2","JAR11016F","KL","KL","07-23-2025","F",33,27,385,"impact","impact_1991-2000",35.027111,-106.672944,"trem.dips","0"
"2074","MSB:Fish:11095",1992,7,21,"MSB 11095-4","JAR11000F","KL","KL","07-23-2025","F",31,25,375,"impact","impact_1991-2000",35.027111,-106.672944,"trem.dips","0"
"2075","MSB:Fish:11095",1992,7,21,"MSB 11095-5","JAR11003F","KL","KL","07-23-2025",NA,32,26,460,"impact","impact_1991-2000",35.027111,-106.672944,"trem.dips","0"
"2076","MSB:Fish:11126",1992,7,22,"MSB 11126-2","JAR11562F","JG","BP","07-17-2025","F",37,30,634,"impact","impact_1991-2000",34.97052778,-106.6911111,"trem.dips","0"
"2077","MSB:Fish:11126",1992,7,22,"MSB 11126-3","JAR11560F","JG","BP","07-17-2025","F",31,25,355,"impact","impact_1991-2000",34.97052778,-106.6911111,"trem.dips","0"
"2078","MSB:Fish:11126",1992,7,22,"MSB 11126-1","JAR11561F","EO","EO","07-17-2025","F",45,36,1113,"impact","impact_1991-2000",34.97052778,-106.6911111,"trem.dips","0"
"2079","MSB:Fish:11126",1992,7,22,"MSB 11126-4","JAR11559F","JG","GC","07-17-2025","F",40,34,733,"impact","impact_1991-2000",34.97052778,-106.6911111,"trem.dips","0"
"2080","MSB:Fish:11126",1992,7,22,"MSB 11126-5","JAR11558F","EO","KL","07-17-2025","M",26,21,179,"impact","impact_1991-2000",34.97052778,-106.6911111,"trem.dips","0"
"2081","MSB:Fish:11194",1992,7,24,"MSB 11194-2","JAR11570F","EO","KL","07-17-2025","M",26,22,151,"impact","impact_1991-2000",34.92872222,-106.6818611,"trem.dips","0"
"2082","MSB:Fish:11194",1992,7,24,"MSB 11194-3","JAR11569F","EO","GC","07-17-2025",NA,28,22,159,"impact","impact_1991-2000",34.92872222,-106.6818611,"trem.dips","0"
"2083","MSB:Fish:11194",1992,7,24,"MSB 11194-5","JAR11572F","EO","KL","07-17-2025",NA,36,29,658,"impact","impact_1991-2000",34.92872222,-106.6818611,"trem.dips","0"
"2084","MSB:Fish:11194",1992,7,24,"MSB 11194-4","JAR11571F","EO","EO","07-17-2025","F",35,27,456,"impact","impact_1991-2000",34.92872222,-106.6818611,"trem.dips","0"
"2085","MSB:Fish:11194",1992,7,24,"MSB 11194-1","JAR11563F","EO","GC","07-17-2025","F",29,24,333,"impact","impact_1991-2000",34.92872222,-106.6818611,"trem.dips","0"
"2086","MSB:Fish:12010",1992,9,28,"MSB 12010-3","JAR11037F","KL","KL","07-28-2025","F",28,23,210,"control","control_1991-2000",35.211416,-106.612833,"trem.dips","0"
"2087","MSB:Fish:12010",1992,9,28,"MSB 12010-2","JAR11056F","KL","KL","07-28-2025",NA,27,21.5,211,"control","control_1991-2000",35.211416,-106.612833,"trem.dips","0"
"2088","MSB:Fish:12010",1992,9,28,"MSB 12010-1","JAR11057F","KL","KL","07-28-2025","F",36,29,446,"control","control_1991-2000",35.211416,-106.612833,"trem.dips","0"
"2089","MSB:Fish:12010",1992,9,28,"MSB 12010-5","JAR11045F","KL","KL","07-28-2025","F",25,20,156,"control","control_1991-2000",35.211416,-106.612833,"trem.dips","0"
"2090","MSB:Fish:12010",1992,9,28,"MSB 12010-4","JAR11044F","KL","KL","07-28-2025","F",28,21,210,"control","control_1991-2000",35.211416,-106.612833,"trem.dips","0"
"2091","MSB:Fish:12531",1992,11,13,"MSB 12531-1","JAR11267F","EO","GC","07-11-2025",NA,46,38,1030,"control","control_1991-2000",35.380486,-106.502059,"trem.dips","0"
"2092","MSB:Fish:12531",1992,11,13,"MSB 12531-4","JAR11265F","EO","KL","07-11-2025",NA,31,25,317,"control","control_1991-2000",35.380486,-106.502059,"trem.dips","0"
"2093","MSB:Fish:12531",1992,11,13,"MSB 12531-5","JAR11266F","EO","BP","07-11-2025","F",48,40,1190,"control","control_1991-2000",35.380486,-106.502059,"trem.dips","16"
"2094","MSB:Fish:12531",1992,11,13,"MSB 12531-2","JAR11263F","EO","KL","07-11-2025",NA,34,27,414,"control","control_1991-2000",35.380486,-106.502059,"trem.dips","0"
"2095","MSB:Fish:12531",1992,11,13,"MSB 12531-3","JAR11264F","EO","KL","07-11-2025","F",35,28,445,"control","control_1991-2000",35.380486,-106.502059,"trem.dips","0"
"2096","MSB:Fish:14485",1993,7,13,"MSB 14485-1","JAR11128F","EO","GC","07-17-2025",NA,41,34,760,"impact","impact_1991-2000",34.929964,-106.681431,"trem.dips","0"
"2097","MSB:Fish:14485",1993,7,13,"MSB 14485-5","JAR11127F","JG","JG","07-17-2025",NA,24,20,116,"impact","impact_1991-2000",34.929964,-106.681431,"trem.dips","0"
"2098","MSB:Fish:14485",1993,7,13,"MSB 14485-4","JAR11129F","EO","GC","07-17-2025","F",30,23,247,"impact","impact_1991-2000",34.929964,-106.681431,"trem.dips","0"
"2099","MSB:Fish:14485",1993,7,13,"MSB 14485-3","JAR11557F","EO","KL","07-17-2025","F",37,29,520,"impact","impact_1991-2000",34.929964,-106.681431,"trem.dips","0"
"2100","MSB:Fish:14485",1993,7,13,"MSB 14485-2","JAR11130F","JG","GC","07-17-2025","F",43,35,751,"impact","impact_1991-2000",34.929964,-106.681431,"trem.dips","0"
"2101","MSB:Fish:18799",1993,8,12,"MSB 18799-5","JAR11578F","BP","KL","07-17-2025","F",30,23,274,"control","control_1991-2000",35.280904,-106.597587,"trem.dips","0"
"2102","MSB:Fish:18799",1993,8,12,"MSB 18799-2","JAR11582F","BP","KL","07-17-2025","F",31,25,375,"control","control_1991-2000",35.280904,-106.597587,"trem.dips","0"
"2103","MSB:Fish:18799",1993,8,12,"MSB 18799-4","JAR11579F","BP","GC","07-17-2025","F",32,26,344,"control","control_1991-2000",35.280904,-106.597587,"trem.dips","0"
"2104","MSB:Fish:18799",1993,8,12,"MSB 18799-3","JAR11580","BP","EO","07-17-2025","F",36,28,509,"control","control_1991-2000",35.280904,-106.597587,"trem.dips","0"
"2105","MSB:Fish:18799",1993,8,12,"MSB 18799-1","JAR11581F","BP","KL","07-17-2025","M",29,23,249,"control","control_1991-2000",35.280904,-106.597587,"trem.dips","0"
"2106","MSB:Fish:19155",1993,8,4,"MSB 19155-1","JAR11020F","KL","KL","07-23-2025","F",38,30,585,"impact","impact_1991-2000",35.017503,-106.672569,"trem.dips","0"
"2107","MSB:Fish:19155",1993,8,4,"MSB 19155-2","JAR11021F","KL","KL","07-23-2025","F",34,28,495,"impact","impact_1991-2000",35.017503,-106.672569,"trem.dips","0"
"2108","MSB:Fish:19155",1993,8,4,"MSB 19155-3","JAR11022F","KL","KL","07-23-2025","F",31,26,355,"impact","impact_1991-2000",35.017503,-106.672569,"trem.dips","0"
"2109","MSB:Fish:19155",1993,8,4,"MSB 19155-5","JAR11012F","KL","KL","07-23-2025","F",38,32,697,"impact","impact_1991-2000",35.017503,-106.672569,"trem.dips","0"
"2110","MSB:Fish:19155",1993,8,4,"MSB 19155-4","JAR11027F","KL","KL","07-23-2025","F",34,28,NA,"impact","impact_1991-2000",35.017503,-106.672569,"trem.dips","0"
"2111","MSB:Fish:19170",1993,8,4,"MSB 19170-3","JAR8800F","BP","BP GC","07-07-2025","F",34,26,421,"impact","impact_1991-2000",35.008358,-106.678909,"trem.dips","0"
"2112","MSB:Fish:19170",1993,8,4,"MSB 19170-5","JAR8798F","EO","JG","07-07-2025","F",32,25,353,"impact","impact_1991-2000",35.008358,-106.678909,"trem.dips","0"
"2113","MSB:Fish:19170",1993,8,4,"MSB 19170-1","JAR8802F","BP","GC","07-07-2025","F",31,24,355,"impact","impact_1991-2000",35.008358,-106.678909,"trem.dips","0"
"2114","MSB:Fish:19170",1993,8,4,"MSB 19170-4","JAR8799F","EO","BP","07-07-2025","F",34,27,460,"impact","impact_1991-2000",35.008358,-106.678909,"trem.dips","0"
"2115","MSB:Fish:19170",1993,8,4,"MSB 19170-2","JAR8801F","EO","BP KL","07-07-2025",NA,35,27,481,"impact","impact_1991-2000",35.008358,-106.678909,"trem.dips","0"
"2116","MSB:Fish:2795",1969,4,2,"MSB 2795-4","JAR8920F","BP","KL","07-09-2025","F",29,24,236,"control","control_1961-1970",35.253452,-106.592892,"trem.dips","0"
"2117","MSB:Fish:2795",1969,4,2,"MSB 2795-5","JAR8919F","BP","JG","07-09-2025",NA,25,19,105,"control","control_1961-1970",35.253452,-106.592892,"trem.dips","0"
"2118","MSB:Fish:2795",1969,4,2,"MSB 2795-2","JAR8925F","BP","GC","07-09-2025",NA,31,24,325,"control","control_1961-1970",35.253452,-106.592892,"trem.dips","0"
"2119","MSB:Fish:2795",1969,4,2,"MSB 2795-1","JAR8932F","BP","JG","07-09-2025",NA,45,35,820,"control","control_1961-1970",35.253452,-106.592892,"trem.dips","0"
"2120","MSB:Fish:2795",1969,4,2,"MSB 2795-3","JAR8921F","BP","GC","07-09-2025",NA,46,37,885,"control","control_1961-1970",35.253452,-106.592892,"trem.dips","0"
"2121","MSB:Fish:280",1949,10,28,"MSB 280-3","JAR8830F","BP","EO","07-08-2025","F",28,20,184,"impact","impact_1941-1950",35.155761,-106.655157,"trem.dips","0"
"2122","MSB:Fish:280",1949,10,28,"MSB 280-4","JAR8828F","JG","JG","07-08-2025",NA,43,35,824,"impact","impact_1941-1950",35.155761,-106.655157,"trem.dips","0"
"2123","MSB:Fish:280",1949,10,28,"MSB 280-1","JAR8833F","BP","BP","07-08-2025",NA,33,26,379,"impact","impact_1941-1950",35.155761,-106.655157,"trem.dips","0"
"2124","MSB:Fish:280",1949,10,28,"MSB 280-5","JAR8826F","JG","JG","07-08-2025",NA,28,23,238,"impact","impact_1941-1950",35.155761,-106.655157,"trem.dips","0"
"2125","MSB:Fish:280",1949,10,28,"MSB 280-2","JAR8831F","JG","KL","07-08-2025","F",42,33,733,"impact","impact_1941-1950",35.155761,-106.655157,"trem.dips","0"
"2126","MSB:Fish:285",1961,2,17,"MSB 285-3","JAR11528F","EO","KL","07-15-2025","F",42,34,741,"impact","impact_1961-1970",35.051774,-106.671997,"trem.dips","0"
"2127","MSB:Fish:285",1961,2,17,"MSB 285-2","JAR11525F","BP","GC","07-15-2025",NA,32,25,318,"impact","impact_1961-1970",35.051774,-106.671997,"trem.dips","0"
"2128","MSB:Fish:285",1961,2,17,"MSB 285-1","JAR11517F","EO","KL","07-15-2025","F",46,37,1064,"impact","impact_1961-1970",35.051774,-106.671997,"trem.dips","0"
"2129","MSB:Fish:285",1961,2,17,"MSB 285-4","JAR11530F","BP","KL","07-15-2025","F",34,26,419,"impact","impact_1961-1970",35.051774,-106.671997,"trem.dips","0"
"2130","MSB:Fish:285",1961,2,17,"MSB 285-5","JAR11520F","EO","EO","07-15-2025","F",29,23,224,"impact","impact_1961-1970",35.051774,-106.671997,"trem.dips","0"
"2131","MSB:Fish:288",1949,12,3,"MSB 288-1","JAR11272F","BP","GC","07-11-2025","F",41,32,695,"impact","impact_1941-1950",35.068939,-106.663683,"trem.dips","0"
"2132","MSB:Fish:288",1949,12,3,"MSB 288-4","JAR11269F","BP","BP","07-11-2025",NA,28,22,247,"impact","impact_1941-1950",35.068939,-106.663683,"trem.dips","0"
"2133","MSB:Fish:288",1949,12,3,"MSB 288-5","JAR11268F","EO","EO","07-11-2025","F",35,28,413,"impact","impact_1941-1950",35.068939,-106.663683,"trem.dips","0"
"2134","MSB:Fish:288",1949,12,3,"MSB 288-3","JAR11270F","EO","KL","07-11-2025","F",49,40,1240,"impact","impact_1941-1950",35.068939,-106.663683,"trem.dips","0"
"2135","MSB:Fish:288",1949,12,3,"MSB 288-2","JAR11271F","BP","BP","07-11-2025",NA,30,27,461,"impact","impact_1941-1950",35.068939,-106.663683,"trem.dips","0"
"2136","MSB:Fish:292",1961,2,12,"MSB 292-3","JAR11553F","JG","KL","07-16-2025","M",25,21,138,"control","control_1961-1970",35.408152,-106.470544,"trem.dips","0"
"2137","MSB:Fish:292",1961,2,12,"MSB 292-1","JAR11556F","BP","KL","07-16-2025","M",31,24,273,"control","control_1961-1970",35.408152,-106.470544,"trem.dips","0"
"2138","MSB:Fish:292",1961,2,12,"MSB 292-5","JAR11547F","JG","JG","07-16-2025",NA,25,21,167,"control","control_1961-1970",35.408152,-106.470544,"trem.dips","0"
"2139","MSB:Fish:292",1961,2,12,"MSB 292-4","JAR11550F","BP","KL","07-16-2025","F",33,25,342,"control","control_1961-1970",35.408152,-106.470544,"trem.dips","0"
"2140","MSB:Fish:292",1961,2,12,"MSB 292-2","JAR11534F","JG","JG","07-16-2025",NA,25,20,132,"control","control_1961-1970",35.408152,-106.470544,"trem.dips","0"
"2141","MSB:Fish:305",1949,7,21,"MSB 305-2","JAR8913F","BP","GC","07-09-2025",NA,41,32,810,"impact","impact_1941-1950",35.204443,-106.610046,"trem.dips","0"
"2142","MSB:Fish:305",1949,7,21,"MSB 305-3","JAR8915F","BP","KL","07-09-2025","F",39,31,840,"impact","impact_1941-1950",35.204443,-106.610046,"trem.dips","0"
"2143","MSB:Fish:305",1949,7,21,"MSB 305-1","JAR8911F","BP","JG","07-09-2025","F",38,30,653,"impact","impact_1941-1950",35.204443,-106.610046,"trem.dips","0"
"2144","MSB:Fish:305",1949,7,21,"MSB 305-5","JAR8918F","BP","KL","07-09-2025",NA,41,34,848,"impact","impact_1941-1950",35.204443,-106.610046,"trem.dips","0"
"2145","MSB:Fish:305",1949,7,21,"MSB 305-4","JAR8917F","BP","EO","07-09-2025","F",26,21,146,"impact","impact_1941-1950",35.204443,-106.610046,"trem.dips","0"
"2146","MSB:Fish:307",1959,2,24,"MSB 307-1","JAR8797F","BP","GC","07-07-2025","F",30,24,257,"impact","impact_1951-1960",34.987044,-106.690293,"trem.dips","0"
"2147","MSB:Fish:307",1959,2,24,"MSB 307-2","JAR8796F","JG","KL","07-07-2025","F",31,23,295,"impact","impact_1951-1960",34.987044,-106.690293,"trem.dips","0"
"2148","MSB:Fish:307",1959,2,24,"MSB 307-5","JAR8793F","JG","GC","07-07-2025",NA,33,24,304,"impact","impact_1951-1960",34.987044,-106.690293,"trem.dips","0"
"2149","MSB:Fish:307",1959,2,24,"MSB 307-4","JAR8794F","BP","KL","07-07-2025","F",31,26,296,"impact","impact_1951-1960",34.987044,-106.690293,"trem.dips","0"
"2150","MSB:Fish:307",1959,2,24,"MSB 307-3","JAR8795F","BP","KL","07-07-2025",NA,31,25,277,"impact","impact_1951-1960",34.987044,-106.690293,"trem.dips","0"
"2151","MSB:Fish:30771",1996,10,30,"MSB 30771-3","JAR11025F","KL","KL","07-28-2025",NA,39,32,613,"control","control_1991-2000",35.38033333,-106.4990556,"trem.dips","0"
"2152","MSB:Fish:30771",1996,10,30,"MSB 30771-2","JAR11024F","KL","KL","07-28-2025",NA,34,27,361,"control","control_1991-2000",35.38033333,-106.4990556,"trem.dips","0"
"2153","MSB:Fish:30771",1996,10,30,"MSB 30771-1","JAR11030F","KL","KL","07-28-2025",NA,27,21,182,"control","control_1991-2000",35.38033333,-106.4990556,"trem.dips","0"
"2154","MSB:Fish:30771",1996,10,30,"MSB 30771-5","JAR11033F","KL","KL","07-28-2025","M",30,23,241,"control","control_1991-2000",35.38033333,-106.4990556,"trem.dips","0"
"2155","MSB:Fish:30771",1996,10,30,"MSB 30771-4","JAR11028F","KL","KL","07-28-2025",NA,26,20,165,"control","control_1991-2000",35.38033333,-106.4990556,"trem.dips","0"
"2156","MSB:Fish:315",1949,7,28,"MSB 315-3","JAR11521F","JG","KL","07-15-2025",NA,33,27,445,"impact","impact_1941-1950",35.188761,-106.64706,"trem.dips","10"
"2157","MSB:Fish:315",1949,7,28,"MSB 315-2","JAR11524F","BP","KL","07-15-2025","F",38,30,666,"impact","impact_1941-1950",35.188761,-106.64706,"trem.dips","4"
"2158","MSB:Fish:315",1949,7,28,"MSB 315-4","JAR11527F","BP","KL","07-15-2025","F",31,24,301,"impact","impact_1941-1950",35.188761,-106.64706,"trem.dips","10"
"2159","MSB:Fish:315",1949,7,28,"MSB 315-1","JAR11522F","JG","BP","07-15-2025",NA,38,31,711,"impact","impact_1941-1950",35.188761,-106.64706,"trem.dips","0"
"2160","MSB:Fish:315",1949,7,28,"MSB 315-5","JAR11544F","JG","EO","07-15-2025","F",35,28,417,"impact","impact_1941-1950",35.188761,-106.64706,"trem.dips","2"
"2161","MSB:Fish:324",1950,10,18,"MSB 324-2","JAR11336F","BP","KL","07-10-2025","F",45,36,1097,"control","control_1941-1950",35.229809,-106.616288,"trem.dips","0"
"2162","MSB:Fish:324",1950,10,18,"MSB 324-1","JAR11335F","JG","KL","07-10-2025","F",39,33,691,"control","control_1941-1950",35.229809,-106.616288,"trem.dips","0"
"2163","MSB:Fish:324",1950,10,18,"MSB 324-5","JAR11339F","BP","KL","07-10-2025","F",39,31,754,"control","control_1941-1950",35.229809,-106.616288,"trem.dips","0"
"2164","MSB:Fish:324",1950,10,18,"MSB 324-4","JAR11338F","BP","GC","07-10-2025",NA,46,36,1172,"control","control_1941-1950",35.229809,-106.616288,"trem.dips","0"
"2165","MSB:Fish:324",1950,10,18,"MSB 324-3","JAR11337F","BP","GC","07-10-2025",NA,49,39,1841,"control","control_1941-1950",35.229809,-106.616288,"trem.dips","0"
"2166","MSB:Fish:326",1949,7,21,"MSB 326-5","JAR8924F","EO","JG","07-09-2025","F",38,32,628,"impact","impact_1941-1950",35.210652,-106.627124,"trem.dips","0"
"2167","MSB:Fish:326",1949,7,21,"MSB 326-4","JAR8933F","EO","KL","07-09-2025","F",33,27,421,"impact","impact_1941-1950",35.210652,-106.627124,"trem.dips","0"
"2168","MSB:Fish:326",1949,7,21,"MSB 326-3","JAR8931F","KL","KL","07-09-2025",NA,36,30,581,"impact","impact_1941-1950",35.210652,-106.627124,"trem.dips","0"
"2169","MSB:Fish:326",1949,7,21,"MSB 326-2","JAR8926F","KL","GC","07-09-2025","F",34,28,560,"impact","impact_1941-1950",35.210652,-106.627124,"trem.dips","0"
"2170","MSB:Fish:326",1949,7,21,"MSB 326-1","JAR8922F","KL","KL","07-09-2025","F",33,27,355,"impact","impact_1941-1950",35.210652,-106.627124,"trem.dips","0"
"2171","MSB:Fish:327",1942,2,28,"MSB 327-1","JAR8840F","EO","GC","07-08-2025","F",45,36,927,"control","control_1941-1950",35.37417,-106.49278,"trem.dips","0"
"2172","MSB:Fish:327",1942,2,28,"MSB 327-4","JAR8842F","EO","GC","07-08-2025",NA,32,25,257,"control","control_1941-1950",35.37417,-106.49278,"trem.dips","0"
"2173","MSB:Fish:327",1942,2,28,"MSB 327-3","JAR8846F","BP","GC","07-08-2025","F",45,36,910,"control","control_1941-1950",35.37417,-106.49278,"trem.dips","0"
"2174","MSB:Fish:327",1942,2,28,"MSB 327-2","JAR8903F","EO","JG","07-08-2025",NA,47,38,1118,"control","control_1941-1950",35.37417,-106.49278,"trem.dips","0"
"2175","MSB:Fish:327",1942,2,28,"MSB 327-5","JAR8844F","BP","GC","07-08-2025","F",25,20,131,"control","control_1941-1950",35.37417,-106.49278,"trem.dips","0"
"2176","MSB:Fish:330",1949,11,5,"MSB 330-1","JAR11350F","EO","JG","07-10-2025",NA,45,36,982,"control","control_1941-1950",35.211994,-106.631125,"trem.dips","0"
"2177","MSB:Fish:330",1949,11,5,"MSB 330-3","JAR11356F","EO","GC","07-10-2025",NA,29,23,241,"control","control_1941-1950",35.211994,-106.631125,"trem.dips","0"
"2178","MSB:Fish:330",1949,11,5,"MSB 330-4","JAR11353F","JG","BP","07-10-2025",NA,32,26,276,"control","control_1941-1950",35.211994,-106.631125,"trem.dips","0"
"2179","MSB:Fish:330",1949,11,5,"MSB 330-5","JAR11369F","JG","EO","07-10-2025","F",26,22,195,"control","control_1941-1950",35.211994,-106.631125,"trem.dips","0"
"2180","MSB:Fish:330",1949,11,5,"MSB 330-2","JAR11347F","JG","BP","07-10-2025",NA,34,28,374,"control","control_1941-1950",35.211994,-106.631125,"trem.dips","0"
"2181","MSB:Fish:334",1952,5,3,"MSB 334-1","JAR11113F","BP","KL","07-16-2025",NA,33,26,309,"control","control_1951-1960",35.302146,-106.571551,"trem.dips","0"
"2182","MSB:Fish:334",1952,5,3,"MSB 334-3","JAR11107F","BP","JG","07-16-2025",NA,30,24,217,"control","control_1951-1960",35.302146,-106.571551,"trem.dips","0"
"2183","MSB:Fish:334",1952,5,3,"MSB 334-5","JAR11108F","BP","GC","07-16-2025",NA,27,22,179,"control","control_1951-1960",35.302146,-106.571551,"trem.dips","0"
"2184","MSB:Fish:334",1952,5,3,"MSB 334-4","JAR11116F","BP","EO","07-16-2025","F",30,23,233,"control","control_1951-1960",35.302146,-106.571551,"trem.dips","0"
"2185","MSB:Fish:334",1952,5,3,"MSB 334-2","JAR11110F","BP","EO","07-16-2025","F",31,25,293,"control","control_1951-1960",35.302146,-106.571551,"trem.dips","0"
"2186","MSB:Fish:3391",1965,5,18,"MSB 3391-1","JAR11370F","EO","KL","07-10-2025","F",41,35,794,"control","control_1961-1970",35.383813,-106.481,"trem.dips","10"
"2187","MSB:Fish:3391",1965,5,18,"MSB 3391-2","JAR11366F","EO","GC","07-10-2025","M",28,23,188,"control","control_1961-1970",35.383813,-106.481,"trem.dips","4"
"2188","MSB:Fish:3391",1965,5,18,"MSB 3391-5","JAR11367F","EO","JG","07-10-2025","F",35,28,522,"control","control_1961-1970",35.383813,-106.481,"trem.dips","6"
"2189","MSB:Fish:3391",1965,5,18,"MSB 3391-4","JAR11364F","EO","KL","07-10-2025",NA,33,27,348,"control","control_1961-1970",35.383813,-106.481,"trem.dips","4"
"2190","MSB:Fish:3391",1965,5,18,"MSB 3391-3","JAR11363F","EO","EO","07-10-2025","F",31,26,296,"control","control_1961-1970",35.383813,-106.481,"trem.dips","0"
"2191","MSB:Fish:3421",1972,6,19,"MSB 3421-1","JAR11296F","EO","KL","07-14-2025","F",36,29,612,"control","control_1971-1980",35.249718,-106.603396,"trem.dips","0"
"2192","MSB:Fish:3421",1972,6,19,"MSB 3421-4","JAR11294F","EO","KL","07-14-2025","F",40,33,736,"control","control_1971-1980",35.249718,-106.603396,"trem.dips","0"
"2193","MSB:Fish:3421",1972,6,19,"MSB 3421-2","JAR11288F","EO","KL","07-14-2025","F",46,37,1270,"control","control_1971-1980",35.249718,-106.603396,"trem.dips","0"
"2194","MSB:Fish:3421",1972,6,19,"MSB 3421-5","JAR11293F","EO","KL","07-14-2025","F",44,36,1076,"control","control_1971-1980",35.249718,-106.603396,"trem.dips","0"
"2195","MSB:Fish:3421",1972,6,19,"MSB 3421-3","JAR11291F","EO","KL","07-14-2025","F",42,35,996,"control","control_1971-1980",35.249718,-106.603396,"trem.dips","0"
"2196","MSB:Fish:365",1947,9,27,"MSB 365-1","JAR11529F","JG","JG","07-15-2025",NA,39,33,608,"control","control_1941-1950",35.321576,-106.555389,"trem.dips","5"
"2197","MSB:Fish:365",1947,9,27,"MSB 365-5","JAR11531F","JG","JG","07-15-2025",NA,32,25,251,"control","control_1941-1950",35.321576,-106.555389,"trem.dips","0"
"2198","MSB:Fish:365",1947,9,27,"MSB 365-2","JAR11532F","BP","KL","07-15-2025","F",38,29,390,"control","control_1941-1950",35.321576,-106.555389,"trem.dips","8"
"2199","MSB:Fish:365",1947,9,27,"MSB 365-3","JAR11526F","JG","KL","07-15-2025","F",37,29,507,"control","control_1941-1950",35.321576,-106.555389,"trem.dips","0"
"2200","MSB:Fish:365",1947,9,27,"MSB 365-4","JAR11523F","BP","KL","07-15-2025",NA,38,30,356,"control","control_1941-1950",35.321576,-106.555389,"trem.dips","0"
"2201","MSB:Fish:38942",1997,7,5,"MSB 38942-5","JAR11115F","EO","GC","07-17-2025","F",41,32,883,"control","control_1991-2000",35.28302778,-106.5981389,"trem.dips","0"
"2202","MSB:Fish:38942",1997,7,5,"MSB 38942-1","JAR11120F","EO","GC","07-17-2025","F",50,42,2039,"control","control_1991-2000",35.28302778,-106.5981389,"trem.dips","0"
"2203","MSB:Fish:38942",1997,7,5,"MSB 38942-2","JAR11119F","EO","KL","07-17-2025","F",47,39,1803,"control","control_1991-2000",35.28302778,-106.5981389,"trem.dips","0"
"2204","MSB:Fish:38942",1997,7,5,"MSB 38942-3","JAR11121F","EO","KL","07-17-2025","F",45,38,1685,"control","control_1991-2000",35.28302778,-106.5981389,"trem.dips","0"
"2205","MSB:Fish:38942",1997,7,5,"MSB 38942-4","JAR11118F","EO","KL","07-17-2025","F",46,38,1451,"control","control_1991-2000",35.28302778,-106.5981389,"trem.dips","0"
"2206","MSB:Fish:39100",1997,10,15,"MSB 39100-1","JAR11577F","BP","JG","07-17-2025",NA,34,26,374,"control","control_1991-2000",35.322164,-106.557448,"trem.dips","0"
"2207","MSB:Fish:39100",1997,10,15,"MSB 39100-2","JAR11573F","BP","EO","07-17-2025","F",38,28,500,"control","control_1991-2000",35.322164,-106.557448,"trem.dips","0"
"2208","MSB:Fish:39100",1997,10,15,"MSB 39100-4","JAR11575F","BP","GC","07-17-2025","F",34,26,403,"control","control_1991-2000",35.322164,-106.557448,"trem.dips","0"
"2209","MSB:Fish:39100",1997,10,15,"MSB 39100-5","JAR11576F","BP","GC","07-17-2025","F",25,19,144,"control","control_1991-2000",35.322164,-106.557448,"trem.dips","0"
"2210","MSB:Fish:39100",1997,10,15,"MSB 39100-3","JAR11574F","BP","KL","07-17-2025","M",25,20,167,"control","control_1991-2000",35.322164,-106.557448,"trem.dips","2"
"2211","MSB:Fish:3993",1977,9,28,"MSB 3993-4","JAR11626F","BP","GC","07-21-2025","F",29,23,333,"impact","impact_1971-1980",35.136341,-106.685742,"trem.dips","0"
"2212","MSB:Fish:3993",1977,9,28,"MSB 3993-1","JAR11623F","JG","GC","07-21-2025",NA,25,20,170,"impact","impact_1971-1980",35.136341,-106.685742,"trem.dips","0"
"2213","MSB:Fish:3993",1977,9,28,"MSB 3993-2","JAR11621F","BP","GC","07-21-2025","F",26,20,224,"impact","impact_1971-1980",35.136341,-106.685742,"trem.dips","0"
"2214","MSB:Fish:3993",1977,9,28,"MSB 3993-3","JAR11618F","JG","BP","07-21-2025","M",28,21,181,"impact","impact_1971-1980",35.136341,-106.685742,"trem.dips","0"
"2215","MSB:Fish:3993",1977,9,28,"MSB 3993-5","JAR11620F","JG","BP","07-21-2025","M",27,21,186,"impact","impact_1971-1980",35.136341,-106.685742,"trem.dips","0"
"2216","MSB:Fish:4012",1977,9,28,"MSB 4012-5","JAR11616F","JG","JG","07-21-2025",NA,25,21,169,"impact","impact_1971-1980",35.134932,-106.690783,"trem.dips","0"
"2217","MSB:Fish:4012",1977,9,28,"MSB 4012-1","JAR11607F","JG","EO","07-21-2025","F",32,25,365,"impact","impact_1971-1980",35.134932,-106.690783,"trem.dips","0"
"2218","MSB:Fish:4012",1977,9,28,"MSB 4012-4","JAR11613F","BP","GC","07-21-2025","F",26,20,178,"impact","impact_1971-1980",35.134932,-106.690783,"trem.dips","0"
"2219","MSB:Fish:4012",1977,9,28,"MSB 4012-3","JAR11617F","JG","GC","07-21-2025","F",32,27,303,"impact","impact_1971-1980",35.134932,-106.690783,"trem.dips","0"
"2220","MSB:Fish:4012",1977,9,28,"MSB 4012-2","JAR11610F","BP","GC","07-21-2025","F",31,24,316,"impact","impact_1971-1980",35.134932,-106.690783,"trem.dips","0"
"2221","MSB:Fish:4056",1978,5,19,"MSB 4056-2","JAR11322F","EO","KL","07-14-2025","F",36,28,566,"control","control_1971-1980",35.253481,-106.591225,"trem.dips","0"
"2222","MSB:Fish:4056",1978,5,19,"MSB 4056-3","JAR11318F","EO","JG","07-14-2025","F",37,28,549,"control","control_1971-1980",35.253481,-106.591225,"trem.dips","6"
"2223","MSB:Fish:4056",1978,5,19,"MSB 4056-4","JAR11317F","EO","JG","07-14-2025","F",34,28,483,"control","control_1971-1980",35.253481,-106.591225,"trem.dips","0"
"2224","MSB:Fish:4056",1978,5,19,"MSB 4056-1","JAR11319F","EO","GC","07-14-2025","F",37,30,644,"control","control_1971-1980",35.253481,-106.591225,"trem.dips","0"
"2225","MSB:Fish:4056",1978,5,19,"MSB 4056-5","JAR11321F","EO","GC","07-14-2025","F",34,28,581,"control","control_1971-1980",35.253481,-106.591225,"trem.dips","0"
"2226","MSB:Fish:4086",1978,9,29,"MSB 4086-3","JAR11342F","BP","JG","07-11-2025",NA,31,24,340,"control","control_1971-1980",35.380072,-106.499406,"trem.dips","10"
"2227","MSB:Fish:4086",1978,9,29,"MSB 4086-5","JAR11340F","BP","GC","07-11-2025","M",29,23,261,"control","control_1971-1980",35.380072,-106.499406,"trem.dips","0"
"2228","MSB:Fish:4086",1978,9,29,"MSB 4086-4","JAR11341F","BP","GC","07-11-2025","F",26,19,139,"control","control_1971-1980",35.380072,-106.499406,"trem.dips","0"
"2229","MSB:Fish:4086",1978,9,29,"MSB 4086-2","JAR11344F","BP","EO","07-11-2025","F",40,30,701,"control","control_1971-1980",35.380072,-106.499406,"trem.dips","0"
"2230","MSB:Fish:4086",1978,9,29,"MSB 4086-1","JAR11345F","BP","KL","07-11-2025","F",41,32,795,"control","control_1971-1980",35.380072,-106.499406,"trem.dips","0"
"2231","MSB:Fish:4172",1977,5,10,"MSB 4172-2","JAR11329F","JG","GC","07-14-2025","F",33,29,347,"control","control_1971-1980",35.26637,-106.598674,"trem.dips","0"
"2232","MSB:Fish:4172",1977,5,10,"MSB 4172-3","JAR11330F","BP","KL","07-14-2025","F",27,21,170,"control","control_1971-1980",35.26637,-106.598674,"trem.dips","0"
"2233","MSB:Fish:4172",1977,5,10,"MSB 4172-4","JAR11327F","BP","GC","07-14-2025","M",27,21,150,"control","control_1971-1980",35.26637,-106.598674,"trem.dips","0"
"2234","MSB:Fish:4172",1977,5,10,"MSB 4172-1","JAR11328F","BP","KL","07-14-2025",NA,29,24,252,"control","control_1971-1980",35.26637,-106.598674,"trem.dips","0"
"2235","MSB:Fish:4172",1977,5,10,"MSB 4172-5","JAR11326F","JG","JG","07-14-2025",NA,27,21,137,"control","control_1971-1980",35.26637,-106.598674,"trem.dips","0"
"2236","MSB:Fish:4176",1978,5,21,"MSB 4176-5","JAR8822F","JG","KL","07-08-2025","F",29,23,368,"control","control_1971-1980",35.253481,-106.591225,"trem.dips","0"
"2237","MSB:Fish:4176",1978,5,21,"MSB 4176-1","JAR8821F","BP","JG","07-08-2025","F",38,31,741,"control","control_1971-1980",35.253481,-106.591225,"trem.dips","0"
"2238","MSB:Fish:4176",1978,5,21,"MSB 4176-3","JAR8818F","JG","KL","07-08-2025","F",33,26,425,"control","control_1971-1980",35.253481,-106.591225,"trem.dips","0"
"2239","MSB:Fish:4176",1978,5,21,"MSB 4176-2","JAR8816F","BP","EO","07-08-2025","F",39,31,798,"control","control_1971-1980",35.253481,-106.591225,"trem.dips","0"
"2240","MSB:Fish:4176",1978,5,21,"MSB 4176-4","JAR8820F","BP","JG","07-08-2025","F",38,30,806,"control","control_1971-1980",35.253481,-106.591225,"trem.dips","0"
"2241","MSB:Fish:43165",1999,4,21,"MSB 43165-3","JAR11124F","EO","KL","07-17-2025","F",35,27,471,"impact","impact_1991-2000",35.027111,-106.672944,"trem.dips","0"
"2242","MSB:Fish:43165",1999,4,21,"MSB 43165-4","JAR11123F","EO","JG GC","07-17-2025","F",38,30,636,"impact","impact_1991-2000",35.027111,-106.672944,"trem.dips","0"
"2243","MSB:Fish:43165",1999,4,21,"MSB 43165-2","JAR11125F","EO","EO","07-17-2025","F",38,30,668,"impact","impact_1991-2000",35.027111,-106.672944,"trem.dips","0"
"2244","MSB:Fish:43165",1999,4,21,"MSB 43165-1","JAR11126F","EO","GC","07-17-2025","F",33,27,464,"impact","impact_1991-2000",35.027111,-106.672944,"trem.dips","0"
"2245","MSB:Fish:43165",1999,4,21,"MSB 43165-5","JAR11122F","EO","KL","07-17-2025","F",40,32,732,"impact","impact_1991-2000",35.027111,-106.672944,"trem.dips","0"
"2246","MSB:Fish:43242",1999,7,14,"MSB 43242-5","JAR11026F","KL","KL","07-28-2025",NA,41,33,899,"control","control_1991-2000",35.28302778,-106.5981389,"trem.dips","0"
"2247","MSB:Fish:43242",1999,7,14,"MSB 43242-4","JAR11034F","KL","KL","07-28-2025","F",32,25,344,"control","control_1991-2000",35.28302778,-106.5981389,"trem.dips","0"
"2248","MSB:Fish:43242",1999,7,14,"MSB 43242-3","JAR11029F","KL","KL","07-28-2025","F",32,25,338,"control","control_1991-2000",35.28302778,-106.5981389,"trem.dips","0"
"2249","MSB:Fish:43242",1999,7,14,"MSB 43242-2","JAR11032F","KL","KL","07-28-2025",NA,32,26,416,"control","control_1991-2000",35.28302778,-106.5981389,"trem.dips","0"
"2250","MSB:Fish:43242",1999,7,14,"MSB 43242-1","JAR11031F","KL","KL","07-28-2025",NA,29,22,249,"control","control_1991-2000",35.28302778,-106.5981389,"trem.dips","0"
"2251","MSB:Fish:43251",1999,7,15,"MSB 43251-2","JAR11011F","KL","KL","07-23-2025","F",37,29,616,"impact","impact_1991-2000",35.089293,-106.680842,"trem.dips","0"
"2252","MSB:Fish:43251",1999,7,15,"MSB 43251-1","JAR11014F","KL","KL","07-23-2025",NA,32,26,384,"impact","impact_1991-2000",35.089293,-106.680842,"trem.dips","0"
"2253","MSB:Fish:43251",1999,7,15,"MSB 43251-4","JAR11018F","KL","KL","07-23-2025","F",32,25,392,"impact","impact_1991-2000",35.089293,-106.680842,"trem.dips","0"
"2254","MSB:Fish:43251",1999,7,15,"MSB 43251-5","JAR11019F","KL","KL","07-23-2025","F",34,27,NA,"impact","impact_1991-2000",35.089293,-106.680842,"trem.dips","0"
"2255","MSB:Fish:43251",1999,7,15,"MSB 43251-3","JAR11017F","KL","KL","07-23-2025","F",33,27,379,"impact","impact_1991-2000",35.089293,-106.680842,"trem.dips","0"
"2256","MSB:Fish:43370",1999,8,25,"MSB 43370-2","JAR11035F","KL","KL","07-28-2025",NA,28,22,215,"control","control_1991-2000",35.28302778,-106.5981389,"trem.dips","0"
"2257","MSB:Fish:43370",1999,8,25,"MSB 43370-3","JAR11036F","KL","KL","07-28-2025",NA,36,29,480,"control","control_1991-2000",35.28302778,-106.5981389,"trem.dips","0"
"2258","MSB:Fish:43370",1999,8,25,"MSB 43370-1","JAR11041F","KL","KL","07-28-2025",NA,38,30,NA,"control","control_1991-2000",35.28302778,-106.5981389,"trem.dips","0"
"2259","MSB:Fish:43370",1999,8,25,"MSB 43370-5","JAR11043F","KL","KL","07-28-2025","M",30,24,225,"control","control_1991-2000",35.28302778,-106.5981389,"trem.dips","0"
"2260","MSB:Fish:43370",1999,8,25,"MSB 43370-4","JAR11042F","KL","KL","07-28-2025",NA,26,20,154,"control","control_1991-2000",35.28302778,-106.5981389,"trem.dips","0"
"2261","MSB:Fish:4353",1978,9,8,"MSB 4353-1","JAR11097F","JG","GC","07-16-2025","F",35,29,601,"control","control_1971-1980",35.222784,-106.601974,"trem.dips","0"
"2262","MSB:Fish:4353",1978,9,8,"MSB 4353-4","JAR11106F","BP","BP","07-16-2025",NA,25,19,157,"control","control_1971-1980",35.222784,-106.601974,"trem.dips","0"
"2263","MSB:Fish:4353",1978,9,8,"MSB 4353-2","JAR11100F","JG","GC","07-16-2025","M",29,24,212,"control","control_1971-1980",35.222784,-106.601974,"trem.dips","0"
"2264","MSB:Fish:4353",1978,9,8,"MSB 4353-5","JAR11105F","BP","KL","07-16-2025",NA,25,20,NA,"control","control_1971-1980",35.222784,-106.601974,"trem.dips","0"
"2265","MSB:Fish:4353",1978,9,8,"MSB 4353-3","JAR11103F","JG","GC","07-16-2025","M",27,22,151,"control","control_1971-1980",35.222784,-106.601974,"trem.dips","0"
"2266","MSB:Fish:4378",1978,9,23,"MSB 4378-3","JAR11554F","JG","KL","07-16-2025","F",38,32,556,"impact","impact_1971-1980",34.905272,-106.685564,"trem.dips","6"
"2267","MSB:Fish:4378",1978,9,23,"MSB 4378-5","JAR11545F","BP","GC","07-16-2025","F",36,28,469,"impact","impact_1971-1980",34.905272,-106.685564,"trem.dips","0"
"2268","MSB:Fish:4378",1978,9,23,"MSB 4378-3","JAR11546F","BP","KL","07-16-2025","F",42,32,738,"impact","impact_1971-1980",34.905272,-106.685564,"trem.dips","0"
"2269","MSB:Fish:4378",1978,9,23,"MSB 4378-2","JAR11551F","BP","JG","07-16-2025","F",38,30,633,"impact","impact_1971-1980",34.905272,-106.685564,"trem.dips","0"
"2270","MSB:Fish:4378",1978,9,23,"MSB 4378-1","JAR11548F","BP","KL","07-16-2025","F",37,28,634,"impact","impact_1971-1980",34.905272,-106.685564,"trem.dips","0"
"2271","MSB:Fish:438",1978,NA,5,"MSB 4389-1","JAR11516F","JG","GC","07-15-2025",NA,38,31,575,NA,NA,NA,NA,"trem.dips","0"
"2272","MSB:Fish:4385",1978,9,6,"MSB 4385-2","JAR8843F","EO","KL","07-08-2025",NA,30,26,273,"impact","impact_1971-1980",34.905272,-106.685564,"trem.dips","6"
"2273","MSB:Fish:4385",1978,9,6,"MSB 4385-5","JAR8838F","EO","JG","07-08-2025","F",27,22,197,"impact","impact_1971-1980",34.905272,-106.685564,"trem.dips","0"
"2274","MSB:Fish:4385",1978,9,6,"MSB 4385-3","JAR8845F","KL","KL","07-08-2025","F",27,23,204,"impact","impact_1971-1980",34.905272,-106.685564,"trem.dips","4"
"2275","MSB:Fish:4385",1978,9,6,"MSB 4385-4","JAR8839","KL","GC","07-08-2025","F",26,22,222,"impact","impact_1971-1980",34.905272,-106.685564,"trem.dips","4"
"2276","MSB:Fish:4385",1978,9,6,"MSB 4385-1","JAR8841F","KL","KL","07-08-2025","F",25,21,161,"impact","impact_1971-1980",34.905272,-106.685564,"trem.dips","2"
"2277","MSB:Fish:4389",1978,9,5,"MSB 4389-2","JAR11519F","JG","GC","07-15-2025","F",34,28,507,"impact","impact_1971-1980",35.092867,-106.682332,"trem.dips","0"
"2278","MSB:Fish:4389",1978,9,5,"MSB 4389-4","JAR11514F","JG","GC","07-15-2025",NA,40,33,716,"impact","impact_1971-1980",35.092867,-106.682332,"trem.dips","2"
"2279","MSB:Fish:4389",1978,9,5,"MSB 4389-3","JAR11511F","JG","GC","07-15-2025","M",34,29,461,"impact","impact_1971-1980",35.092867,-106.682332,"trem.dips","0"
"2280","MSB:Fish:4389",1978,9,5,"MSB 4389-5","JAR11513F","JG","GC","07-15-2025",NA,38,32,654,"impact","impact_1971-1980",35.092867,-106.682332,"trem.dips","3"
"2281","MSB:Fish:4418",1978,8,3,"MSB 4418-1","JAR11292F","BP","GC","07-14-2025","F",43,34,1443,"impact","impact_1971-1980",34.905272,-106.685564,"trem.dips","0"
"2282","MSB:Fish:4418",1978,8,3,"MSB 4418-2","JAR11289F","BP","KL","07-14-2025","F",38,30,662,"impact","impact_1971-1980",34.905272,-106.685564,"trem.dips","0"
"2283","MSB:Fish:4418",1978,8,3,"MSB 4418-5","JAR11297F","EO","KL","07-14-2025","F",40,33,985,"impact","impact_1971-1980",34.905272,-106.685564,"trem.dips","0"
"2284","MSB:Fish:4418",1978,8,3,"MSB 4418-4","JAR11298F","EO","KL","07-14-2025","F",37,30,678,"impact","impact_1971-1980",34.905272,-106.685564,"trem.dips","0"
"2285","MSB:Fish:4418",1978,8,3,"MSB 4418-3","JAR11295F","BP","KL","07-14-2025","F",40,31,805,"impact","impact_1971-1980",34.905272,-106.685564,"trem.dips","0"
"2286","MSB:Fish:4440",1978,9,5,"MSB 4440-2","JAR11555F","BJG","JG","07-16-2025",NA,28,22,223,"impact","impact_1971-1980",35.090702,-106.684514,"trem.dips","0"
"2287","MSB:Fish:4440",1978,9,5,"MSB 4440-1","JAR11552F","BP","JG","07-16-2025",NA,25,20,138,"impact","impact_1971-1980",35.090702,-106.684514,"trem.dips","0"
"2288","MSB:Fish:4440",1978,9,5,"MSB 4440-4","JAR11098F","JG","KL","07-16-2025","M",25,21,144,"impact","impact_1971-1980",35.090702,-106.684514,"trem.dips","0"
"2289","MSB:Fish:4440",1978,9,5,"MSB 4440-3","JAR11095F","BP","GC","07-16-2025","M",27,20,205,"impact","impact_1971-1980",35.090702,-106.684514,"trem.dips","0"
"2290","MSB:Fish:4440",1978,9,5,"MSB 4440-5","JAR11549F","BP","GC","07-16-2025","M",26,20,151,"impact","impact_1971-1980",35.090702,-106.684514,"trem.dips","0"
"2291","MSB:Fish:4453",1978,9,5,"MSB 4453-5","JAR8940F","EO","GC","07-10-2025","M",27,22,167,"impact","impact_1971-1980",35.10562,-106.681074,"trem.dips","0"
"2292","MSB:Fish:4453",1978,9,5,"MSB 4453-1","JAR11359F","EO","KL","07-10-2025","F",36,30,577,"impact","impact_1971-1980",35.10562,-106.681074,"trem.dips","0"
"2293","MSB:Fish:4453",1978,9,5,"MSB 4453-3","JAR8938F","EO","KL","07-10-2025","M",28,22,149,"impact","impact_1971-1980",35.10562,-106.681074,"trem.dips","0"
"2294","MSB:Fish:4453",1978,9,5,"MSB 4453-2","JAR8936F","EO ","GC","07-10-2025","F",39,31,742,"impact","impact_1971-1980",35.10562,-106.681074,"trem.dips","0"
"2295","MSB:Fish:4453",1978,9,5,"MSB 4453-4","JAR8942F","EO","JG","07-10-2025",NA,26,22,143,"impact","impact_1971-1980",35.10562,-106.681074,"trem.dips","0"
"2296","MSB:Fish:4462",1978,6,14,"MSB 4462-1","JAR11541F","BP","BP","07-15-2025",NA,27,22,205,"control","control_1971-1980",35.322164,-106.557448,"trem.dips","0"
"2297","MSB:Fish:4462",1978,6,14,"MSB 4462-2","JAR11540F","BP","EO","07-15-2025","F",36,27,517,"control","control_1971-1980",35.322164,-106.557448,"trem.dips","0"
"2298","MSB:Fish:4462",1978,6,14,"MSB 4462-5","JAR11535F","BP","GC","07-15-2025","M",26,20,170,"control","control_1971-1980",35.322164,-106.557448,"trem.dips","0"
"2299","MSB:Fish:4462",1978,6,14,"MSB 4462-3","JAR11538F","BP","KL","07-15-2025","F",27,20,195,"control","control_1971-1980",35.322164,-106.557448,"trem.dips","0"
"2300","MSB:Fish:4462",1978,6,14,"MSB 4462-4","JAR11543F","BP","GC","07-15-2025","M",27,20,197,"control","control_1971-1980",35.322164,-106.557448,"trem.dips","0"
"2301","MSB:Fish:4486",1978,9,29,"MSB 4486-1","JAR11274F","JG","KL","07-11-2025","F",29,24,252,"control","control_1971-1980",35.383856,-106.490929,"trem.dips","0"
"2302","MSB:Fish:4486",1978,9,29,"MSB 4486-2","JAR11324F","JG","KL","07-11-2025","M",25,20,171,"control","control_1971-1980",35.383856,-106.490929,"trem.dips","0"
"2303","MSB:Fish:4486",1978,9,29,"MSB 4486-3","JAR11325F","KL","EO","07-11-2025","F",28,23,227,"control","control_1971-1980",35.383856,-106.490929,"trem.dips","0"
"2304","MSB:Fish:4486",1978,9,29,"MSB 4486-4","JAR11323F","KL","KL","07-11-2025",NA,27,22,226,"control","control_1971-1980",35.383856,-106.490929,"trem.dips","0"
"2305","MSB:Fish:4486",1978,9,29,"MSB 4486-5","JAR11273F","KL","KL","07-11-2025",NA,25,20,158,"control","control_1971-1980",35.383856,-106.490929,"trem.dips","0"
"2306","MSB:Fish:4748",1978,9,5,"MSB 4748-1","JAR8904F","BP","JG","07-09-2025",NA,33,25,374,"impact","impact_1971-1980",35.197227,-106.642667,"trem.dips","0"
"2307","MSB:Fish:4748",1978,9,5,"MSB 4748-3","JAR8907F","BP","EO","07-09-2025","F",34,27,362,"impact","impact_1971-1980",35.197227,-106.642667,"trem.dips","0"
"2308","MSB:Fish:4748",1978,9,5,"MSB 4748-2","JAR8909F","EO","JG","07-09-2025",NA,36,28,522,"impact","impact_1971-1980",35.197227,-106.642667,"trem.dips","0"
"2309","MSB:Fish:4748",1978,9,5,"MSB 4748-5","JAR8905F","BP","GC","07-09-2025",NA,30,24,278,"impact","impact_1971-1980",35.197227,-106.642667,"trem.dips","2"
"2310","MSB:Fish:4748",1978,9,5,"MSB 4748-4","JAR8906F","EO","GC","07-09-2025",NA,29,23,213,"impact","impact_1971-1980",35.197227,-106.642667,"trem.dips","0"
"2311","MSB:Fish:4750",1978,9,29,"MSB 4750-5","JAR8807F","EO","JG KL","07-07-2025",NA,34,27,447,"control","control_1971-1980",35.385246,-106.478952,"trem.dips","0"
"2312","MSB:Fish:4750",1978,9,29,"MSB 4750-3","JAR8809F","EO","GC","07-07-2025","F",44,35,886,"control","control_1971-1980",35.385246,-106.478952,"trem.dips","0"
"2313","MSB:Fish:4750",1978,9,29,"MSB 4750-1","JAR8811F","BP","JG GC","07-07-2025","F",40,32,703,"control","control_1971-1980",35.385246,-106.478952,"trem.dips","0"
"2314","MSB:Fish:4750",1978,9,29,"MSB 4750-4","JAR8813F","BP","KL","07-07-2025","F",39,31,703,"control","control_1971-1980",35.385246,-106.478952,"trem.dips","0"
"2315","MSB:Fish:4750",1978,9,29,"MSB 4750-2","JAR8808F","JG","KL","07-07-2025","F",41,36,1080,"control","control_1971-1980",35.385246,-106.478952,"trem.dips","0"
"2316","MSB:Fish:515",1949,11,19,"MSB 515-4","JAR11287F","EO","KL","07-14-2025","F",37,32,1145,"impact","impact_1941-1950",35.20447,-106.610066,"trem.dips","0"
"2317","MSB:Fish:515",1949,11,19,"MSB 515-1","JAR11307F","EO","KL","07-14-2025",NA,43,36,964,"impact","impact_1941-1950",35.20447,-106.610066,"trem.dips","0"
"2318","MSB:Fish:515",1949,11,19,"MSB 515-3","JAR11290F","EO","GC","07-14-2025","F",39,32,785,"impact","impact_1941-1950",35.20447,-106.610066,"trem.dips","0"
"2319","MSB:Fish:515",1949,11,19,"MSB 515-2","JAR11310F","EO","GC","07-14-2025","F",37,30,662,"impact","impact_1941-1950",35.20447,-106.610066,"trem.dips","0"
"2320","MSB:Fish:515",1949,11,19,"MSB 515-5","JAR11304F","EO","JG","07-14-2025","F",43,35,1190,"impact","impact_1941-1950",35.20447,-106.610066,"trem.dips","0"
"2321","MSB:Fish:5811",1987,9,9,"MSB 5811-4","JAR8806F","EO","KL","07-07-2025","F",34,27,481,"control","control_1981-1990",35.322164,-106.557448,"trem.dips","0"
"2322","MSB:Fish:5811",1987,9,9,"MSB 5811-5","JAR8810F","BP","GC","07-07-2025","F",32,26,411,"control","control_1981-1990",35.322164,-106.557448,"trem.dips","0"
"2323","MSB:Fish:5811",1987,9,9,"MSB 5811-2","JAR8804F","EO","GC","07-07-2025",NA,41,34,755,"control","control_1981-1990",35.322164,-106.557448,"trem.dips","0"
"2324","MSB:Fish:5811",1987,9,9,"MSB 5811-1","JAR8803F","BP","EO GC","07-07-2025","F",39,31,706,"control","control_1981-1990",35.322164,-106.557448,"trem.dips","0"
"2325","MSB:Fish:5811",1987,9,9,"MSB 5811-3","JAR8805F","BP","JG KL","07-07-2025",NA,35,27,556,"control","control_1981-1990",35.322164,-106.557448,"trem.dips","0"
"2326","MSB:Fish:5822",1987,9,10,"MSB 5822-1","JAR11343F","BP","GC","07-10-2025","F",34,26,358,"impact","impact_1981-1990",34.905272,-106.685564,"trem.dips","0"
"2327","MSB:Fish:5822",1987,9,10,"MSB 5822-5","JAR11352F","BP","JG","07-10-2025",NA,29,21,200,"impact","impact_1981-1990",34.905272,-106.685564,"trem.dips","0"
"2328","MSB:Fish:5822",1987,9,10,"MSB 5822-2","JAR11346F","BP","GC","07-10-2025","F",36,29,480,"impact","impact_1981-1990",34.905272,-106.685564,"trem.dips","0"
"2329","MSB:Fish:5822",1987,9,10,"MSB 5822-4","JAR11355F","JG","JG","07-10-2025",NA,25,20,153,"impact","impact_1981-1990",34.905272,-106.685564,"trem.dips","0"
"2330","MSB:Fish:5822",1987,9,10,"MSB 5822-3","JAR11358F","BP","JG","07-10-2025","F",41,32,826,"impact","impact_1981-1990",34.905272,-106.685564,"trem.dips","2"
"2331","MSB:Fish:62355",2000,9,14,"MSB 62355-1","JAR11052F","KL","KL","07-28-2025","F",32,25,322,"control","control_1991-2000",35.28373,-106.59878,"trem.dips","0"
"2332","MSB:Fish:62355",2000,9,14,"MSB 62355-3","JAR11053F","KL","KL","07-28-2025","F",29,24,210,"control","control_1991-2000",35.28373,-106.59878,"trem.dips","0"
"2333","MSB:Fish:62355",2000,9,14,"MSB 62355-2","JAR11055F","KL","KL","07-28-2025",NA,33,26,326,"control","control_1991-2000",35.28373,-106.59878,"trem.dips","0"
"2334","MSB:Fish:62355",2000,9,14,"MSB 62355-5","JAR11058F","KL","KL","07-28-2025",NA,25,21,152,"control","control_1991-2000",35.28373,-106.59878,"trem.dips","0"
"2335","MSB:Fish:62355",2000,9,14,"MSB 62355-4","JAR11054F","KL","KL","07-28-2025","F",32,25,308,"control","control_1991-2000",35.28373,-106.59878,"trem.dips","0"
"2336","MSB:Fish:6300",1988,11,12,"MSB 6300-5","JAR11624F","JG","GC","07-21-2025","F",33,27,377,"impact","impact_1981-1990",35.017903,-106.661847,"trem.dips","0"
"2337","MSB:Fish:6300",1988,11,12,"MSB 6300-1","JAR11625F","BP","BP","07-21-2025","M",33,26,347,"impact","impact_1981-1990",35.017903,-106.661847,"trem.dips","0"
"2338","MSB:Fish:6300",1988,11,12,"MSB 6300-4","JAR11622F","JG","BP","07-21-2025",NA,33,25,280,"impact","impact_1981-1990",35.017903,-106.661847,"trem.dips","0"
"2339","MSB:Fish:6300",1988,11,12,"MSB 6300-3","JAR11627F","BP","EO","07-21-2025","F",33,25,348,"impact","impact_1981-1990",35.017903,-106.661847,"trem.dips","0"
"2340","MSB:Fish:6300",1988,11,12,"MSB 6300-2","JAR11619F","JG","GC","07-21-2025","F",34,27,388,"impact","impact_1981-1990",35.017903,-106.661847,"trem.dips","0"
"2341","MSB:Fish:6405",1989,10,16,"MSB 6405-4","JAR11312F","BP","GC","07-14-2025","F",37,29,435,"impact","impact_1981-1990",35.089293,-106.680842,"trem.dips","0"
"2342","MSB:Fish:6405",1989,10,16,"MSB 6405-2","JAR11315F","JG","EO","07-14-2025","F",37,31,537,"impact","impact_1981-1990",35.089293,-106.680842,"trem.dips","0"
"2343","MSB:Fish:6405",1989,10,16,"MSB 6405-3","JAR11313F","JG","GC","07-14-2025","F",33,26,403,"impact","impact_1981-1990",35.089293,-106.680842,"trem.dips","0"
"2344","MSB:Fish:6405",1989,10,16,"MSB 6405-1","JAR1131F","BP","KL","07-14-2025","F",32,24,325,"impact","impact_1981-1990",35.089293,-106.680842,"trem.dips","0"
"2345","MSB:Fish:6405",1989,10,16,"MSB 6405-5","JAR11314F","JG","JG","07-14-2025",NA,34,27,398,"impact","impact_1981-1990",35.089293,-106.680842,"trem.dips","0"
"2346","MSB:Fish:68470",1984,8,15,"MSB 68470-3","JAR11608F","BP","JG","07-18-2025","F",44,33,959,"impact","impact_1981-1990",35.089293,-106.680842,"trem.dips","6"
"2347","MSB:Fish:68470",1984,8,15,"MSB 68470-1","JAR11604F","BP","KL","07-18-2025","F",41,31,874,"impact","impact_1981-1990",35.089293,-106.680842,"trem.dips","0"
"2348","MSB:Fish:68470",1984,8,15,"MSB 68470-5","JAR11601F","BP","EO","07-18-2025","F",37,29,554,"impact","impact_1981-1990",35.089293,-106.680842,"trem.dips","0"
"2349","MSB:Fish:68470",1984,8,15,"MSB 68470-2","JAR11605F","JG","GC","07-18-2025","F",37,30,568,"impact","impact_1981-1990",35.089293,-106.680842,"trem.dips","0"
"2350","MSB:Fish:68470",1984,8,15,"MSB 68470-4","JAR11611F","JG","JG","07-18-2025",NA,35,30,521,"impact","impact_1981-1990",35.089293,-106.680842,"trem.dips","2"
"2351","MSB:Fish:68483",1984,8,15,"MSB 68483-5","JAR11593F","JG","EO","07-18-2025","F",39,32,596,"impact","impact_1981-1990",35.069907,-106.658878,"trem.dips","0"
"2352","MSB:Fish:68483",1984,8,15,"MSB 68483-1","JAR11594F","JG","JG","07-18-2025","F",36,29,526,"impact","impact_1981-1990",35.069907,-106.658878,"trem.dips","0"
"2353","MSB:Fish:68483",1984,8,15,"MSB 68483-4","JAR11599","JG","GC","07-18-2025","F",37,30,507,"impact","impact_1981-1990",35.069907,-106.658878,"trem.dips","0"
"2354","MSB:Fish:68483",1984,8,15,"MSB 68483-3","JAR11602F","BP","BP","07-18-2025","F",36,29,500,"impact","impact_1981-1990",35.069907,-106.658878,"trem.dips","0"
"2355","MSB:Fish:68483",1984,8,15,"MSB 68483-2","JAR11596F","JG","KL","07-18-2025","F",35,29,498,"impact","impact_1981-1990",35.069907,-106.658878,"trem.dips","0"
"2356","MSB:Fish:68508",1984,8,15,"MSB 68508-2","JAR11591F","JG","JG","07-21-2025","F",34,27,416,"control","control_1981-1990",35.225523,-106.597651,"trem.dips","0"
"2357","MSB:Fish:68508",1984,8,15,"MSB 68508-4","JAR11588F","JG","GC","07-21-2025","F",35,28,587,"control","control_1981-1990",35.225523,-106.597651,"trem.dips","0"
"2358","MSB:Fish:68508",1984,8,15,"MSB 68508-5","JAR11587F","BP","JG","07-21-2025","F",33,25,397,"control","control_1981-1990",35.225523,-106.597651,"trem.dips","0"
"2359","MSB:Fish:68508",1984,8,15,"MSB 68508-3","JAR11585F","BP","EO","07-21-2025","F",37,28,556,"control","control_1981-1990",35.225523,-106.597651,"trem.dips","0"
"2360","MSB:Fish:68508",1984,8,15,"MSB 68508-1","JAR11590F","BP","GC","07-21-2025","F",36,27,487,"control","control_1981-1990",35.225523,-106.597651,"trem.dips","0"
"2361","MSB:Fish:68521",1984,8,16,"MSB 68521-5","JAR11597F","BP","JG","07-18-2025","F",32,25,429,"control","control_1981-1990",35.211416,-106.612833,"trem.dips","0"
"2362","MSB:Fish:68521",1984,8,16,"MSB 68521-4","JAR11598F","BP","KL","07-18-2025","F",31,24,369,"control","control_1981-1990",35.211416,-106.612833,"trem.dips","0"
"2363","MSB:Fish:68521",1984,8,16,"MSB 68521-1","JAR11600F","JG","KL","07-18-2025","F",39,31,597,"control","control_1981-1990",35.211416,-106.612833,"trem.dips","0"
"2364","MSB:Fish:68521",1984,8,16,"MSB 68521-3","JAR11595F","JG","BP","07-18-2025","F",39,31,719,"control","control_1981-1990",35.211416,-106.612833,"trem.dips","0"
"2365","MSB:Fish:68521",1984,8,16,"MSB 68521-2","JAR11603F","BP","BP","07-18-2025","F",36,27,661,"control","control_1981-1990",35.211416,-106.612833,"trem.dips","0"
"2366","MSB:Fish:7208",1989,11,4,"MSB 7208-3","JAR11518F","BP","GC","07-14-2025",NA,32,25,345,"impact","impact_1981-1990",35.205042,-106.609081,"trem.dips","0"
"2367","MSB:Fish:7208",1989,11,4,"MSB 7208-2","JAR11515F","EO","JG","07-14-2025",NA,38,31,650,"impact","impact_1981-1990",35.205042,-106.609081,"trem.dips","0"
"2368","MSB:Fish:7208",1989,11,4,"MSB 7208-5","JAR11509F","BP","GC","07-14-2025","F",34,25,381,"impact","impact_1981-1990",35.205042,-106.609081,"trem.dips","0"
"2369","MSB:Fish:7208",1989,11,4,"MSB 7208-1","JAR11510F","BP","KL","07-14-2025","F",36,26,645,"impact","impact_1981-1990",35.205042,-106.609081,"trem.dips","0"
"2370","MSB:Fish:7208",1989,11,4,"MSB 7208-4","JAR11512F","EO","GC","07-14-2025","F",37,29,482,"impact","impact_1981-1990",35.205042,-106.609081,"trem.dips","0"
"2371","MSB:Fish:7239",1989,11,12,"MSB 7230-1","JAR11606F","JG","GC","07-21-2025","F",30,23,279,"impact","impact_1981-1990",34.994298,-106.678945,"trem.dips","0"
"2372","MSB:Fish:7239",1989,11,12,"MSB 7239-4","JAR11615F","BP","EO","07-21-2025","F",29,22,268,"impact","impact_1981-1990",34.994298,-106.678945,"trem.dips","0"
"2373","MSB:Fish:7239",1989,11,12,"MSB 7239-2","JAR11612F","BP","JG","07-21-2025",NA,36,27,500,"impact","impact_1981-1990",34.994298,-106.678945,"trem.dips","0"
"2374","MSB:Fish:7239",1989,11,12,"MSB 7239-3","JAR11609F","JG","GC","07-21-2025",NA,27,22,204,"impact","impact_1981-1990",34.994298,-106.678945,"trem.dips","0"
"2375","MSB:Fish:7239",1989,11,12,"MSB 7239-5","JAR11614F","JG","EO","07-21-2025","F",30,24,281,"impact","impact_1981-1990",34.994298,-106.678945,"trem.dips","0"
"2376","MSB:Fish:73719",2002,9,16,"MSB 73719-4","JAR11050F","KL","KL","07-28-2025","F",38,31,612,"control","control_2001-2010",35.322164,-106.557448,"trem.dips","0"
"2377","MSB:Fish:73719",2002,9,16,"MSB 73719-5","JAR11051F","KL","KL","07-28-2025",NA,36,29,495,"control","control_2001-2010",35.322164,-106.557448,"trem.dips","0"
"2378","MSB:Fish:73719",2002,9,16,"MSB 73719-3","JAR11049F","KL","KL","07-28-2025","F",40,32,748,"control","control_2001-2010",35.322164,-106.557448,"trem.dips","0"
"2379","MSB:Fish:73719",2002,9,16,"MSB 73719-2","JAR11048F","KL","KL","07-28-2025","F",41,34,824,"control","control_2001-2010",35.322164,-106.557448,"trem.dips","0"
"2380","MSB:Fish:73719",2002,9,16,"MSB 73719-1","JAR11047F","KL","KL","07-28-2025",NA,37,30,488,"control","control_2001-2010",35.322164,-106.557448,"trem.dips","0"
"2381","MSB:Fish:7971",1990,10,22,"MSB 7971-2","JAR8910F","BP","EO","07-09-2025","F",29,24,264,"impact","impact_1981-1990",35.089293,-106.680842,"trem.dips","0"
"2382","MSB:Fish:7971",1990,10,22,"MSB 7971-1","JAR8912F","EO","KL","07-09-2025","F",38,30,560,"impact","impact_1981-1990",35.089293,-106.680842,"trem.dips","0"
"2383","MSB:Fish:7971",1990,10,22,"MSB 7971-3","JAR8908F","EO","BP","07-09-2025","F",33,25,370,"impact","impact_1981-1990",35.089293,-106.680842,"trem.dips","0"
"2384","MSB:Fish:7971",1990,10,22,"MSB 7971-5","JAR8916F","EO","BP","07-09-2025","F",28,21,207,"impact","impact_1981-1990",35.089293,-106.680842,"trem.dips","0"
"2385","MSB:Fish:7971",1990,10,22,"MSB 7971-4","JAR8914F","BP","GC","07-09-2025",NA,26,21,155,"impact","impact_1981-1990",35.089293,-106.680842,"trem.dips","0"
"2386","MSB:Fish:9004",1998,10,28,"MSB 9004-5","JAR11300F","JG","BP","07-14-2025","F",34,28,428,"impact","impact_1981-1990",35.196977,-106.642444,"trem.dips","4"
"2387","MSB:Fish:9004",1990,10,28,"MSB 9004-1","JAR11303F","BP","BP","07-14-2025",NA,33,27,388,"impact","impact_1981-1990",35.196977,-106.642444,"trem.dips","0"
"2388","MSB:Fish:9004",1990,10,28,"MSB 9004-4","JAR11301F","JG","GC","07-14-2025",NA,34,28,405,"impact","impact_1981-1990",35.196977,-106.642444,"trem.dips","0"
"2389","MSB:Fish:9004",1990,10,28,"MSB 9004-2","JAR11306F","JG","KL","07-14-2025",NA,32,25,351,"impact","impact_1981-1990",35.196977,-106.642444,"trem.dips","0"
"2390","MSB:Fish:9004",1990,10,28,"MSB 9004-3","JAR11309F","JG","KL","07-14-2025","F",40,32,595,"impact","impact_1981-1990",35.196977,-106.642444,"trem.dips","0"
"2391","MSB:Fish:9011",1990,10,28,"MSB 9011-1","JAR11099F","JG","GC","07-16-2025",NA,36,30,481,"control","control_1981-1990",35.28086111,-106.5988056,"trem.dips","0"
"2392","MSB:Fish:9011",1990,10,28,"MSB 9011-3","JAR11104F","JG","JG","07-16-2025",NA,35,27,423,"control","control_1981-1990",35.28086111,-106.5988056,"trem.dips","2"
"2393","MSB:Fish:9011",1990,10,28,"MSB 9011-5","JAR11101F","JG","KL","07-16-2025",NA,30,24,291,"control","control_1981-1990",35.28086111,-106.5988056,"trem.dips","0"
"2394","MSB:Fish:9011",1990,10,28,"MSB 9011-4","JAR11096F","BP","GC","07-16-2025","F",32,23,324,"control","control_1981-1990",35.28086111,-106.5988056,"trem.dips","0"
"2395","MSB:Fish:9011",1990,10,28,"MSB 9011-2","JAR11102F","JG","GC","07-16-2025",NA,36,31,550,"control","control_1981-1990",35.28086111,-106.5988056,"trem.dips","0"
"2396","MSB:Fish:9465",1989,2,26,"MSB 9465-1","JAR11536F","EO","KL","07-15-2025","F",38,31,553,"impact","impact_1981-1990",34.917008,-106.675195,"trem.dips","0"
"2397","MSB:Fish:9465",1989,2,26,"MSB 9465-4","JAR11539F","EO","KL","07-15-2025","F",47,38,1063,"impact","impact_1981-1990",34.917008,-106.675195,"trem.dips","0"
"2398","MSB:Fish:9465",1989,2,26,"MSB 9465-3","JAR11542F","BP","GC","07-15-2025",NA,39,30,565,"impact","impact_1981-1990",34.917008,-106.675195,"trem.dips","0"
"2399","MSB:Fish:9465",1989,2,26,"MSB 9465-5","JAR11533F","BP","JG","07-15-2025",NA,39,30,778,"impact","impact_1981-1990",34.917008,-106.675195,"trem.dips","3"
"2400","MSB:Fish:9465",1989,2,26,"MSB 9465-2","JAR11537F","EO","GC","07-15-2025","F",47,38,1184,"impact","impact_1981-1990",34.917008,-106.675195,"trem.dips","10"
"2401","MSB:Fish:1078",1939,1,30,"MSB 1078-1","JAR11299F","BP","JG","07-14-2025","F",40,31,647,"impact","impact_1931-1940",35.087167,-106.682164,"trem.iz","0"
"2402","MSB:Fish:1078",1939,1,30,"MSB 1078-2","JAR11302F","JG","KL","07-14-2025",NA,41,32,699,"impact","impact_1931-1940",35.087167,-106.682164,"trem.iz","0"
"2403","MSB:Fish:1078",1939,1,30,"MSB 1078-3","JAR11305F","BP","KL","07-14-2025",NA,43,35,798,"impact","impact_1931-1940",35.087167,-106.682164,"trem.iz","0"
"2404","MSB:Fish:1078",1939,1,30,"MSB 1078-4","JAR11320F","JG","GC","07-14-2025","F",43,37,1027,"impact","impact_1931-1940",35.087167,-106.682164,"trem.iz","0"
"2405","MSB:Fish:1078",1939,1,30,"MSB 1078-5","JAR11308F","BP","KL","07-14-2025",NA,39,29,627,"impact","impact_1931-1940",35.087167,-106.682164,"trem.iz","0"
"2406","MSB:Fish:1079",1941,9,14,"MSB 1079-5","JAR11311F","JG","KL","07-14-2025",NA,37,29,441,"impact","impact_1941-1950",35.096748,-106.692027,"trem.iz","0"
"2407","MSB:Fish:1079",1941,9,14,"MSB 1079-3","JAR11332F","BP","GC","07-14-2025","F",33,25,457,"impact","impact_1941-1950",35.096748,-106.692027,"trem.iz","0"
"2408","MSB:Fish:1079",1941,9,14,"MSB 1079-1","JAR11334F","BP","GC","07-14-2025",NA,29,24,231,"impact","impact_1941-1950",35.096748,-106.692027,"trem.iz","0"
"2409","MSB:Fish:1079",1941,9,14,"MSB 1079-2","JAR11331F","JG","KL","07-14-2025",NA,35,29,447,"impact","impact_1941-1950",35.096748,-106.692027,"trem.iz","0"
"2410","MSB:Fish:1079",1941,9,14,"MSB 1079-4","JAR11333F","BP","GC","07-14-2025","F",44,33,754,"impact","impact_1941-1950",35.096748,-106.692027,"trem.iz","0"
"2411","MSB:Fish:1081",1939,3,17,"MSB 1081-5","JAR8835F","BP","EO","07-08-2025","F",28,22,226,"impact","impact_1931-1940",35.072363,-106.668064,"trem.iz","0"
"2412","MSB:Fish:1081",1939,3,17,"MSB 1081-4","JAR8832F","JG","KL","07-08-2025","F",27,22,188,"impact","impact_1931-1940",35.072363,-106.668064,"trem.iz","0"
"2413","MSB:Fish:1081",1939,3,17,"MSB 1081-2","JAR8836","JG","BP","07-08-2025",NA,29,24,239,"impact","impact_1931-1940",35.072363,-106.668064,"trem.iz","0"
"2414","MSB:Fish:1081",1939,3,17,"MSB 1081-1","JAR8837F","BP","BP","07-08-2025","F",43,33,868,"impact","impact_1931-1940",35.072363,-106.668064,"trem.iz","0"
"2415","MSB:Fish:1081",1939,3,17,"MSB 1081-3","JAR8834F","BP","JG","07-08-2025",NA,27,21,176,"impact","impact_1931-1940",35.072363,-106.668064,"trem.iz","0"
"2416","MSB:Fish:1082",1938,10,18,"MSB 1082-1","JAR8930F","BP","EO","07-09-2025","F",41,32,722,"impact","impact_1931-1940",35.100259,-106.692107,"trem.iz","0"
"2417","MSB:Fish:1082",1938,10,18,"MSB 1082-4","JAR8934F","BP","BP","07-09-2025",NA,31,24,264,"impact","impact_1931-1940",35.100259,-106.692107,"trem.iz","0"
"2418","MSB:Fish:1082",1938,10,18,"MSB 1082-2","JAR8928F","EO","GC","07-09-2025","F",40,33,627,"impact","impact_1931-1940",35.100259,-106.692107,"trem.iz","0"
"2419","MSB:Fish:1082",1938,10,18,"MSB 1082-5","JAR8927F","EO","KL","07-09-2025",NA,25,21,140,"impact","impact_1931-1940",35.100259,-106.692107,"trem.iz","0"
"2420","MSB:Fish:1082",1938,10,18,"MSB 1082-3","JAR8929F","EO","KL","07-09-2025","F",34,28,397,"impact","impact_1931-1940",35.100259,-106.692107,"trem.iz","0"
"2421","MSB:Fish:1085",1939,5,13,"MSB 1085-5","JAR8935F","JG","GC","07-10-2025","F",50,39,1499,"impact","impact_1931-1940",35.192334,-106.619678,"trem.iz","0"
"2422","MSB:Fish:1085",1939,5,13,"MSB 1085-4","JAR8941F","JG","KL","07-10-2025","F",44,36,1060,"impact","impact_1931-1940",35.192334,-106.619678,"trem.iz","0"
"2423","MSB:Fish:1085",1939,5,13,"MSB 1085-1","JAR8932F","JG","KL","07-10-2025","F",41,33,809,"impact","impact_1931-1940",35.192334,-106.619678,"trem.iz","0"
"2424","MSB:Fish:1085",1939,5,13,"MSB 1085-3","JAR8939F","JG","KL","07-10-2025","F",42,34,861,"impact","impact_1931-1940",35.192334,-106.619678,"trem.iz","0"
"2425","MSB:Fish:1085",1939,5,13,"MSB 1085-2","JAR8937F","JG","GC","07-10-2025","M",26,21,147,"impact","impact_1931-1940",35.192334,-106.619678,"trem.iz","0"
"2426","MSB:Fish:1086",1939,4,22,"MSB 1086-2","JAR8900F","BP","GC","07-07-2025","F",45,36,994,"impact","impact_1931-1940",35.173111,-106.626066,"trem.iz","0"
"2427","MSB:Fish:1086",1939,4,22,"MSB 1086-5","JAR8792F","JG","GC","07-07-2025","F",46,35,1207,"impact","impact_1931-1940",35.173111,-106.626066,"trem.iz","0"
"2428","MSB:Fish:1086",1939,4,22,"MSB1086-4","JAR8791F","BP","KL","07-07-2025","F",39,30,752,"impact","impact_1931-1940",35.173111,-106.626066,"trem.iz","0"
"2429","MSB:Fish:1086",1939,4,22,"MSB 1086-1","JAR8898F","BP","KL","07-07-2025","F",47,37,1182,"impact","impact_1931-1940",35.173111,-106.626066,"trem.iz","0"
"2430","MSB:Fish:1086",1939,4,22,"MSB 1086-3","JAR8902F","BP","KL","07-07-2025",NA,42,35,1023,"impact","impact_1931-1940",35.173111,-106.626066,"trem.iz","0"
"2431","MSB:Fish:1089",1939,1,24,"MSB 1089-3","JAR11117F","BP","GC","07-16-2025","F",38,29,552,"impact","impact_1931-1940",35.087167,-106.682164,"trem.iz","0"
"2432","MSB:Fish:1089",1939,1,24,"MSB 1089-5","JAR11111F","BP","KL","07-16-2025",NA,35,28,476,"impact","impact_1931-1940",35.087167,-106.682164,"trem.iz","0"
"2433","MSB:Fish:1089",1939,1,24,"MSB 1089-1","JAR11112F","BP","KL","07-16-2025","F",40,33,666,"impact","impact_1931-1940",35.087167,-106.682164,"trem.iz","0"
"2434","MSB:Fish:1089",1939,1,24,"MSB 1089-4","JAR11114F","BP","KL","07-16-2025","F",40,33,741,"impact","impact_1931-1940",35.087167,-106.682164,"trem.iz","0"
"2435","MSB:Fish:1089",1939,1,24,"MSB 1089-2","JAR11109F","BP","GC","07-16-2025",NA,38,30,571,"impact","impact_1931-1940",35.087167,-106.682164,"trem.iz","0"
"2436","MSB:Fish:10898",1992,7,9,"MSB 10898-5","JAR11023F","KL","KL","07-28-2025",NA,25,20,139,"control","control_1991-2000",35.211277,-106.611666,"trem.iz","0"
"2437","MSB:Fish:10898",1992,7,9,"MSB 10898-4","JAR11046F","KL","KL","07-28-2025","F",31,25,309,"control","control_1991-2000",35.211277,-106.611666,"trem.iz","0"
"2438","MSB:Fish:10898",1992,7,9,"MSB 10898-3","JAR11040F","KL","KL","07-28-2025","F",24,19,123,"control","control_1991-2000",35.211277,-106.611666,"trem.iz","0"
"2439","MSB:Fish:10898",1992,7,9,"MSB 10898-2","JAR11038F","KL","KL","07-28-2025","M",26,21,118,"control","control_1991-2000",35.211277,-106.611666,"trem.iz","0"
"2440","MSB:Fish:10898",1992,7,9,"MSB 10898-1","JAR11039F","KL","KL","07-28-2025","M",22,18,90,"control","control_1991-2000",35.211277,-106.611666,"trem.iz","0"
"2441","MSB:Fish:1090",1939,6,9,"MSB 1090-4","JAR11354F","BP","GC","07-10-2025","M",25,19,132,"impact","impact_1931-1940",34.906619,-106.685289,"trem.iz","0"
"2442","MSB:Fish:1090",1939,6,9,"MSB 1090-2","JAR11351F","BP","JG","07-10-2025","F",37,30,670,"impact","impact_1931-1940",34.906619,-106.685289,"trem.iz","0"
"2443","MSB:Fish:1090",1939,6,9,"MSB 1090-5","JAR11349F","BP","KL","07-10-2025","F",29,24,323,"impact","impact_1931-1940",34.906619,-106.685289,"trem.iz","0"
"2444","MSB:Fish:1090",1939,6,9,"MSB 1090-3","JAR11357F","BP","EO","07-10-2025","F",33,25,483,"impact","impact_1931-1940",34.906619,-106.685289,"trem.iz","0"
"2445","MSB:Fish:1090",1939,6,9,"MSB 1090-1","JAR11348F","BP","GC","07-10-2025","F",39,30,751,"impact","impact_1931-1940",34.906619,-106.685289,"trem.iz","0"
"2446","MSB:Fish:10922",1992,7,9,"MSB 10922-3","JAR11592F","BP","KL","07-18-2025","F",33,25,400,"impact","impact_1991-2000",35.10469444,-106.6916667,"trem.iz","0"
"2447","MSB:Fish:10922",1992,7,9,"MSB 10922-5","JAR115843F","BP","GC","07-18-2025","F",30,24,322,"impact","impact_1991-2000",35.10469444,-106.6916667,"trem.iz","0"
"2448","MSB:Fish:10922",1992,7,9,"MSB 10922-4","JAR11584F","JG","GC","07-18-2025","F",27,22,141,"impact","impact_1991-2000",35.10469444,-106.6916667,"trem.iz","0"
"2449","MSB:Fish:10922",1992,7,9,"MSB 10922-2","JAR11586F","JG","GC","07-18-2025","F",25,20,143,"impact","impact_1991-2000",35.10469444,-106.6916667,"trem.iz","0"
"2450","MSB:Fish:10922",1992,7,9,"MSB 10922-1","JAR11589F","JG","KL","07-18-2025","F",30,25,362,"impact","impact_1991-2000",35.10469444,-106.6916667,"trem.iz","0"
"2451","MSB:Fish:10944",1992,7,15,"MSB 10944-2","JAR11565F","BP","GC","07-17-2025","F",37,29,751,"impact","impact_1991-2000",35.089293,-106.680842,"trem.iz","0"
"2452","MSB:Fish:10944",1992,7,15,"MSB 10944-3","JAR11566F","BP","GC","07-17-2025","F",48,36,1418,"impact","impact_1991-2000",35.089293,-106.680842,"trem.iz","0"
"2453","MSB:Fish:10944",1992,7,15,"MSB 10944-4","JAR11564F","BP","KL","07-17-2025","F",34,27,538,"impact","impact_1991-2000",35.089293,-106.680842,"trem.iz","0"
"2454","MSB:Fish:10944",1992,7,15,"MSB 10944-5","JAR11567F","BP","KL","07-17-2025","F",35,27,542,"impact","impact_1991-2000",35.089293,-106.680842,"trem.iz","0"
"2455","MSB:Fish:10944",1992,7,15,"MSB 10944-1","JAR11568F","BP","GC","07-17-2025","F",43,33,1179,"impact","impact_1991-2000",35.089293,-106.680842,"trem.iz","0"
"2456","MSB:Fish:1098",1939,5,13,"MSB 1098-4","JAR8819F","EO","KL","07-07-2025","F",32,25,352,"impact","impact_1931-1940",35.189406,-106.625396,"trem.iz","0"
"2457","MSB:Fish:1098",1939,5,13,"MSB 1098-2","JAR8815F","EO","GC","07-07-2025","F",41,33,887,"impact","impact_1931-1940",35.189406,-106.625396,"trem.iz","0"
"2458","MSB:Fish:1098",1939,5,13,"MSB 1098-3","JAR8817F","EO","KL","07-07-2025",NA,30,24,257,"impact","impact_1931-1940",35.189406,-106.625396,"trem.iz","0"
"2459","MSB:Fish:1098",1939,5,13,"MSB 1098-5","JAR8812F","EO","KL","07-07-2025",NA,41,33,697,"impact","impact_1931-1940",35.189406,-106.625396,"trem.iz","0"
"2460","MSB:Fish:1098",1939,5,13,"MSB 1098-1","JAR8814F","EO","KL","07-08-2025","F",46,37,1164,"impact","impact_1931-1940",35.189406,-106.625396,"trem.iz","0"
"2461","MSB:Fish:1100",1939,2,26,"MSB 1100-4","JAR8824F","BP","KL","07-08-2025","F",28,24,303,"impact","impact_1931-1940",35.072363,-106.668064,"trem.iz","0"
"2462","MSB:Fish:1100",1939,2,26,"MSB 1100-3","JAR8823F","JG","KL","07-08-2025",NA,33,25,326,"impact","impact_1931-1940",35.072363,-106.668064,"trem.iz","0"
"2463","MSB:Fish:1100",1939,2,26,"MSB 1100-1","JAR8825F","JG","KL","07-08-2025","F",43,33,679,"impact","impact_1931-1940",35.072363,-106.668064,"trem.iz","0"
"2464","MSB:Fish:1100",1939,2,26,"MSB 1100-2","JAR8827F","BP","EO ","07-08-2025","F",28,25,318,"impact","impact_1931-1940",35.072363,-106.668064,"trem.iz","0"
"2465","MSB:Fish:1100",1939,2,26,"MSB 1100-5","JAR8829F","JG","KL","07-08-2025",NA,26,23,226,"impact","impact_1931-1940",35.072363,-106.668064,"trem.iz","0"
"2466","MSB:Fish:1105",1939,1,20,"MSB 1105-1","JAR11362F","JG","GC","07-10-2025",NA,30,24,202,"impact","impact_1931-1940",35.100259,-106.692107,"trem.iz","0"
"2467","MSB:Fish:1105",1939,1,30,"MSB 1105-5","JAR11360F","JG","KL","07-10-2025",NA,36,28,396,"impact","impact_1931-1940",35.100259,-106.692107,"trem.iz","0"
"2468","MSB:Fish:1105",1939,1,30,"MSB 1105-3","JAR11361F","JG","KL","07-10-2025",NA,40,36,728,"impact","impact_1931-1940",35.100259,-106.692107,"trem.iz","0"
"2469","MSB:Fish:1105",1939,1,30,"MSB 1105-2","JAR11365F","JG","JG","07-10-2025",NA,27,23,158,"impact","impact_1931-1940",35.100259,-106.692107,"trem.iz","0"
"2470","MSB:Fish:1105",1939,1,30,"MSB 1105-4","JAR11368F","EO","EO","07-10-2025",NA,40,32,456,"impact","impact_1931-1940",35.100259,-106.692107,"trem.iz","0"
"2471","MSB:Fish:11095",1992,7,21,"MSB 11095-1","JAR11015F","KL","KL","07-23-2025",NA,26,21,178,"impact","impact_1991-2000",35.027111,-106.672944,"trem.iz","0"
"2472","MSB:Fish:11095",1992,7,21,"MSB 11095-3","JAR11013F","KL","KL","07-23-2025","F",35,28,526,"impact","impact_1991-2000",35.027111,-106.672944,"trem.iz","0"
"2473","MSB:Fish:11095",1992,7,21,"MSB 11095-2","JAR11016F","KL","KL","07-23-2025","F",33,27,385,"impact","impact_1991-2000",35.027111,-106.672944,"trem.iz","0"
"2474","MSB:Fish:11095",1992,7,21,"MSB 11095-4","JAR11000F","KL","KL","07-23-2025","F",31,25,375,"impact","impact_1991-2000",35.027111,-106.672944,"trem.iz","0"
"2475","MSB:Fish:11095",1992,7,21,"MSB 11095-5","JAR11003F","KL","KL","07-23-2025",NA,32,26,460,"impact","impact_1991-2000",35.027111,-106.672944,"trem.iz","0"
"2476","MSB:Fish:11126",1992,7,22,"MSB 11126-2","JAR11562F","JG","BP","07-17-2025","F",37,30,634,"impact","impact_1991-2000",34.97052778,-106.6911111,"trem.iz","0"
"2477","MSB:Fish:11126",1992,7,22,"MSB 11126-3","JAR11560F","JG","BP","07-17-2025","F",31,25,355,"impact","impact_1991-2000",34.97052778,-106.6911111,"trem.iz","0"
"2478","MSB:Fish:11126",1992,7,22,"MSB 11126-1","JAR11561F","EO","EO","07-17-2025","F",45,36,1113,"impact","impact_1991-2000",34.97052778,-106.6911111,"trem.iz","0"
"2479","MSB:Fish:11126",1992,7,22,"MSB 11126-4","JAR11559F","JG","GC","07-17-2025","F",40,34,733,"impact","impact_1991-2000",34.97052778,-106.6911111,"trem.iz","0"
"2480","MSB:Fish:11126",1992,7,22,"MSB 11126-5","JAR11558F","EO","KL","07-17-2025","M",26,21,179,"impact","impact_1991-2000",34.97052778,-106.6911111,"trem.iz","0"
"2481","MSB:Fish:11194",1992,7,24,"MSB 11194-2","JAR11570F","EO","KL","07-17-2025","M",26,22,151,"impact","impact_1991-2000",34.92872222,-106.6818611,"trem.iz","0"
"2482","MSB:Fish:11194",1992,7,24,"MSB 11194-3","JAR11569F","EO","GC","07-17-2025",NA,28,22,159,"impact","impact_1991-2000",34.92872222,-106.6818611,"trem.iz","0"
"2483","MSB:Fish:11194",1992,7,24,"MSB 11194-5","JAR11572F","EO","KL","07-17-2025",NA,36,29,658,"impact","impact_1991-2000",34.92872222,-106.6818611,"trem.iz","0"
"2484","MSB:Fish:11194",1992,7,24,"MSB 11194-4","JAR11571F","EO","EO","07-17-2025","F",35,27,456,"impact","impact_1991-2000",34.92872222,-106.6818611,"trem.iz","0"
"2485","MSB:Fish:11194",1992,7,24,"MSB 11194-1","JAR11563F","EO","GC","07-17-2025","F",29,24,333,"impact","impact_1991-2000",34.92872222,-106.6818611,"trem.iz","0"
"2486","MSB:Fish:12010",1992,9,28,"MSB 12010-3","JAR11037F","KL","KL","07-28-2025","F",28,23,210,"control","control_1991-2000",35.211416,-106.612833,"trem.iz","0"
"2487","MSB:Fish:12010",1992,9,28,"MSB 12010-2","JAR11056F","KL","KL","07-28-2025",NA,27,21.5,211,"control","control_1991-2000",35.211416,-106.612833,"trem.iz","0"
"2488","MSB:Fish:12010",1992,9,28,"MSB 12010-1","JAR11057F","KL","KL","07-28-2025","F",36,29,446,"control","control_1991-2000",35.211416,-106.612833,"trem.iz","0"
"2489","MSB:Fish:12010",1992,9,28,"MSB 12010-5","JAR11045F","KL","KL","07-28-2025","F",25,20,156,"control","control_1991-2000",35.211416,-106.612833,"trem.iz","0"
"2490","MSB:Fish:12010",1992,9,28,"MSB 12010-4","JAR11044F","KL","KL","07-28-2025","F",28,21,210,"control","control_1991-2000",35.211416,-106.612833,"trem.iz","0"
"2491","MSB:Fish:12531",1992,11,13,"MSB 12531-1","JAR11267F","EO","GC","07-11-2025",NA,46,38,1030,"control","control_1991-2000",35.380486,-106.502059,"trem.iz","0"
"2492","MSB:Fish:12531",1992,11,13,"MSB 12531-4","JAR11265F","EO","KL","07-11-2025",NA,31,25,317,"control","control_1991-2000",35.380486,-106.502059,"trem.iz","0"
"2493","MSB:Fish:12531",1992,11,13,"MSB 12531-5","JAR11266F","EO","BP","07-11-2025","F",48,40,1190,"control","control_1991-2000",35.380486,-106.502059,"trem.iz","0"
"2494","MSB:Fish:12531",1992,11,13,"MSB 12531-2","JAR11263F","EO","KL","07-11-2025",NA,34,27,414,"control","control_1991-2000",35.380486,-106.502059,"trem.iz","0"
"2495","MSB:Fish:12531",1992,11,13,"MSB 12531-3","JAR11264F","EO","KL","07-11-2025","F",35,28,445,"control","control_1991-2000",35.380486,-106.502059,"trem.iz","0"
"2496","MSB:Fish:14485",1993,7,13,"MSB 14485-1","JAR11128F","EO","GC","07-17-2025",NA,41,34,760,"impact","impact_1991-2000",34.929964,-106.681431,"trem.iz","0"
"2497","MSB:Fish:14485",1993,7,13,"MSB 14485-5","JAR11127F","JG","JG","07-17-2025",NA,24,20,116,"impact","impact_1991-2000",34.929964,-106.681431,"trem.iz","0"
"2498","MSB:Fish:14485",1993,7,13,"MSB 14485-4","JAR11129F","EO","GC","07-17-2025","F",30,23,247,"impact","impact_1991-2000",34.929964,-106.681431,"trem.iz","0"
"2499","MSB:Fish:14485",1993,7,13,"MSB 14485-3","JAR11557F","EO","KL","07-17-2025","F",37,29,520,"impact","impact_1991-2000",34.929964,-106.681431,"trem.iz","0"
"2500","MSB:Fish:14485",1993,7,13,"MSB 14485-2","JAR11130F","JG","GC","07-17-2025","F",43,35,751,"impact","impact_1991-2000",34.929964,-106.681431,"trem.iz","0"
"2501","MSB:Fish:18799",1993,8,12,"MSB 18799-5","JAR11578F","BP","KL","07-17-2025","F",30,23,274,"control","control_1991-2000",35.280904,-106.597587,"trem.iz","0"
"2502","MSB:Fish:18799",1993,8,12,"MSB 18799-2","JAR11582F","BP","KL","07-17-2025","F",31,25,375,"control","control_1991-2000",35.280904,-106.597587,"trem.iz","0"
"2503","MSB:Fish:18799",1993,8,12,"MSB 18799-4","JAR11579F","BP","GC","07-17-2025","F",32,26,344,"control","control_1991-2000",35.280904,-106.597587,"trem.iz","0"
"2504","MSB:Fish:18799",1993,8,12,"MSB 18799-3","JAR11580","BP","EO","07-17-2025","F",36,28,509,"control","control_1991-2000",35.280904,-106.597587,"trem.iz","0"
"2505","MSB:Fish:18799",1993,8,12,"MSB 18799-1","JAR11581F","BP","KL","07-17-2025","M",29,23,249,"control","control_1991-2000",35.280904,-106.597587,"trem.iz","0"
"2506","MSB:Fish:19155",1993,8,4,"MSB 19155-1","JAR11020F","KL","KL","07-23-2025","F",38,30,585,"impact","impact_1991-2000",35.017503,-106.672569,"trem.iz","0"
"2507","MSB:Fish:19155",1993,8,4,"MSB 19155-2","JAR11021F","KL","KL","07-23-2025","F",34,28,495,"impact","impact_1991-2000",35.017503,-106.672569,"trem.iz","0"
"2508","MSB:Fish:19155",1993,8,4,"MSB 19155-3","JAR11022F","KL","KL","07-23-2025","F",31,26,355,"impact","impact_1991-2000",35.017503,-106.672569,"trem.iz","0"
"2509","MSB:Fish:19155",1993,8,4,"MSB 19155-5","JAR11012F","KL","KL","07-23-2025","F",38,32,697,"impact","impact_1991-2000",35.017503,-106.672569,"trem.iz","0"
"2510","MSB:Fish:19155",1993,8,4,"MSB 19155-4","JAR11027F","KL","KL","07-23-2025","F",34,28,NA,"impact","impact_1991-2000",35.017503,-106.672569,"trem.iz","0"
"2511","MSB:Fish:19170",1993,8,4,"MSB 19170-3","JAR8800F","BP","BP GC","07-07-2025","F",34,26,421,"impact","impact_1991-2000",35.008358,-106.678909,"trem.iz","0"
"2512","MSB:Fish:19170",1993,8,4,"MSB 19170-5","JAR8798F","EO","JG","07-07-2025","F",32,25,353,"impact","impact_1991-2000",35.008358,-106.678909,"trem.iz","0"
"2513","MSB:Fish:19170",1993,8,4,"MSB 19170-1","JAR8802F","BP","GC","07-07-2025","F",31,24,355,"impact","impact_1991-2000",35.008358,-106.678909,"trem.iz","0"
"2514","MSB:Fish:19170",1993,8,4,"MSB 19170-4","JAR8799F","EO","BP","07-07-2025","F",34,27,460,"impact","impact_1991-2000",35.008358,-106.678909,"trem.iz","0"
"2515","MSB:Fish:19170",1993,8,4,"MSB 19170-2","JAR8801F","EO","BP KL","07-07-2025",NA,35,27,481,"impact","impact_1991-2000",35.008358,-106.678909,"trem.iz","0"
"2516","MSB:Fish:2795",1969,4,2,"MSB 2795-4","JAR8920F","BP","KL","07-09-2025","F",29,24,236,"control","control_1961-1970",35.253452,-106.592892,"trem.iz","0"
"2517","MSB:Fish:2795",1969,4,2,"MSB 2795-5","JAR8919F","BP","JG","07-09-2025",NA,25,19,105,"control","control_1961-1970",35.253452,-106.592892,"trem.iz","0"
"2518","MSB:Fish:2795",1969,4,2,"MSB 2795-2","JAR8925F","BP","GC","07-09-2025",NA,31,24,325,"control","control_1961-1970",35.253452,-106.592892,"trem.iz","0"
"2519","MSB:Fish:2795",1969,4,2,"MSB 2795-1","JAR8932F","BP","JG","07-09-2025",NA,45,35,820,"control","control_1961-1970",35.253452,-106.592892,"trem.iz","0"
"2520","MSB:Fish:2795",1969,4,2,"MSB 2795-3","JAR8921F","BP","GC","07-09-2025",NA,46,37,885,"control","control_1961-1970",35.253452,-106.592892,"trem.iz","0"
"2521","MSB:Fish:280",1949,10,28,"MSB 280-3","JAR8830F","BP","EO","07-08-2025","F",28,20,184,"impact","impact_1941-1950",35.155761,-106.655157,"trem.iz","0"
"2522","MSB:Fish:280",1949,10,28,"MSB 280-4","JAR8828F","JG","JG","07-08-2025",NA,43,35,824,"impact","impact_1941-1950",35.155761,-106.655157,"trem.iz","0"
"2523","MSB:Fish:280",1949,10,28,"MSB 280-1","JAR8833F","BP","BP","07-08-2025",NA,33,26,379,"impact","impact_1941-1950",35.155761,-106.655157,"trem.iz","0"
"2524","MSB:Fish:280",1949,10,28,"MSB 280-5","JAR8826F","JG","JG","07-08-2025",NA,28,23,238,"impact","impact_1941-1950",35.155761,-106.655157,"trem.iz","0"
"2525","MSB:Fish:280",1949,10,28,"MSB 280-2","JAR8831F","JG","KL","07-08-2025","F",42,33,733,"impact","impact_1941-1950",35.155761,-106.655157,"trem.iz","0"
"2526","MSB:Fish:285",1961,2,17,"MSB 285-3","JAR11528F","EO","KL","07-15-2025","F",42,34,741,"impact","impact_1961-1970",35.051774,-106.671997,"trem.iz","0"
"2527","MSB:Fish:285",1961,2,17,"MSB 285-2","JAR11525F","BP","GC","07-15-2025",NA,32,25,318,"impact","impact_1961-1970",35.051774,-106.671997,"trem.iz","0"
"2528","MSB:Fish:285",1961,2,17,"MSB 285-1","JAR11517F","EO","KL","07-15-2025","F",46,37,1064,"impact","impact_1961-1970",35.051774,-106.671997,"trem.iz","0"
"2529","MSB:Fish:285",1961,2,17,"MSB 285-4","JAR11530F","BP","KL","07-15-2025","F",34,26,419,"impact","impact_1961-1970",35.051774,-106.671997,"trem.iz","0"
"2530","MSB:Fish:285",1961,2,17,"MSB 285-5","JAR11520F","EO","EO","07-15-2025","F",29,23,224,"impact","impact_1961-1970",35.051774,-106.671997,"trem.iz","0"
"2531","MSB:Fish:288",1949,12,3,"MSB 288-1","JAR11272F","BP","GC","07-11-2025","F",41,32,695,"impact","impact_1941-1950",35.068939,-106.663683,"trem.iz","0"
"2532","MSB:Fish:288",1949,12,3,"MSB 288-4","JAR11269F","BP","BP","07-11-2025",NA,28,22,247,"impact","impact_1941-1950",35.068939,-106.663683,"trem.iz","0"
"2533","MSB:Fish:288",1949,12,3,"MSB 288-5","JAR11268F","EO","EO","07-11-2025","F",35,28,413,"impact","impact_1941-1950",35.068939,-106.663683,"trem.iz","0"
"2534","MSB:Fish:288",1949,12,3,"MSB 288-3","JAR11270F","EO","KL","07-11-2025","F",49,40,1240,"impact","impact_1941-1950",35.068939,-106.663683,"trem.iz","0"
"2535","MSB:Fish:288",1949,12,3,"MSB 288-2","JAR11271F","BP","BP","07-11-2025",NA,30,27,461,"impact","impact_1941-1950",35.068939,-106.663683,"trem.iz","0"
"2536","MSB:Fish:292",1961,2,12,"MSB 292-3","JAR11553F","JG","KL","07-16-2025","M",25,21,138,"control","control_1961-1970",35.408152,-106.470544,"trem.iz","0"
"2537","MSB:Fish:292",1961,2,12,"MSB 292-1","JAR11556F","BP","KL","07-16-2025","M",31,24,273,"control","control_1961-1970",35.408152,-106.470544,"trem.iz","2"
"2538","MSB:Fish:292",1961,2,12,"MSB 292-5","JAR11547F","JG","JG","07-16-2025",NA,25,21,167,"control","control_1961-1970",35.408152,-106.470544,"trem.iz","0"
"2539","MSB:Fish:292",1961,2,12,"MSB 292-4","JAR11550F","BP","KL","07-16-2025","F",33,25,342,"control","control_1961-1970",35.408152,-106.470544,"trem.iz","0"
"2540","MSB:Fish:292",1961,2,12,"MSB 292-2","JAR11534F","JG","JG","07-16-2025",NA,25,20,132,"control","control_1961-1970",35.408152,-106.470544,"trem.iz","0"
"2541","MSB:Fish:305",1949,7,21,"MSB 305-2","JAR8913F","BP","GC","07-09-2025",NA,41,32,810,"impact","impact_1941-1950",35.204443,-106.610046,"trem.iz","0"
"2542","MSB:Fish:305",1949,7,21,"MSB 305-3","JAR8915F","BP","KL","07-09-2025","F",39,31,840,"impact","impact_1941-1950",35.204443,-106.610046,"trem.iz","0"
"2543","MSB:Fish:305",1949,7,21,"MSB 305-1","JAR8911F","BP","JG","07-09-2025","F",38,30,653,"impact","impact_1941-1950",35.204443,-106.610046,"trem.iz","0"
"2544","MSB:Fish:305",1949,7,21,"MSB 305-5","JAR8918F","BP","KL","07-09-2025",NA,41,34,848,"impact","impact_1941-1950",35.204443,-106.610046,"trem.iz","0"
"2545","MSB:Fish:305",1949,7,21,"MSB 305-4","JAR8917F","BP","EO","07-09-2025","F",26,21,146,"impact","impact_1941-1950",35.204443,-106.610046,"trem.iz","0"
"2546","MSB:Fish:307",1959,2,24,"MSB 307-1","JAR8797F","BP","GC","07-07-2025","F",30,24,257,"impact","impact_1951-1960",34.987044,-106.690293,"trem.iz","0"
"2547","MSB:Fish:307",1959,2,24,"MSB 307-2","JAR8796F","JG","KL","07-07-2025","F",31,23,295,"impact","impact_1951-1960",34.987044,-106.690293,"trem.iz","0"
"2548","MSB:Fish:307",1959,2,24,"MSB 307-5","JAR8793F","JG","GC","07-07-2025",NA,33,24,304,"impact","impact_1951-1960",34.987044,-106.690293,"trem.iz","0"
"2549","MSB:Fish:307",1959,2,24,"MSB 307-4","JAR8794F","BP","KL","07-07-2025","F",31,26,296,"impact","impact_1951-1960",34.987044,-106.690293,"trem.iz","0"
"2550","MSB:Fish:307",1959,2,24,"MSB 307-3","JAR8795F","BP","KL","07-07-2025",NA,31,25,277,"impact","impact_1951-1960",34.987044,-106.690293,"trem.iz","0"
"2551","MSB:Fish:30771",1996,10,30,"MSB 30771-3","JAR11025F","KL","KL","07-28-2025",NA,39,32,613,"control","control_1991-2000",35.38033333,-106.4990556,"trem.iz","0"
"2552","MSB:Fish:30771",1996,10,30,"MSB 30771-2","JAR11024F","KL","KL","07-28-2025",NA,34,27,361,"control","control_1991-2000",35.38033333,-106.4990556,"trem.iz","0"
"2553","MSB:Fish:30771",1996,10,30,"MSB 30771-1","JAR11030F","KL","KL","07-28-2025",NA,27,21,182,"control","control_1991-2000",35.38033333,-106.4990556,"trem.iz","0"
"2554","MSB:Fish:30771",1996,10,30,"MSB 30771-5","JAR11033F","KL","KL","07-28-2025","M",30,23,241,"control","control_1991-2000",35.38033333,-106.4990556,"trem.iz","0"
"2555","MSB:Fish:30771",1996,10,30,"MSB 30771-4","JAR11028F","KL","KL","07-28-2025",NA,26,20,165,"control","control_1991-2000",35.38033333,-106.4990556,"trem.iz","0"
"2556","MSB:Fish:315",1949,7,28,"MSB 315-3","JAR11521F","JG","KL","07-15-2025",NA,33,27,445,"impact","impact_1941-1950",35.188761,-106.64706,"trem.iz","0"
"2557","MSB:Fish:315",1949,7,28,"MSB 315-2","JAR11524F","BP","KL","07-15-2025","F",38,30,666,"impact","impact_1941-1950",35.188761,-106.64706,"trem.iz","0"
"2558","MSB:Fish:315",1949,7,28,"MSB 315-4","JAR11527F","BP","KL","07-15-2025","F",31,24,301,"impact","impact_1941-1950",35.188761,-106.64706,"trem.iz","0"
"2559","MSB:Fish:315",1949,7,28,"MSB 315-1","JAR11522F","JG","BP","07-15-2025",NA,38,31,711,"impact","impact_1941-1950",35.188761,-106.64706,"trem.iz","0"
"2560","MSB:Fish:315",1949,7,28,"MSB 315-5","JAR11544F","JG","EO","07-15-2025","F",35,28,417,"impact","impact_1941-1950",35.188761,-106.64706,"trem.iz","0"
"2561","MSB:Fish:324",1950,10,18,"MSB 324-2","JAR11336F","BP","KL","07-10-2025","F",45,36,1097,"control","control_1941-1950",35.229809,-106.616288,"trem.iz","0"
"2562","MSB:Fish:324",1950,10,18,"MSB 324-1","JAR11335F","JG","KL","07-10-2025","F",39,33,691,"control","control_1941-1950",35.229809,-106.616288,"trem.iz","0"
"2563","MSB:Fish:324",1950,10,18,"MSB 324-5","JAR11339F","BP","KL","07-10-2025","F",39,31,754,"control","control_1941-1950",35.229809,-106.616288,"trem.iz","0"
"2564","MSB:Fish:324",1950,10,18,"MSB 324-4","JAR11338F","BP","GC","07-10-2025",NA,46,36,1172,"control","control_1941-1950",35.229809,-106.616288,"trem.iz","0"
"2565","MSB:Fish:324",1950,10,18,"MSB 324-3","JAR11337F","BP","GC","07-10-2025",NA,49,39,1841,"control","control_1941-1950",35.229809,-106.616288,"trem.iz","0"
"2566","MSB:Fish:326",1949,7,21,"MSB 326-5","JAR8924F","EO","JG","07-09-2025","F",38,32,628,"impact","impact_1941-1950",35.210652,-106.627124,"trem.iz","0"
"2567","MSB:Fish:326",1949,7,21,"MSB 326-4","JAR8933F","EO","KL","07-09-2025","F",33,27,421,"impact","impact_1941-1950",35.210652,-106.627124,"trem.iz","0"
"2568","MSB:Fish:326",1949,7,21,"MSB 326-3","JAR8931F","KL","KL","07-09-2025",NA,36,30,581,"impact","impact_1941-1950",35.210652,-106.627124,"trem.iz","0"
"2569","MSB:Fish:326",1949,7,21,"MSB 326-2","JAR8926F","KL","GC","07-09-2025","F",34,28,560,"impact","impact_1941-1950",35.210652,-106.627124,"trem.iz","0"
"2570","MSB:Fish:326",1949,7,21,"MSB 326-1","JAR8922F","KL","KL","07-09-2025","F",33,27,355,"impact","impact_1941-1950",35.210652,-106.627124,"trem.iz","0"
"2571","MSB:Fish:327",1942,2,28,"MSB 327-1","JAR8840F","EO","GC","07-08-2025","F",45,36,927,"control","control_1941-1950",35.37417,-106.49278,"trem.iz","0"
"2572","MSB:Fish:327",1942,2,28,"MSB 327-4","JAR8842F","EO","GC","07-08-2025",NA,32,25,257,"control","control_1941-1950",35.37417,-106.49278,"trem.iz","0"
"2573","MSB:Fish:327",1942,2,28,"MSB 327-3","JAR8846F","BP","GC","07-08-2025","F",45,36,910,"control","control_1941-1950",35.37417,-106.49278,"trem.iz","0"
"2574","MSB:Fish:327",1942,2,28,"MSB 327-2","JAR8903F","EO","JG","07-08-2025",NA,47,38,1118,"control","control_1941-1950",35.37417,-106.49278,"trem.iz","0"
"2575","MSB:Fish:327",1942,2,28,"MSB 327-5","JAR8844F","BP","GC","07-08-2025","F",25,20,131,"control","control_1941-1950",35.37417,-106.49278,"trem.iz","0"
"2576","MSB:Fish:330",1949,11,5,"MSB 330-1","JAR11350F","EO","JG","07-10-2025",NA,45,36,982,"control","control_1941-1950",35.211994,-106.631125,"trem.iz","0"
"2577","MSB:Fish:330",1949,11,5,"MSB 330-3","JAR11356F","EO","GC","07-10-2025",NA,29,23,241,"control","control_1941-1950",35.211994,-106.631125,"trem.iz","0"
"2578","MSB:Fish:330",1949,11,5,"MSB 330-4","JAR11353F","JG","BP","07-10-2025",NA,32,26,276,"control","control_1941-1950",35.211994,-106.631125,"trem.iz","0"
"2579","MSB:Fish:330",1949,11,5,"MSB 330-5","JAR11369F","JG","EO","07-10-2025","F",26,22,195,"control","control_1941-1950",35.211994,-106.631125,"trem.iz","0"
"2580","MSB:Fish:330",1949,11,5,"MSB 330-2","JAR11347F","JG","BP","07-10-2025",NA,34,28,374,"control","control_1941-1950",35.211994,-106.631125,"trem.iz","0"
"2581","MSB:Fish:334",1952,5,3,"MSB 334-1","JAR11113F","BP","KL","07-16-2025",NA,33,26,309,"control","control_1951-1960",35.302146,-106.571551,"trem.iz","0"
"2582","MSB:Fish:334",1952,5,3,"MSB 334-3","JAR11107F","BP","JG","07-16-2025",NA,30,24,217,"control","control_1951-1960",35.302146,-106.571551,"trem.iz","0"
"2583","MSB:Fish:334",1952,5,3,"MSB 334-5","JAR11108F","BP","GC","07-16-2025",NA,27,22,179,"control","control_1951-1960",35.302146,-106.571551,"trem.iz","0"
"2584","MSB:Fish:334",1952,5,3,"MSB 334-4","JAR11116F","BP","EO","07-16-2025","F",30,23,233,"control","control_1951-1960",35.302146,-106.571551,"trem.iz","0"
"2585","MSB:Fish:334",1952,5,3,"MSB 334-2","JAR11110F","BP","EO","07-16-2025","F",31,25,293,"control","control_1951-1960",35.302146,-106.571551,"trem.iz","0"
"2586","MSB:Fish:3391",1965,5,18,"MSB 3391-1","JAR11370F","EO","KL","07-10-2025","F",41,35,794,"control","control_1961-1970",35.383813,-106.481,"trem.iz","0"
"2587","MSB:Fish:3391",1965,5,18,"MSB 3391-2","JAR11366F","EO","GC","07-10-2025","M",28,23,188,"control","control_1961-1970",35.383813,-106.481,"trem.iz","0"
"2588","MSB:Fish:3391",1965,5,18,"MSB 3391-5","JAR11367F","EO","JG","07-10-2025","F",35,28,522,"control","control_1961-1970",35.383813,-106.481,"trem.iz","0"
"2589","MSB:Fish:3391",1965,5,18,"MSB 3391-4","JAR11364F","EO","KL","07-10-2025",NA,33,27,348,"control","control_1961-1970",35.383813,-106.481,"trem.iz","0"
"2590","MSB:Fish:3391",1965,5,18,"MSB 3391-3","JAR11363F","EO","EO","07-10-2025","F",31,26,296,"control","control_1961-1970",35.383813,-106.481,"trem.iz","0"
"2591","MSB:Fish:3421",1972,6,19,"MSB 3421-1","JAR11296F","EO","KL","07-14-2025","F",36,29,612,"control","control_1971-1980",35.249718,-106.603396,"trem.iz","0"
"2592","MSB:Fish:3421",1972,6,19,"MSB 3421-4","JAR11294F","EO","KL","07-14-2025","F",40,33,736,"control","control_1971-1980",35.249718,-106.603396,"trem.iz","0"
"2593","MSB:Fish:3421",1972,6,19,"MSB 3421-2","JAR11288F","EO","KL","07-14-2025","F",46,37,1270,"control","control_1971-1980",35.249718,-106.603396,"trem.iz","0"
"2594","MSB:Fish:3421",1972,6,19,"MSB 3421-5","JAR11293F","EO","KL","07-14-2025","F",44,36,1076,"control","control_1971-1980",35.249718,-106.603396,"trem.iz","0"
"2595","MSB:Fish:3421",1972,6,19,"MSB 3421-3","JAR11291F","EO","KL","07-14-2025","F",42,35,996,"control","control_1971-1980",35.249718,-106.603396,"trem.iz","0"
"2596","MSB:Fish:365",1947,9,27,"MSB 365-1","JAR11529F","JG","JG","07-15-2025",NA,39,33,608,"control","control_1941-1950",35.321576,-106.555389,"trem.iz","0"
"2597","MSB:Fish:365",1947,9,27,"MSB 365-5","JAR11531F","JG","JG","07-15-2025",NA,32,25,251,"control","control_1941-1950",35.321576,-106.555389,"trem.iz","0"
"2598","MSB:Fish:365",1947,9,27,"MSB 365-2","JAR11532F","BP","KL","07-15-2025","F",38,29,390,"control","control_1941-1950",35.321576,-106.555389,"trem.iz","0"
"2599","MSB:Fish:365",1947,9,27,"MSB 365-3","JAR11526F","JG","KL","07-15-2025","F",37,29,507,"control","control_1941-1950",35.321576,-106.555389,"trem.iz","0"
"2600","MSB:Fish:365",1947,9,27,"MSB 365-4","JAR11523F","BP","KL","07-15-2025",NA,38,30,356,"control","control_1941-1950",35.321576,-106.555389,"trem.iz","0"
"2601","MSB:Fish:38942",1997,7,5,"MSB 38942-5","JAR11115F","EO","GC","07-17-2025","F",41,32,883,"control","control_1991-2000",35.28302778,-106.5981389,"trem.iz","0"
"2602","MSB:Fish:38942",1997,7,5,"MSB 38942-1","JAR11120F","EO","GC","07-17-2025","F",50,42,2039,"control","control_1991-2000",35.28302778,-106.5981389,"trem.iz","0"
"2603","MSB:Fish:38942",1997,7,5,"MSB 38942-2","JAR11119F","EO","KL","07-17-2025","F",47,39,1803,"control","control_1991-2000",35.28302778,-106.5981389,"trem.iz","0"
"2604","MSB:Fish:38942",1997,7,5,"MSB 38942-3","JAR11121F","EO","KL","07-17-2025","F",45,38,1685,"control","control_1991-2000",35.28302778,-106.5981389,"trem.iz","0"
"2605","MSB:Fish:38942",1997,7,5,"MSB 38942-4","JAR11118F","EO","KL","07-17-2025","F",46,38,1451,"control","control_1991-2000",35.28302778,-106.5981389,"trem.iz","0"
"2606","MSB:Fish:39100",1997,10,15,"MSB 39100-1","JAR11577F","BP","JG","07-17-2025",NA,34,26,374,"control","control_1991-2000",35.322164,-106.557448,"trem.iz","0"
"2607","MSB:Fish:39100",1997,10,15,"MSB 39100-2","JAR11573F","BP","EO","07-17-2025","F",38,28,500,"control","control_1991-2000",35.322164,-106.557448,"trem.iz","0"
"2608","MSB:Fish:39100",1997,10,15,"MSB 39100-4","JAR11575F","BP","GC","07-17-2025","F",34,26,403,"control","control_1991-2000",35.322164,-106.557448,"trem.iz","0"
"2609","MSB:Fish:39100",1997,10,15,"MSB 39100-5","JAR11576F","BP","GC","07-17-2025","F",25,19,144,"control","control_1991-2000",35.322164,-106.557448,"trem.iz","0"
"2610","MSB:Fish:39100",1997,10,15,"MSB 39100-3","JAR11574F","BP","KL","07-17-2025","M",25,20,167,"control","control_1991-2000",35.322164,-106.557448,"trem.iz","0"
"2611","MSB:Fish:3993",1977,9,28,"MSB 3993-4","JAR11626F","BP","GC","07-21-2025","F",29,23,333,"impact","impact_1971-1980",35.136341,-106.685742,"trem.iz","0"
"2612","MSB:Fish:3993",1977,9,28,"MSB 3993-1","JAR11623F","JG","GC","07-21-2025",NA,25,20,170,"impact","impact_1971-1980",35.136341,-106.685742,"trem.iz","0"
"2613","MSB:Fish:3993",1977,9,28,"MSB 3993-2","JAR11621F","BP","GC","07-21-2025","F",26,20,224,"impact","impact_1971-1980",35.136341,-106.685742,"trem.iz","0"
"2614","MSB:Fish:3993",1977,9,28,"MSB 3993-3","JAR11618F","JG","BP","07-21-2025","M",28,21,181,"impact","impact_1971-1980",35.136341,-106.685742,"trem.iz","0"
"2615","MSB:Fish:3993",1977,9,28,"MSB 3993-5","JAR11620F","JG","BP","07-21-2025","M",27,21,186,"impact","impact_1971-1980",35.136341,-106.685742,"trem.iz","0"
"2616","MSB:Fish:4012",1977,9,28,"MSB 4012-5","JAR11616F","JG","JG","07-21-2025",NA,25,21,169,"impact","impact_1971-1980",35.134932,-106.690783,"trem.iz","0"
"2617","MSB:Fish:4012",1977,9,28,"MSB 4012-1","JAR11607F","JG","EO","07-21-2025","F",32,25,365,"impact","impact_1971-1980",35.134932,-106.690783,"trem.iz","0"
"2618","MSB:Fish:4012",1977,9,28,"MSB 4012-4","JAR11613F","BP","GC","07-21-2025","F",26,20,178,"impact","impact_1971-1980",35.134932,-106.690783,"trem.iz","0"
"2619","MSB:Fish:4012",1977,9,28,"MSB 4012-3","JAR11617F","JG","GC","07-21-2025","F",32,27,303,"impact","impact_1971-1980",35.134932,-106.690783,"trem.iz","0"
"2620","MSB:Fish:4012",1977,9,28,"MSB 4012-2","JAR11610F","BP","GC","07-21-2025","F",31,24,316,"impact","impact_1971-1980",35.134932,-106.690783,"trem.iz","0"
"2621","MSB:Fish:4056",1978,5,19,"MSB 4056-2","JAR11322F","EO","KL","07-14-2025","F",36,28,566,"control","control_1971-1980",35.253481,-106.591225,"trem.iz","0"
"2622","MSB:Fish:4056",1978,5,19,"MSB 4056-3","JAR11318F","EO","JG","07-14-2025","F",37,28,549,"control","control_1971-1980",35.253481,-106.591225,"trem.iz","0"
"2623","MSB:Fish:4056",1978,5,19,"MSB 4056-4","JAR11317F","EO","JG","07-14-2025","F",34,28,483,"control","control_1971-1980",35.253481,-106.591225,"trem.iz","0"
"2624","MSB:Fish:4056",1978,5,19,"MSB 4056-1","JAR11319F","EO","GC","07-14-2025","F",37,30,644,"control","control_1971-1980",35.253481,-106.591225,"trem.iz","0"
"2625","MSB:Fish:4056",1978,5,19,"MSB 4056-5","JAR11321F","EO","GC","07-14-2025","F",34,28,581,"control","control_1971-1980",35.253481,-106.591225,"trem.iz","0"
"2626","MSB:Fish:4086",1978,9,29,"MSB 4086-3","JAR11342F","BP","JG","07-11-2025",NA,31,24,340,"control","control_1971-1980",35.380072,-106.499406,"trem.iz","0"
"2627","MSB:Fish:4086",1978,9,29,"MSB 4086-5","JAR11340F","BP","GC","07-11-2025","M",29,23,261,"control","control_1971-1980",35.380072,-106.499406,"trem.iz","0"
"2628","MSB:Fish:4086",1978,9,29,"MSB 4086-4","JAR11341F","BP","GC","07-11-2025","F",26,19,139,"control","control_1971-1980",35.380072,-106.499406,"trem.iz","0"
"2629","MSB:Fish:4086",1978,9,29,"MSB 4086-2","JAR11344F","BP","EO","07-11-2025","F",40,30,701,"control","control_1971-1980",35.380072,-106.499406,"trem.iz","0"
"2630","MSB:Fish:4086",1978,9,29,"MSB 4086-1","JAR11345F","BP","KL","07-11-2025","F",41,32,795,"control","control_1971-1980",35.380072,-106.499406,"trem.iz","0"
"2631","MSB:Fish:4172",1977,5,10,"MSB 4172-2","JAR11329F","JG","GC","07-14-2025","F",33,29,347,"control","control_1971-1980",35.26637,-106.598674,"trem.iz","0"
"2632","MSB:Fish:4172",1977,5,10,"MSB 4172-3","JAR11330F","BP","KL","07-14-2025","F",27,21,170,"control","control_1971-1980",35.26637,-106.598674,"trem.iz","0"
"2633","MSB:Fish:4172",1977,5,10,"MSB 4172-4","JAR11327F","BP","GC","07-14-2025","M",27,21,150,"control","control_1971-1980",35.26637,-106.598674,"trem.iz","0"
"2634","MSB:Fish:4172",1977,5,10,"MSB 4172-1","JAR11328F","BP","KL","07-14-2025",NA,29,24,252,"control","control_1971-1980",35.26637,-106.598674,"trem.iz","0"
"2635","MSB:Fish:4172",1977,5,10,"MSB 4172-5","JAR11326F","JG","JG","07-14-2025",NA,27,21,137,"control","control_1971-1980",35.26637,-106.598674,"trem.iz","0"
"2636","MSB:Fish:4176",1978,5,21,"MSB 4176-5","JAR8822F","JG","KL","07-08-2025","F",29,23,368,"control","control_1971-1980",35.253481,-106.591225,"trem.iz","0"
"2637","MSB:Fish:4176",1978,5,21,"MSB 4176-1","JAR8821F","BP","JG","07-08-2025","F",38,31,741,"control","control_1971-1980",35.253481,-106.591225,"trem.iz","0"
"2638","MSB:Fish:4176",1978,5,21,"MSB 4176-3","JAR8818F","JG","KL","07-08-2025","F",33,26,425,"control","control_1971-1980",35.253481,-106.591225,"trem.iz","0"
"2639","MSB:Fish:4176",1978,5,21,"MSB 4176-2","JAR8816F","BP","EO","07-08-2025","F",39,31,798,"control","control_1971-1980",35.253481,-106.591225,"trem.iz","0"
"2640","MSB:Fish:4176",1978,5,21,"MSB 4176-4","JAR8820F","BP","JG","07-08-2025","F",38,30,806,"control","control_1971-1980",35.253481,-106.591225,"trem.iz","0"
"2641","MSB:Fish:43165",1999,4,21,"MSB 43165-3","JAR11124F","EO","KL","07-17-2025","F",35,27,471,"impact","impact_1991-2000",35.027111,-106.672944,"trem.iz","0"
"2642","MSB:Fish:43165",1999,4,21,"MSB 43165-4","JAR11123F","EO","JG GC","07-17-2025","F",38,30,636,"impact","impact_1991-2000",35.027111,-106.672944,"trem.iz","0"
"2643","MSB:Fish:43165",1999,4,21,"MSB 43165-2","JAR11125F","EO","EO","07-17-2025","F",38,30,668,"impact","impact_1991-2000",35.027111,-106.672944,"trem.iz","0"
"2644","MSB:Fish:43165",1999,4,21,"MSB 43165-1","JAR11126F","EO","GC","07-17-2025","F",33,27,464,"impact","impact_1991-2000",35.027111,-106.672944,"trem.iz","0"
"2645","MSB:Fish:43165",1999,4,21,"MSB 43165-5","JAR11122F","EO","KL","07-17-2025","F",40,32,732,"impact","impact_1991-2000",35.027111,-106.672944,"trem.iz","0"
"2646","MSB:Fish:43242",1999,7,14,"MSB 43242-5","JAR11026F","KL","KL","07-28-2025",NA,41,33,899,"control","control_1991-2000",35.28302778,-106.5981389,"trem.iz","0"
"2647","MSB:Fish:43242",1999,7,14,"MSB 43242-4","JAR11034F","KL","KL","07-28-2025","F",32,25,344,"control","control_1991-2000",35.28302778,-106.5981389,"trem.iz","0"
"2648","MSB:Fish:43242",1999,7,14,"MSB 43242-3","JAR11029F","KL","KL","07-28-2025","F",32,25,338,"control","control_1991-2000",35.28302778,-106.5981389,"trem.iz","0"
"2649","MSB:Fish:43242",1999,7,14,"MSB 43242-2","JAR11032F","KL","KL","07-28-2025",NA,32,26,416,"control","control_1991-2000",35.28302778,-106.5981389,"trem.iz","0"
"2650","MSB:Fish:43242",1999,7,14,"MSB 43242-1","JAR11031F","KL","KL","07-28-2025",NA,29,22,249,"control","control_1991-2000",35.28302778,-106.5981389,"trem.iz","0"
"2651","MSB:Fish:43251",1999,7,15,"MSB 43251-2","JAR11011F","KL","KL","07-23-2025","F",37,29,616,"impact","impact_1991-2000",35.089293,-106.680842,"trem.iz","0"
"2652","MSB:Fish:43251",1999,7,15,"MSB 43251-1","JAR11014F","KL","KL","07-23-2025",NA,32,26,384,"impact","impact_1991-2000",35.089293,-106.680842,"trem.iz","0"
"2653","MSB:Fish:43251",1999,7,15,"MSB 43251-4","JAR11018F","KL","KL","07-23-2025","F",32,25,392,"impact","impact_1991-2000",35.089293,-106.680842,"trem.iz","0"
"2654","MSB:Fish:43251",1999,7,15,"MSB 43251-5","JAR11019F","KL","KL","07-23-2025","F",34,27,NA,"impact","impact_1991-2000",35.089293,-106.680842,"trem.iz","0"
"2655","MSB:Fish:43251",1999,7,15,"MSB 43251-3","JAR11017F","KL","KL","07-23-2025","F",33,27,379,"impact","impact_1991-2000",35.089293,-106.680842,"trem.iz","0"
"2656","MSB:Fish:43370",1999,8,25,"MSB 43370-2","JAR11035F","KL","KL","07-28-2025",NA,28,22,215,"control","control_1991-2000",35.28302778,-106.5981389,"trem.iz","0"
"2657","MSB:Fish:43370",1999,8,25,"MSB 43370-3","JAR11036F","KL","KL","07-28-2025",NA,36,29,480,"control","control_1991-2000",35.28302778,-106.5981389,"trem.iz","0"
"2658","MSB:Fish:43370",1999,8,25,"MSB 43370-1","JAR11041F","KL","KL","07-28-2025",NA,38,30,NA,"control","control_1991-2000",35.28302778,-106.5981389,"trem.iz","0"
"2659","MSB:Fish:43370",1999,8,25,"MSB 43370-5","JAR11043F","KL","KL","07-28-2025","M",30,24,225,"control","control_1991-2000",35.28302778,-106.5981389,"trem.iz","0"
"2660","MSB:Fish:43370",1999,8,25,"MSB 43370-4","JAR11042F","KL","KL","07-28-2025",NA,26,20,154,"control","control_1991-2000",35.28302778,-106.5981389,"trem.iz","0"
"2661","MSB:Fish:4353",1978,9,8,"MSB 4353-1","JAR11097F","JG","GC","07-16-2025","F",35,29,601,"control","control_1971-1980",35.222784,-106.601974,"trem.iz","0"
"2662","MSB:Fish:4353",1978,9,8,"MSB 4353-4","JAR11106F","BP","BP","07-16-2025",NA,25,19,157,"control","control_1971-1980",35.222784,-106.601974,"trem.iz","0"
"2663","MSB:Fish:4353",1978,9,8,"MSB 4353-2","JAR11100F","JG","GC","07-16-2025","M",29,24,212,"control","control_1971-1980",35.222784,-106.601974,"trem.iz","0"
"2664","MSB:Fish:4353",1978,9,8,"MSB 4353-5","JAR11105F","BP","KL","07-16-2025",NA,25,20,NA,"control","control_1971-1980",35.222784,-106.601974,"trem.iz","0"
"2665","MSB:Fish:4353",1978,9,8,"MSB 4353-3","JAR11103F","JG","GC","07-16-2025","M",27,22,151,"control","control_1971-1980",35.222784,-106.601974,"trem.iz","0"
"2666","MSB:Fish:4378",1978,9,23,"MSB 4378-3","JAR11554F","JG","KL","07-16-2025","F",38,32,556,"impact","impact_1971-1980",34.905272,-106.685564,"trem.iz","0"
"2667","MSB:Fish:4378",1978,9,23,"MSB 4378-5","JAR11545F","BP","GC","07-16-2025","F",36,28,469,"impact","impact_1971-1980",34.905272,-106.685564,"trem.iz","0"
"2668","MSB:Fish:4378",1978,9,23,"MSB 4378-3","JAR11546F","BP","KL","07-16-2025","F",42,32,738,"impact","impact_1971-1980",34.905272,-106.685564,"trem.iz","0"
"2669","MSB:Fish:4378",1978,9,23,"MSB 4378-2","JAR11551F","BP","JG","07-16-2025","F",38,30,633,"impact","impact_1971-1980",34.905272,-106.685564,"trem.iz","0"
"2670","MSB:Fish:4378",1978,9,23,"MSB 4378-1","JAR11548F","BP","KL","07-16-2025","F",37,28,634,"impact","impact_1971-1980",34.905272,-106.685564,"trem.iz","0"
"2671","MSB:Fish:438",1978,NA,5,"MSB 4389-1","JAR11516F","JG","GC","07-15-2025",NA,38,31,575,NA,NA,NA,NA,"trem.iz","0"
"2672","MSB:Fish:4385",1978,9,6,"MSB 4385-2","JAR8843F","EO","KL","07-08-2025",NA,30,26,273,"impact","impact_1971-1980",34.905272,-106.685564,"trem.iz","0"
"2673","MSB:Fish:4385",1978,9,6,"MSB 4385-5","JAR8838F","EO","JG","07-08-2025","F",27,22,197,"impact","impact_1971-1980",34.905272,-106.685564,"trem.iz","0"
"2674","MSB:Fish:4385",1978,9,6,"MSB 4385-3","JAR8845F","KL","KL","07-08-2025","F",27,23,204,"impact","impact_1971-1980",34.905272,-106.685564,"trem.iz","0"
"2675","MSB:Fish:4385",1978,9,6,"MSB 4385-4","JAR8839","KL","GC","07-08-2025","F",26,22,222,"impact","impact_1971-1980",34.905272,-106.685564,"trem.iz","0"
"2676","MSB:Fish:4385",1978,9,6,"MSB 4385-1","JAR8841F","KL","KL","07-08-2025","F",25,21,161,"impact","impact_1971-1980",34.905272,-106.685564,"trem.iz","0"
"2677","MSB:Fish:4389",1978,9,5,"MSB 4389-2","JAR11519F","JG","GC","07-15-2025","F",34,28,507,"impact","impact_1971-1980",35.092867,-106.682332,"trem.iz","0"
"2678","MSB:Fish:4389",1978,9,5,"MSB 4389-4","JAR11514F","JG","GC","07-15-2025",NA,40,33,716,"impact","impact_1971-1980",35.092867,-106.682332,"trem.iz","0"
"2679","MSB:Fish:4389",1978,9,5,"MSB 4389-3","JAR11511F","JG","GC","07-15-2025","M",34,29,461,"impact","impact_1971-1980",35.092867,-106.682332,"trem.iz","0"
"2680","MSB:Fish:4389",1978,9,5,"MSB 4389-5","JAR11513F","JG","GC","07-15-2025",NA,38,32,654,"impact","impact_1971-1980",35.092867,-106.682332,"trem.iz","0"
"2681","MSB:Fish:4418",1978,8,3,"MSB 4418-1","JAR11292F","BP","GC","07-14-2025","F",43,34,1443,"impact","impact_1971-1980",34.905272,-106.685564,"trem.iz","0"
"2682","MSB:Fish:4418",1978,8,3,"MSB 4418-2","JAR11289F","BP","KL","07-14-2025","F",38,30,662,"impact","impact_1971-1980",34.905272,-106.685564,"trem.iz","0"
"2683","MSB:Fish:4418",1978,8,3,"MSB 4418-5","JAR11297F","EO","KL","07-14-2025","F",40,33,985,"impact","impact_1971-1980",34.905272,-106.685564,"trem.iz","0"
"2684","MSB:Fish:4418",1978,8,3,"MSB 4418-4","JAR11298F","EO","KL","07-14-2025","F",37,30,678,"impact","impact_1971-1980",34.905272,-106.685564,"trem.iz","0"
"2685","MSB:Fish:4418",1978,8,3,"MSB 4418-3","JAR11295F","BP","KL","07-14-2025","F",40,31,805,"impact","impact_1971-1980",34.905272,-106.685564,"trem.iz","0"
"2686","MSB:Fish:4440",1978,9,5,"MSB 4440-2","JAR11555F","BJG","JG","07-16-2025",NA,28,22,223,"impact","impact_1971-1980",35.090702,-106.684514,"trem.iz","0"
"2687","MSB:Fish:4440",1978,9,5,"MSB 4440-1","JAR11552F","BP","JG","07-16-2025",NA,25,20,138,"impact","impact_1971-1980",35.090702,-106.684514,"trem.iz","0"
"2688","MSB:Fish:4440",1978,9,5,"MSB 4440-4","JAR11098F","JG","KL","07-16-2025","M",25,21,144,"impact","impact_1971-1980",35.090702,-106.684514,"trem.iz","0"
"2689","MSB:Fish:4440",1978,9,5,"MSB 4440-3","JAR11095F","BP","GC","07-16-2025","M",27,20,205,"impact","impact_1971-1980",35.090702,-106.684514,"trem.iz","0"
"2690","MSB:Fish:4440",1978,9,5,"MSB 4440-5","JAR11549F","BP","GC","07-16-2025","M",26,20,151,"impact","impact_1971-1980",35.090702,-106.684514,"trem.iz","0"
"2691","MSB:Fish:4453",1978,9,5,"MSB 4453-5","JAR8940F","EO","GC","07-10-2025","M",27,22,167,"impact","impact_1971-1980",35.10562,-106.681074,"trem.iz","0"
"2692","MSB:Fish:4453",1978,9,5,"MSB 4453-1","JAR11359F","EO","KL","07-10-2025","F",36,30,577,"impact","impact_1971-1980",35.10562,-106.681074,"trem.iz","0"
"2693","MSB:Fish:4453",1978,9,5,"MSB 4453-3","JAR8938F","EO","KL","07-10-2025","M",28,22,149,"impact","impact_1971-1980",35.10562,-106.681074,"trem.iz","0"
"2694","MSB:Fish:4453",1978,9,5,"MSB 4453-2","JAR8936F","EO ","GC","07-10-2025","F",39,31,742,"impact","impact_1971-1980",35.10562,-106.681074,"trem.iz","0"
"2695","MSB:Fish:4453",1978,9,5,"MSB 4453-4","JAR8942F","EO","JG","07-10-2025",NA,26,22,143,"impact","impact_1971-1980",35.10562,-106.681074,"trem.iz","0"
"2696","MSB:Fish:4462",1978,6,14,"MSB 4462-1","JAR11541F","BP","BP","07-15-2025",NA,27,22,205,"control","control_1971-1980",35.322164,-106.557448,"trem.iz","0"
"2697","MSB:Fish:4462",1978,6,14,"MSB 4462-2","JAR11540F","BP","EO","07-15-2025","F",36,27,517,"control","control_1971-1980",35.322164,-106.557448,"trem.iz","0"
"2698","MSB:Fish:4462",1978,6,14,"MSB 4462-5","JAR11535F","BP","GC","07-15-2025","M",26,20,170,"control","control_1971-1980",35.322164,-106.557448,"trem.iz","0"
"2699","MSB:Fish:4462",1978,6,14,"MSB 4462-3","JAR11538F","BP","KL","07-15-2025","F",27,20,195,"control","control_1971-1980",35.322164,-106.557448,"trem.iz","0"
"2700","MSB:Fish:4462",1978,6,14,"MSB 4462-4","JAR11543F","BP","GC","07-15-2025","M",27,20,197,"control","control_1971-1980",35.322164,-106.557448,"trem.iz","0"
"2701","MSB:Fish:4486",1978,9,29,"MSB 4486-1","JAR11274F","JG","KL","07-11-2025","F",29,24,252,"control","control_1971-1980",35.383856,-106.490929,"trem.iz","0"
"2702","MSB:Fish:4486",1978,9,29,"MSB 4486-2","JAR11324F","JG","KL","07-11-2025","M",25,20,171,"control","control_1971-1980",35.383856,-106.490929,"trem.iz","0"
"2703","MSB:Fish:4486",1978,9,29,"MSB 4486-3","JAR11325F","KL","EO","07-11-2025","F",28,23,227,"control","control_1971-1980",35.383856,-106.490929,"trem.iz","0"
"2704","MSB:Fish:4486",1978,9,29,"MSB 4486-4","JAR11323F","KL","KL","07-11-2025",NA,27,22,226,"control","control_1971-1980",35.383856,-106.490929,"trem.iz","0"
"2705","MSB:Fish:4486",1978,9,29,"MSB 4486-5","JAR11273F","KL","KL","07-11-2025",NA,25,20,158,"control","control_1971-1980",35.383856,-106.490929,"trem.iz","0"
"2706","MSB:Fish:4748",1978,9,5,"MSB 4748-1","JAR8904F","BP","JG","07-09-2025",NA,33,25,374,"impact","impact_1971-1980",35.197227,-106.642667,"trem.iz","0"
"2707","MSB:Fish:4748",1978,9,5,"MSB 4748-3","JAR8907F","BP","EO","07-09-2025","F",34,27,362,"impact","impact_1971-1980",35.197227,-106.642667,"trem.iz","0"
"2708","MSB:Fish:4748",1978,9,5,"MSB 4748-2","JAR8909F","EO","JG","07-09-2025",NA,36,28,522,"impact","impact_1971-1980",35.197227,-106.642667,"trem.iz","0"
"2709","MSB:Fish:4748",1978,9,5,"MSB 4748-5","JAR8905F","BP","GC","07-09-2025",NA,30,24,278,"impact","impact_1971-1980",35.197227,-106.642667,"trem.iz","0"
"2710","MSB:Fish:4748",1978,9,5,"MSB 4748-4","JAR8906F","EO","GC","07-09-2025",NA,29,23,213,"impact","impact_1971-1980",35.197227,-106.642667,"trem.iz","0"
"2711","MSB:Fish:4750",1978,9,29,"MSB 4750-5","JAR8807F","EO","JG KL","07-07-2025",NA,34,27,447,"control","control_1971-1980",35.385246,-106.478952,"trem.iz","0"
"2712","MSB:Fish:4750",1978,9,29,"MSB 4750-3","JAR8809F","EO","GC","07-07-2025","F",44,35,886,"control","control_1971-1980",35.385246,-106.478952,"trem.iz","0"
"2713","MSB:Fish:4750",1978,9,29,"MSB 4750-1","JAR8811F","BP","JG GC","07-07-2025","F",40,32,703,"control","control_1971-1980",35.385246,-106.478952,"trem.iz","0"
"2714","MSB:Fish:4750",1978,9,29,"MSB 4750-4","JAR8813F","BP","KL","07-07-2025","F",39,31,703,"control","control_1971-1980",35.385246,-106.478952,"trem.iz","0"
"2715","MSB:Fish:4750",1978,9,29,"MSB 4750-2","JAR8808F","JG","KL","07-07-2025","F",41,36,1080,"control","control_1971-1980",35.385246,-106.478952,"trem.iz","0"
"2716","MSB:Fish:515",1949,11,19,"MSB 515-4","JAR11287F","EO","KL","07-14-2025","F",37,32,1145,"impact","impact_1941-1950",35.20447,-106.610066,"trem.iz","0"
"2717","MSB:Fish:515",1949,11,19,"MSB 515-1","JAR11307F","EO","KL","07-14-2025",NA,43,36,964,"impact","impact_1941-1950",35.20447,-106.610066,"trem.iz","0"
"2718","MSB:Fish:515",1949,11,19,"MSB 515-3","JAR11290F","EO","GC","07-14-2025","F",39,32,785,"impact","impact_1941-1950",35.20447,-106.610066,"trem.iz","0"
"2719","MSB:Fish:515",1949,11,19,"MSB 515-2","JAR11310F","EO","GC","07-14-2025","F",37,30,662,"impact","impact_1941-1950",35.20447,-106.610066,"trem.iz","0"
"2720","MSB:Fish:515",1949,11,19,"MSB 515-5","JAR11304F","EO","JG","07-14-2025","F",43,35,1190,"impact","impact_1941-1950",35.20447,-106.610066,"trem.iz","0"
"2721","MSB:Fish:5811",1987,9,9,"MSB 5811-4","JAR8806F","EO","KL","07-07-2025","F",34,27,481,"control","control_1981-1990",35.322164,-106.557448,"trem.iz","0"
"2722","MSB:Fish:5811",1987,9,9,"MSB 5811-5","JAR8810F","BP","GC","07-07-2025","F",32,26,411,"control","control_1981-1990",35.322164,-106.557448,"trem.iz","0"
"2723","MSB:Fish:5811",1987,9,9,"MSB 5811-2","JAR8804F","EO","GC","07-07-2025",NA,41,34,755,"control","control_1981-1990",35.322164,-106.557448,"trem.iz","0"
"2724","MSB:Fish:5811",1987,9,9,"MSB 5811-1","JAR8803F","BP","EO GC","07-07-2025","F",39,31,706,"control","control_1981-1990",35.322164,-106.557448,"trem.iz","0"
"2725","MSB:Fish:5811",1987,9,9,"MSB 5811-3","JAR8805F","BP","JG KL","07-07-2025",NA,35,27,556,"control","control_1981-1990",35.322164,-106.557448,"trem.iz","0"
"2726","MSB:Fish:5822",1987,9,10,"MSB 5822-1","JAR11343F","BP","GC","07-10-2025","F",34,26,358,"impact","impact_1981-1990",34.905272,-106.685564,"trem.iz","0"
"2727","MSB:Fish:5822",1987,9,10,"MSB 5822-5","JAR11352F","BP","JG","07-10-2025",NA,29,21,200,"impact","impact_1981-1990",34.905272,-106.685564,"trem.iz","0"
"2728","MSB:Fish:5822",1987,9,10,"MSB 5822-2","JAR11346F","BP","GC","07-10-2025","F",36,29,480,"impact","impact_1981-1990",34.905272,-106.685564,"trem.iz","0"
"2729","MSB:Fish:5822",1987,9,10,"MSB 5822-4","JAR11355F","JG","JG","07-10-2025",NA,25,20,153,"impact","impact_1981-1990",34.905272,-106.685564,"trem.iz","0"
"2730","MSB:Fish:5822",1987,9,10,"MSB 5822-3","JAR11358F","BP","JG","07-10-2025","F",41,32,826,"impact","impact_1981-1990",34.905272,-106.685564,"trem.iz","0"
"2731","MSB:Fish:62355",2000,9,14,"MSB 62355-1","JAR11052F","KL","KL","07-28-2025","F",32,25,322,"control","control_1991-2000",35.28373,-106.59878,"trem.iz","0"
"2732","MSB:Fish:62355",2000,9,14,"MSB 62355-3","JAR11053F","KL","KL","07-28-2025","F",29,24,210,"control","control_1991-2000",35.28373,-106.59878,"trem.iz","0"
"2733","MSB:Fish:62355",2000,9,14,"MSB 62355-2","JAR11055F","KL","KL","07-28-2025",NA,33,26,326,"control","control_1991-2000",35.28373,-106.59878,"trem.iz","0"
"2734","MSB:Fish:62355",2000,9,14,"MSB 62355-5","JAR11058F","KL","KL","07-28-2025",NA,25,21,152,"control","control_1991-2000",35.28373,-106.59878,"trem.iz","0"
"2735","MSB:Fish:62355",2000,9,14,"MSB 62355-4","JAR11054F","KL","KL","07-28-2025","F",32,25,308,"control","control_1991-2000",35.28373,-106.59878,"trem.iz","0"
"2736","MSB:Fish:6300",1988,11,12,"MSB 6300-5","JAR11624F","JG","GC","07-21-2025","F",33,27,377,"impact","impact_1981-1990",35.017903,-106.661847,"trem.iz","0"
"2737","MSB:Fish:6300",1988,11,12,"MSB 6300-1","JAR11625F","BP","BP","07-21-2025","M",33,26,347,"impact","impact_1981-1990",35.017903,-106.661847,"trem.iz","0"
"2738","MSB:Fish:6300",1988,11,12,"MSB 6300-4","JAR11622F","JG","BP","07-21-2025",NA,33,25,280,"impact","impact_1981-1990",35.017903,-106.661847,"trem.iz","0"
"2739","MSB:Fish:6300",1988,11,12,"MSB 6300-3","JAR11627F","BP","EO","07-21-2025","F",33,25,348,"impact","impact_1981-1990",35.017903,-106.661847,"trem.iz","0"
"2740","MSB:Fish:6300",1988,11,12,"MSB 6300-2","JAR11619F","JG","GC","07-21-2025","F",34,27,388,"impact","impact_1981-1990",35.017903,-106.661847,"trem.iz","0"
"2741","MSB:Fish:6405",1989,10,16,"MSB 6405-4","JAR11312F","BP","GC","07-14-2025","F",37,29,435,"impact","impact_1981-1990",35.089293,-106.680842,"trem.iz","0"
"2742","MSB:Fish:6405",1989,10,16,"MSB 6405-2","JAR11315F","JG","EO","07-14-2025","F",37,31,537,"impact","impact_1981-1990",35.089293,-106.680842,"trem.iz","0"
"2743","MSB:Fish:6405",1989,10,16,"MSB 6405-3","JAR11313F","JG","GC","07-14-2025","F",33,26,403,"impact","impact_1981-1990",35.089293,-106.680842,"trem.iz","0"
"2744","MSB:Fish:6405",1989,10,16,"MSB 6405-1","JAR1131F","BP","KL","07-14-2025","F",32,24,325,"impact","impact_1981-1990",35.089293,-106.680842,"trem.iz","0"
"2745","MSB:Fish:6405",1989,10,16,"MSB 6405-5","JAR11314F","JG","JG","07-14-2025",NA,34,27,398,"impact","impact_1981-1990",35.089293,-106.680842,"trem.iz","0"
"2746","MSB:Fish:68470",1984,8,15,"MSB 68470-3","JAR11608F","BP","JG","07-18-2025","F",44,33,959,"impact","impact_1981-1990",35.089293,-106.680842,"trem.iz","0"
"2747","MSB:Fish:68470",1984,8,15,"MSB 68470-1","JAR11604F","BP","KL","07-18-2025","F",41,31,874,"impact","impact_1981-1990",35.089293,-106.680842,"trem.iz","0"
"2748","MSB:Fish:68470",1984,8,15,"MSB 68470-5","JAR11601F","BP","EO","07-18-2025","F",37,29,554,"impact","impact_1981-1990",35.089293,-106.680842,"trem.iz","0"
"2749","MSB:Fish:68470",1984,8,15,"MSB 68470-2","JAR11605F","JG","GC","07-18-2025","F",37,30,568,"impact","impact_1981-1990",35.089293,-106.680842,"trem.iz","0"
"2750","MSB:Fish:68470",1984,8,15,"MSB 68470-4","JAR11611F","JG","JG","07-18-2025",NA,35,30,521,"impact","impact_1981-1990",35.089293,-106.680842,"trem.iz","0"
"2751","MSB:Fish:68483",1984,8,15,"MSB 68483-5","JAR11593F","JG","EO","07-18-2025","F",39,32,596,"impact","impact_1981-1990",35.069907,-106.658878,"trem.iz","0"
"2752","MSB:Fish:68483",1984,8,15,"MSB 68483-1","JAR11594F","JG","JG","07-18-2025","F",36,29,526,"impact","impact_1981-1990",35.069907,-106.658878,"trem.iz","0"
"2753","MSB:Fish:68483",1984,8,15,"MSB 68483-4","JAR11599","JG","GC","07-18-2025","F",37,30,507,"impact","impact_1981-1990",35.069907,-106.658878,"trem.iz","0"
"2754","MSB:Fish:68483",1984,8,15,"MSB 68483-3","JAR11602F","BP","BP","07-18-2025","F",36,29,500,"impact","impact_1981-1990",35.069907,-106.658878,"trem.iz","0"
"2755","MSB:Fish:68483",1984,8,15,"MSB 68483-2","JAR11596F","JG","KL","07-18-2025","F",35,29,498,"impact","impact_1981-1990",35.069907,-106.658878,"trem.iz","0"
"2756","MSB:Fish:68508",1984,8,15,"MSB 68508-2","JAR11591F","JG","JG","07-21-2025","F",34,27,416,"control","control_1981-1990",35.225523,-106.597651,"trem.iz","0"
"2757","MSB:Fish:68508",1984,8,15,"MSB 68508-4","JAR11588F","JG","GC","07-21-2025","F",35,28,587,"control","control_1981-1990",35.225523,-106.597651,"trem.iz","0"
"2758","MSB:Fish:68508",1984,8,15,"MSB 68508-5","JAR11587F","BP","JG","07-21-2025","F",33,25,397,"control","control_1981-1990",35.225523,-106.597651,"trem.iz","0"
"2759","MSB:Fish:68508",1984,8,15,"MSB 68508-3","JAR11585F","BP","EO","07-21-2025","F",37,28,556,"control","control_1981-1990",35.225523,-106.597651,"trem.iz","0"
"2760","MSB:Fish:68508",1984,8,15,"MSB 68508-1","JAR11590F","BP","GC","07-21-2025","F",36,27,487,"control","control_1981-1990",35.225523,-106.597651,"trem.iz","0"
"2761","MSB:Fish:68521",1984,8,16,"MSB 68521-5","JAR11597F","BP","JG","07-18-2025","F",32,25,429,"control","control_1981-1990",35.211416,-106.612833,"trem.iz","0"
"2762","MSB:Fish:68521",1984,8,16,"MSB 68521-4","JAR11598F","BP","KL","07-18-2025","F",31,24,369,"control","control_1981-1990",35.211416,-106.612833,"trem.iz","0"
"2763","MSB:Fish:68521",1984,8,16,"MSB 68521-1","JAR11600F","JG","KL","07-18-2025","F",39,31,597,"control","control_1981-1990",35.211416,-106.612833,"trem.iz","0"
"2764","MSB:Fish:68521",1984,8,16,"MSB 68521-3","JAR11595F","JG","BP","07-18-2025","F",39,31,719,"control","control_1981-1990",35.211416,-106.612833,"trem.iz","0"
"2765","MSB:Fish:68521",1984,8,16,"MSB 68521-2","JAR11603F","BP","BP","07-18-2025","F",36,27,661,"control","control_1981-1990",35.211416,-106.612833,"trem.iz","0"
"2766","MSB:Fish:7208",1989,11,4,"MSB 7208-3","JAR11518F","BP","GC","07-14-2025",NA,32,25,345,"impact","impact_1981-1990",35.205042,-106.609081,"trem.iz","0"
"2767","MSB:Fish:7208",1989,11,4,"MSB 7208-2","JAR11515F","EO","JG","07-14-2025",NA,38,31,650,"impact","impact_1981-1990",35.205042,-106.609081,"trem.iz","0"
"2768","MSB:Fish:7208",1989,11,4,"MSB 7208-5","JAR11509F","BP","GC","07-14-2025","F",34,25,381,"impact","impact_1981-1990",35.205042,-106.609081,"trem.iz","0"
"2769","MSB:Fish:7208",1989,11,4,"MSB 7208-1","JAR11510F","BP","KL","07-14-2025","F",36,26,645,"impact","impact_1981-1990",35.205042,-106.609081,"trem.iz","0"
"2770","MSB:Fish:7208",1989,11,4,"MSB 7208-4","JAR11512F","EO","GC","07-14-2025","F",37,29,482,"impact","impact_1981-1990",35.205042,-106.609081,"trem.iz","0"
"2771","MSB:Fish:7239",1989,11,12,"MSB 7230-1","JAR11606F","JG","GC","07-21-2025","F",30,23,279,"impact","impact_1981-1990",34.994298,-106.678945,"trem.iz","0"
"2772","MSB:Fish:7239",1989,11,12,"MSB 7239-4","JAR11615F","BP","EO","07-21-2025","F",29,22,268,"impact","impact_1981-1990",34.994298,-106.678945,"trem.iz","0"
"2773","MSB:Fish:7239",1989,11,12,"MSB 7239-2","JAR11612F","BP","JG","07-21-2025",NA,36,27,500,"impact","impact_1981-1990",34.994298,-106.678945,"trem.iz","0"
"2774","MSB:Fish:7239",1989,11,12,"MSB 7239-3","JAR11609F","JG","GC","07-21-2025",NA,27,22,204,"impact","impact_1981-1990",34.994298,-106.678945,"trem.iz","0"
"2775","MSB:Fish:7239",1989,11,12,"MSB 7239-5","JAR11614F","JG","EO","07-21-2025","F",30,24,281,"impact","impact_1981-1990",34.994298,-106.678945,"trem.iz","0"
"2776","MSB:Fish:73719",2002,9,16,"MSB 73719-4","JAR11050F","KL","KL","07-28-2025","F",38,31,612,"control","control_2001-2010",35.322164,-106.557448,"trem.iz","0"
"2777","MSB:Fish:73719",2002,9,16,"MSB 73719-5","JAR11051F","KL","KL","07-28-2025",NA,36,29,495,"control","control_2001-2010",35.322164,-106.557448,"trem.iz","0"
"2778","MSB:Fish:73719",2002,9,16,"MSB 73719-3","JAR11049F","KL","KL","07-28-2025","F",40,32,748,"control","control_2001-2010",35.322164,-106.557448,"trem.iz","0"
"2779","MSB:Fish:73719",2002,9,16,"MSB 73719-2","JAR11048F","KL","KL","07-28-2025","F",41,34,824,"control","control_2001-2010",35.322164,-106.557448,"trem.iz","0"
"2780","MSB:Fish:73719",2002,9,16,"MSB 73719-1","JAR11047F","KL","KL","07-28-2025",NA,37,30,488,"control","control_2001-2010",35.322164,-106.557448,"trem.iz","0"
"2781","MSB:Fish:7971",1990,10,22,"MSB 7971-2","JAR8910F","BP","EO","07-09-2025","F",29,24,264,"impact","impact_1981-1990",35.089293,-106.680842,"trem.iz","0"
"2782","MSB:Fish:7971",1990,10,22,"MSB 7971-1","JAR8912F","EO","KL","07-09-2025","F",38,30,560,"impact","impact_1981-1990",35.089293,-106.680842,"trem.iz","0"
"2783","MSB:Fish:7971",1990,10,22,"MSB 7971-3","JAR8908F","EO","BP","07-09-2025","F",33,25,370,"impact","impact_1981-1990",35.089293,-106.680842,"trem.iz","0"
"2784","MSB:Fish:7971",1990,10,22,"MSB 7971-5","JAR8916F","EO","BP","07-09-2025","F",28,21,207,"impact","impact_1981-1990",35.089293,-106.680842,"trem.iz","0"
"2785","MSB:Fish:7971",1990,10,22,"MSB 7971-4","JAR8914F","BP","GC","07-09-2025",NA,26,21,155,"impact","impact_1981-1990",35.089293,-106.680842,"trem.iz","0"
"2786","MSB:Fish:9004",1998,10,28,"MSB 9004-5","JAR11300F","JG","BP","07-14-2025","F",34,28,428,"impact","impact_1981-1990",35.196977,-106.642444,"trem.iz","0"
"2787","MSB:Fish:9004",1990,10,28,"MSB 9004-1","JAR11303F","BP","BP","07-14-2025",NA,33,27,388,"impact","impact_1981-1990",35.196977,-106.642444,"trem.iz","0"
"2788","MSB:Fish:9004",1990,10,28,"MSB 9004-4","JAR11301F","JG","GC","07-14-2025",NA,34,28,405,"impact","impact_1981-1990",35.196977,-106.642444,"trem.iz","0"
"2789","MSB:Fish:9004",1990,10,28,"MSB 9004-2","JAR11306F","JG","KL","07-14-2025",NA,32,25,351,"impact","impact_1981-1990",35.196977,-106.642444,"trem.iz","0"
"2790","MSB:Fish:9004",1990,10,28,"MSB 9004-3","JAR11309F","JG","KL","07-14-2025","F",40,32,595,"impact","impact_1981-1990",35.196977,-106.642444,"trem.iz","0"
"2791","MSB:Fish:9011",1990,10,28,"MSB 9011-1","JAR11099F","JG","GC","07-16-2025",NA,36,30,481,"control","control_1981-1990",35.28086111,-106.5988056,"trem.iz","0"
"2792","MSB:Fish:9011",1990,10,28,"MSB 9011-3","JAR11104F","JG","JG","07-16-2025",NA,35,27,423,"control","control_1981-1990",35.28086111,-106.5988056,"trem.iz","0"
"2793","MSB:Fish:9011",1990,10,28,"MSB 9011-5","JAR11101F","JG","KL","07-16-2025",NA,30,24,291,"control","control_1981-1990",35.28086111,-106.5988056,"trem.iz","0"
"2794","MSB:Fish:9011",1990,10,28,"MSB 9011-4","JAR11096F","BP","GC","07-16-2025","F",32,23,324,"control","control_1981-1990",35.28086111,-106.5988056,"trem.iz","0"
"2795","MSB:Fish:9011",1990,10,28,"MSB 9011-2","JAR11102F","JG","GC","07-16-2025",NA,36,31,550,"control","control_1981-1990",35.28086111,-106.5988056,"trem.iz","0"
"2796","MSB:Fish:9465",1989,2,26,"MSB 9465-1","JAR11536F","EO","KL","07-15-2025","F",38,31,553,"impact","impact_1981-1990",34.917008,-106.675195,"trem.iz","0"
"2797","MSB:Fish:9465",1989,2,26,"MSB 9465-4","JAR11539F","EO","KL","07-15-2025","F",47,38,1063,"impact","impact_1981-1990",34.917008,-106.675195,"trem.iz","0"
"2798","MSB:Fish:9465",1989,2,26,"MSB 9465-3","JAR11542F","BP","GC","07-15-2025",NA,39,30,565,"impact","impact_1981-1990",34.917008,-106.675195,"trem.iz","0"
"2799","MSB:Fish:9465",1989,2,26,"MSB 9465-5","JAR11533F","BP","JG","07-15-2025",NA,39,30,778,"impact","impact_1981-1990",34.917008,-106.675195,"trem.iz","0"
"2800","MSB:Fish:9465",1989,2,26,"MSB 9465-2","JAR11537F","EO","GC","07-15-2025","F",47,38,1184,"impact","impact_1981-1990",34.917008,-106.675195,"trem.iz","0"
"2801","MSB:Fish:1078",1939,1,30,"MSB 1078-1","JAR11299F","BP","JG","07-14-2025","F",40,31,647,"impact","impact_1931-1940",35.087167,-106.682164,"trem.unk","0"
"2802","MSB:Fish:1078",1939,1,30,"MSB 1078-2","JAR11302F","JG","KL","07-14-2025",NA,41,32,699,"impact","impact_1931-1940",35.087167,-106.682164,"trem.unk","0"
"2803","MSB:Fish:1078",1939,1,30,"MSB 1078-3","JAR11305F","BP","KL","07-14-2025",NA,43,35,798,"impact","impact_1931-1940",35.087167,-106.682164,"trem.unk","0"
"2804","MSB:Fish:1078",1939,1,30,"MSB 1078-4","JAR11320F","JG","GC","07-14-2025","F",43,37,1027,"impact","impact_1931-1940",35.087167,-106.682164,"trem.unk","0"
"2805","MSB:Fish:1078",1939,1,30,"MSB 1078-5","JAR11308F","BP","KL","07-14-2025",NA,39,29,627,"impact","impact_1931-1940",35.087167,-106.682164,"trem.unk","0"
"2806","MSB:Fish:1079",1941,9,14,"MSB 1079-5","JAR11311F","JG","KL","07-14-2025",NA,37,29,441,"impact","impact_1941-1950",35.096748,-106.692027,"trem.unk","0"
"2807","MSB:Fish:1079",1941,9,14,"MSB 1079-3","JAR11332F","BP","GC","07-14-2025","F",33,25,457,"impact","impact_1941-1950",35.096748,-106.692027,"trem.unk","0"
"2808","MSB:Fish:1079",1941,9,14,"MSB 1079-1","JAR11334F","BP","GC","07-14-2025",NA,29,24,231,"impact","impact_1941-1950",35.096748,-106.692027,"trem.unk","0"
"2809","MSB:Fish:1079",1941,9,14,"MSB 1079-2","JAR11331F","JG","KL","07-14-2025",NA,35,29,447,"impact","impact_1941-1950",35.096748,-106.692027,"trem.unk","0"
"2810","MSB:Fish:1079",1941,9,14,"MSB 1079-4","JAR11333F","BP","GC","07-14-2025","F",44,33,754,"impact","impact_1941-1950",35.096748,-106.692027,"trem.unk","0"
"2811","MSB:Fish:1081",1939,3,17,"MSB 1081-5","JAR8835F","BP","EO","07-08-2025","F",28,22,226,"impact","impact_1931-1940",35.072363,-106.668064,"trem.unk","0"
"2812","MSB:Fish:1081",1939,3,17,"MSB 1081-4","JAR8832F","JG","KL","07-08-2025","F",27,22,188,"impact","impact_1931-1940",35.072363,-106.668064,"trem.unk","0"
"2813","MSB:Fish:1081",1939,3,17,"MSB 1081-2","JAR8836","JG","BP","07-08-2025",NA,29,24,239,"impact","impact_1931-1940",35.072363,-106.668064,"trem.unk","0"
"2814","MSB:Fish:1081",1939,3,17,"MSB 1081-1","JAR8837F","BP","BP","07-08-2025","F",43,33,868,"impact","impact_1931-1940",35.072363,-106.668064,"trem.unk","0"
"2815","MSB:Fish:1081",1939,3,17,"MSB 1081-3","JAR8834F","BP","JG","07-08-2025",NA,27,21,176,"impact","impact_1931-1940",35.072363,-106.668064,"trem.unk","0"
"2816","MSB:Fish:1082",1938,10,18,"MSB 1082-1","JAR8930F","BP","EO","07-09-2025","F",41,32,722,"impact","impact_1931-1940",35.100259,-106.692107,"trem.unk","0"
"2817","MSB:Fish:1082",1938,10,18,"MSB 1082-4","JAR8934F","BP","BP","07-09-2025",NA,31,24,264,"impact","impact_1931-1940",35.100259,-106.692107,"trem.unk","0"
"2818","MSB:Fish:1082",1938,10,18,"MSB 1082-2","JAR8928F","EO","GC","07-09-2025","F",40,33,627,"impact","impact_1931-1940",35.100259,-106.692107,"trem.unk","0"
"2819","MSB:Fish:1082",1938,10,18,"MSB 1082-5","JAR8927F","EO","KL","07-09-2025",NA,25,21,140,"impact","impact_1931-1940",35.100259,-106.692107,"trem.unk","0"
"2820","MSB:Fish:1082",1938,10,18,"MSB 1082-3","JAR8929F","EO","KL","07-09-2025","F",34,28,397,"impact","impact_1931-1940",35.100259,-106.692107,"trem.unk","0"
"2821","MSB:Fish:1085",1939,5,13,"MSB 1085-5","JAR8935F","JG","GC","07-10-2025","F",50,39,1499,"impact","impact_1931-1940",35.192334,-106.619678,"trem.unk","0"
"2822","MSB:Fish:1085",1939,5,13,"MSB 1085-4","JAR8941F","JG","KL","07-10-2025","F",44,36,1060,"impact","impact_1931-1940",35.192334,-106.619678,"trem.unk","0"
"2823","MSB:Fish:1085",1939,5,13,"MSB 1085-1","JAR8932F","JG","KL","07-10-2025","F",41,33,809,"impact","impact_1931-1940",35.192334,-106.619678,"trem.unk","0"
"2824","MSB:Fish:1085",1939,5,13,"MSB 1085-3","JAR8939F","JG","KL","07-10-2025","F",42,34,861,"impact","impact_1931-1940",35.192334,-106.619678,"trem.unk","0"
"2825","MSB:Fish:1085",1939,5,13,"MSB 1085-2","JAR8937F","JG","GC","07-10-2025","M",26,21,147,"impact","impact_1931-1940",35.192334,-106.619678,"trem.unk","0"
"2826","MSB:Fish:1086",1939,4,22,"MSB 1086-2","JAR8900F","BP","GC","07-07-2025","F",45,36,994,"impact","impact_1931-1940",35.173111,-106.626066,"trem.unk","0"
"2827","MSB:Fish:1086",1939,4,22,"MSB 1086-5","JAR8792F","JG","GC","07-07-2025","F",46,35,1207,"impact","impact_1931-1940",35.173111,-106.626066,"trem.unk","0"
"2828","MSB:Fish:1086",1939,4,22,"MSB1086-4","JAR8791F","BP","KL","07-07-2025","F",39,30,752,"impact","impact_1931-1940",35.173111,-106.626066,"trem.unk","0"
"2829","MSB:Fish:1086",1939,4,22,"MSB 1086-1","JAR8898F","BP","KL","07-07-2025","F",47,37,1182,"impact","impact_1931-1940",35.173111,-106.626066,"trem.unk","0"
"2830","MSB:Fish:1086",1939,4,22,"MSB 1086-3","JAR8902F","BP","KL","07-07-2025",NA,42,35,1023,"impact","impact_1931-1940",35.173111,-106.626066,"trem.unk","0"
"2831","MSB:Fish:1089",1939,1,24,"MSB 1089-3","JAR11117F","BP","GC","07-16-2025","F",38,29,552,"impact","impact_1931-1940",35.087167,-106.682164,"trem.unk","0"
"2832","MSB:Fish:1089",1939,1,24,"MSB 1089-5","JAR11111F","BP","KL","07-16-2025",NA,35,28,476,"impact","impact_1931-1940",35.087167,-106.682164,"trem.unk","0"
"2833","MSB:Fish:1089",1939,1,24,"MSB 1089-1","JAR11112F","BP","KL","07-16-2025","F",40,33,666,"impact","impact_1931-1940",35.087167,-106.682164,"trem.unk","0"
"2834","MSB:Fish:1089",1939,1,24,"MSB 1089-4","JAR11114F","BP","KL","07-16-2025","F",40,33,741,"impact","impact_1931-1940",35.087167,-106.682164,"trem.unk","0"
"2835","MSB:Fish:1089",1939,1,24,"MSB 1089-2","JAR11109F","BP","GC","07-16-2025",NA,38,30,571,"impact","impact_1931-1940",35.087167,-106.682164,"trem.unk","0"
"2836","MSB:Fish:10898",1992,7,9,"MSB 10898-5","JAR11023F","KL","KL","07-28-2025",NA,25,20,139,"control","control_1991-2000",35.211277,-106.611666,"trem.unk","0"
"2837","MSB:Fish:10898",1992,7,9,"MSB 10898-4","JAR11046F","KL","KL","07-28-2025","F",31,25,309,"control","control_1991-2000",35.211277,-106.611666,"trem.unk","0"
"2838","MSB:Fish:10898",1992,7,9,"MSB 10898-3","JAR11040F","KL","KL","07-28-2025","F",24,19,123,"control","control_1991-2000",35.211277,-106.611666,"trem.unk","0"
"2839","MSB:Fish:10898",1992,7,9,"MSB 10898-2","JAR11038F","KL","KL","07-28-2025","M",26,21,118,"control","control_1991-2000",35.211277,-106.611666,"trem.unk","0"
"2840","MSB:Fish:10898",1992,7,9,"MSB 10898-1","JAR11039F","KL","KL","07-28-2025","M",22,18,90,"control","control_1991-2000",35.211277,-106.611666,"trem.unk","0"
"2841","MSB:Fish:1090",1939,6,9,"MSB 1090-4","JAR11354F","BP","GC","07-10-2025","M",25,19,132,"impact","impact_1931-1940",34.906619,-106.685289,"trem.unk","0"
"2842","MSB:Fish:1090",1939,6,9,"MSB 1090-2","JAR11351F","BP","JG","07-10-2025","F",37,30,670,"impact","impact_1931-1940",34.906619,-106.685289,"trem.unk","0"
"2843","MSB:Fish:1090",1939,6,9,"MSB 1090-5","JAR11349F","BP","KL","07-10-2025","F",29,24,323,"impact","impact_1931-1940",34.906619,-106.685289,"trem.unk","0"
"2844","MSB:Fish:1090",1939,6,9,"MSB 1090-3","JAR11357F","BP","EO","07-10-2025","F",33,25,483,"impact","impact_1931-1940",34.906619,-106.685289,"trem.unk","0"
"2845","MSB:Fish:1090",1939,6,9,"MSB 1090-1","JAR11348F","BP","GC","07-10-2025","F",39,30,751,"impact","impact_1931-1940",34.906619,-106.685289,"trem.unk","0"
"2846","MSB:Fish:10922",1992,7,9,"MSB 10922-3","JAR11592F","BP","KL","07-18-2025","F",33,25,400,"impact","impact_1991-2000",35.10469444,-106.6916667,"trem.unk","0"
"2847","MSB:Fish:10922",1992,7,9,"MSB 10922-5","JAR115843F","BP","GC","07-18-2025","F",30,24,322,"impact","impact_1991-2000",35.10469444,-106.6916667,"trem.unk","0"
"2848","MSB:Fish:10922",1992,7,9,"MSB 10922-4","JAR11584F","JG","GC","07-18-2025","F",27,22,141,"impact","impact_1991-2000",35.10469444,-106.6916667,"trem.unk","0"
"2849","MSB:Fish:10922",1992,7,9,"MSB 10922-2","JAR11586F","JG","GC","07-18-2025","F",25,20,143,"impact","impact_1991-2000",35.10469444,-106.6916667,"trem.unk","0"
"2850","MSB:Fish:10922",1992,7,9,"MSB 10922-1","JAR11589F","JG","KL","07-18-2025","F",30,25,362,"impact","impact_1991-2000",35.10469444,-106.6916667,"trem.unk","0"
"2851","MSB:Fish:10944",1992,7,15,"MSB 10944-2","JAR11565F","BP","GC","07-17-2025","F",37,29,751,"impact","impact_1991-2000",35.089293,-106.680842,"trem.unk","0"
"2852","MSB:Fish:10944",1992,7,15,"MSB 10944-3","JAR11566F","BP","GC","07-17-2025","F",48,36,1418,"impact","impact_1991-2000",35.089293,-106.680842,"trem.unk","0"
"2853","MSB:Fish:10944",1992,7,15,"MSB 10944-4","JAR11564F","BP","KL","07-17-2025","F",34,27,538,"impact","impact_1991-2000",35.089293,-106.680842,"trem.unk","0"
"2854","MSB:Fish:10944",1992,7,15,"MSB 10944-5","JAR11567F","BP","KL","07-17-2025","F",35,27,542,"impact","impact_1991-2000",35.089293,-106.680842,"trem.unk","0"
"2855","MSB:Fish:10944",1992,7,15,"MSB 10944-1","JAR11568F","BP","GC","07-17-2025","F",43,33,1179,"impact","impact_1991-2000",35.089293,-106.680842,"trem.unk","0"
"2856","MSB:Fish:1098",1939,5,13,"MSB 1098-4","JAR8819F","EO","KL","07-07-2025","F",32,25,352,"impact","impact_1931-1940",35.189406,-106.625396,"trem.unk","0"
"2857","MSB:Fish:1098",1939,5,13,"MSB 1098-2","JAR8815F","EO","GC","07-07-2025","F",41,33,887,"impact","impact_1931-1940",35.189406,-106.625396,"trem.unk","0"
"2858","MSB:Fish:1098",1939,5,13,"MSB 1098-3","JAR8817F","EO","KL","07-07-2025",NA,30,24,257,"impact","impact_1931-1940",35.189406,-106.625396,"trem.unk","0"
"2859","MSB:Fish:1098",1939,5,13,"MSB 1098-5","JAR8812F","EO","KL","07-07-2025",NA,41,33,697,"impact","impact_1931-1940",35.189406,-106.625396,"trem.unk","0"
"2860","MSB:Fish:1098",1939,5,13,"MSB 1098-1","JAR8814F","EO","KL","07-08-2025","F",46,37,1164,"impact","impact_1931-1940",35.189406,-106.625396,"trem.unk","0"
"2861","MSB:Fish:1100",1939,2,26,"MSB 1100-4","JAR8824F","BP","KL","07-08-2025","F",28,24,303,"impact","impact_1931-1940",35.072363,-106.668064,"trem.unk","0"
"2862","MSB:Fish:1100",1939,2,26,"MSB 1100-3","JAR8823F","JG","KL","07-08-2025",NA,33,25,326,"impact","impact_1931-1940",35.072363,-106.668064,"trem.unk","0"
"2863","MSB:Fish:1100",1939,2,26,"MSB 1100-1","JAR8825F","JG","KL","07-08-2025","F",43,33,679,"impact","impact_1931-1940",35.072363,-106.668064,"trem.unk","0"
"2864","MSB:Fish:1100",1939,2,26,"MSB 1100-2","JAR8827F","BP","EO ","07-08-2025","F",28,25,318,"impact","impact_1931-1940",35.072363,-106.668064,"trem.unk","0"
"2865","MSB:Fish:1100",1939,2,26,"MSB 1100-5","JAR8829F","JG","KL","07-08-2025",NA,26,23,226,"impact","impact_1931-1940",35.072363,-106.668064,"trem.unk","0"
"2866","MSB:Fish:1105",1939,1,20,"MSB 1105-1","JAR11362F","JG","GC","07-10-2025",NA,30,24,202,"impact","impact_1931-1940",35.100259,-106.692107,"trem.unk","0"
"2867","MSB:Fish:1105",1939,1,30,"MSB 1105-5","JAR11360F","JG","KL","07-10-2025",NA,36,28,396,"impact","impact_1931-1940",35.100259,-106.692107,"trem.unk","0"
"2868","MSB:Fish:1105",1939,1,30,"MSB 1105-3","JAR11361F","JG","KL","07-10-2025",NA,40,36,728,"impact","impact_1931-1940",35.100259,-106.692107,"trem.unk","0"
"2869","MSB:Fish:1105",1939,1,30,"MSB 1105-2","JAR11365F","JG","JG","07-10-2025",NA,27,23,158,"impact","impact_1931-1940",35.100259,-106.692107,"trem.unk","0"
"2870","MSB:Fish:1105",1939,1,30,"MSB 1105-4","JAR11368F","EO","EO","07-10-2025",NA,40,32,456,"impact","impact_1931-1940",35.100259,-106.692107,"trem.unk","0"
"2871","MSB:Fish:11095",1992,7,21,"MSB 11095-1","JAR11015F","KL","KL","07-23-2025",NA,26,21,178,"impact","impact_1991-2000",35.027111,-106.672944,"trem.unk","0"
"2872","MSB:Fish:11095",1992,7,21,"MSB 11095-3","JAR11013F","KL","KL","07-23-2025","F",35,28,526,"impact","impact_1991-2000",35.027111,-106.672944,"trem.unk","0"
"2873","MSB:Fish:11095",1992,7,21,"MSB 11095-2","JAR11016F","KL","KL","07-23-2025","F",33,27,385,"impact","impact_1991-2000",35.027111,-106.672944,"trem.unk","0"
"2874","MSB:Fish:11095",1992,7,21,"MSB 11095-4","JAR11000F","KL","KL","07-23-2025","F",31,25,375,"impact","impact_1991-2000",35.027111,-106.672944,"trem.unk","0"
"2875","MSB:Fish:11095",1992,7,21,"MSB 11095-5","JAR11003F","KL","KL","07-23-2025",NA,32,26,460,"impact","impact_1991-2000",35.027111,-106.672944,"trem.unk","0"
"2876","MSB:Fish:11126",1992,7,22,"MSB 11126-2","JAR11562F","JG","BP","07-17-2025","F",37,30,634,"impact","impact_1991-2000",34.97052778,-106.6911111,"trem.unk","0"
"2877","MSB:Fish:11126",1992,7,22,"MSB 11126-3","JAR11560F","JG","BP","07-17-2025","F",31,25,355,"impact","impact_1991-2000",34.97052778,-106.6911111,"trem.unk","0"
"2878","MSB:Fish:11126",1992,7,22,"MSB 11126-1","JAR11561F","EO","EO","07-17-2025","F",45,36,1113,"impact","impact_1991-2000",34.97052778,-106.6911111,"trem.unk","0"
"2879","MSB:Fish:11126",1992,7,22,"MSB 11126-4","JAR11559F","JG","GC","07-17-2025","F",40,34,733,"impact","impact_1991-2000",34.97052778,-106.6911111,"trem.unk","0"
"2880","MSB:Fish:11126",1992,7,22,"MSB 11126-5","JAR11558F","EO","KL","07-17-2025","M",26,21,179,"impact","impact_1991-2000",34.97052778,-106.6911111,"trem.unk","0"
"2881","MSB:Fish:11194",1992,7,24,"MSB 11194-2","JAR11570F","EO","KL","07-17-2025","M",26,22,151,"impact","impact_1991-2000",34.92872222,-106.6818611,"trem.unk","0"
"2882","MSB:Fish:11194",1992,7,24,"MSB 11194-3","JAR11569F","EO","GC","07-17-2025",NA,28,22,159,"impact","impact_1991-2000",34.92872222,-106.6818611,"trem.unk","0"
"2883","MSB:Fish:11194",1992,7,24,"MSB 11194-5","JAR11572F","EO","KL","07-17-2025",NA,36,29,658,"impact","impact_1991-2000",34.92872222,-106.6818611,"trem.unk","0"
"2884","MSB:Fish:11194",1992,7,24,"MSB 11194-4","JAR11571F","EO","EO","07-17-2025","F",35,27,456,"impact","impact_1991-2000",34.92872222,-106.6818611,"trem.unk","0"
"2885","MSB:Fish:11194",1992,7,24,"MSB 11194-1","JAR11563F","EO","GC","07-17-2025","F",29,24,333,"impact","impact_1991-2000",34.92872222,-106.6818611,"trem.unk","0"
"2886","MSB:Fish:12010",1992,9,28,"MSB 12010-3","JAR11037F","KL","KL","07-28-2025","F",28,23,210,"control","control_1991-2000",35.211416,-106.612833,"trem.unk","0"
"2887","MSB:Fish:12010",1992,9,28,"MSB 12010-2","JAR11056F","KL","KL","07-28-2025",NA,27,21.5,211,"control","control_1991-2000",35.211416,-106.612833,"trem.unk","0"
"2888","MSB:Fish:12010",1992,9,28,"MSB 12010-1","JAR11057F","KL","KL","07-28-2025","F",36,29,446,"control","control_1991-2000",35.211416,-106.612833,"trem.unk","0"
"2889","MSB:Fish:12010",1992,9,28,"MSB 12010-5","JAR11045F","KL","KL","07-28-2025","F",25,20,156,"control","control_1991-2000",35.211416,-106.612833,"trem.unk","0"
"2890","MSB:Fish:12010",1992,9,28,"MSB 12010-4","JAR11044F","KL","KL","07-28-2025","F",28,21,210,"control","control_1991-2000",35.211416,-106.612833,"trem.unk","0"
"2891","MSB:Fish:12531",1992,11,13,"MSB 12531-1","JAR11267F","EO","GC","07-11-2025",NA,46,38,1030,"control","control_1991-2000",35.380486,-106.502059,"trem.unk","0"
"2892","MSB:Fish:12531",1992,11,13,"MSB 12531-4","JAR11265F","EO","KL","07-11-2025",NA,31,25,317,"control","control_1991-2000",35.380486,-106.502059,"trem.unk","0"
"2893","MSB:Fish:12531",1992,11,13,"MSB 12531-5","JAR11266F","EO","BP","07-11-2025","F",48,40,1190,"control","control_1991-2000",35.380486,-106.502059,"trem.unk","0"
"2894","MSB:Fish:12531",1992,11,13,"MSB 12531-2","JAR11263F","EO","KL","07-11-2025",NA,34,27,414,"control","control_1991-2000",35.380486,-106.502059,"trem.unk","0"
"2895","MSB:Fish:12531",1992,11,13,"MSB 12531-3","JAR11264F","EO","KL","07-11-2025","F",35,28,445,"control","control_1991-2000",35.380486,-106.502059,"trem.unk","0"
"2896","MSB:Fish:14485",1993,7,13,"MSB 14485-1","JAR11128F","EO","GC","07-17-2025",NA,41,34,760,"impact","impact_1991-2000",34.929964,-106.681431,"trem.unk","0"
"2897","MSB:Fish:14485",1993,7,13,"MSB 14485-5","JAR11127F","JG","JG","07-17-2025",NA,24,20,116,"impact","impact_1991-2000",34.929964,-106.681431,"trem.unk","0"
"2898","MSB:Fish:14485",1993,7,13,"MSB 14485-4","JAR11129F","EO","GC","07-17-2025","F",30,23,247,"impact","impact_1991-2000",34.929964,-106.681431,"trem.unk","0"
"2899","MSB:Fish:14485",1993,7,13,"MSB 14485-3","JAR11557F","EO","KL","07-17-2025","F",37,29,520,"impact","impact_1991-2000",34.929964,-106.681431,"trem.unk","0"
"2900","MSB:Fish:14485",1993,7,13,"MSB 14485-2","JAR11130F","JG","GC","07-17-2025","F",43,35,751,"impact","impact_1991-2000",34.929964,-106.681431,"trem.unk","0"
"2901","MSB:Fish:18799",1993,8,12,"MSB 18799-5","JAR11578F","BP","KL","07-17-2025","F",30,23,274,"control","control_1991-2000",35.280904,-106.597587,"trem.unk","0"
"2902","MSB:Fish:18799",1993,8,12,"MSB 18799-2","JAR11582F","BP","KL","07-17-2025","F",31,25,375,"control","control_1991-2000",35.280904,-106.597587,"trem.unk","0"
"2903","MSB:Fish:18799",1993,8,12,"MSB 18799-4","JAR11579F","BP","GC","07-17-2025","F",32,26,344,"control","control_1991-2000",35.280904,-106.597587,"trem.unk","0"
"2904","MSB:Fish:18799",1993,8,12,"MSB 18799-3","JAR11580","BP","EO","07-17-2025","F",36,28,509,"control","control_1991-2000",35.280904,-106.597587,"trem.unk","0"
"2905","MSB:Fish:18799",1993,8,12,"MSB 18799-1","JAR11581F","BP","KL","07-17-2025","M",29,23,249,"control","control_1991-2000",35.280904,-106.597587,"trem.unk","0"
"2906","MSB:Fish:19155",1993,8,4,"MSB 19155-1","JAR11020F","KL","KL","07-23-2025","F",38,30,585,"impact","impact_1991-2000",35.017503,-106.672569,"trem.unk","0"
"2907","MSB:Fish:19155",1993,8,4,"MSB 19155-2","JAR11021F","KL","KL","07-23-2025","F",34,28,495,"impact","impact_1991-2000",35.017503,-106.672569,"trem.unk","0"
"2908","MSB:Fish:19155",1993,8,4,"MSB 19155-3","JAR11022F","KL","KL","07-23-2025","F",31,26,355,"impact","impact_1991-2000",35.017503,-106.672569,"trem.unk","0"
"2909","MSB:Fish:19155",1993,8,4,"MSB 19155-5","JAR11012F","KL","KL","07-23-2025","F",38,32,697,"impact","impact_1991-2000",35.017503,-106.672569,"trem.unk","0"
"2910","MSB:Fish:19155",1993,8,4,"MSB 19155-4","JAR11027F","KL","KL","07-23-2025","F",34,28,NA,"impact","impact_1991-2000",35.017503,-106.672569,"trem.unk","0"
"2911","MSB:Fish:19170",1993,8,4,"MSB 19170-3","JAR8800F","BP","BP GC","07-07-2025","F",34,26,421,"impact","impact_1991-2000",35.008358,-106.678909,"trem.unk","0"
"2912","MSB:Fish:19170",1993,8,4,"MSB 19170-5","JAR8798F","EO","JG","07-07-2025","F",32,25,353,"impact","impact_1991-2000",35.008358,-106.678909,"trem.unk","0"
"2913","MSB:Fish:19170",1993,8,4,"MSB 19170-1","JAR8802F","BP","GC","07-07-2025","F",31,24,355,"impact","impact_1991-2000",35.008358,-106.678909,"trem.unk","0"
"2914","MSB:Fish:19170",1993,8,4,"MSB 19170-4","JAR8799F","EO","BP","07-07-2025","F",34,27,460,"impact","impact_1991-2000",35.008358,-106.678909,"trem.unk","0"
"2915","MSB:Fish:19170",1993,8,4,"MSB 19170-2","JAR8801F","EO","BP KL","07-07-2025",NA,35,27,481,"impact","impact_1991-2000",35.008358,-106.678909,"trem.unk","0"
"2916","MSB:Fish:2795",1969,4,2,"MSB 2795-4","JAR8920F","BP","KL","07-09-2025","F",29,24,236,"control","control_1961-1970",35.253452,-106.592892,"trem.unk","0"
"2917","MSB:Fish:2795",1969,4,2,"MSB 2795-5","JAR8919F","BP","JG","07-09-2025",NA,25,19,105,"control","control_1961-1970",35.253452,-106.592892,"trem.unk","0"
"2918","MSB:Fish:2795",1969,4,2,"MSB 2795-2","JAR8925F","BP","GC","07-09-2025",NA,31,24,325,"control","control_1961-1970",35.253452,-106.592892,"trem.unk","0"
"2919","MSB:Fish:2795",1969,4,2,"MSB 2795-1","JAR8932F","BP","JG","07-09-2025",NA,45,35,820,"control","control_1961-1970",35.253452,-106.592892,"trem.unk","0"
"2920","MSB:Fish:2795",1969,4,2,"MSB 2795-3","JAR8921F","BP","GC","07-09-2025",NA,46,37,885,"control","control_1961-1970",35.253452,-106.592892,"trem.unk","0"
"2921","MSB:Fish:280",1949,10,28,"MSB 280-3","JAR8830F","BP","EO","07-08-2025","F",28,20,184,"impact","impact_1941-1950",35.155761,-106.655157,"trem.unk","0"
"2922","MSB:Fish:280",1949,10,28,"MSB 280-4","JAR8828F","JG","JG","07-08-2025",NA,43,35,824,"impact","impact_1941-1950",35.155761,-106.655157,"trem.unk","0"
"2923","MSB:Fish:280",1949,10,28,"MSB 280-1","JAR8833F","BP","BP","07-08-2025",NA,33,26,379,"impact","impact_1941-1950",35.155761,-106.655157,"trem.unk","0"
"2924","MSB:Fish:280",1949,10,28,"MSB 280-5","JAR8826F","JG","JG","07-08-2025",NA,28,23,238,"impact","impact_1941-1950",35.155761,-106.655157,"trem.unk","0"
"2925","MSB:Fish:280",1949,10,28,"MSB 280-2","JAR8831F","JG","KL","07-08-2025","F",42,33,733,"impact","impact_1941-1950",35.155761,-106.655157,"trem.unk","0"
"2926","MSB:Fish:285",1961,2,17,"MSB 285-3","JAR11528F","EO","KL","07-15-2025","F",42,34,741,"impact","impact_1961-1970",35.051774,-106.671997,"trem.unk","0"
"2927","MSB:Fish:285",1961,2,17,"MSB 285-2","JAR11525F","BP","GC","07-15-2025",NA,32,25,318,"impact","impact_1961-1970",35.051774,-106.671997,"trem.unk","0"
"2928","MSB:Fish:285",1961,2,17,"MSB 285-1","JAR11517F","EO","KL","07-15-2025","F",46,37,1064,"impact","impact_1961-1970",35.051774,-106.671997,"trem.unk","0"
"2929","MSB:Fish:285",1961,2,17,"MSB 285-4","JAR11530F","BP","KL","07-15-2025","F",34,26,419,"impact","impact_1961-1970",35.051774,-106.671997,"trem.unk","0"
"2930","MSB:Fish:285",1961,2,17,"MSB 285-5","JAR11520F","EO","EO","07-15-2025","F",29,23,224,"impact","impact_1961-1970",35.051774,-106.671997,"trem.unk","0"
"2931","MSB:Fish:288",1949,12,3,"MSB 288-1","JAR11272F","BP","GC","07-11-2025","F",41,32,695,"impact","impact_1941-1950",35.068939,-106.663683,"trem.unk","0"
"2932","MSB:Fish:288",1949,12,3,"MSB 288-4","JAR11269F","BP","BP","07-11-2025",NA,28,22,247,"impact","impact_1941-1950",35.068939,-106.663683,"trem.unk","0"
"2933","MSB:Fish:288",1949,12,3,"MSB 288-5","JAR11268F","EO","EO","07-11-2025","F",35,28,413,"impact","impact_1941-1950",35.068939,-106.663683,"trem.unk","0"
"2934","MSB:Fish:288",1949,12,3,"MSB 288-3","JAR11270F","EO","KL","07-11-2025","F",49,40,1240,"impact","impact_1941-1950",35.068939,-106.663683,"trem.unk","0"
"2935","MSB:Fish:288",1949,12,3,"MSB 288-2","JAR11271F","BP","BP","07-11-2025",NA,30,27,461,"impact","impact_1941-1950",35.068939,-106.663683,"trem.unk","0"
"2936","MSB:Fish:292",1961,2,12,"MSB 292-3","JAR11553F","JG","KL","07-16-2025","M",25,21,138,"control","control_1961-1970",35.408152,-106.470544,"trem.unk","0"
"2937","MSB:Fish:292",1961,2,12,"MSB 292-1","JAR11556F","BP","KL","07-16-2025","M",31,24,273,"control","control_1961-1970",35.408152,-106.470544,"trem.unk","0"
"2938","MSB:Fish:292",1961,2,12,"MSB 292-5","JAR11547F","JG","JG","07-16-2025",NA,25,21,167,"control","control_1961-1970",35.408152,-106.470544,"trem.unk","0"
"2939","MSB:Fish:292",1961,2,12,"MSB 292-4","JAR11550F","BP","KL","07-16-2025","F",33,25,342,"control","control_1961-1970",35.408152,-106.470544,"trem.unk","0"
"2940","MSB:Fish:292",1961,2,12,"MSB 292-2","JAR11534F","JG","JG","07-16-2025",NA,25,20,132,"control","control_1961-1970",35.408152,-106.470544,"trem.unk","0"
"2941","MSB:Fish:305",1949,7,21,"MSB 305-2","JAR8913F","BP","GC","07-09-2025",NA,41,32,810,"impact","impact_1941-1950",35.204443,-106.610046,"trem.unk","0"
"2942","MSB:Fish:305",1949,7,21,"MSB 305-3","JAR8915F","BP","KL","07-09-2025","F",39,31,840,"impact","impact_1941-1950",35.204443,-106.610046,"trem.unk","0"
"2943","MSB:Fish:305",1949,7,21,"MSB 305-1","JAR8911F","BP","JG","07-09-2025","F",38,30,653,"impact","impact_1941-1950",35.204443,-106.610046,"trem.unk","0"
"2944","MSB:Fish:305",1949,7,21,"MSB 305-5","JAR8918F","BP","KL","07-09-2025",NA,41,34,848,"impact","impact_1941-1950",35.204443,-106.610046,"trem.unk","0"
"2945","MSB:Fish:305",1949,7,21,"MSB 305-4","JAR8917F","BP","EO","07-09-2025","F",26,21,146,"impact","impact_1941-1950",35.204443,-106.610046,"trem.unk","0"
"2946","MSB:Fish:307",1959,2,24,"MSB 307-1","JAR8797F","BP","GC","07-07-2025","F",30,24,257,"impact","impact_1951-1960",34.987044,-106.690293,"trem.unk","0"
"2947","MSB:Fish:307",1959,2,24,"MSB 307-2","JAR8796F","JG","KL","07-07-2025","F",31,23,295,"impact","impact_1951-1960",34.987044,-106.690293,"trem.unk","0"
"2948","MSB:Fish:307",1959,2,24,"MSB 307-5","JAR8793F","JG","GC","07-07-2025",NA,33,24,304,"impact","impact_1951-1960",34.987044,-106.690293,"trem.unk","0"
"2949","MSB:Fish:307",1959,2,24,"MSB 307-4","JAR8794F","BP","KL","07-07-2025","F",31,26,296,"impact","impact_1951-1960",34.987044,-106.690293,"trem.unk","0"
"2950","MSB:Fish:307",1959,2,24,"MSB 307-3","JAR8795F","BP","KL","07-07-2025",NA,31,25,277,"impact","impact_1951-1960",34.987044,-106.690293,"trem.unk","0"
"2951","MSB:Fish:30771",1996,10,30,"MSB 30771-3","JAR11025F","KL","KL","07-28-2025",NA,39,32,613,"control","control_1991-2000",35.38033333,-106.4990556,"trem.unk","0"
"2952","MSB:Fish:30771",1996,10,30,"MSB 30771-2","JAR11024F","KL","KL","07-28-2025",NA,34,27,361,"control","control_1991-2000",35.38033333,-106.4990556,"trem.unk","0"
"2953","MSB:Fish:30771",1996,10,30,"MSB 30771-1","JAR11030F","KL","KL","07-28-2025",NA,27,21,182,"control","control_1991-2000",35.38033333,-106.4990556,"trem.unk","0"
"2954","MSB:Fish:30771",1996,10,30,"MSB 30771-5","JAR11033F","KL","KL","07-28-2025","M",30,23,241,"control","control_1991-2000",35.38033333,-106.4990556,"trem.unk","0"
"2955","MSB:Fish:30771",1996,10,30,"MSB 30771-4","JAR11028F","KL","KL","07-28-2025",NA,26,20,165,"control","control_1991-2000",35.38033333,-106.4990556,"trem.unk","0"
"2956","MSB:Fish:315",1949,7,28,"MSB 315-3","JAR11521F","JG","KL","07-15-2025",NA,33,27,445,"impact","impact_1941-1950",35.188761,-106.64706,"trem.unk","0"
"2957","MSB:Fish:315",1949,7,28,"MSB 315-2","JAR11524F","BP","KL","07-15-2025","F",38,30,666,"impact","impact_1941-1950",35.188761,-106.64706,"trem.unk","0"
"2958","MSB:Fish:315",1949,7,28,"MSB 315-4","JAR11527F","BP","KL","07-15-2025","F",31,24,301,"impact","impact_1941-1950",35.188761,-106.64706,"trem.unk","0"
"2959","MSB:Fish:315",1949,7,28,"MSB 315-1","JAR11522F","JG","BP","07-15-2025",NA,38,31,711,"impact","impact_1941-1950",35.188761,-106.64706,"trem.unk","0"
"2960","MSB:Fish:315",1949,7,28,"MSB 315-5","JAR11544F","JG","EO","07-15-2025","F",35,28,417,"impact","impact_1941-1950",35.188761,-106.64706,"trem.unk","0"
"2961","MSB:Fish:324",1950,10,18,"MSB 324-2","JAR11336F","BP","KL","07-10-2025","F",45,36,1097,"control","control_1941-1950",35.229809,-106.616288,"trem.unk","0"
"2962","MSB:Fish:324",1950,10,18,"MSB 324-1","JAR11335F","JG","KL","07-10-2025","F",39,33,691,"control","control_1941-1950",35.229809,-106.616288,"trem.unk","0"
"2963","MSB:Fish:324",1950,10,18,"MSB 324-5","JAR11339F","BP","KL","07-10-2025","F",39,31,754,"control","control_1941-1950",35.229809,-106.616288,"trem.unk","0"
"2964","MSB:Fish:324",1950,10,18,"MSB 324-4","JAR11338F","BP","GC","07-10-2025",NA,46,36,1172,"control","control_1941-1950",35.229809,-106.616288,"trem.unk","0"
"2965","MSB:Fish:324",1950,10,18,"MSB 324-3","JAR11337F","BP","GC","07-10-2025",NA,49,39,1841,"control","control_1941-1950",35.229809,-106.616288,"trem.unk","0"
"2966","MSB:Fish:326",1949,7,21,"MSB 326-5","JAR8924F","EO","JG","07-09-2025","F",38,32,628,"impact","impact_1941-1950",35.210652,-106.627124,"trem.unk","0"
"2967","MSB:Fish:326",1949,7,21,"MSB 326-4","JAR8933F","EO","KL","07-09-2025","F",33,27,421,"impact","impact_1941-1950",35.210652,-106.627124,"trem.unk","0"
"2968","MSB:Fish:326",1949,7,21,"MSB 326-3","JAR8931F","KL","KL","07-09-2025",NA,36,30,581,"impact","impact_1941-1950",35.210652,-106.627124,"trem.unk","0"
"2969","MSB:Fish:326",1949,7,21,"MSB 326-2","JAR8926F","KL","GC","07-09-2025","F",34,28,560,"impact","impact_1941-1950",35.210652,-106.627124,"trem.unk","0"
"2970","MSB:Fish:326",1949,7,21,"MSB 326-1","JAR8922F","KL","KL","07-09-2025","F",33,27,355,"impact","impact_1941-1950",35.210652,-106.627124,"trem.unk","0"
"2971","MSB:Fish:327",1942,2,28,"MSB 327-1","JAR8840F","EO","GC","07-08-2025","F",45,36,927,"control","control_1941-1950",35.37417,-106.49278,"trem.unk","0"
"2972","MSB:Fish:327",1942,2,28,"MSB 327-4","JAR8842F","EO","GC","07-08-2025",NA,32,25,257,"control","control_1941-1950",35.37417,-106.49278,"trem.unk","0"
"2973","MSB:Fish:327",1942,2,28,"MSB 327-3","JAR8846F","BP","GC","07-08-2025","F",45,36,910,"control","control_1941-1950",35.37417,-106.49278,"trem.unk","0"
"2974","MSB:Fish:327",1942,2,28,"MSB 327-2","JAR8903F","EO","JG","07-08-2025",NA,47,38,1118,"control","control_1941-1950",35.37417,-106.49278,"trem.unk","0"
"2975","MSB:Fish:327",1942,2,28,"MSB 327-5","JAR8844F","BP","GC","07-08-2025","F",25,20,131,"control","control_1941-1950",35.37417,-106.49278,"trem.unk","0"
"2976","MSB:Fish:330",1949,11,5,"MSB 330-1","JAR11350F","EO","JG","07-10-2025",NA,45,36,982,"control","control_1941-1950",35.211994,-106.631125,"trem.unk","0"
"2977","MSB:Fish:330",1949,11,5,"MSB 330-3","JAR11356F","EO","GC","07-10-2025",NA,29,23,241,"control","control_1941-1950",35.211994,-106.631125,"trem.unk","0"
"2978","MSB:Fish:330",1949,11,5,"MSB 330-4","JAR11353F","JG","BP","07-10-2025",NA,32,26,276,"control","control_1941-1950",35.211994,-106.631125,"trem.unk","0"
"2979","MSB:Fish:330",1949,11,5,"MSB 330-5","JAR11369F","JG","EO","07-10-2025","F",26,22,195,"control","control_1941-1950",35.211994,-106.631125,"trem.unk","0"
"2980","MSB:Fish:330",1949,11,5,"MSB 330-2","JAR11347F","JG","BP","07-10-2025",NA,34,28,374,"control","control_1941-1950",35.211994,-106.631125,"trem.unk","0"
"2981","MSB:Fish:334",1952,5,3,"MSB 334-1","JAR11113F","BP","KL","07-16-2025",NA,33,26,309,"control","control_1951-1960",35.302146,-106.571551,"trem.unk","0"
"2982","MSB:Fish:334",1952,5,3,"MSB 334-3","JAR11107F","BP","JG","07-16-2025",NA,30,24,217,"control","control_1951-1960",35.302146,-106.571551,"trem.unk","0"
"2983","MSB:Fish:334",1952,5,3,"MSB 334-5","JAR11108F","BP","GC","07-16-2025",NA,27,22,179,"control","control_1951-1960",35.302146,-106.571551,"trem.unk","0"
"2984","MSB:Fish:334",1952,5,3,"MSB 334-4","JAR11116F","BP","EO","07-16-2025","F",30,23,233,"control","control_1951-1960",35.302146,-106.571551,"trem.unk","0"
"2985","MSB:Fish:334",1952,5,3,"MSB 334-2","JAR11110F","BP","EO","07-16-2025","F",31,25,293,"control","control_1951-1960",35.302146,-106.571551,"trem.unk","0"
"2986","MSB:Fish:3391",1965,5,18,"MSB 3391-1","JAR11370F","EO","KL","07-10-2025","F",41,35,794,"control","control_1961-1970",35.383813,-106.481,"trem.unk","0"
"2987","MSB:Fish:3391",1965,5,18,"MSB 3391-2","JAR11366F","EO","GC","07-10-2025","M",28,23,188,"control","control_1961-1970",35.383813,-106.481,"trem.unk","0"
"2988","MSB:Fish:3391",1965,5,18,"MSB 3391-5","JAR11367F","EO","JG","07-10-2025","F",35,28,522,"control","control_1961-1970",35.383813,-106.481,"trem.unk","0"
"2989","MSB:Fish:3391",1965,5,18,"MSB 3391-4","JAR11364F","EO","KL","07-10-2025",NA,33,27,348,"control","control_1961-1970",35.383813,-106.481,"trem.unk","0"
"2990","MSB:Fish:3391",1965,5,18,"MSB 3391-3","JAR11363F","EO","EO","07-10-2025","F",31,26,296,"control","control_1961-1970",35.383813,-106.481,"trem.unk","0"
"2991","MSB:Fish:3421",1972,6,19,"MSB 3421-1","JAR11296F","EO","KL","07-14-2025","F",36,29,612,"control","control_1971-1980",35.249718,-106.603396,"trem.unk","0"
"2992","MSB:Fish:3421",1972,6,19,"MSB 3421-4","JAR11294F","EO","KL","07-14-2025","F",40,33,736,"control","control_1971-1980",35.249718,-106.603396,"trem.unk","0"
"2993","MSB:Fish:3421",1972,6,19,"MSB 3421-2","JAR11288F","EO","KL","07-14-2025","F",46,37,1270,"control","control_1971-1980",35.249718,-106.603396,"trem.unk","0"
"2994","MSB:Fish:3421",1972,6,19,"MSB 3421-5","JAR11293F","EO","KL","07-14-2025","F",44,36,1076,"control","control_1971-1980",35.249718,-106.603396,"trem.unk","0"
"2995","MSB:Fish:3421",1972,6,19,"MSB 3421-3","JAR11291F","EO","KL","07-14-2025","F",42,35,996,"control","control_1971-1980",35.249718,-106.603396,"trem.unk","0"
"2996","MSB:Fish:365",1947,9,27,"MSB 365-1","JAR11529F","JG","JG","07-15-2025",NA,39,33,608,"control","control_1941-1950",35.321576,-106.555389,"trem.unk","0"
"2997","MSB:Fish:365",1947,9,27,"MSB 365-5","JAR11531F","JG","JG","07-15-2025",NA,32,25,251,"control","control_1941-1950",35.321576,-106.555389,"trem.unk","0"
"2998","MSB:Fish:365",1947,9,27,"MSB 365-2","JAR11532F","BP","KL","07-15-2025","F",38,29,390,"control","control_1941-1950",35.321576,-106.555389,"trem.unk","0"
"2999","MSB:Fish:365",1947,9,27,"MSB 365-3","JAR11526F","JG","KL","07-15-2025","F",37,29,507,"control","control_1941-1950",35.321576,-106.555389,"trem.unk","0"
"3000","MSB:Fish:365",1947,9,27,"MSB 365-4","JAR11523F","BP","KL","07-15-2025",NA,38,30,356,"control","control_1941-1950",35.321576,-106.555389,"trem.unk","0"
"3001","MSB:Fish:38942",1997,7,5,"MSB 38942-5","JAR11115F","EO","GC","07-17-2025","F",41,32,883,"control","control_1991-2000",35.28302778,-106.5981389,"trem.unk","0"
"3002","MSB:Fish:38942",1997,7,5,"MSB 38942-1","JAR11120F","EO","GC","07-17-2025","F",50,42,2039,"control","control_1991-2000",35.28302778,-106.5981389,"trem.unk","0"
"3003","MSB:Fish:38942",1997,7,5,"MSB 38942-2","JAR11119F","EO","KL","07-17-2025","F",47,39,1803,"control","control_1991-2000",35.28302778,-106.5981389,"trem.unk","0"
"3004","MSB:Fish:38942",1997,7,5,"MSB 38942-3","JAR11121F","EO","KL","07-17-2025","F",45,38,1685,"control","control_1991-2000",35.28302778,-106.5981389,"trem.unk","0"
"3005","MSB:Fish:38942",1997,7,5,"MSB 38942-4","JAR11118F","EO","KL","07-17-2025","F",46,38,1451,"control","control_1991-2000",35.28302778,-106.5981389,"trem.unk","0"
"3006","MSB:Fish:39100",1997,10,15,"MSB 39100-1","JAR11577F","BP","JG","07-17-2025",NA,34,26,374,"control","control_1991-2000",35.322164,-106.557448,"trem.unk","0"
"3007","MSB:Fish:39100",1997,10,15,"MSB 39100-2","JAR11573F","BP","EO","07-17-2025","F",38,28,500,"control","control_1991-2000",35.322164,-106.557448,"trem.unk","0"
"3008","MSB:Fish:39100",1997,10,15,"MSB 39100-4","JAR11575F","BP","GC","07-17-2025","F",34,26,403,"control","control_1991-2000",35.322164,-106.557448,"trem.unk","0"
"3009","MSB:Fish:39100",1997,10,15,"MSB 39100-5","JAR11576F","BP","GC","07-17-2025","F",25,19,144,"control","control_1991-2000",35.322164,-106.557448,"trem.unk","0"
"3010","MSB:Fish:39100",1997,10,15,"MSB 39100-3","JAR11574F","BP","KL","07-17-2025","M",25,20,167,"control","control_1991-2000",35.322164,-106.557448,"trem.unk","0"
"3011","MSB:Fish:3993",1977,9,28,"MSB 3993-4","JAR11626F","BP","GC","07-21-2025","F",29,23,333,"impact","impact_1971-1980",35.136341,-106.685742,"trem.unk","0"
"3012","MSB:Fish:3993",1977,9,28,"MSB 3993-1","JAR11623F","JG","GC","07-21-2025",NA,25,20,170,"impact","impact_1971-1980",35.136341,-106.685742,"trem.unk","0"
"3013","MSB:Fish:3993",1977,9,28,"MSB 3993-2","JAR11621F","BP","GC","07-21-2025","F",26,20,224,"impact","impact_1971-1980",35.136341,-106.685742,"trem.unk","0"
"3014","MSB:Fish:3993",1977,9,28,"MSB 3993-3","JAR11618F","JG","BP","07-21-2025","M",28,21,181,"impact","impact_1971-1980",35.136341,-106.685742,"trem.unk","0"
"3015","MSB:Fish:3993",1977,9,28,"MSB 3993-5","JAR11620F","JG","BP","07-21-2025","M",27,21,186,"impact","impact_1971-1980",35.136341,-106.685742,"trem.unk","0"
"3016","MSB:Fish:4012",1977,9,28,"MSB 4012-5","JAR11616F","JG","JG","07-21-2025",NA,25,21,169,"impact","impact_1971-1980",35.134932,-106.690783,"trem.unk","0"
"3017","MSB:Fish:4012",1977,9,28,"MSB 4012-1","JAR11607F","JG","EO","07-21-2025","F",32,25,365,"impact","impact_1971-1980",35.134932,-106.690783,"trem.unk","0"
"3018","MSB:Fish:4012",1977,9,28,"MSB 4012-4","JAR11613F","BP","GC","07-21-2025","F",26,20,178,"impact","impact_1971-1980",35.134932,-106.690783,"trem.unk","0"
"3019","MSB:Fish:4012",1977,9,28,"MSB 4012-3","JAR11617F","JG","GC","07-21-2025","F",32,27,303,"impact","impact_1971-1980",35.134932,-106.690783,"trem.unk","0"
"3020","MSB:Fish:4012",1977,9,28,"MSB 4012-2","JAR11610F","BP","GC","07-21-2025","F",31,24,316,"impact","impact_1971-1980",35.134932,-106.690783,"trem.unk","0"
"3021","MSB:Fish:4056",1978,5,19,"MSB 4056-2","JAR11322F","EO","KL","07-14-2025","F",36,28,566,"control","control_1971-1980",35.253481,-106.591225,"trem.unk","0"
"3022","MSB:Fish:4056",1978,5,19,"MSB 4056-3","JAR11318F","EO","JG","07-14-2025","F",37,28,549,"control","control_1971-1980",35.253481,-106.591225,"trem.unk","0"
"3023","MSB:Fish:4056",1978,5,19,"MSB 4056-4","JAR11317F","EO","JG","07-14-2025","F",34,28,483,"control","control_1971-1980",35.253481,-106.591225,"trem.unk","0"
"3024","MSB:Fish:4056",1978,5,19,"MSB 4056-1","JAR11319F","EO","GC","07-14-2025","F",37,30,644,"control","control_1971-1980",35.253481,-106.591225,"trem.unk","0"
"3025","MSB:Fish:4056",1978,5,19,"MSB 4056-5","JAR11321F","EO","GC","07-14-2025","F",34,28,581,"control","control_1971-1980",35.253481,-106.591225,"trem.unk","0"
"3026","MSB:Fish:4086",1978,9,29,"MSB 4086-3","JAR11342F","BP","JG","07-11-2025",NA,31,24,340,"control","control_1971-1980",35.380072,-106.499406,"trem.unk","0"
"3027","MSB:Fish:4086",1978,9,29,"MSB 4086-5","JAR11340F","BP","GC","07-11-2025","M",29,23,261,"control","control_1971-1980",35.380072,-106.499406,"trem.unk","0"
"3028","MSB:Fish:4086",1978,9,29,"MSB 4086-4","JAR11341F","BP","GC","07-11-2025","F",26,19,139,"control","control_1971-1980",35.380072,-106.499406,"trem.unk","0"
"3029","MSB:Fish:4086",1978,9,29,"MSB 4086-2","JAR11344F","BP","EO","07-11-2025","F",40,30,701,"control","control_1971-1980",35.380072,-106.499406,"trem.unk","0"
"3030","MSB:Fish:4086",1978,9,29,"MSB 4086-1","JAR11345F","BP","KL","07-11-2025","F",41,32,795,"control","control_1971-1980",35.380072,-106.499406,"trem.unk","0"
"3031","MSB:Fish:4172",1977,5,10,"MSB 4172-2","JAR11329F","JG","GC","07-14-2025","F",33,29,347,"control","control_1971-1980",35.26637,-106.598674,"trem.unk","0"
"3032","MSB:Fish:4172",1977,5,10,"MSB 4172-3","JAR11330F","BP","KL","07-14-2025","F",27,21,170,"control","control_1971-1980",35.26637,-106.598674,"trem.unk","0"
"3033","MSB:Fish:4172",1977,5,10,"MSB 4172-4","JAR11327F","BP","GC","07-14-2025","M",27,21,150,"control","control_1971-1980",35.26637,-106.598674,"trem.unk","0"
"3034","MSB:Fish:4172",1977,5,10,"MSB 4172-1","JAR11328F","BP","KL","07-14-2025",NA,29,24,252,"control","control_1971-1980",35.26637,-106.598674,"trem.unk","0"
"3035","MSB:Fish:4172",1977,5,10,"MSB 4172-5","JAR11326F","JG","JG","07-14-2025",NA,27,21,137,"control","control_1971-1980",35.26637,-106.598674,"trem.unk","0"
"3036","MSB:Fish:4176",1978,5,21,"MSB 4176-5","JAR8822F","JG","KL","07-08-2025","F",29,23,368,"control","control_1971-1980",35.253481,-106.591225,"trem.unk","0"
"3037","MSB:Fish:4176",1978,5,21,"MSB 4176-1","JAR8821F","BP","JG","07-08-2025","F",38,31,741,"control","control_1971-1980",35.253481,-106.591225,"trem.unk","0"
"3038","MSB:Fish:4176",1978,5,21,"MSB 4176-3","JAR8818F","JG","KL","07-08-2025","F",33,26,425,"control","control_1971-1980",35.253481,-106.591225,"trem.unk","0"
"3039","MSB:Fish:4176",1978,5,21,"MSB 4176-2","JAR8816F","BP","EO","07-08-2025","F",39,31,798,"control","control_1971-1980",35.253481,-106.591225,"trem.unk","0"
"3040","MSB:Fish:4176",1978,5,21,"MSB 4176-4","JAR8820F","BP","JG","07-08-2025","F",38,30,806,"control","control_1971-1980",35.253481,-106.591225,"trem.unk","0"
"3041","MSB:Fish:43165",1999,4,21,"MSB 43165-3","JAR11124F","EO","KL","07-17-2025","F",35,27,471,"impact","impact_1991-2000",35.027111,-106.672944,"trem.unk","0"
"3042","MSB:Fish:43165",1999,4,21,"MSB 43165-4","JAR11123F","EO","JG GC","07-17-2025","F",38,30,636,"impact","impact_1991-2000",35.027111,-106.672944,"trem.unk","0"
"3043","MSB:Fish:43165",1999,4,21,"MSB 43165-2","JAR11125F","EO","EO","07-17-2025","F",38,30,668,"impact","impact_1991-2000",35.027111,-106.672944,"trem.unk","0"
"3044","MSB:Fish:43165",1999,4,21,"MSB 43165-1","JAR11126F","EO","GC","07-17-2025","F",33,27,464,"impact","impact_1991-2000",35.027111,-106.672944,"trem.unk","0"
"3045","MSB:Fish:43165",1999,4,21,"MSB 43165-5","JAR11122F","EO","KL","07-17-2025","F",40,32,732,"impact","impact_1991-2000",35.027111,-106.672944,"trem.unk","0"
"3046","MSB:Fish:43242",1999,7,14,"MSB 43242-5","JAR11026F","KL","KL","07-28-2025",NA,41,33,899,"control","control_1991-2000",35.28302778,-106.5981389,"trem.unk","0"
"3047","MSB:Fish:43242",1999,7,14,"MSB 43242-4","JAR11034F","KL","KL","07-28-2025","F",32,25,344,"control","control_1991-2000",35.28302778,-106.5981389,"trem.unk","0"
"3048","MSB:Fish:43242",1999,7,14,"MSB 43242-3","JAR11029F","KL","KL","07-28-2025","F",32,25,338,"control","control_1991-2000",35.28302778,-106.5981389,"trem.unk","0"
"3049","MSB:Fish:43242",1999,7,14,"MSB 43242-2","JAR11032F","KL","KL","07-28-2025",NA,32,26,416,"control","control_1991-2000",35.28302778,-106.5981389,"trem.unk","0"
"3050","MSB:Fish:43242",1999,7,14,"MSB 43242-1","JAR11031F","KL","KL","07-28-2025",NA,29,22,249,"control","control_1991-2000",35.28302778,-106.5981389,"trem.unk","0"
"3051","MSB:Fish:43251",1999,7,15,"MSB 43251-2","JAR11011F","KL","KL","07-23-2025","F",37,29,616,"impact","impact_1991-2000",35.089293,-106.680842,"trem.unk","0"
"3052","MSB:Fish:43251",1999,7,15,"MSB 43251-1","JAR11014F","KL","KL","07-23-2025",NA,32,26,384,"impact","impact_1991-2000",35.089293,-106.680842,"trem.unk","0"
"3053","MSB:Fish:43251",1999,7,15,"MSB 43251-4","JAR11018F","KL","KL","07-23-2025","F",32,25,392,"impact","impact_1991-2000",35.089293,-106.680842,"trem.unk","0"
"3054","MSB:Fish:43251",1999,7,15,"MSB 43251-5","JAR11019F","KL","KL","07-23-2025","F",34,27,NA,"impact","impact_1991-2000",35.089293,-106.680842,"trem.unk","0"
"3055","MSB:Fish:43251",1999,7,15,"MSB 43251-3","JAR11017F","KL","KL","07-23-2025","F",33,27,379,"impact","impact_1991-2000",35.089293,-106.680842,"trem.unk","0"
"3056","MSB:Fish:43370",1999,8,25,"MSB 43370-2","JAR11035F","KL","KL","07-28-2025",NA,28,22,215,"control","control_1991-2000",35.28302778,-106.5981389,"trem.unk","0"
"3057","MSB:Fish:43370",1999,8,25,"MSB 43370-3","JAR11036F","KL","KL","07-28-2025",NA,36,29,480,"control","control_1991-2000",35.28302778,-106.5981389,"trem.unk","0"
"3058","MSB:Fish:43370",1999,8,25,"MSB 43370-1","JAR11041F","KL","KL","07-28-2025",NA,38,30,NA,"control","control_1991-2000",35.28302778,-106.5981389,"trem.unk","0"
"3059","MSB:Fish:43370",1999,8,25,"MSB 43370-5","JAR11043F","KL","KL","07-28-2025","M",30,24,225,"control","control_1991-2000",35.28302778,-106.5981389,"trem.unk","0"
"3060","MSB:Fish:43370",1999,8,25,"MSB 43370-4","JAR11042F","KL","KL","07-28-2025",NA,26,20,154,"control","control_1991-2000",35.28302778,-106.5981389,"trem.unk","0"
"3061","MSB:Fish:4353",1978,9,8,"MSB 4353-1","JAR11097F","JG","GC","07-16-2025","F",35,29,601,"control","control_1971-1980",35.222784,-106.601974,"trem.unk","0"
"3062","MSB:Fish:4353",1978,9,8,"MSB 4353-4","JAR11106F","BP","BP","07-16-2025",NA,25,19,157,"control","control_1971-1980",35.222784,-106.601974,"trem.unk","1"
"3063","MSB:Fish:4353",1978,9,8,"MSB 4353-2","JAR11100F","JG","GC","07-16-2025","M",29,24,212,"control","control_1971-1980",35.222784,-106.601974,"trem.unk","0"
"3064","MSB:Fish:4353",1978,9,8,"MSB 4353-5","JAR11105F","BP","KL","07-16-2025",NA,25,20,NA,"control","control_1971-1980",35.222784,-106.601974,"trem.unk","0"
"3065","MSB:Fish:4353",1978,9,8,"MSB 4353-3","JAR11103F","JG","GC","07-16-2025","M",27,22,151,"control","control_1971-1980",35.222784,-106.601974,"trem.unk","0"
"3066","MSB:Fish:4378",1978,9,23,"MSB 4378-3","JAR11554F","JG","KL","07-16-2025","F",38,32,556,"impact","impact_1971-1980",34.905272,-106.685564,"trem.unk","0"
"3067","MSB:Fish:4378",1978,9,23,"MSB 4378-5","JAR11545F","BP","GC","07-16-2025","F",36,28,469,"impact","impact_1971-1980",34.905272,-106.685564,"trem.unk","0"
"3068","MSB:Fish:4378",1978,9,23,"MSB 4378-3","JAR11546F","BP","KL","07-16-2025","F",42,32,738,"impact","impact_1971-1980",34.905272,-106.685564,"trem.unk","0"
"3069","MSB:Fish:4378",1978,9,23,"MSB 4378-2","JAR11551F","BP","JG","07-16-2025","F",38,30,633,"impact","impact_1971-1980",34.905272,-106.685564,"trem.unk","0"
"3070","MSB:Fish:4378",1978,9,23,"MSB 4378-1","JAR11548F","BP","KL","07-16-2025","F",37,28,634,"impact","impact_1971-1980",34.905272,-106.685564,"trem.unk","0"
"3071","MSB:Fish:438",1978,NA,5,"MSB 4389-1","JAR11516F","JG","GC","07-15-2025",NA,38,31,575,NA,NA,NA,NA,"trem.unk","0"
"3072","MSB:Fish:4385",1978,9,6,"MSB 4385-2","JAR8843F","EO","KL","07-08-2025",NA,30,26,273,"impact","impact_1971-1980",34.905272,-106.685564,"trem.unk","0"
"3073","MSB:Fish:4385",1978,9,6,"MSB 4385-5","JAR8838F","EO","JG","07-08-2025","F",27,22,197,"impact","impact_1971-1980",34.905272,-106.685564,"trem.unk","0"
"3074","MSB:Fish:4385",1978,9,6,"MSB 4385-3","JAR8845F","KL","KL","07-08-2025","F",27,23,204,"impact","impact_1971-1980",34.905272,-106.685564,"trem.unk","0"
"3075","MSB:Fish:4385",1978,9,6,"MSB 4385-4","JAR8839","KL","GC","07-08-2025","F",26,22,222,"impact","impact_1971-1980",34.905272,-106.685564,"trem.unk","0"
"3076","MSB:Fish:4385",1978,9,6,"MSB 4385-1","JAR8841F","KL","KL","07-08-2025","F",25,21,161,"impact","impact_1971-1980",34.905272,-106.685564,"trem.unk","0"
"3077","MSB:Fish:4389",1978,9,5,"MSB 4389-2","JAR11519F","JG","GC","07-15-2025","F",34,28,507,"impact","impact_1971-1980",35.092867,-106.682332,"trem.unk","0"
"3078","MSB:Fish:4389",1978,9,5,"MSB 4389-4","JAR11514F","JG","GC","07-15-2025",NA,40,33,716,"impact","impact_1971-1980",35.092867,-106.682332,"trem.unk","0"
"3079","MSB:Fish:4389",1978,9,5,"MSB 4389-3","JAR11511F","JG","GC","07-15-2025","M",34,29,461,"impact","impact_1971-1980",35.092867,-106.682332,"trem.unk","0"
"3080","MSB:Fish:4389",1978,9,5,"MSB 4389-5","JAR11513F","JG","GC","07-15-2025",NA,38,32,654,"impact","impact_1971-1980",35.092867,-106.682332,"trem.unk","0"
"3081","MSB:Fish:4418",1978,8,3,"MSB 4418-1","JAR11292F","BP","GC","07-14-2025","F",43,34,1443,"impact","impact_1971-1980",34.905272,-106.685564,"trem.unk","0"
"3082","MSB:Fish:4418",1978,8,3,"MSB 4418-2","JAR11289F","BP","KL","07-14-2025","F",38,30,662,"impact","impact_1971-1980",34.905272,-106.685564,"trem.unk","0"
"3083","MSB:Fish:4418",1978,8,3,"MSB 4418-5","JAR11297F","EO","KL","07-14-2025","F",40,33,985,"impact","impact_1971-1980",34.905272,-106.685564,"trem.unk","0"
"3084","MSB:Fish:4418",1978,8,3,"MSB 4418-4","JAR11298F","EO","KL","07-14-2025","F",37,30,678,"impact","impact_1971-1980",34.905272,-106.685564,"trem.unk","0"
"3085","MSB:Fish:4418",1978,8,3,"MSB 4418-3","JAR11295F","BP","KL","07-14-2025","F",40,31,805,"impact","impact_1971-1980",34.905272,-106.685564,"trem.unk","0"
"3086","MSB:Fish:4440",1978,9,5,"MSB 4440-2","JAR11555F","BJG","JG","07-16-2025",NA,28,22,223,"impact","impact_1971-1980",35.090702,-106.684514,"trem.unk","0"
"3087","MSB:Fish:4440",1978,9,5,"MSB 4440-1","JAR11552F","BP","JG","07-16-2025",NA,25,20,138,"impact","impact_1971-1980",35.090702,-106.684514,"trem.unk","0"
"3088","MSB:Fish:4440",1978,9,5,"MSB 4440-4","JAR11098F","JG","KL","07-16-2025","M",25,21,144,"impact","impact_1971-1980",35.090702,-106.684514,"trem.unk","0"
"3089","MSB:Fish:4440",1978,9,5,"MSB 4440-3","JAR11095F","BP","GC","07-16-2025","M",27,20,205,"impact","impact_1971-1980",35.090702,-106.684514,"trem.unk","0"
"3090","MSB:Fish:4440",1978,9,5,"MSB 4440-5","JAR11549F","BP","GC","07-16-2025","M",26,20,151,"impact","impact_1971-1980",35.090702,-106.684514,"trem.unk","0"
"3091","MSB:Fish:4453",1978,9,5,"MSB 4453-5","JAR8940F","EO","GC","07-10-2025","M",27,22,167,"impact","impact_1971-1980",35.10562,-106.681074,"trem.unk","0"
"3092","MSB:Fish:4453",1978,9,5,"MSB 4453-1","JAR11359F","EO","KL","07-10-2025","F",36,30,577,"impact","impact_1971-1980",35.10562,-106.681074,"trem.unk","0"
"3093","MSB:Fish:4453",1978,9,5,"MSB 4453-3","JAR8938F","EO","KL","07-10-2025","M",28,22,149,"impact","impact_1971-1980",35.10562,-106.681074,"trem.unk","0"
"3094","MSB:Fish:4453",1978,9,5,"MSB 4453-2","JAR8936F","EO ","GC","07-10-2025","F",39,31,742,"impact","impact_1971-1980",35.10562,-106.681074,"trem.unk","0"
"3095","MSB:Fish:4453",1978,9,5,"MSB 4453-4","JAR8942F","EO","JG","07-10-2025",NA,26,22,143,"impact","impact_1971-1980",35.10562,-106.681074,"trem.unk","0"
"3096","MSB:Fish:4462",1978,6,14,"MSB 4462-1","JAR11541F","BP","BP","07-15-2025",NA,27,22,205,"control","control_1971-1980",35.322164,-106.557448,"trem.unk","0"
"3097","MSB:Fish:4462",1978,6,14,"MSB 4462-2","JAR11540F","BP","EO","07-15-2025","F",36,27,517,"control","control_1971-1980",35.322164,-106.557448,"trem.unk","0"
"3098","MSB:Fish:4462",1978,6,14,"MSB 4462-5","JAR11535F","BP","GC","07-15-2025","M",26,20,170,"control","control_1971-1980",35.322164,-106.557448,"trem.unk","0"
"3099","MSB:Fish:4462",1978,6,14,"MSB 4462-3","JAR11538F","BP","KL","07-15-2025","F",27,20,195,"control","control_1971-1980",35.322164,-106.557448,"trem.unk","0"
"3100","MSB:Fish:4462",1978,6,14,"MSB 4462-4","JAR11543F","BP","GC","07-15-2025","M",27,20,197,"control","control_1971-1980",35.322164,-106.557448,"trem.unk","0"
"3101","MSB:Fish:4486",1978,9,29,"MSB 4486-1","JAR11274F","JG","KL","07-11-2025","F",29,24,252,"control","control_1971-1980",35.383856,-106.490929,"trem.unk","0"
"3102","MSB:Fish:4486",1978,9,29,"MSB 4486-2","JAR11324F","JG","KL","07-11-2025","M",25,20,171,"control","control_1971-1980",35.383856,-106.490929,"trem.unk","0"
"3103","MSB:Fish:4486",1978,9,29,"MSB 4486-3","JAR11325F","KL","EO","07-11-2025","F",28,23,227,"control","control_1971-1980",35.383856,-106.490929,"trem.unk","0"
"3104","MSB:Fish:4486",1978,9,29,"MSB 4486-4","JAR11323F","KL","KL","07-11-2025",NA,27,22,226,"control","control_1971-1980",35.383856,-106.490929,"trem.unk","0"
"3105","MSB:Fish:4486",1978,9,29,"MSB 4486-5","JAR11273F","KL","KL","07-11-2025",NA,25,20,158,"control","control_1971-1980",35.383856,-106.490929,"trem.unk","0"
"3106","MSB:Fish:4748",1978,9,5,"MSB 4748-1","JAR8904F","BP","JG","07-09-2025",NA,33,25,374,"impact","impact_1971-1980",35.197227,-106.642667,"trem.unk","0"
"3107","MSB:Fish:4748",1978,9,5,"MSB 4748-3","JAR8907F","BP","EO","07-09-2025","F",34,27,362,"impact","impact_1971-1980",35.197227,-106.642667,"trem.unk","0"
"3108","MSB:Fish:4748",1978,9,5,"MSB 4748-2","JAR8909F","EO","JG","07-09-2025",NA,36,28,522,"impact","impact_1971-1980",35.197227,-106.642667,"trem.unk","0"
"3109","MSB:Fish:4748",1978,9,5,"MSB 4748-5","JAR8905F","BP","GC","07-09-2025",NA,30,24,278,"impact","impact_1971-1980",35.197227,-106.642667,"trem.unk","0"
"3110","MSB:Fish:4748",1978,9,5,"MSB 4748-4","JAR8906F","EO","GC","07-09-2025",NA,29,23,213,"impact","impact_1971-1980",35.197227,-106.642667,"trem.unk","0"
"3111","MSB:Fish:4750",1978,9,29,"MSB 4750-5","JAR8807F","EO","JG KL","07-07-2025",NA,34,27,447,"control","control_1971-1980",35.385246,-106.478952,"trem.unk","0"
"3112","MSB:Fish:4750",1978,9,29,"MSB 4750-3","JAR8809F","EO","GC","07-07-2025","F",44,35,886,"control","control_1971-1980",35.385246,-106.478952,"trem.unk","0"
"3113","MSB:Fish:4750",1978,9,29,"MSB 4750-1","JAR8811F","BP","JG GC","07-07-2025","F",40,32,703,"control","control_1971-1980",35.385246,-106.478952,"trem.unk","0"
"3114","MSB:Fish:4750",1978,9,29,"MSB 4750-4","JAR8813F","BP","KL","07-07-2025","F",39,31,703,"control","control_1971-1980",35.385246,-106.478952,"trem.unk","0"
"3115","MSB:Fish:4750",1978,9,29,"MSB 4750-2","JAR8808F","JG","KL","07-07-2025","F",41,36,1080,"control","control_1971-1980",35.385246,-106.478952,"trem.unk","0"
"3116","MSB:Fish:515",1949,11,19,"MSB 515-4","JAR11287F","EO","KL","07-14-2025","F",37,32,1145,"impact","impact_1941-1950",35.20447,-106.610066,"trem.unk","0"
"3117","MSB:Fish:515",1949,11,19,"MSB 515-1","JAR11307F","EO","KL","07-14-2025",NA,43,36,964,"impact","impact_1941-1950",35.20447,-106.610066,"trem.unk","0"
"3118","MSB:Fish:515",1949,11,19,"MSB 515-3","JAR11290F","EO","GC","07-14-2025","F",39,32,785,"impact","impact_1941-1950",35.20447,-106.610066,"trem.unk","0"
"3119","MSB:Fish:515",1949,11,19,"MSB 515-2","JAR11310F","EO","GC","07-14-2025","F",37,30,662,"impact","impact_1941-1950",35.20447,-106.610066,"trem.unk","0"
"3120","MSB:Fish:515",1949,11,19,"MSB 515-5","JAR11304F","EO","JG","07-14-2025","F",43,35,1190,"impact","impact_1941-1950",35.20447,-106.610066,"trem.unk","0"
"3121","MSB:Fish:5811",1987,9,9,"MSB 5811-4","JAR8806F","EO","KL","07-07-2025","F",34,27,481,"control","control_1981-1990",35.322164,-106.557448,"trem.unk","0"
"3122","MSB:Fish:5811",1987,9,9,"MSB 5811-5","JAR8810F","BP","GC","07-07-2025","F",32,26,411,"control","control_1981-1990",35.322164,-106.557448,"trem.unk","0"
"3123","MSB:Fish:5811",1987,9,9,"MSB 5811-2","JAR8804F","EO","GC","07-07-2025",NA,41,34,755,"control","control_1981-1990",35.322164,-106.557448,"trem.unk","0"
"3124","MSB:Fish:5811",1987,9,9,"MSB 5811-1","JAR8803F","BP","EO GC","07-07-2025","F",39,31,706,"control","control_1981-1990",35.322164,-106.557448,"trem.unk","0"
"3125","MSB:Fish:5811",1987,9,9,"MSB 5811-3","JAR8805F","BP","JG KL","07-07-2025",NA,35,27,556,"control","control_1981-1990",35.322164,-106.557448,"trem.unk","0"
"3126","MSB:Fish:5822",1987,9,10,"MSB 5822-1","JAR11343F","BP","GC","07-10-2025","F",34,26,358,"impact","impact_1981-1990",34.905272,-106.685564,"trem.unk","0"
"3127","MSB:Fish:5822",1987,9,10,"MSB 5822-5","JAR11352F","BP","JG","07-10-2025",NA,29,21,200,"impact","impact_1981-1990",34.905272,-106.685564,"trem.unk","0"
"3128","MSB:Fish:5822",1987,9,10,"MSB 5822-2","JAR11346F","BP","GC","07-10-2025","F",36,29,480,"impact","impact_1981-1990",34.905272,-106.685564,"trem.unk","0"
"3129","MSB:Fish:5822",1987,9,10,"MSB 5822-4","JAR11355F","JG","JG","07-10-2025",NA,25,20,153,"impact","impact_1981-1990",34.905272,-106.685564,"trem.unk","0"
"3130","MSB:Fish:5822",1987,9,10,"MSB 5822-3","JAR11358F","BP","JG","07-10-2025","F",41,32,826,"impact","impact_1981-1990",34.905272,-106.685564,"trem.unk","0"
"3131","MSB:Fish:62355",2000,9,14,"MSB 62355-1","JAR11052F","KL","KL","07-28-2025","F",32,25,322,"control","control_1991-2000",35.28373,-106.59878,"trem.unk","0"
"3132","MSB:Fish:62355",2000,9,14,"MSB 62355-3","JAR11053F","KL","KL","07-28-2025","F",29,24,210,"control","control_1991-2000",35.28373,-106.59878,"trem.unk","0"
"3133","MSB:Fish:62355",2000,9,14,"MSB 62355-2","JAR11055F","KL","KL","07-28-2025",NA,33,26,326,"control","control_1991-2000",35.28373,-106.59878,"trem.unk","0"
"3134","MSB:Fish:62355",2000,9,14,"MSB 62355-5","JAR11058F","KL","KL","07-28-2025",NA,25,21,152,"control","control_1991-2000",35.28373,-106.59878,"trem.unk","0"
"3135","MSB:Fish:62355",2000,9,14,"MSB 62355-4","JAR11054F","KL","KL","07-28-2025","F",32,25,308,"control","control_1991-2000",35.28373,-106.59878,"trem.unk","0"
"3136","MSB:Fish:6300",1988,11,12,"MSB 6300-5","JAR11624F","JG","GC","07-21-2025","F",33,27,377,"impact","impact_1981-1990",35.017903,-106.661847,"trem.unk","0"
"3137","MSB:Fish:6300",1988,11,12,"MSB 6300-1","JAR11625F","BP","BP","07-21-2025","M",33,26,347,"impact","impact_1981-1990",35.017903,-106.661847,"trem.unk","0"
"3138","MSB:Fish:6300",1988,11,12,"MSB 6300-4","JAR11622F","JG","BP","07-21-2025",NA,33,25,280,"impact","impact_1981-1990",35.017903,-106.661847,"trem.unk","0"
"3139","MSB:Fish:6300",1988,11,12,"MSB 6300-3","JAR11627F","BP","EO","07-21-2025","F",33,25,348,"impact","impact_1981-1990",35.017903,-106.661847,"trem.unk","0"
"3140","MSB:Fish:6300",1988,11,12,"MSB 6300-2","JAR11619F","JG","GC","07-21-2025","F",34,27,388,"impact","impact_1981-1990",35.017903,-106.661847,"trem.unk","0"
"3141","MSB:Fish:6405",1989,10,16,"MSB 6405-4","JAR11312F","BP","GC","07-14-2025","F",37,29,435,"impact","impact_1981-1990",35.089293,-106.680842,"trem.unk","0"
"3142","MSB:Fish:6405",1989,10,16,"MSB 6405-2","JAR11315F","JG","EO","07-14-2025","F",37,31,537,"impact","impact_1981-1990",35.089293,-106.680842,"trem.unk","0"
"3143","MSB:Fish:6405",1989,10,16,"MSB 6405-3","JAR11313F","JG","GC","07-14-2025","F",33,26,403,"impact","impact_1981-1990",35.089293,-106.680842,"trem.unk","0"
"3144","MSB:Fish:6405",1989,10,16,"MSB 6405-1","JAR1131F","BP","KL","07-14-2025","F",32,24,325,"impact","impact_1981-1990",35.089293,-106.680842,"trem.unk","0"
"3145","MSB:Fish:6405",1989,10,16,"MSB 6405-5","JAR11314F","JG","JG","07-14-2025",NA,34,27,398,"impact","impact_1981-1990",35.089293,-106.680842,"trem.unk","0"
"3146","MSB:Fish:68470",1984,8,15,"MSB 68470-3","JAR11608F","BP","JG","07-18-2025","F",44,33,959,"impact","impact_1981-1990",35.089293,-106.680842,"trem.unk","0"
"3147","MSB:Fish:68470",1984,8,15,"MSB 68470-1","JAR11604F","BP","KL","07-18-2025","F",41,31,874,"impact","impact_1981-1990",35.089293,-106.680842,"trem.unk","0"
"3148","MSB:Fish:68470",1984,8,15,"MSB 68470-5","JAR11601F","BP","EO","07-18-2025","F",37,29,554,"impact","impact_1981-1990",35.089293,-106.680842,"trem.unk","0"
"3149","MSB:Fish:68470",1984,8,15,"MSB 68470-2","JAR11605F","JG","GC","07-18-2025","F",37,30,568,"impact","impact_1981-1990",35.089293,-106.680842,"trem.unk","0"
"3150","MSB:Fish:68470",1984,8,15,"MSB 68470-4","JAR11611F","JG","JG","07-18-2025",NA,35,30,521,"impact","impact_1981-1990",35.089293,-106.680842,"trem.unk","0"
"3151","MSB:Fish:68483",1984,8,15,"MSB 68483-5","JAR11593F","JG","EO","07-18-2025","F",39,32,596,"impact","impact_1981-1990",35.069907,-106.658878,"trem.unk","0"
"3152","MSB:Fish:68483",1984,8,15,"MSB 68483-1","JAR11594F","JG","JG","07-18-2025","F",36,29,526,"impact","impact_1981-1990",35.069907,-106.658878,"trem.unk","0"
"3153","MSB:Fish:68483",1984,8,15,"MSB 68483-4","JAR11599","JG","GC","07-18-2025","F",37,30,507,"impact","impact_1981-1990",35.069907,-106.658878,"trem.unk","0"
"3154","MSB:Fish:68483",1984,8,15,"MSB 68483-3","JAR11602F","BP","BP","07-18-2025","F",36,29,500,"impact","impact_1981-1990",35.069907,-106.658878,"trem.unk","0"
"3155","MSB:Fish:68483",1984,8,15,"MSB 68483-2","JAR11596F","JG","KL","07-18-2025","F",35,29,498,"impact","impact_1981-1990",35.069907,-106.658878,"trem.unk","0"
"3156","MSB:Fish:68508",1984,8,15,"MSB 68508-2","JAR11591F","JG","JG","07-21-2025","F",34,27,416,"control","control_1981-1990",35.225523,-106.597651,"trem.unk","0"
"3157","MSB:Fish:68508",1984,8,15,"MSB 68508-4","JAR11588F","JG","GC","07-21-2025","F",35,28,587,"control","control_1981-1990",35.225523,-106.597651,"trem.unk","0"
"3158","MSB:Fish:68508",1984,8,15,"MSB 68508-5","JAR11587F","BP","JG","07-21-2025","F",33,25,397,"control","control_1981-1990",35.225523,-106.597651,"trem.unk","0"
"3159","MSB:Fish:68508",1984,8,15,"MSB 68508-3","JAR11585F","BP","EO","07-21-2025","F",37,28,556,"control","control_1981-1990",35.225523,-106.597651,"trem.unk","0"
"3160","MSB:Fish:68508",1984,8,15,"MSB 68508-1","JAR11590F","BP","GC","07-21-2025","F",36,27,487,"control","control_1981-1990",35.225523,-106.597651,"trem.unk","0"
"3161","MSB:Fish:68521",1984,8,16,"MSB 68521-5","JAR11597F","BP","JG","07-18-2025","F",32,25,429,"control","control_1981-1990",35.211416,-106.612833,"trem.unk","0"
"3162","MSB:Fish:68521",1984,8,16,"MSB 68521-4","JAR11598F","BP","KL","07-18-2025","F",31,24,369,"control","control_1981-1990",35.211416,-106.612833,"trem.unk","0"
"3163","MSB:Fish:68521",1984,8,16,"MSB 68521-1","JAR11600F","JG","KL","07-18-2025","F",39,31,597,"control","control_1981-1990",35.211416,-106.612833,"trem.unk","0"
"3164","MSB:Fish:68521",1984,8,16,"MSB 68521-3","JAR11595F","JG","BP","07-18-2025","F",39,31,719,"control","control_1981-1990",35.211416,-106.612833,"trem.unk","0"
"3165","MSB:Fish:68521",1984,8,16,"MSB 68521-2","JAR11603F","BP","BP","07-18-2025","F",36,27,661,"control","control_1981-1990",35.211416,-106.612833,"trem.unk","0"
"3166","MSB:Fish:7208",1989,11,4,"MSB 7208-3","JAR11518F","BP","GC","07-14-2025",NA,32,25,345,"impact","impact_1981-1990",35.205042,-106.609081,"trem.unk","0"
"3167","MSB:Fish:7208",1989,11,4,"MSB 7208-2","JAR11515F","EO","JG","07-14-2025",NA,38,31,650,"impact","impact_1981-1990",35.205042,-106.609081,"trem.unk","0"
"3168","MSB:Fish:7208",1989,11,4,"MSB 7208-5","JAR11509F","BP","GC","07-14-2025","F",34,25,381,"impact","impact_1981-1990",35.205042,-106.609081,"trem.unk","0"
"3169","MSB:Fish:7208",1989,11,4,"MSB 7208-1","JAR11510F","BP","KL","07-14-2025","F",36,26,645,"impact","impact_1981-1990",35.205042,-106.609081,"trem.unk","0"
"3170","MSB:Fish:7208",1989,11,4,"MSB 7208-4","JAR11512F","EO","GC","07-14-2025","F",37,29,482,"impact","impact_1981-1990",35.205042,-106.609081,"trem.unk","0"
"3171","MSB:Fish:7239",1989,11,12,"MSB 7230-1","JAR11606F","JG","GC","07-21-2025","F",30,23,279,"impact","impact_1981-1990",34.994298,-106.678945,"trem.unk","0"
"3172","MSB:Fish:7239",1989,11,12,"MSB 7239-4","JAR11615F","BP","EO","07-21-2025","F",29,22,268,"impact","impact_1981-1990",34.994298,-106.678945,"trem.unk","0"
"3173","MSB:Fish:7239",1989,11,12,"MSB 7239-2","JAR11612F","BP","JG","07-21-2025",NA,36,27,500,"impact","impact_1981-1990",34.994298,-106.678945,"trem.unk","0"
"3174","MSB:Fish:7239",1989,11,12,"MSB 7239-3","JAR11609F","JG","GC","07-21-2025",NA,27,22,204,"impact","impact_1981-1990",34.994298,-106.678945,"trem.unk","0"
"3175","MSB:Fish:7239",1989,11,12,"MSB 7239-5","JAR11614F","JG","EO","07-21-2025","F",30,24,281,"impact","impact_1981-1990",34.994298,-106.678945,"trem.unk","0"
"3176","MSB:Fish:73719",2002,9,16,"MSB 73719-4","JAR11050F","KL","KL","07-28-2025","F",38,31,612,"control","control_2001-2010",35.322164,-106.557448,"trem.unk","0"
"3177","MSB:Fish:73719",2002,9,16,"MSB 73719-5","JAR11051F","KL","KL","07-28-2025",NA,36,29,495,"control","control_2001-2010",35.322164,-106.557448,"trem.unk","0"
"3178","MSB:Fish:73719",2002,9,16,"MSB 73719-3","JAR11049F","KL","KL","07-28-2025","F",40,32,748,"control","control_2001-2010",35.322164,-106.557448,"trem.unk","0"
"3179","MSB:Fish:73719",2002,9,16,"MSB 73719-2","JAR11048F","KL","KL","07-28-2025","F",41,34,824,"control","control_2001-2010",35.322164,-106.557448,"trem.unk","0"
"3180","MSB:Fish:73719",2002,9,16,"MSB 73719-1","JAR11047F","KL","KL","07-28-2025",NA,37,30,488,"control","control_2001-2010",35.322164,-106.557448,"trem.unk","0"
"3181","MSB:Fish:7971",1990,10,22,"MSB 7971-2","JAR8910F","BP","EO","07-09-2025","F",29,24,264,"impact","impact_1981-1990",35.089293,-106.680842,"trem.unk","0"
"3182","MSB:Fish:7971",1990,10,22,"MSB 7971-1","JAR8912F","EO","KL","07-09-2025","F",38,30,560,"impact","impact_1981-1990",35.089293,-106.680842,"trem.unk","0"
"3183","MSB:Fish:7971",1990,10,22,"MSB 7971-3","JAR8908F","EO","BP","07-09-2025","F",33,25,370,"impact","impact_1981-1990",35.089293,-106.680842,"trem.unk","0"
"3184","MSB:Fish:7971",1990,10,22,"MSB 7971-5","JAR8916F","EO","BP","07-09-2025","F",28,21,207,"impact","impact_1981-1990",35.089293,-106.680842,"trem.unk","0"
"3185","MSB:Fish:7971",1990,10,22,"MSB 7971-4","JAR8914F","BP","GC","07-09-2025",NA,26,21,155,"impact","impact_1981-1990",35.089293,-106.680842,"trem.unk","0"
"3186","MSB:Fish:9004",1998,10,28,"MSB 9004-5","JAR11300F","JG","BP","07-14-2025","F",34,28,428,"impact","impact_1981-1990",35.196977,-106.642444,"trem.unk","0"
"3187","MSB:Fish:9004",1990,10,28,"MSB 9004-1","JAR11303F","BP","BP","07-14-2025",NA,33,27,388,"impact","impact_1981-1990",35.196977,-106.642444,"trem.unk","0"
"3188","MSB:Fish:9004",1990,10,28,"MSB 9004-4","JAR11301F","JG","GC","07-14-2025",NA,34,28,405,"impact","impact_1981-1990",35.196977,-106.642444,"trem.unk","0"
"3189","MSB:Fish:9004",1990,10,28,"MSB 9004-2","JAR11306F","JG","KL","07-14-2025",NA,32,25,351,"impact","impact_1981-1990",35.196977,-106.642444,"trem.unk","0"
"3190","MSB:Fish:9004",1990,10,28,"MSB 9004-3","JAR11309F","JG","KL","07-14-2025","F",40,32,595,"impact","impact_1981-1990",35.196977,-106.642444,"trem.unk","0"
"3191","MSB:Fish:9011",1990,10,28,"MSB 9011-1","JAR11099F","JG","GC","07-16-2025",NA,36,30,481,"control","control_1981-1990",35.28086111,-106.5988056,"trem.unk","0"
"3192","MSB:Fish:9011",1990,10,28,"MSB 9011-3","JAR11104F","JG","JG","07-16-2025",NA,35,27,423,"control","control_1981-1990",35.28086111,-106.5988056,"trem.unk","0"
"3193","MSB:Fish:9011",1990,10,28,"MSB 9011-5","JAR11101F","JG","KL","07-16-2025",NA,30,24,291,"control","control_1981-1990",35.28086111,-106.5988056,"trem.unk","0"
"3194","MSB:Fish:9011",1990,10,28,"MSB 9011-4","JAR11096F","BP","GC","07-16-2025","F",32,23,324,"control","control_1981-1990",35.28086111,-106.5988056,"trem.unk","0"
"3195","MSB:Fish:9011",1990,10,28,"MSB 9011-2","JAR11102F","JG","GC","07-16-2025",NA,36,31,550,"control","control_1981-1990",35.28086111,-106.5988056,"trem.unk","0"
"3196","MSB:Fish:9465",1989,2,26,"MSB 9465-1","JAR11536F","EO","KL","07-15-2025","F",38,31,553,"impact","impact_1981-1990",34.917008,-106.675195,"trem.unk","0"
"3197","MSB:Fish:9465",1989,2,26,"MSB 9465-4","JAR11539F","EO","KL","07-15-2025","F",47,38,1063,"impact","impact_1981-1990",34.917008,-106.675195,"trem.unk","0"
"3198","MSB:Fish:9465",1989,2,26,"MSB 9465-3","JAR11542F","BP","GC","07-15-2025",NA,39,30,565,"impact","impact_1981-1990",34.917008,-106.675195,"trem.unk","0"
"3199","MSB:Fish:9465",1989,2,26,"MSB 9465-5","JAR11533F","BP","JG","07-15-2025",NA,39,30,778,"impact","impact_1981-1990",34.917008,-106.675195,"trem.unk","0"
"3200","MSB:Fish:9465",1989,2,26,"MSB 9465-2","JAR11537F","EO","GC","07-15-2025","F",47,38,1184,"impact","impact_1981-1990",34.917008,-106.675195,"trem.unk","0"
"3201","MSB:Fish:1078",1939,1,30,"MSB 1078-1","JAR11299F","BP","JG","07-14-2025","F",40,31,647,"impact","impact_1931-1940",35.087167,-106.682164,"nem.larv","0"
"3202","MSB:Fish:1078",1939,1,30,"MSB 1078-2","JAR11302F","JG","KL","07-14-2025",NA,41,32,699,"impact","impact_1931-1940",35.087167,-106.682164,"nem.larv","0"
"3203","MSB:Fish:1078",1939,1,30,"MSB 1078-3","JAR11305F","BP","KL","07-14-2025",NA,43,35,798,"impact","impact_1931-1940",35.087167,-106.682164,"nem.larv","0"
"3204","MSB:Fish:1078",1939,1,30,"MSB 1078-4","JAR11320F","JG","GC","07-14-2025","F",43,37,1027,"impact","impact_1931-1940",35.087167,-106.682164,"nem.larv","0"
"3205","MSB:Fish:1078",1939,1,30,"MSB 1078-5","JAR11308F","BP","KL","07-14-2025",NA,39,29,627,"impact","impact_1931-1940",35.087167,-106.682164,"nem.larv","0"
"3206","MSB:Fish:1079",1941,9,14,"MSB 1079-5","JAR11311F","JG","KL","07-14-2025",NA,37,29,441,"impact","impact_1941-1950",35.096748,-106.692027,"nem.larv","0"
"3207","MSB:Fish:1079",1941,9,14,"MSB 1079-3","JAR11332F","BP","GC","07-14-2025","F",33,25,457,"impact","impact_1941-1950",35.096748,-106.692027,"nem.larv","0"
"3208","MSB:Fish:1079",1941,9,14,"MSB 1079-1","JAR11334F","BP","GC","07-14-2025",NA,29,24,231,"impact","impact_1941-1950",35.096748,-106.692027,"nem.larv","0"
"3209","MSB:Fish:1079",1941,9,14,"MSB 1079-2","JAR11331F","JG","KL","07-14-2025",NA,35,29,447,"impact","impact_1941-1950",35.096748,-106.692027,"nem.larv","0"
"3210","MSB:Fish:1079",1941,9,14,"MSB 1079-4","JAR11333F","BP","GC","07-14-2025","F",44,33,754,"impact","impact_1941-1950",35.096748,-106.692027,"nem.larv","0"
"3211","MSB:Fish:1081",1939,3,17,"MSB 1081-5","JAR8835F","BP","EO","07-08-2025","F",28,22,226,"impact","impact_1931-1940",35.072363,-106.668064,"nem.larv","0"
"3212","MSB:Fish:1081",1939,3,17,"MSB 1081-4","JAR8832F","JG","KL","07-08-2025","F",27,22,188,"impact","impact_1931-1940",35.072363,-106.668064,"nem.larv","0"
"3213","MSB:Fish:1081",1939,3,17,"MSB 1081-2","JAR8836","JG","BP","07-08-2025",NA,29,24,239,"impact","impact_1931-1940",35.072363,-106.668064,"nem.larv","0"
"3214","MSB:Fish:1081",1939,3,17,"MSB 1081-1","JAR8837F","BP","BP","07-08-2025","F",43,33,868,"impact","impact_1931-1940",35.072363,-106.668064,"nem.larv","0"
"3215","MSB:Fish:1081",1939,3,17,"MSB 1081-3","JAR8834F","BP","JG","07-08-2025",NA,27,21,176,"impact","impact_1931-1940",35.072363,-106.668064,"nem.larv","0"
"3216","MSB:Fish:1082",1938,10,18,"MSB 1082-1","JAR8930F","BP","EO","07-09-2025","F",41,32,722,"impact","impact_1931-1940",35.100259,-106.692107,"nem.larv","0"
"3217","MSB:Fish:1082",1938,10,18,"MSB 1082-4","JAR8934F","BP","BP","07-09-2025",NA,31,24,264,"impact","impact_1931-1940",35.100259,-106.692107,"nem.larv","0"
"3218","MSB:Fish:1082",1938,10,18,"MSB 1082-2","JAR8928F","EO","GC","07-09-2025","F",40,33,627,"impact","impact_1931-1940",35.100259,-106.692107,"nem.larv","0"
"3219","MSB:Fish:1082",1938,10,18,"MSB 1082-5","JAR8927F","EO","KL","07-09-2025",NA,25,21,140,"impact","impact_1931-1940",35.100259,-106.692107,"nem.larv","0"
"3220","MSB:Fish:1082",1938,10,18,"MSB 1082-3","JAR8929F","EO","KL","07-09-2025","F",34,28,397,"impact","impact_1931-1940",35.100259,-106.692107,"nem.larv","0"
"3221","MSB:Fish:1085",1939,5,13,"MSB 1085-5","JAR8935F","JG","GC","07-10-2025","F",50,39,1499,"impact","impact_1931-1940",35.192334,-106.619678,"nem.larv","0"
"3222","MSB:Fish:1085",1939,5,13,"MSB 1085-4","JAR8941F","JG","KL","07-10-2025","F",44,36,1060,"impact","impact_1931-1940",35.192334,-106.619678,"nem.larv","0"
"3223","MSB:Fish:1085",1939,5,13,"MSB 1085-1","JAR8932F","JG","KL","07-10-2025","F",41,33,809,"impact","impact_1931-1940",35.192334,-106.619678,"nem.larv","0"
"3224","MSB:Fish:1085",1939,5,13,"MSB 1085-3","JAR8939F","JG","KL","07-10-2025","F",42,34,861,"impact","impact_1931-1940",35.192334,-106.619678,"nem.larv","0"
"3225","MSB:Fish:1085",1939,5,13,"MSB 1085-2","JAR8937F","JG","GC","07-10-2025","M",26,21,147,"impact","impact_1931-1940",35.192334,-106.619678,"nem.larv","0"
"3226","MSB:Fish:1086",1939,4,22,"MSB 1086-2","JAR8900F","BP","GC","07-07-2025","F",45,36,994,"impact","impact_1931-1940",35.173111,-106.626066,"nem.larv","0"
"3227","MSB:Fish:1086",1939,4,22,"MSB 1086-5","JAR8792F","JG","GC","07-07-2025","F",46,35,1207,"impact","impact_1931-1940",35.173111,-106.626066,"nem.larv","0"
"3228","MSB:Fish:1086",1939,4,22,"MSB1086-4","JAR8791F","BP","KL","07-07-2025","F",39,30,752,"impact","impact_1931-1940",35.173111,-106.626066,"nem.larv","0"
"3229","MSB:Fish:1086",1939,4,22,"MSB 1086-1","JAR8898F","BP","KL","07-07-2025","F",47,37,1182,"impact","impact_1931-1940",35.173111,-106.626066,"nem.larv","0"
"3230","MSB:Fish:1086",1939,4,22,"MSB 1086-3","JAR8902F","BP","KL","07-07-2025",NA,42,35,1023,"impact","impact_1931-1940",35.173111,-106.626066,"nem.larv","0"
"3231","MSB:Fish:1089",1939,1,24,"MSB 1089-3","JAR11117F","BP","GC","07-16-2025","F",38,29,552,"impact","impact_1931-1940",35.087167,-106.682164,"nem.larv","0"
"3232","MSB:Fish:1089",1939,1,24,"MSB 1089-5","JAR11111F","BP","KL","07-16-2025",NA,35,28,476,"impact","impact_1931-1940",35.087167,-106.682164,"nem.larv","0"
"3233","MSB:Fish:1089",1939,1,24,"MSB 1089-1","JAR11112F","BP","KL","07-16-2025","F",40,33,666,"impact","impact_1931-1940",35.087167,-106.682164,"nem.larv","0"
"3234","MSB:Fish:1089",1939,1,24,"MSB 1089-4","JAR11114F","BP","KL","07-16-2025","F",40,33,741,"impact","impact_1931-1940",35.087167,-106.682164,"nem.larv","0"
"3235","MSB:Fish:1089",1939,1,24,"MSB 1089-2","JAR11109F","BP","GC","07-16-2025",NA,38,30,571,"impact","impact_1931-1940",35.087167,-106.682164,"nem.larv","0"
"3236","MSB:Fish:10898",1992,7,9,"MSB 10898-5","JAR11023F","KL","KL","07-28-2025",NA,25,20,139,"control","control_1991-2000",35.211277,-106.611666,"nem.larv","0"
"3237","MSB:Fish:10898",1992,7,9,"MSB 10898-4","JAR11046F","KL","KL","07-28-2025","F",31,25,309,"control","control_1991-2000",35.211277,-106.611666,"nem.larv","0"
"3238","MSB:Fish:10898",1992,7,9,"MSB 10898-3","JAR11040F","KL","KL","07-28-2025","F",24,19,123,"control","control_1991-2000",35.211277,-106.611666,"nem.larv","0"
"3239","MSB:Fish:10898",1992,7,9,"MSB 10898-2","JAR11038F","KL","KL","07-28-2025","M",26,21,118,"control","control_1991-2000",35.211277,-106.611666,"nem.larv","0"
"3240","MSB:Fish:10898",1992,7,9,"MSB 10898-1","JAR11039F","KL","KL","07-28-2025","M",22,18,90,"control","control_1991-2000",35.211277,-106.611666,"nem.larv","0"
"3241","MSB:Fish:1090",1939,6,9,"MSB 1090-4","JAR11354F","BP","GC","07-10-2025","M",25,19,132,"impact","impact_1931-1940",34.906619,-106.685289,"nem.larv","0"
"3242","MSB:Fish:1090",1939,6,9,"MSB 1090-2","JAR11351F","BP","JG","07-10-2025","F",37,30,670,"impact","impact_1931-1940",34.906619,-106.685289,"nem.larv","0"
"3243","MSB:Fish:1090",1939,6,9,"MSB 1090-5","JAR11349F","BP","KL","07-10-2025","F",29,24,323,"impact","impact_1931-1940",34.906619,-106.685289,"nem.larv","0"
"3244","MSB:Fish:1090",1939,6,9,"MSB 1090-3","JAR11357F","BP","EO","07-10-2025","F",33,25,483,"impact","impact_1931-1940",34.906619,-106.685289,"nem.larv","0"
"3245","MSB:Fish:1090",1939,6,9,"MSB 1090-1","JAR11348F","BP","GC","07-10-2025","F",39,30,751,"impact","impact_1931-1940",34.906619,-106.685289,"nem.larv","0"
"3246","MSB:Fish:10922",1992,7,9,"MSB 10922-3","JAR11592F","BP","KL","07-18-2025","F",33,25,400,"impact","impact_1991-2000",35.10469444,-106.6916667,"nem.larv","0"
"3247","MSB:Fish:10922",1992,7,9,"MSB 10922-5","JAR115843F","BP","GC","07-18-2025","F",30,24,322,"impact","impact_1991-2000",35.10469444,-106.6916667,"nem.larv","0"
"3248","MSB:Fish:10922",1992,7,9,"MSB 10922-4","JAR11584F","JG","GC","07-18-2025","F",27,22,141,"impact","impact_1991-2000",35.10469444,-106.6916667,"nem.larv","0"
"3249","MSB:Fish:10922",1992,7,9,"MSB 10922-2","JAR11586F","JG","GC","07-18-2025","F",25,20,143,"impact","impact_1991-2000",35.10469444,-106.6916667,"nem.larv","0"
"3250","MSB:Fish:10922",1992,7,9,"MSB 10922-1","JAR11589F","JG","KL","07-18-2025","F",30,25,362,"impact","impact_1991-2000",35.10469444,-106.6916667,"nem.larv","0"
"3251","MSB:Fish:10944",1992,7,15,"MSB 10944-2","JAR11565F","BP","GC","07-17-2025","F",37,29,751,"impact","impact_1991-2000",35.089293,-106.680842,"nem.larv","0"
"3252","MSB:Fish:10944",1992,7,15,"MSB 10944-3","JAR11566F","BP","GC","07-17-2025","F",48,36,1418,"impact","impact_1991-2000",35.089293,-106.680842,"nem.larv","0"
"3253","MSB:Fish:10944",1992,7,15,"MSB 10944-4","JAR11564F","BP","KL","07-17-2025","F",34,27,538,"impact","impact_1991-2000",35.089293,-106.680842,"nem.larv","0"
"3254","MSB:Fish:10944",1992,7,15,"MSB 10944-5","JAR11567F","BP","KL","07-17-2025","F",35,27,542,"impact","impact_1991-2000",35.089293,-106.680842,"nem.larv","0"
"3255","MSB:Fish:10944",1992,7,15,"MSB 10944-1","JAR11568F","BP","GC","07-17-2025","F",43,33,1179,"impact","impact_1991-2000",35.089293,-106.680842,"nem.larv","0"
"3256","MSB:Fish:1098",1939,5,13,"MSB 1098-4","JAR8819F","EO","KL","07-07-2025","F",32,25,352,"impact","impact_1931-1940",35.189406,-106.625396,"nem.larv","0"
"3257","MSB:Fish:1098",1939,5,13,"MSB 1098-2","JAR8815F","EO","GC","07-07-2025","F",41,33,887,"impact","impact_1931-1940",35.189406,-106.625396,"nem.larv","0"
"3258","MSB:Fish:1098",1939,5,13,"MSB 1098-3","JAR8817F","EO","KL","07-07-2025",NA,30,24,257,"impact","impact_1931-1940",35.189406,-106.625396,"nem.larv","0"
"3259","MSB:Fish:1098",1939,5,13,"MSB 1098-5","JAR8812F","EO","KL","07-07-2025",NA,41,33,697,"impact","impact_1931-1940",35.189406,-106.625396,"nem.larv","0"
"3260","MSB:Fish:1098",1939,5,13,"MSB 1098-1","JAR8814F","EO","KL","07-08-2025","F",46,37,1164,"impact","impact_1931-1940",35.189406,-106.625396,"nem.larv","0"
"3261","MSB:Fish:1100",1939,2,26,"MSB 1100-4","JAR8824F","BP","KL","07-08-2025","F",28,24,303,"impact","impact_1931-1940",35.072363,-106.668064,"nem.larv","0"
"3262","MSB:Fish:1100",1939,2,26,"MSB 1100-3","JAR8823F","JG","KL","07-08-2025",NA,33,25,326,"impact","impact_1931-1940",35.072363,-106.668064,"nem.larv","0"
"3263","MSB:Fish:1100",1939,2,26,"MSB 1100-1","JAR8825F","JG","KL","07-08-2025","F",43,33,679,"impact","impact_1931-1940",35.072363,-106.668064,"nem.larv","0"
"3264","MSB:Fish:1100",1939,2,26,"MSB 1100-2","JAR8827F","BP","EO ","07-08-2025","F",28,25,318,"impact","impact_1931-1940",35.072363,-106.668064,"nem.larv","0"
"3265","MSB:Fish:1100",1939,2,26,"MSB 1100-5","JAR8829F","JG","KL","07-08-2025",NA,26,23,226,"impact","impact_1931-1940",35.072363,-106.668064,"nem.larv","0"
"3266","MSB:Fish:1105",1939,1,20,"MSB 1105-1","JAR11362F","JG","GC","07-10-2025",NA,30,24,202,"impact","impact_1931-1940",35.100259,-106.692107,"nem.larv","0"
"3267","MSB:Fish:1105",1939,1,30,"MSB 1105-5","JAR11360F","JG","KL","07-10-2025",NA,36,28,396,"impact","impact_1931-1940",35.100259,-106.692107,"nem.larv","0"
"3268","MSB:Fish:1105",1939,1,30,"MSB 1105-3","JAR11361F","JG","KL","07-10-2025",NA,40,36,728,"impact","impact_1931-1940",35.100259,-106.692107,"nem.larv","0"
"3269","MSB:Fish:1105",1939,1,30,"MSB 1105-2","JAR11365F","JG","JG","07-10-2025",NA,27,23,158,"impact","impact_1931-1940",35.100259,-106.692107,"nem.larv","0"
"3270","MSB:Fish:1105",1939,1,30,"MSB 1105-4","JAR11368F","EO","EO","07-10-2025",NA,40,32,456,"impact","impact_1931-1940",35.100259,-106.692107,"nem.larv","0"
"3271","MSB:Fish:11095",1992,7,21,"MSB 11095-1","JAR11015F","KL","KL","07-23-2025",NA,26,21,178,"impact","impact_1991-2000",35.027111,-106.672944,"nem.larv","0"
"3272","MSB:Fish:11095",1992,7,21,"MSB 11095-3","JAR11013F","KL","KL","07-23-2025","F",35,28,526,"impact","impact_1991-2000",35.027111,-106.672944,"nem.larv","0"
"3273","MSB:Fish:11095",1992,7,21,"MSB 11095-2","JAR11016F","KL","KL","07-23-2025","F",33,27,385,"impact","impact_1991-2000",35.027111,-106.672944,"nem.larv","0"
"3274","MSB:Fish:11095",1992,7,21,"MSB 11095-4","JAR11000F","KL","KL","07-23-2025","F",31,25,375,"impact","impact_1991-2000",35.027111,-106.672944,"nem.larv","0"
"3275","MSB:Fish:11095",1992,7,21,"MSB 11095-5","JAR11003F","KL","KL","07-23-2025",NA,32,26,460,"impact","impact_1991-2000",35.027111,-106.672944,"nem.larv","0"
"3276","MSB:Fish:11126",1992,7,22,"MSB 11126-2","JAR11562F","JG","BP","07-17-2025","F",37,30,634,"impact","impact_1991-2000",34.97052778,-106.6911111,"nem.larv","0"
"3277","MSB:Fish:11126",1992,7,22,"MSB 11126-3","JAR11560F","JG","BP","07-17-2025","F",31,25,355,"impact","impact_1991-2000",34.97052778,-106.6911111,"nem.larv","0"
"3278","MSB:Fish:11126",1992,7,22,"MSB 11126-1","JAR11561F","EO","EO","07-17-2025","F",45,36,1113,"impact","impact_1991-2000",34.97052778,-106.6911111,"nem.larv","0"
"3279","MSB:Fish:11126",1992,7,22,"MSB 11126-4","JAR11559F","JG","GC","07-17-2025","F",40,34,733,"impact","impact_1991-2000",34.97052778,-106.6911111,"nem.larv","0"
"3280","MSB:Fish:11126",1992,7,22,"MSB 11126-5","JAR11558F","EO","KL","07-17-2025","M",26,21,179,"impact","impact_1991-2000",34.97052778,-106.6911111,"nem.larv","0"
"3281","MSB:Fish:11194",1992,7,24,"MSB 11194-2","JAR11570F","EO","KL","07-17-2025","M",26,22,151,"impact","impact_1991-2000",34.92872222,-106.6818611,"nem.larv","0"
"3282","MSB:Fish:11194",1992,7,24,"MSB 11194-3","JAR11569F","EO","GC","07-17-2025",NA,28,22,159,"impact","impact_1991-2000",34.92872222,-106.6818611,"nem.larv","0"
"3283","MSB:Fish:11194",1992,7,24,"MSB 11194-5","JAR11572F","EO","KL","07-17-2025",NA,36,29,658,"impact","impact_1991-2000",34.92872222,-106.6818611,"nem.larv","0"
"3284","MSB:Fish:11194",1992,7,24,"MSB 11194-4","JAR11571F","EO","EO","07-17-2025","F",35,27,456,"impact","impact_1991-2000",34.92872222,-106.6818611,"nem.larv","0"
"3285","MSB:Fish:11194",1992,7,24,"MSB 11194-1","JAR11563F","EO","GC","07-17-2025","F",29,24,333,"impact","impact_1991-2000",34.92872222,-106.6818611,"nem.larv","0"
"3286","MSB:Fish:12010",1992,9,28,"MSB 12010-3","JAR11037F","KL","KL","07-28-2025","F",28,23,210,"control","control_1991-2000",35.211416,-106.612833,"nem.larv","0"
"3287","MSB:Fish:12010",1992,9,28,"MSB 12010-2","JAR11056F","KL","KL","07-28-2025",NA,27,21.5,211,"control","control_1991-2000",35.211416,-106.612833,"nem.larv","0"
"3288","MSB:Fish:12010",1992,9,28,"MSB 12010-1","JAR11057F","KL","KL","07-28-2025","F",36,29,446,"control","control_1991-2000",35.211416,-106.612833,"nem.larv","0"
"3289","MSB:Fish:12010",1992,9,28,"MSB 12010-5","JAR11045F","KL","KL","07-28-2025","F",25,20,156,"control","control_1991-2000",35.211416,-106.612833,"nem.larv","0"
"3290","MSB:Fish:12010",1992,9,28,"MSB 12010-4","JAR11044F","KL","KL","07-28-2025","F",28,21,210,"control","control_1991-2000",35.211416,-106.612833,"nem.larv","0"
"3291","MSB:Fish:12531",1992,11,13,"MSB 12531-1","JAR11267F","EO","GC","07-11-2025",NA,46,38,1030,"control","control_1991-2000",35.380486,-106.502059,"nem.larv","0"
"3292","MSB:Fish:12531",1992,11,13,"MSB 12531-4","JAR11265F","EO","KL","07-11-2025",NA,31,25,317,"control","control_1991-2000",35.380486,-106.502059,"nem.larv","0"
"3293","MSB:Fish:12531",1992,11,13,"MSB 12531-5","JAR11266F","EO","BP","07-11-2025","F",48,40,1190,"control","control_1991-2000",35.380486,-106.502059,"nem.larv","0"
"3294","MSB:Fish:12531",1992,11,13,"MSB 12531-2","JAR11263F","EO","KL","07-11-2025",NA,34,27,414,"control","control_1991-2000",35.380486,-106.502059,"nem.larv","0"
"3295","MSB:Fish:12531",1992,11,13,"MSB 12531-3","JAR11264F","EO","KL","07-11-2025","F",35,28,445,"control","control_1991-2000",35.380486,-106.502059,"nem.larv","0"
"3296","MSB:Fish:14485",1993,7,13,"MSB 14485-1","JAR11128F","EO","GC","07-17-2025",NA,41,34,760,"impact","impact_1991-2000",34.929964,-106.681431,"nem.larv","0"
"3297","MSB:Fish:14485",1993,7,13,"MSB 14485-5","JAR11127F","JG","JG","07-17-2025",NA,24,20,116,"impact","impact_1991-2000",34.929964,-106.681431,"nem.larv","0"
"3298","MSB:Fish:14485",1993,7,13,"MSB 14485-4","JAR11129F","EO","GC","07-17-2025","F",30,23,247,"impact","impact_1991-2000",34.929964,-106.681431,"nem.larv","0"
"3299","MSB:Fish:14485",1993,7,13,"MSB 14485-3","JAR11557F","EO","KL","07-17-2025","F",37,29,520,"impact","impact_1991-2000",34.929964,-106.681431,"nem.larv","0"
"3300","MSB:Fish:14485",1993,7,13,"MSB 14485-2","JAR11130F","JG","GC","07-17-2025","F",43,35,751,"impact","impact_1991-2000",34.929964,-106.681431,"nem.larv","0"
"3301","MSB:Fish:18799",1993,8,12,"MSB 18799-5","JAR11578F","BP","KL","07-17-2025","F",30,23,274,"control","control_1991-2000",35.280904,-106.597587,"nem.larv","0"
"3302","MSB:Fish:18799",1993,8,12,"MSB 18799-2","JAR11582F","BP","KL","07-17-2025","F",31,25,375,"control","control_1991-2000",35.280904,-106.597587,"nem.larv","0"
"3303","MSB:Fish:18799",1993,8,12,"MSB 18799-4","JAR11579F","BP","GC","07-17-2025","F",32,26,344,"control","control_1991-2000",35.280904,-106.597587,"nem.larv","0"
"3304","MSB:Fish:18799",1993,8,12,"MSB 18799-3","JAR11580","BP","EO","07-17-2025","F",36,28,509,"control","control_1991-2000",35.280904,-106.597587,"nem.larv","0"
"3305","MSB:Fish:18799",1993,8,12,"MSB 18799-1","JAR11581F","BP","KL","07-17-2025","M",29,23,249,"control","control_1991-2000",35.280904,-106.597587,"nem.larv","0"
"3306","MSB:Fish:19155",1993,8,4,"MSB 19155-1","JAR11020F","KL","KL","07-23-2025","F",38,30,585,"impact","impact_1991-2000",35.017503,-106.672569,"nem.larv","0"
"3307","MSB:Fish:19155",1993,8,4,"MSB 19155-2","JAR11021F","KL","KL","07-23-2025","F",34,28,495,"impact","impact_1991-2000",35.017503,-106.672569,"nem.larv","0"
"3308","MSB:Fish:19155",1993,8,4,"MSB 19155-3","JAR11022F","KL","KL","07-23-2025","F",31,26,355,"impact","impact_1991-2000",35.017503,-106.672569,"nem.larv","0"
"3309","MSB:Fish:19155",1993,8,4,"MSB 19155-5","JAR11012F","KL","KL","07-23-2025","F",38,32,697,"impact","impact_1991-2000",35.017503,-106.672569,"nem.larv","0"
"3310","MSB:Fish:19155",1993,8,4,"MSB 19155-4","JAR11027F","KL","KL","07-23-2025","F",34,28,NA,"impact","impact_1991-2000",35.017503,-106.672569,"nem.larv","0"
"3311","MSB:Fish:19170",1993,8,4,"MSB 19170-3","JAR8800F","BP","BP GC","07-07-2025","F",34,26,421,"impact","impact_1991-2000",35.008358,-106.678909,"nem.larv","0"
"3312","MSB:Fish:19170",1993,8,4,"MSB 19170-5","JAR8798F","EO","JG","07-07-2025","F",32,25,353,"impact","impact_1991-2000",35.008358,-106.678909,"nem.larv","0"
"3313","MSB:Fish:19170",1993,8,4,"MSB 19170-1","JAR8802F","BP","GC","07-07-2025","F",31,24,355,"impact","impact_1991-2000",35.008358,-106.678909,"nem.larv","0"
"3314","MSB:Fish:19170",1993,8,4,"MSB 19170-4","JAR8799F","EO","BP","07-07-2025","F",34,27,460,"impact","impact_1991-2000",35.008358,-106.678909,"nem.larv","0"
"3315","MSB:Fish:19170",1993,8,4,"MSB 19170-2","JAR8801F","EO","BP KL","07-07-2025",NA,35,27,481,"impact","impact_1991-2000",35.008358,-106.678909,"nem.larv","0"
"3316","MSB:Fish:2795",1969,4,2,"MSB 2795-4","JAR8920F","BP","KL","07-09-2025","F",29,24,236,"control","control_1961-1970",35.253452,-106.592892,"nem.larv","0"
"3317","MSB:Fish:2795",1969,4,2,"MSB 2795-5","JAR8919F","BP","JG","07-09-2025",NA,25,19,105,"control","control_1961-1970",35.253452,-106.592892,"nem.larv","0"
"3318","MSB:Fish:2795",1969,4,2,"MSB 2795-2","JAR8925F","BP","GC","07-09-2025",NA,31,24,325,"control","control_1961-1970",35.253452,-106.592892,"nem.larv","0"
"3319","MSB:Fish:2795",1969,4,2,"MSB 2795-1","JAR8932F","BP","JG","07-09-2025",NA,45,35,820,"control","control_1961-1970",35.253452,-106.592892,"nem.larv","0"
"3320","MSB:Fish:2795",1969,4,2,"MSB 2795-3","JAR8921F","BP","GC","07-09-2025",NA,46,37,885,"control","control_1961-1970",35.253452,-106.592892,"nem.larv","0"
"3321","MSB:Fish:280",1949,10,28,"MSB 280-3","JAR8830F","BP","EO","07-08-2025","F",28,20,184,"impact","impact_1941-1950",35.155761,-106.655157,"nem.larv","0"
"3322","MSB:Fish:280",1949,10,28,"MSB 280-4","JAR8828F","JG","JG","07-08-2025",NA,43,35,824,"impact","impact_1941-1950",35.155761,-106.655157,"nem.larv","0"
"3323","MSB:Fish:280",1949,10,28,"MSB 280-1","JAR8833F","BP","BP","07-08-2025",NA,33,26,379,"impact","impact_1941-1950",35.155761,-106.655157,"nem.larv","0"
"3324","MSB:Fish:280",1949,10,28,"MSB 280-5","JAR8826F","JG","JG","07-08-2025",NA,28,23,238,"impact","impact_1941-1950",35.155761,-106.655157,"nem.larv","0"
"3325","MSB:Fish:280",1949,10,28,"MSB 280-2","JAR8831F","JG","KL","07-08-2025","F",42,33,733,"impact","impact_1941-1950",35.155761,-106.655157,"nem.larv","0"
"3326","MSB:Fish:285",1961,2,17,"MSB 285-3","JAR11528F","EO","KL","07-15-2025","F",42,34,741,"impact","impact_1961-1970",35.051774,-106.671997,"nem.larv","0"
"3327","MSB:Fish:285",1961,2,17,"MSB 285-2","JAR11525F","BP","GC","07-15-2025",NA,32,25,318,"impact","impact_1961-1970",35.051774,-106.671997,"nem.larv","0"
"3328","MSB:Fish:285",1961,2,17,"MSB 285-1","JAR11517F","EO","KL","07-15-2025","F",46,37,1064,"impact","impact_1961-1970",35.051774,-106.671997,"nem.larv","0"
"3329","MSB:Fish:285",1961,2,17,"MSB 285-4","JAR11530F","BP","KL","07-15-2025","F",34,26,419,"impact","impact_1961-1970",35.051774,-106.671997,"nem.larv","0"
"3330","MSB:Fish:285",1961,2,17,"MSB 285-5","JAR11520F","EO","EO","07-15-2025","F",29,23,224,"impact","impact_1961-1970",35.051774,-106.671997,"nem.larv","0"
"3331","MSB:Fish:288",1949,12,3,"MSB 288-1","JAR11272F","BP","GC","07-11-2025","F",41,32,695,"impact","impact_1941-1950",35.068939,-106.663683,"nem.larv","0"
"3332","MSB:Fish:288",1949,12,3,"MSB 288-4","JAR11269F","BP","BP","07-11-2025",NA,28,22,247,"impact","impact_1941-1950",35.068939,-106.663683,"nem.larv","0"
"3333","MSB:Fish:288",1949,12,3,"MSB 288-5","JAR11268F","EO","EO","07-11-2025","F",35,28,413,"impact","impact_1941-1950",35.068939,-106.663683,"nem.larv","0"
"3334","MSB:Fish:288",1949,12,3,"MSB 288-3","JAR11270F","EO","KL","07-11-2025","F",49,40,1240,"impact","impact_1941-1950",35.068939,-106.663683,"nem.larv","0"
"3335","MSB:Fish:288",1949,12,3,"MSB 288-2","JAR11271F","BP","BP","07-11-2025",NA,30,27,461,"impact","impact_1941-1950",35.068939,-106.663683,"nem.larv","0"
"3336","MSB:Fish:292",1961,2,12,"MSB 292-3","JAR11553F","JG","KL","07-16-2025","M",25,21,138,"control","control_1961-1970",35.408152,-106.470544,"nem.larv","0"
"3337","MSB:Fish:292",1961,2,12,"MSB 292-1","JAR11556F","BP","KL","07-16-2025","M",31,24,273,"control","control_1961-1970",35.408152,-106.470544,"nem.larv","0"
"3338","MSB:Fish:292",1961,2,12,"MSB 292-5","JAR11547F","JG","JG","07-16-2025",NA,25,21,167,"control","control_1961-1970",35.408152,-106.470544,"nem.larv","0"
"3339","MSB:Fish:292",1961,2,12,"MSB 292-4","JAR11550F","BP","KL","07-16-2025","F",33,25,342,"control","control_1961-1970",35.408152,-106.470544,"nem.larv","0"
"3340","MSB:Fish:292",1961,2,12,"MSB 292-2","JAR11534F","JG","JG","07-16-2025",NA,25,20,132,"control","control_1961-1970",35.408152,-106.470544,"nem.larv","0"
"3341","MSB:Fish:305",1949,7,21,"MSB 305-2","JAR8913F","BP","GC","07-09-2025",NA,41,32,810,"impact","impact_1941-1950",35.204443,-106.610046,"nem.larv","0"
"3342","MSB:Fish:305",1949,7,21,"MSB 305-3","JAR8915F","BP","KL","07-09-2025","F",39,31,840,"impact","impact_1941-1950",35.204443,-106.610046,"nem.larv","0"
"3343","MSB:Fish:305",1949,7,21,"MSB 305-1","JAR8911F","BP","JG","07-09-2025","F",38,30,653,"impact","impact_1941-1950",35.204443,-106.610046,"nem.larv","0"
"3344","MSB:Fish:305",1949,7,21,"MSB 305-5","JAR8918F","BP","KL","07-09-2025",NA,41,34,848,"impact","impact_1941-1950",35.204443,-106.610046,"nem.larv","0"
"3345","MSB:Fish:305",1949,7,21,"MSB 305-4","JAR8917F","BP","EO","07-09-2025","F",26,21,146,"impact","impact_1941-1950",35.204443,-106.610046,"nem.larv","0"
"3346","MSB:Fish:307",1959,2,24,"MSB 307-1","JAR8797F","BP","GC","07-07-2025","F",30,24,257,"impact","impact_1951-1960",34.987044,-106.690293,"nem.larv","0"
"3347","MSB:Fish:307",1959,2,24,"MSB 307-2","JAR8796F","JG","KL","07-07-2025","F",31,23,295,"impact","impact_1951-1960",34.987044,-106.690293,"nem.larv","0"
"3348","MSB:Fish:307",1959,2,24,"MSB 307-5","JAR8793F","JG","GC","07-07-2025",NA,33,24,304,"impact","impact_1951-1960",34.987044,-106.690293,"nem.larv","0"
"3349","MSB:Fish:307",1959,2,24,"MSB 307-4","JAR8794F","BP","KL","07-07-2025","F",31,26,296,"impact","impact_1951-1960",34.987044,-106.690293,"nem.larv","0"
"3350","MSB:Fish:307",1959,2,24,"MSB 307-3","JAR8795F","BP","KL","07-07-2025",NA,31,25,277,"impact","impact_1951-1960",34.987044,-106.690293,"nem.larv","0"
"3351","MSB:Fish:30771",1996,10,30,"MSB 30771-3","JAR11025F","KL","KL","07-28-2025",NA,39,32,613,"control","control_1991-2000",35.38033333,-106.4990556,"nem.larv","0"
"3352","MSB:Fish:30771",1996,10,30,"MSB 30771-2","JAR11024F","KL","KL","07-28-2025",NA,34,27,361,"control","control_1991-2000",35.38033333,-106.4990556,"nem.larv","0"
"3353","MSB:Fish:30771",1996,10,30,"MSB 30771-1","JAR11030F","KL","KL","07-28-2025",NA,27,21,182,"control","control_1991-2000",35.38033333,-106.4990556,"nem.larv","0"
"3354","MSB:Fish:30771",1996,10,30,"MSB 30771-5","JAR11033F","KL","KL","07-28-2025","M",30,23,241,"control","control_1991-2000",35.38033333,-106.4990556,"nem.larv","0"
"3355","MSB:Fish:30771",1996,10,30,"MSB 30771-4","JAR11028F","KL","KL","07-28-2025",NA,26,20,165,"control","control_1991-2000",35.38033333,-106.4990556,"nem.larv","0"
"3356","MSB:Fish:315",1949,7,28,"MSB 315-3","JAR11521F","JG","KL","07-15-2025",NA,33,27,445,"impact","impact_1941-1950",35.188761,-106.64706,"nem.larv","0"
"3357","MSB:Fish:315",1949,7,28,"MSB 315-2","JAR11524F","BP","KL","07-15-2025","F",38,30,666,"impact","impact_1941-1950",35.188761,-106.64706,"nem.larv","0"
"3358","MSB:Fish:315",1949,7,28,"MSB 315-4","JAR11527F","BP","KL","07-15-2025","F",31,24,301,"impact","impact_1941-1950",35.188761,-106.64706,"nem.larv","0"
"3359","MSB:Fish:315",1949,7,28,"MSB 315-1","JAR11522F","JG","BP","07-15-2025",NA,38,31,711,"impact","impact_1941-1950",35.188761,-106.64706,"nem.larv","0"
"3360","MSB:Fish:315",1949,7,28,"MSB 315-5","JAR11544F","JG","EO","07-15-2025","F",35,28,417,"impact","impact_1941-1950",35.188761,-106.64706,"nem.larv","0"
"3361","MSB:Fish:324",1950,10,18,"MSB 324-2","JAR11336F","BP","KL","07-10-2025","F",45,36,1097,"control","control_1941-1950",35.229809,-106.616288,"nem.larv","0"
"3362","MSB:Fish:324",1950,10,18,"MSB 324-1","JAR11335F","JG","KL","07-10-2025","F",39,33,691,"control","control_1941-1950",35.229809,-106.616288,"nem.larv","1"
"3363","MSB:Fish:324",1950,10,18,"MSB 324-5","JAR11339F","BP","KL","07-10-2025","F",39,31,754,"control","control_1941-1950",35.229809,-106.616288,"nem.larv","0"
"3364","MSB:Fish:324",1950,10,18,"MSB 324-4","JAR11338F","BP","GC","07-10-2025",NA,46,36,1172,"control","control_1941-1950",35.229809,-106.616288,"nem.larv","0"
"3365","MSB:Fish:324",1950,10,18,"MSB 324-3","JAR11337F","BP","GC","07-10-2025",NA,49,39,1841,"control","control_1941-1950",35.229809,-106.616288,"nem.larv","0"
"3366","MSB:Fish:326",1949,7,21,"MSB 326-5","JAR8924F","EO","JG","07-09-2025","F",38,32,628,"impact","impact_1941-1950",35.210652,-106.627124,"nem.larv","0"
"3367","MSB:Fish:326",1949,7,21,"MSB 326-4","JAR8933F","EO","KL","07-09-2025","F",33,27,421,"impact","impact_1941-1950",35.210652,-106.627124,"nem.larv","0"
"3368","MSB:Fish:326",1949,7,21,"MSB 326-3","JAR8931F","KL","KL","07-09-2025",NA,36,30,581,"impact","impact_1941-1950",35.210652,-106.627124,"nem.larv","0"
"3369","MSB:Fish:326",1949,7,21,"MSB 326-2","JAR8926F","KL","GC","07-09-2025","F",34,28,560,"impact","impact_1941-1950",35.210652,-106.627124,"nem.larv","0"
"3370","MSB:Fish:326",1949,7,21,"MSB 326-1","JAR8922F","KL","KL","07-09-2025","F",33,27,355,"impact","impact_1941-1950",35.210652,-106.627124,"nem.larv","0"
"3371","MSB:Fish:327",1942,2,28,"MSB 327-1","JAR8840F","EO","GC","07-08-2025","F",45,36,927,"control","control_1941-1950",35.37417,-106.49278,"nem.larv","0"
"3372","MSB:Fish:327",1942,2,28,"MSB 327-4","JAR8842F","EO","GC","07-08-2025",NA,32,25,257,"control","control_1941-1950",35.37417,-106.49278,"nem.larv","0"
"3373","MSB:Fish:327",1942,2,28,"MSB 327-3","JAR8846F","BP","GC","07-08-2025","F",45,36,910,"control","control_1941-1950",35.37417,-106.49278,"nem.larv","0"
"3374","MSB:Fish:327",1942,2,28,"MSB 327-2","JAR8903F","EO","JG","07-08-2025",NA,47,38,1118,"control","control_1941-1950",35.37417,-106.49278,"nem.larv","0"
"3375","MSB:Fish:327",1942,2,28,"MSB 327-5","JAR8844F","BP","GC","07-08-2025","F",25,20,131,"control","control_1941-1950",35.37417,-106.49278,"nem.larv","0"
"3376","MSB:Fish:330",1949,11,5,"MSB 330-1","JAR11350F","EO","JG","07-10-2025",NA,45,36,982,"control","control_1941-1950",35.211994,-106.631125,"nem.larv","0"
"3377","MSB:Fish:330",1949,11,5,"MSB 330-3","JAR11356F","EO","GC","07-10-2025",NA,29,23,241,"control","control_1941-1950",35.211994,-106.631125,"nem.larv","0"
"3378","MSB:Fish:330",1949,11,5,"MSB 330-4","JAR11353F","JG","BP","07-10-2025",NA,32,26,276,"control","control_1941-1950",35.211994,-106.631125,"nem.larv","0"
"3379","MSB:Fish:330",1949,11,5,"MSB 330-5","JAR11369F","JG","EO","07-10-2025","F",26,22,195,"control","control_1941-1950",35.211994,-106.631125,"nem.larv","0"
"3380","MSB:Fish:330",1949,11,5,"MSB 330-2","JAR11347F","JG","BP","07-10-2025",NA,34,28,374,"control","control_1941-1950",35.211994,-106.631125,"nem.larv","0"
"3381","MSB:Fish:334",1952,5,3,"MSB 334-1","JAR11113F","BP","KL","07-16-2025",NA,33,26,309,"control","control_1951-1960",35.302146,-106.571551,"nem.larv","1"
"3382","MSB:Fish:334",1952,5,3,"MSB 334-3","JAR11107F","BP","JG","07-16-2025",NA,30,24,217,"control","control_1951-1960",35.302146,-106.571551,"nem.larv","0"
"3383","MSB:Fish:334",1952,5,3,"MSB 334-5","JAR11108F","BP","GC","07-16-2025",NA,27,22,179,"control","control_1951-1960",35.302146,-106.571551,"nem.larv","0"
"3384","MSB:Fish:334",1952,5,3,"MSB 334-4","JAR11116F","BP","EO","07-16-2025","F",30,23,233,"control","control_1951-1960",35.302146,-106.571551,"nem.larv","0"
"3385","MSB:Fish:334",1952,5,3,"MSB 334-2","JAR11110F","BP","EO","07-16-2025","F",31,25,293,"control","control_1951-1960",35.302146,-106.571551,"nem.larv","0"
"3386","MSB:Fish:3391",1965,5,18,"MSB 3391-1","JAR11370F","EO","KL","07-10-2025","F",41,35,794,"control","control_1961-1970",35.383813,-106.481,"nem.larv","0"
"3387","MSB:Fish:3391",1965,5,18,"MSB 3391-2","JAR11366F","EO","GC","07-10-2025","M",28,23,188,"control","control_1961-1970",35.383813,-106.481,"nem.larv","0"
"3388","MSB:Fish:3391",1965,5,18,"MSB 3391-5","JAR11367F","EO","JG","07-10-2025","F",35,28,522,"control","control_1961-1970",35.383813,-106.481,"nem.larv","0"
"3389","MSB:Fish:3391",1965,5,18,"MSB 3391-4","JAR11364F","EO","KL","07-10-2025",NA,33,27,348,"control","control_1961-1970",35.383813,-106.481,"nem.larv","0"
"3390","MSB:Fish:3391",1965,5,18,"MSB 3391-3","JAR11363F","EO","EO","07-10-2025","F",31,26,296,"control","control_1961-1970",35.383813,-106.481,"nem.larv","0"
"3391","MSB:Fish:3421",1972,6,19,"MSB 3421-1","JAR11296F","EO","KL","07-14-2025","F",36,29,612,"control","control_1971-1980",35.249718,-106.603396,"nem.larv","0"
"3392","MSB:Fish:3421",1972,6,19,"MSB 3421-4","JAR11294F","EO","KL","07-14-2025","F",40,33,736,"control","control_1971-1980",35.249718,-106.603396,"nem.larv","0"
"3393","MSB:Fish:3421",1972,6,19,"MSB 3421-2","JAR11288F","EO","KL","07-14-2025","F",46,37,1270,"control","control_1971-1980",35.249718,-106.603396,"nem.larv","0"
"3394","MSB:Fish:3421",1972,6,19,"MSB 3421-5","JAR11293F","EO","KL","07-14-2025","F",44,36,1076,"control","control_1971-1980",35.249718,-106.603396,"nem.larv","0"
"3395","MSB:Fish:3421",1972,6,19,"MSB 3421-3","JAR11291F","EO","KL","07-14-2025","F",42,35,996,"control","control_1971-1980",35.249718,-106.603396,"nem.larv","0"
"3396","MSB:Fish:365",1947,9,27,"MSB 365-1","JAR11529F","JG","JG","07-15-2025",NA,39,33,608,"control","control_1941-1950",35.321576,-106.555389,"nem.larv","0"
"3397","MSB:Fish:365",1947,9,27,"MSB 365-5","JAR11531F","JG","JG","07-15-2025",NA,32,25,251,"control","control_1941-1950",35.321576,-106.555389,"nem.larv","0"
"3398","MSB:Fish:365",1947,9,27,"MSB 365-2","JAR11532F","BP","KL","07-15-2025","F",38,29,390,"control","control_1941-1950",35.321576,-106.555389,"nem.larv","0"
"3399","MSB:Fish:365",1947,9,27,"MSB 365-3","JAR11526F","JG","KL","07-15-2025","F",37,29,507,"control","control_1941-1950",35.321576,-106.555389,"nem.larv","0"
"3400","MSB:Fish:365",1947,9,27,"MSB 365-4","JAR11523F","BP","KL","07-15-2025",NA,38,30,356,"control","control_1941-1950",35.321576,-106.555389,"nem.larv","1"
"3401","MSB:Fish:38942",1997,7,5,"MSB 38942-5","JAR11115F","EO","GC","07-17-2025","F",41,32,883,"control","control_1991-2000",35.28302778,-106.5981389,"nem.larv","0"
"3402","MSB:Fish:38942",1997,7,5,"MSB 38942-1","JAR11120F","EO","GC","07-17-2025","F",50,42,2039,"control","control_1991-2000",35.28302778,-106.5981389,"nem.larv","0"
"3403","MSB:Fish:38942",1997,7,5,"MSB 38942-2","JAR11119F","EO","KL","07-17-2025","F",47,39,1803,"control","control_1991-2000",35.28302778,-106.5981389,"nem.larv","0"
"3404","MSB:Fish:38942",1997,7,5,"MSB 38942-3","JAR11121F","EO","KL","07-17-2025","F",45,38,1685,"control","control_1991-2000",35.28302778,-106.5981389,"nem.larv","0"
"3405","MSB:Fish:38942",1997,7,5,"MSB 38942-4","JAR11118F","EO","KL","07-17-2025","F",46,38,1451,"control","control_1991-2000",35.28302778,-106.5981389,"nem.larv","0"
"3406","MSB:Fish:39100",1997,10,15,"MSB 39100-1","JAR11577F","BP","JG","07-17-2025",NA,34,26,374,"control","control_1991-2000",35.322164,-106.557448,"nem.larv","0"
"3407","MSB:Fish:39100",1997,10,15,"MSB 39100-2","JAR11573F","BP","EO","07-17-2025","F",38,28,500,"control","control_1991-2000",35.322164,-106.557448,"nem.larv","0"
"3408","MSB:Fish:39100",1997,10,15,"MSB 39100-4","JAR11575F","BP","GC","07-17-2025","F",34,26,403,"control","control_1991-2000",35.322164,-106.557448,"nem.larv","0"
"3409","MSB:Fish:39100",1997,10,15,"MSB 39100-5","JAR11576F","BP","GC","07-17-2025","F",25,19,144,"control","control_1991-2000",35.322164,-106.557448,"nem.larv","0"
"3410","MSB:Fish:39100",1997,10,15,"MSB 39100-3","JAR11574F","BP","KL","07-17-2025","M",25,20,167,"control","control_1991-2000",35.322164,-106.557448,"nem.larv","0"
"3411","MSB:Fish:3993",1977,9,28,"MSB 3993-4","JAR11626F","BP","GC","07-21-2025","F",29,23,333,"impact","impact_1971-1980",35.136341,-106.685742,"nem.larv","0"
"3412","MSB:Fish:3993",1977,9,28,"MSB 3993-1","JAR11623F","JG","GC","07-21-2025",NA,25,20,170,"impact","impact_1971-1980",35.136341,-106.685742,"nem.larv","0"
"3413","MSB:Fish:3993",1977,9,28,"MSB 3993-2","JAR11621F","BP","GC","07-21-2025","F",26,20,224,"impact","impact_1971-1980",35.136341,-106.685742,"nem.larv","0"
"3414","MSB:Fish:3993",1977,9,28,"MSB 3993-3","JAR11618F","JG","BP","07-21-2025","M",28,21,181,"impact","impact_1971-1980",35.136341,-106.685742,"nem.larv","0"
"3415","MSB:Fish:3993",1977,9,28,"MSB 3993-5","JAR11620F","JG","BP","07-21-2025","M",27,21,186,"impact","impact_1971-1980",35.136341,-106.685742,"nem.larv","0"
"3416","MSB:Fish:4012",1977,9,28,"MSB 4012-5","JAR11616F","JG","JG","07-21-2025",NA,25,21,169,"impact","impact_1971-1980",35.134932,-106.690783,"nem.larv","0"
"3417","MSB:Fish:4012",1977,9,28,"MSB 4012-1","JAR11607F","JG","EO","07-21-2025","F",32,25,365,"impact","impact_1971-1980",35.134932,-106.690783,"nem.larv","0"
"3418","MSB:Fish:4012",1977,9,28,"MSB 4012-4","JAR11613F","BP","GC","07-21-2025","F",26,20,178,"impact","impact_1971-1980",35.134932,-106.690783,"nem.larv","0"
"3419","MSB:Fish:4012",1977,9,28,"MSB 4012-3","JAR11617F","JG","GC","07-21-2025","F",32,27,303,"impact","impact_1971-1980",35.134932,-106.690783,"nem.larv","0"
"3420","MSB:Fish:4012",1977,9,28,"MSB 4012-2","JAR11610F","BP","GC","07-21-2025","F",31,24,316,"impact","impact_1971-1980",35.134932,-106.690783,"nem.larv","0"
"3421","MSB:Fish:4056",1978,5,19,"MSB 4056-2","JAR11322F","EO","KL","07-14-2025","F",36,28,566,"control","control_1971-1980",35.253481,-106.591225,"nem.larv","0"
"3422","MSB:Fish:4056",1978,5,19,"MSB 4056-3","JAR11318F","EO","JG","07-14-2025","F",37,28,549,"control","control_1971-1980",35.253481,-106.591225,"nem.larv","0"
"3423","MSB:Fish:4056",1978,5,19,"MSB 4056-4","JAR11317F","EO","JG","07-14-2025","F",34,28,483,"control","control_1971-1980",35.253481,-106.591225,"nem.larv","0"
"3424","MSB:Fish:4056",1978,5,19,"MSB 4056-1","JAR11319F","EO","GC","07-14-2025","F",37,30,644,"control","control_1971-1980",35.253481,-106.591225,"nem.larv","0"
"3425","MSB:Fish:4056",1978,5,19,"MSB 4056-5","JAR11321F","EO","GC","07-14-2025","F",34,28,581,"control","control_1971-1980",35.253481,-106.591225,"nem.larv","0"
"3426","MSB:Fish:4086",1978,9,29,"MSB 4086-3","JAR11342F","BP","JG","07-11-2025",NA,31,24,340,"control","control_1971-1980",35.380072,-106.499406,"nem.larv","0"
"3427","MSB:Fish:4086",1978,9,29,"MSB 4086-5","JAR11340F","BP","GC","07-11-2025","M",29,23,261,"control","control_1971-1980",35.380072,-106.499406,"nem.larv","0"
"3428","MSB:Fish:4086",1978,9,29,"MSB 4086-4","JAR11341F","BP","GC","07-11-2025","F",26,19,139,"control","control_1971-1980",35.380072,-106.499406,"nem.larv","0"
"3429","MSB:Fish:4086",1978,9,29,"MSB 4086-2","JAR11344F","BP","EO","07-11-2025","F",40,30,701,"control","control_1971-1980",35.380072,-106.499406,"nem.larv","0"
"3430","MSB:Fish:4086",1978,9,29,"MSB 4086-1","JAR11345F","BP","KL","07-11-2025","F",41,32,795,"control","control_1971-1980",35.380072,-106.499406,"nem.larv","0"
"3431","MSB:Fish:4172",1977,5,10,"MSB 4172-2","JAR11329F","JG","GC","07-14-2025","F",33,29,347,"control","control_1971-1980",35.26637,-106.598674,"nem.larv","0"
"3432","MSB:Fish:4172",1977,5,10,"MSB 4172-3","JAR11330F","BP","KL","07-14-2025","F",27,21,170,"control","control_1971-1980",35.26637,-106.598674,"nem.larv","0"
"3433","MSB:Fish:4172",1977,5,10,"MSB 4172-4","JAR11327F","BP","GC","07-14-2025","M",27,21,150,"control","control_1971-1980",35.26637,-106.598674,"nem.larv","0"
"3434","MSB:Fish:4172",1977,5,10,"MSB 4172-1","JAR11328F","BP","KL","07-14-2025",NA,29,24,252,"control","control_1971-1980",35.26637,-106.598674,"nem.larv","0"
"3435","MSB:Fish:4172",1977,5,10,"MSB 4172-5","JAR11326F","JG","JG","07-14-2025",NA,27,21,137,"control","control_1971-1980",35.26637,-106.598674,"nem.larv","0"
"3436","MSB:Fish:4176",1978,5,21,"MSB 4176-5","JAR8822F","JG","KL","07-08-2025","F",29,23,368,"control","control_1971-1980",35.253481,-106.591225,"nem.larv","0"
"3437","MSB:Fish:4176",1978,5,21,"MSB 4176-1","JAR8821F","BP","JG","07-08-2025","F",38,31,741,"control","control_1971-1980",35.253481,-106.591225,"nem.larv","0"
"3438","MSB:Fish:4176",1978,5,21,"MSB 4176-3","JAR8818F","JG","KL","07-08-2025","F",33,26,425,"control","control_1971-1980",35.253481,-106.591225,"nem.larv","0"
"3439","MSB:Fish:4176",1978,5,21,"MSB 4176-2","JAR8816F","BP","EO","07-08-2025","F",39,31,798,"control","control_1971-1980",35.253481,-106.591225,"nem.larv","0"
"3440","MSB:Fish:4176",1978,5,21,"MSB 4176-4","JAR8820F","BP","JG","07-08-2025","F",38,30,806,"control","control_1971-1980",35.253481,-106.591225,"nem.larv","0"
"3441","MSB:Fish:43165",1999,4,21,"MSB 43165-3","JAR11124F","EO","KL","07-17-2025","F",35,27,471,"impact","impact_1991-2000",35.027111,-106.672944,"nem.larv","0"
"3442","MSB:Fish:43165",1999,4,21,"MSB 43165-4","JAR11123F","EO","JG GC","07-17-2025","F",38,30,636,"impact","impact_1991-2000",35.027111,-106.672944,"nem.larv","0"
"3443","MSB:Fish:43165",1999,4,21,"MSB 43165-2","JAR11125F","EO","EO","07-17-2025","F",38,30,668,"impact","impact_1991-2000",35.027111,-106.672944,"nem.larv","0"
"3444","MSB:Fish:43165",1999,4,21,"MSB 43165-1","JAR11126F","EO","GC","07-17-2025","F",33,27,464,"impact","impact_1991-2000",35.027111,-106.672944,"nem.larv","0"
"3445","MSB:Fish:43165",1999,4,21,"MSB 43165-5","JAR11122F","EO","KL","07-17-2025","F",40,32,732,"impact","impact_1991-2000",35.027111,-106.672944,"nem.larv","0"
"3446","MSB:Fish:43242",1999,7,14,"MSB 43242-5","JAR11026F","KL","KL","07-28-2025",NA,41,33,899,"control","control_1991-2000",35.28302778,-106.5981389,"nem.larv","0"
"3447","MSB:Fish:43242",1999,7,14,"MSB 43242-4","JAR11034F","KL","KL","07-28-2025","F",32,25,344,"control","control_1991-2000",35.28302778,-106.5981389,"nem.larv","0"
"3448","MSB:Fish:43242",1999,7,14,"MSB 43242-3","JAR11029F","KL","KL","07-28-2025","F",32,25,338,"control","control_1991-2000",35.28302778,-106.5981389,"nem.larv","0"
"3449","MSB:Fish:43242",1999,7,14,"MSB 43242-2","JAR11032F","KL","KL","07-28-2025",NA,32,26,416,"control","control_1991-2000",35.28302778,-106.5981389,"nem.larv","0"
"3450","MSB:Fish:43242",1999,7,14,"MSB 43242-1","JAR11031F","KL","KL","07-28-2025",NA,29,22,249,"control","control_1991-2000",35.28302778,-106.5981389,"nem.larv","0"
"3451","MSB:Fish:43251",1999,7,15,"MSB 43251-2","JAR11011F","KL","KL","07-23-2025","F",37,29,616,"impact","impact_1991-2000",35.089293,-106.680842,"nem.larv","0"
"3452","MSB:Fish:43251",1999,7,15,"MSB 43251-1","JAR11014F","KL","KL","07-23-2025",NA,32,26,384,"impact","impact_1991-2000",35.089293,-106.680842,"nem.larv","0"
"3453","MSB:Fish:43251",1999,7,15,"MSB 43251-4","JAR11018F","KL","KL","07-23-2025","F",32,25,392,"impact","impact_1991-2000",35.089293,-106.680842,"nem.larv","0"
"3454","MSB:Fish:43251",1999,7,15,"MSB 43251-5","JAR11019F","KL","KL","07-23-2025","F",34,27,NA,"impact","impact_1991-2000",35.089293,-106.680842,"nem.larv","0"
"3455","MSB:Fish:43251",1999,7,15,"MSB 43251-3","JAR11017F","KL","KL","07-23-2025","F",33,27,379,"impact","impact_1991-2000",35.089293,-106.680842,"nem.larv","0"
"3456","MSB:Fish:43370",1999,8,25,"MSB 43370-2","JAR11035F","KL","KL","07-28-2025",NA,28,22,215,"control","control_1991-2000",35.28302778,-106.5981389,"nem.larv","0"
"3457","MSB:Fish:43370",1999,8,25,"MSB 43370-3","JAR11036F","KL","KL","07-28-2025",NA,36,29,480,"control","control_1991-2000",35.28302778,-106.5981389,"nem.larv","0"
"3458","MSB:Fish:43370",1999,8,25,"MSB 43370-1","JAR11041F","KL","KL","07-28-2025",NA,38,30,NA,"control","control_1991-2000",35.28302778,-106.5981389,"nem.larv","0"
"3459","MSB:Fish:43370",1999,8,25,"MSB 43370-5","JAR11043F","KL","KL","07-28-2025","M",30,24,225,"control","control_1991-2000",35.28302778,-106.5981389,"nem.larv","0"
"3460","MSB:Fish:43370",1999,8,25,"MSB 43370-4","JAR11042F","KL","KL","07-28-2025",NA,26,20,154,"control","control_1991-2000",35.28302778,-106.5981389,"nem.larv","0"
"3461","MSB:Fish:4353",1978,9,8,"MSB 4353-1","JAR11097F","JG","GC","07-16-2025","F",35,29,601,"control","control_1971-1980",35.222784,-106.601974,"nem.larv","0"
"3462","MSB:Fish:4353",1978,9,8,"MSB 4353-4","JAR11106F","BP","BP","07-16-2025",NA,25,19,157,"control","control_1971-1980",35.222784,-106.601974,"nem.larv","0"
"3463","MSB:Fish:4353",1978,9,8,"MSB 4353-2","JAR11100F","JG","GC","07-16-2025","M",29,24,212,"control","control_1971-1980",35.222784,-106.601974,"nem.larv","0"
"3464","MSB:Fish:4353",1978,9,8,"MSB 4353-5","JAR11105F","BP","KL","07-16-2025",NA,25,20,NA,"control","control_1971-1980",35.222784,-106.601974,"nem.larv","0"
"3465","MSB:Fish:4353",1978,9,8,"MSB 4353-3","JAR11103F","JG","GC","07-16-2025","M",27,22,151,"control","control_1971-1980",35.222784,-106.601974,"nem.larv","0"
"3466","MSB:Fish:4378",1978,9,23,"MSB 4378-3","JAR11554F","JG","KL","07-16-2025","F",38,32,556,"impact","impact_1971-1980",34.905272,-106.685564,"nem.larv","0"
"3467","MSB:Fish:4378",1978,9,23,"MSB 4378-5","JAR11545F","BP","GC","07-16-2025","F",36,28,469,"impact","impact_1971-1980",34.905272,-106.685564,"nem.larv","0"
"3468","MSB:Fish:4378",1978,9,23,"MSB 4378-3","JAR11546F","BP","KL","07-16-2025","F",42,32,738,"impact","impact_1971-1980",34.905272,-106.685564,"nem.larv","0"
"3469","MSB:Fish:4378",1978,9,23,"MSB 4378-2","JAR11551F","BP","JG","07-16-2025","F",38,30,633,"impact","impact_1971-1980",34.905272,-106.685564,"nem.larv","0"
"3470","MSB:Fish:4378",1978,9,23,"MSB 4378-1","JAR11548F","BP","KL","07-16-2025","F",37,28,634,"impact","impact_1971-1980",34.905272,-106.685564,"nem.larv","0"
"3471","MSB:Fish:438",1978,NA,5,"MSB 4389-1","JAR11516F","JG","GC","07-15-2025",NA,38,31,575,NA,NA,NA,NA,"nem.larv","0"
"3472","MSB:Fish:4385",1978,9,6,"MSB 4385-2","JAR8843F","EO","KL","07-08-2025",NA,30,26,273,"impact","impact_1971-1980",34.905272,-106.685564,"nem.larv","0"
"3473","MSB:Fish:4385",1978,9,6,"MSB 4385-5","JAR8838F","EO","JG","07-08-2025","F",27,22,197,"impact","impact_1971-1980",34.905272,-106.685564,"nem.larv","0"
"3474","MSB:Fish:4385",1978,9,6,"MSB 4385-3","JAR8845F","KL","KL","07-08-2025","F",27,23,204,"impact","impact_1971-1980",34.905272,-106.685564,"nem.larv","0"
"3475","MSB:Fish:4385",1978,9,6,"MSB 4385-4","JAR8839","KL","GC","07-08-2025","F",26,22,222,"impact","impact_1971-1980",34.905272,-106.685564,"nem.larv","0"
"3476","MSB:Fish:4385",1978,9,6,"MSB 4385-1","JAR8841F","KL","KL","07-08-2025","F",25,21,161,"impact","impact_1971-1980",34.905272,-106.685564,"nem.larv","0"
"3477","MSB:Fish:4389",1978,9,5,"MSB 4389-2","JAR11519F","JG","GC","07-15-2025","F",34,28,507,"impact","impact_1971-1980",35.092867,-106.682332,"nem.larv","0"
"3478","MSB:Fish:4389",1978,9,5,"MSB 4389-4","JAR11514F","JG","GC","07-15-2025",NA,40,33,716,"impact","impact_1971-1980",35.092867,-106.682332,"nem.larv","0"
"3479","MSB:Fish:4389",1978,9,5,"MSB 4389-3","JAR11511F","JG","GC","07-15-2025","M",34,29,461,"impact","impact_1971-1980",35.092867,-106.682332,"nem.larv","0"
"3480","MSB:Fish:4389",1978,9,5,"MSB 4389-5","JAR11513F","JG","GC","07-15-2025",NA,38,32,654,"impact","impact_1971-1980",35.092867,-106.682332,"nem.larv","0"
"3481","MSB:Fish:4418",1978,8,3,"MSB 4418-1","JAR11292F","BP","GC","07-14-2025","F",43,34,1443,"impact","impact_1971-1980",34.905272,-106.685564,"nem.larv","0"
"3482","MSB:Fish:4418",1978,8,3,"MSB 4418-2","JAR11289F","BP","KL","07-14-2025","F",38,30,662,"impact","impact_1971-1980",34.905272,-106.685564,"nem.larv","0"
"3483","MSB:Fish:4418",1978,8,3,"MSB 4418-5","JAR11297F","EO","KL","07-14-2025","F",40,33,985,"impact","impact_1971-1980",34.905272,-106.685564,"nem.larv","0"
"3484","MSB:Fish:4418",1978,8,3,"MSB 4418-4","JAR11298F","EO","KL","07-14-2025","F",37,30,678,"impact","impact_1971-1980",34.905272,-106.685564,"nem.larv","0"
"3485","MSB:Fish:4418",1978,8,3,"MSB 4418-3","JAR11295F","BP","KL","07-14-2025","F",40,31,805,"impact","impact_1971-1980",34.905272,-106.685564,"nem.larv","0"
"3486","MSB:Fish:4440",1978,9,5,"MSB 4440-2","JAR11555F","BJG","JG","07-16-2025",NA,28,22,223,"impact","impact_1971-1980",35.090702,-106.684514,"nem.larv","0"
"3487","MSB:Fish:4440",1978,9,5,"MSB 4440-1","JAR11552F","BP","JG","07-16-2025",NA,25,20,138,"impact","impact_1971-1980",35.090702,-106.684514,"nem.larv","0"
"3488","MSB:Fish:4440",1978,9,5,"MSB 4440-4","JAR11098F","JG","KL","07-16-2025","M",25,21,144,"impact","impact_1971-1980",35.090702,-106.684514,"nem.larv","0"
"3489","MSB:Fish:4440",1978,9,5,"MSB 4440-3","JAR11095F","BP","GC","07-16-2025","M",27,20,205,"impact","impact_1971-1980",35.090702,-106.684514,"nem.larv","0"
"3490","MSB:Fish:4440",1978,9,5,"MSB 4440-5","JAR11549F","BP","GC","07-16-2025","M",26,20,151,"impact","impact_1971-1980",35.090702,-106.684514,"nem.larv","0"
"3491","MSB:Fish:4453",1978,9,5,"MSB 4453-5","JAR8940F","EO","GC","07-10-2025","M",27,22,167,"impact","impact_1971-1980",35.10562,-106.681074,"nem.larv","0"
"3492","MSB:Fish:4453",1978,9,5,"MSB 4453-1","JAR11359F","EO","KL","07-10-2025","F",36,30,577,"impact","impact_1971-1980",35.10562,-106.681074,"nem.larv","0"
"3493","MSB:Fish:4453",1978,9,5,"MSB 4453-3","JAR8938F","EO","KL","07-10-2025","M",28,22,149,"impact","impact_1971-1980",35.10562,-106.681074,"nem.larv","0"
"3494","MSB:Fish:4453",1978,9,5,"MSB 4453-2","JAR8936F","EO ","GC","07-10-2025","F",39,31,742,"impact","impact_1971-1980",35.10562,-106.681074,"nem.larv","0"
"3495","MSB:Fish:4453",1978,9,5,"MSB 4453-4","JAR8942F","EO","JG","07-10-2025",NA,26,22,143,"impact","impact_1971-1980",35.10562,-106.681074,"nem.larv","0"
"3496","MSB:Fish:4462",1978,6,14,"MSB 4462-1","JAR11541F","BP","BP","07-15-2025",NA,27,22,205,"control","control_1971-1980",35.322164,-106.557448,"nem.larv","0"
"3497","MSB:Fish:4462",1978,6,14,"MSB 4462-2","JAR11540F","BP","EO","07-15-2025","F",36,27,517,"control","control_1971-1980",35.322164,-106.557448,"nem.larv","0"
"3498","MSB:Fish:4462",1978,6,14,"MSB 4462-5","JAR11535F","BP","GC","07-15-2025","M",26,20,170,"control","control_1971-1980",35.322164,-106.557448,"nem.larv","0"
"3499","MSB:Fish:4462",1978,6,14,"MSB 4462-3","JAR11538F","BP","KL","07-15-2025","F",27,20,195,"control","control_1971-1980",35.322164,-106.557448,"nem.larv","0"
"3500","MSB:Fish:4462",1978,6,14,"MSB 4462-4","JAR11543F","BP","GC","07-15-2025","M",27,20,197,"control","control_1971-1980",35.322164,-106.557448,"nem.larv","0"
"3501","MSB:Fish:4486",1978,9,29,"MSB 4486-1","JAR11274F","JG","KL","07-11-2025","F",29,24,252,"control","control_1971-1980",35.383856,-106.490929,"nem.larv","0"
"3502","MSB:Fish:4486",1978,9,29,"MSB 4486-2","JAR11324F","JG","KL","07-11-2025","M",25,20,171,"control","control_1971-1980",35.383856,-106.490929,"nem.larv","0"
"3503","MSB:Fish:4486",1978,9,29,"MSB 4486-3","JAR11325F","KL","EO","07-11-2025","F",28,23,227,"control","control_1971-1980",35.383856,-106.490929,"nem.larv","0"
"3504","MSB:Fish:4486",1978,9,29,"MSB 4486-4","JAR11323F","KL","KL","07-11-2025",NA,27,22,226,"control","control_1971-1980",35.383856,-106.490929,"nem.larv","0"
"3505","MSB:Fish:4486",1978,9,29,"MSB 4486-5","JAR11273F","KL","KL","07-11-2025",NA,25,20,158,"control","control_1971-1980",35.383856,-106.490929,"nem.larv","0"
"3506","MSB:Fish:4748",1978,9,5,"MSB 4748-1","JAR8904F","BP","JG","07-09-2025",NA,33,25,374,"impact","impact_1971-1980",35.197227,-106.642667,"nem.larv","0"
"3507","MSB:Fish:4748",1978,9,5,"MSB 4748-3","JAR8907F","BP","EO","07-09-2025","F",34,27,362,"impact","impact_1971-1980",35.197227,-106.642667,"nem.larv","0"
"3508","MSB:Fish:4748",1978,9,5,"MSB 4748-2","JAR8909F","EO","JG","07-09-2025",NA,36,28,522,"impact","impact_1971-1980",35.197227,-106.642667,"nem.larv","0"
"3509","MSB:Fish:4748",1978,9,5,"MSB 4748-5","JAR8905F","BP","GC","07-09-2025",NA,30,24,278,"impact","impact_1971-1980",35.197227,-106.642667,"nem.larv","0"
"3510","MSB:Fish:4748",1978,9,5,"MSB 4748-4","JAR8906F","EO","GC","07-09-2025",NA,29,23,213,"impact","impact_1971-1980",35.197227,-106.642667,"nem.larv","0"
"3511","MSB:Fish:4750",1978,9,29,"MSB 4750-5","JAR8807F","EO","JG KL","07-07-2025",NA,34,27,447,"control","control_1971-1980",35.385246,-106.478952,"nem.larv","0"
"3512","MSB:Fish:4750",1978,9,29,"MSB 4750-3","JAR8809F","EO","GC","07-07-2025","F",44,35,886,"control","control_1971-1980",35.385246,-106.478952,"nem.larv","0"
"3513","MSB:Fish:4750",1978,9,29,"MSB 4750-1","JAR8811F","BP","JG GC","07-07-2025","F",40,32,703,"control","control_1971-1980",35.385246,-106.478952,"nem.larv","0"
"3514","MSB:Fish:4750",1978,9,29,"MSB 4750-4","JAR8813F","BP","KL","07-07-2025","F",39,31,703,"control","control_1971-1980",35.385246,-106.478952,"nem.larv","0"
"3515","MSB:Fish:4750",1978,9,29,"MSB 4750-2","JAR8808F","JG","KL","07-07-2025","F",41,36,1080,"control","control_1971-1980",35.385246,-106.478952,"nem.larv","0"
"3516","MSB:Fish:515",1949,11,19,"MSB 515-4","JAR11287F","EO","KL","07-14-2025","F",37,32,1145,"impact","impact_1941-1950",35.20447,-106.610066,"nem.larv","0"
"3517","MSB:Fish:515",1949,11,19,"MSB 515-1","JAR11307F","EO","KL","07-14-2025",NA,43,36,964,"impact","impact_1941-1950",35.20447,-106.610066,"nem.larv","0"
"3518","MSB:Fish:515",1949,11,19,"MSB 515-3","JAR11290F","EO","GC","07-14-2025","F",39,32,785,"impact","impact_1941-1950",35.20447,-106.610066,"nem.larv","0"
"3519","MSB:Fish:515",1949,11,19,"MSB 515-2","JAR11310F","EO","GC","07-14-2025","F",37,30,662,"impact","impact_1941-1950",35.20447,-106.610066,"nem.larv","0"
"3520","MSB:Fish:515",1949,11,19,"MSB 515-5","JAR11304F","EO","JG","07-14-2025","F",43,35,1190,"impact","impact_1941-1950",35.20447,-106.610066,"nem.larv","0"
"3521","MSB:Fish:5811",1987,9,9,"MSB 5811-4","JAR8806F","EO","KL","07-07-2025","F",34,27,481,"control","control_1981-1990",35.322164,-106.557448,"nem.larv","0"
"3522","MSB:Fish:5811",1987,9,9,"MSB 5811-5","JAR8810F","BP","GC","07-07-2025","F",32,26,411,"control","control_1981-1990",35.322164,-106.557448,"nem.larv","0"
"3523","MSB:Fish:5811",1987,9,9,"MSB 5811-2","JAR8804F","EO","GC","07-07-2025",NA,41,34,755,"control","control_1981-1990",35.322164,-106.557448,"nem.larv","0"
"3524","MSB:Fish:5811",1987,9,9,"MSB 5811-1","JAR8803F","BP","EO GC","07-07-2025","F",39,31,706,"control","control_1981-1990",35.322164,-106.557448,"nem.larv","0"
"3525","MSB:Fish:5811",1987,9,9,"MSB 5811-3","JAR8805F","BP","JG KL","07-07-2025",NA,35,27,556,"control","control_1981-1990",35.322164,-106.557448,"nem.larv","0"
"3526","MSB:Fish:5822",1987,9,10,"MSB 5822-1","JAR11343F","BP","GC","07-10-2025","F",34,26,358,"impact","impact_1981-1990",34.905272,-106.685564,"nem.larv","0"
"3527","MSB:Fish:5822",1987,9,10,"MSB 5822-5","JAR11352F","BP","JG","07-10-2025",NA,29,21,200,"impact","impact_1981-1990",34.905272,-106.685564,"nem.larv","0"
"3528","MSB:Fish:5822",1987,9,10,"MSB 5822-2","JAR11346F","BP","GC","07-10-2025","F",36,29,480,"impact","impact_1981-1990",34.905272,-106.685564,"nem.larv","0"
"3529","MSB:Fish:5822",1987,9,10,"MSB 5822-4","JAR11355F","JG","JG","07-10-2025",NA,25,20,153,"impact","impact_1981-1990",34.905272,-106.685564,"nem.larv","0"
"3530","MSB:Fish:5822",1987,9,10,"MSB 5822-3","JAR11358F","BP","JG","07-10-2025","F",41,32,826,"impact","impact_1981-1990",34.905272,-106.685564,"nem.larv","0"
"3531","MSB:Fish:62355",2000,9,14,"MSB 62355-1","JAR11052F","KL","KL","07-28-2025","F",32,25,322,"control","control_1991-2000",35.28373,-106.59878,"nem.larv","0"
"3532","MSB:Fish:62355",2000,9,14,"MSB 62355-3","JAR11053F","KL","KL","07-28-2025","F",29,24,210,"control","control_1991-2000",35.28373,-106.59878,"nem.larv","0"
"3533","MSB:Fish:62355",2000,9,14,"MSB 62355-2","JAR11055F","KL","KL","07-28-2025",NA,33,26,326,"control","control_1991-2000",35.28373,-106.59878,"nem.larv","0"
"3534","MSB:Fish:62355",2000,9,14,"MSB 62355-5","JAR11058F","KL","KL","07-28-2025",NA,25,21,152,"control","control_1991-2000",35.28373,-106.59878,"nem.larv","0"
"3535","MSB:Fish:62355",2000,9,14,"MSB 62355-4","JAR11054F","KL","KL","07-28-2025","F",32,25,308,"control","control_1991-2000",35.28373,-106.59878,"nem.larv","0"
"3536","MSB:Fish:6300",1988,11,12,"MSB 6300-5","JAR11624F","JG","GC","07-21-2025","F",33,27,377,"impact","impact_1981-1990",35.017903,-106.661847,"nem.larv","0"
"3537","MSB:Fish:6300",1988,11,12,"MSB 6300-1","JAR11625F","BP","BP","07-21-2025","M",33,26,347,"impact","impact_1981-1990",35.017903,-106.661847,"nem.larv","0"
"3538","MSB:Fish:6300",1988,11,12,"MSB 6300-4","JAR11622F","JG","BP","07-21-2025",NA,33,25,280,"impact","impact_1981-1990",35.017903,-106.661847,"nem.larv","0"
"3539","MSB:Fish:6300",1988,11,12,"MSB 6300-3","JAR11627F","BP","EO","07-21-2025","F",33,25,348,"impact","impact_1981-1990",35.017903,-106.661847,"nem.larv","0"
"3540","MSB:Fish:6300",1988,11,12,"MSB 6300-2","JAR11619F","JG","GC","07-21-2025","F",34,27,388,"impact","impact_1981-1990",35.017903,-106.661847,"nem.larv","0"
"3541","MSB:Fish:6405",1989,10,16,"MSB 6405-4","JAR11312F","BP","GC","07-14-2025","F",37,29,435,"impact","impact_1981-1990",35.089293,-106.680842,"nem.larv","0"
"3542","MSB:Fish:6405",1989,10,16,"MSB 6405-2","JAR11315F","JG","EO","07-14-2025","F",37,31,537,"impact","impact_1981-1990",35.089293,-106.680842,"nem.larv","0"
"3543","MSB:Fish:6405",1989,10,16,"MSB 6405-3","JAR11313F","JG","GC","07-14-2025","F",33,26,403,"impact","impact_1981-1990",35.089293,-106.680842,"nem.larv","0"
"3544","MSB:Fish:6405",1989,10,16,"MSB 6405-1","JAR1131F","BP","KL","07-14-2025","F",32,24,325,"impact","impact_1981-1990",35.089293,-106.680842,"nem.larv","0"
"3545","MSB:Fish:6405",1989,10,16,"MSB 6405-5","JAR11314F","JG","JG","07-14-2025",NA,34,27,398,"impact","impact_1981-1990",35.089293,-106.680842,"nem.larv","0"
"3546","MSB:Fish:68470",1984,8,15,"MSB 68470-3","JAR11608F","BP","JG","07-18-2025","F",44,33,959,"impact","impact_1981-1990",35.089293,-106.680842,"nem.larv","0"
"3547","MSB:Fish:68470",1984,8,15,"MSB 68470-1","JAR11604F","BP","KL","07-18-2025","F",41,31,874,"impact","impact_1981-1990",35.089293,-106.680842,"nem.larv","0"
"3548","MSB:Fish:68470",1984,8,15,"MSB 68470-5","JAR11601F","BP","EO","07-18-2025","F",37,29,554,"impact","impact_1981-1990",35.089293,-106.680842,"nem.larv","0"
"3549","MSB:Fish:68470",1984,8,15,"MSB 68470-2","JAR11605F","JG","GC","07-18-2025","F",37,30,568,"impact","impact_1981-1990",35.089293,-106.680842,"nem.larv","0"
"3550","MSB:Fish:68470",1984,8,15,"MSB 68470-4","JAR11611F","JG","JG","07-18-2025",NA,35,30,521,"impact","impact_1981-1990",35.089293,-106.680842,"nem.larv","0"
"3551","MSB:Fish:68483",1984,8,15,"MSB 68483-5","JAR11593F","JG","EO","07-18-2025","F",39,32,596,"impact","impact_1981-1990",35.069907,-106.658878,"nem.larv","0"
"3552","MSB:Fish:68483",1984,8,15,"MSB 68483-1","JAR11594F","JG","JG","07-18-2025","F",36,29,526,"impact","impact_1981-1990",35.069907,-106.658878,"nem.larv","0"
"3553","MSB:Fish:68483",1984,8,15,"MSB 68483-4","JAR11599","JG","GC","07-18-2025","F",37,30,507,"impact","impact_1981-1990",35.069907,-106.658878,"nem.larv","0"
"3554","MSB:Fish:68483",1984,8,15,"MSB 68483-3","JAR11602F","BP","BP","07-18-2025","F",36,29,500,"impact","impact_1981-1990",35.069907,-106.658878,"nem.larv","0"
"3555","MSB:Fish:68483",1984,8,15,"MSB 68483-2","JAR11596F","JG","KL","07-18-2025","F",35,29,498,"impact","impact_1981-1990",35.069907,-106.658878,"nem.larv","0"
"3556","MSB:Fish:68508",1984,8,15,"MSB 68508-2","JAR11591F","JG","JG","07-21-2025","F",34,27,416,"control","control_1981-1990",35.225523,-106.597651,"nem.larv","0"
"3557","MSB:Fish:68508",1984,8,15,"MSB 68508-4","JAR11588F","JG","GC","07-21-2025","F",35,28,587,"control","control_1981-1990",35.225523,-106.597651,"nem.larv","0"
"3558","MSB:Fish:68508",1984,8,15,"MSB 68508-5","JAR11587F","BP","JG","07-21-2025","F",33,25,397,"control","control_1981-1990",35.225523,-106.597651,"nem.larv","0"
"3559","MSB:Fish:68508",1984,8,15,"MSB 68508-3","JAR11585F","BP","EO","07-21-2025","F",37,28,556,"control","control_1981-1990",35.225523,-106.597651,"nem.larv","0"
"3560","MSB:Fish:68508",1984,8,15,"MSB 68508-1","JAR11590F","BP","GC","07-21-2025","F",36,27,487,"control","control_1981-1990",35.225523,-106.597651,"nem.larv","0"
"3561","MSB:Fish:68521",1984,8,16,"MSB 68521-5","JAR11597F","BP","JG","07-18-2025","F",32,25,429,"control","control_1981-1990",35.211416,-106.612833,"nem.larv","0"
"3562","MSB:Fish:68521",1984,8,16,"MSB 68521-4","JAR11598F","BP","KL","07-18-2025","F",31,24,369,"control","control_1981-1990",35.211416,-106.612833,"nem.larv","0"
"3563","MSB:Fish:68521",1984,8,16,"MSB 68521-1","JAR11600F","JG","KL","07-18-2025","F",39,31,597,"control","control_1981-1990",35.211416,-106.612833,"nem.larv","0"
"3564","MSB:Fish:68521",1984,8,16,"MSB 68521-3","JAR11595F","JG","BP","07-18-2025","F",39,31,719,"control","control_1981-1990",35.211416,-106.612833,"nem.larv","0"
"3565","MSB:Fish:68521",1984,8,16,"MSB 68521-2","JAR11603F","BP","BP","07-18-2025","F",36,27,661,"control","control_1981-1990",35.211416,-106.612833,"nem.larv","0"
"3566","MSB:Fish:7208",1989,11,4,"MSB 7208-3","JAR11518F","BP","GC","07-14-2025",NA,32,25,345,"impact","impact_1981-1990",35.205042,-106.609081,"nem.larv","0"
"3567","MSB:Fish:7208",1989,11,4,"MSB 7208-2","JAR11515F","EO","JG","07-14-2025",NA,38,31,650,"impact","impact_1981-1990",35.205042,-106.609081,"nem.larv","0"
"3568","MSB:Fish:7208",1989,11,4,"MSB 7208-5","JAR11509F","BP","GC","07-14-2025","F",34,25,381,"impact","impact_1981-1990",35.205042,-106.609081,"nem.larv","0"
"3569","MSB:Fish:7208",1989,11,4,"MSB 7208-1","JAR11510F","BP","KL","07-14-2025","F",36,26,645,"impact","impact_1981-1990",35.205042,-106.609081,"nem.larv","0"
"3570","MSB:Fish:7208",1989,11,4,"MSB 7208-4","JAR11512F","EO","GC","07-14-2025","F",37,29,482,"impact","impact_1981-1990",35.205042,-106.609081,"nem.larv","0"
"3571","MSB:Fish:7239",1989,11,12,"MSB 7230-1","JAR11606F","JG","GC","07-21-2025","F",30,23,279,"impact","impact_1981-1990",34.994298,-106.678945,"nem.larv","0"
"3572","MSB:Fish:7239",1989,11,12,"MSB 7239-4","JAR11615F","BP","EO","07-21-2025","F",29,22,268,"impact","impact_1981-1990",34.994298,-106.678945,"nem.larv","0"
"3573","MSB:Fish:7239",1989,11,12,"MSB 7239-2","JAR11612F","BP","JG","07-21-2025",NA,36,27,500,"impact","impact_1981-1990",34.994298,-106.678945,"nem.larv","0"
"3574","MSB:Fish:7239",1989,11,12,"MSB 7239-3","JAR11609F","JG","GC","07-21-2025",NA,27,22,204,"impact","impact_1981-1990",34.994298,-106.678945,"nem.larv","0"
"3575","MSB:Fish:7239",1989,11,12,"MSB 7239-5","JAR11614F","JG","EO","07-21-2025","F",30,24,281,"impact","impact_1981-1990",34.994298,-106.678945,"nem.larv","0"
"3576","MSB:Fish:73719",2002,9,16,"MSB 73719-4","JAR11050F","KL","KL","07-28-2025","F",38,31,612,"control","control_2001-2010",35.322164,-106.557448,"nem.larv","0"
"3577","MSB:Fish:73719",2002,9,16,"MSB 73719-5","JAR11051F","KL","KL","07-28-2025",NA,36,29,495,"control","control_2001-2010",35.322164,-106.557448,"nem.larv","0"
"3578","MSB:Fish:73719",2002,9,16,"MSB 73719-3","JAR11049F","KL","KL","07-28-2025","F",40,32,748,"control","control_2001-2010",35.322164,-106.557448,"nem.larv","0"
"3579","MSB:Fish:73719",2002,9,16,"MSB 73719-2","JAR11048F","KL","KL","07-28-2025","F",41,34,824,"control","control_2001-2010",35.322164,-106.557448,"nem.larv","0"
"3580","MSB:Fish:73719",2002,9,16,"MSB 73719-1","JAR11047F","KL","KL","07-28-2025",NA,37,30,488,"control","control_2001-2010",35.322164,-106.557448,"nem.larv","0"
"3581","MSB:Fish:7971",1990,10,22,"MSB 7971-2","JAR8910F","BP","EO","07-09-2025","F",29,24,264,"impact","impact_1981-1990",35.089293,-106.680842,"nem.larv","0"
"3582","MSB:Fish:7971",1990,10,22,"MSB 7971-1","JAR8912F","EO","KL","07-09-2025","F",38,30,560,"impact","impact_1981-1990",35.089293,-106.680842,"nem.larv","0"
"3583","MSB:Fish:7971",1990,10,22,"MSB 7971-3","JAR8908F","EO","BP","07-09-2025","F",33,25,370,"impact","impact_1981-1990",35.089293,-106.680842,"nem.larv","0"
"3584","MSB:Fish:7971",1990,10,22,"MSB 7971-5","JAR8916F","EO","BP","07-09-2025","F",28,21,207,"impact","impact_1981-1990",35.089293,-106.680842,"nem.larv","0"
"3585","MSB:Fish:7971",1990,10,22,"MSB 7971-4","JAR8914F","BP","GC","07-09-2025",NA,26,21,155,"impact","impact_1981-1990",35.089293,-106.680842,"nem.larv","0"
"3586","MSB:Fish:9004",1998,10,28,"MSB 9004-5","JAR11300F","JG","BP","07-14-2025","F",34,28,428,"impact","impact_1981-1990",35.196977,-106.642444,"nem.larv","0"
"3587","MSB:Fish:9004",1990,10,28,"MSB 9004-1","JAR11303F","BP","BP","07-14-2025",NA,33,27,388,"impact","impact_1981-1990",35.196977,-106.642444,"nem.larv","0"
"3588","MSB:Fish:9004",1990,10,28,"MSB 9004-4","JAR11301F","JG","GC","07-14-2025",NA,34,28,405,"impact","impact_1981-1990",35.196977,-106.642444,"nem.larv","0"
"3589","MSB:Fish:9004",1990,10,28,"MSB 9004-2","JAR11306F","JG","KL","07-14-2025",NA,32,25,351,"impact","impact_1981-1990",35.196977,-106.642444,"nem.larv","0"
"3590","MSB:Fish:9004",1990,10,28,"MSB 9004-3","JAR11309F","JG","KL","07-14-2025","F",40,32,595,"impact","impact_1981-1990",35.196977,-106.642444,"nem.larv","0"
"3591","MSB:Fish:9011",1990,10,28,"MSB 9011-1","JAR11099F","JG","GC","07-16-2025",NA,36,30,481,"control","control_1981-1990",35.28086111,-106.5988056,"nem.larv","0"
"3592","MSB:Fish:9011",1990,10,28,"MSB 9011-3","JAR11104F","JG","JG","07-16-2025",NA,35,27,423,"control","control_1981-1990",35.28086111,-106.5988056,"nem.larv","0"
"3593","MSB:Fish:9011",1990,10,28,"MSB 9011-5","JAR11101F","JG","KL","07-16-2025",NA,30,24,291,"control","control_1981-1990",35.28086111,-106.5988056,"nem.larv","0"
"3594","MSB:Fish:9011",1990,10,28,"MSB 9011-4","JAR11096F","BP","GC","07-16-2025","F",32,23,324,"control","control_1981-1990",35.28086111,-106.5988056,"nem.larv","0"
"3595","MSB:Fish:9011",1990,10,28,"MSB 9011-2","JAR11102F","JG","GC","07-16-2025",NA,36,31,550,"control","control_1981-1990",35.28086111,-106.5988056,"nem.larv","0"
"3596","MSB:Fish:9465",1989,2,26,"MSB 9465-1","JAR11536F","EO","KL","07-15-2025","F",38,31,553,"impact","impact_1981-1990",34.917008,-106.675195,"nem.larv","0"
"3597","MSB:Fish:9465",1989,2,26,"MSB 9465-4","JAR11539F","EO","KL","07-15-2025","F",47,38,1063,"impact","impact_1981-1990",34.917008,-106.675195,"nem.larv","0"
"3598","MSB:Fish:9465",1989,2,26,"MSB 9465-3","JAR11542F","BP","GC","07-15-2025",NA,39,30,565,"impact","impact_1981-1990",34.917008,-106.675195,"nem.larv","0"
"3599","MSB:Fish:9465",1989,2,26,"MSB 9465-5","JAR11533F","BP","JG","07-15-2025",NA,39,30,778,"impact","impact_1981-1990",34.917008,-106.675195,"nem.larv","0"
"3600","MSB:Fish:9465",1989,2,26,"MSB 9465-2","JAR11537F","EO","GC","07-15-2025","F",47,38,1184,"impact","impact_1981-1990",34.917008,-106.675195,"nem.larv","0"
"3601","MSB:Fish:1078",1939,1,30,"MSB 1078-1","JAR11299F","BP","JG","07-14-2025","F",40,31,647,"impact","impact_1931-1940",35.087167,-106.682164,"nem.l","0"
"3602","MSB:Fish:1078",1939,1,30,"MSB 1078-2","JAR11302F","JG","KL","07-14-2025",NA,41,32,699,"impact","impact_1931-1940",35.087167,-106.682164,"nem.l","0"
"3603","MSB:Fish:1078",1939,1,30,"MSB 1078-3","JAR11305F","BP","KL","07-14-2025",NA,43,35,798,"impact","impact_1931-1940",35.087167,-106.682164,"nem.l","0"
"3604","MSB:Fish:1078",1939,1,30,"MSB 1078-4","JAR11320F","JG","GC","07-14-2025","F",43,37,1027,"impact","impact_1931-1940",35.087167,-106.682164,"nem.l","0"
"3605","MSB:Fish:1078",1939,1,30,"MSB 1078-5","JAR11308F","BP","KL","07-14-2025",NA,39,29,627,"impact","impact_1931-1940",35.087167,-106.682164,"nem.l","0"
"3606","MSB:Fish:1079",1941,9,14,"MSB 1079-5","JAR11311F","JG","KL","07-14-2025",NA,37,29,441,"impact","impact_1941-1950",35.096748,-106.692027,"nem.l","0"
"3607","MSB:Fish:1079",1941,9,14,"MSB 1079-3","JAR11332F","BP","GC","07-14-2025","F",33,25,457,"impact","impact_1941-1950",35.096748,-106.692027,"nem.l","0"
"3608","MSB:Fish:1079",1941,9,14,"MSB 1079-1","JAR11334F","BP","GC","07-14-2025",NA,29,24,231,"impact","impact_1941-1950",35.096748,-106.692027,"nem.l","0"
"3609","MSB:Fish:1079",1941,9,14,"MSB 1079-2","JAR11331F","JG","KL","07-14-2025",NA,35,29,447,"impact","impact_1941-1950",35.096748,-106.692027,"nem.l","0"
"3610","MSB:Fish:1079",1941,9,14,"MSB 1079-4","JAR11333F","BP","GC","07-14-2025","F",44,33,754,"impact","impact_1941-1950",35.096748,-106.692027,"nem.l","0"
"3611","MSB:Fish:1081",1939,3,17,"MSB 1081-5","JAR8835F","BP","EO","07-08-2025","F",28,22,226,"impact","impact_1931-1940",35.072363,-106.668064,"nem.l","0"
"3612","MSB:Fish:1081",1939,3,17,"MSB 1081-4","JAR8832F","JG","KL","07-08-2025","F",27,22,188,"impact","impact_1931-1940",35.072363,-106.668064,"nem.l","0"
"3613","MSB:Fish:1081",1939,3,17,"MSB 1081-2","JAR8836","JG","BP","07-08-2025",NA,29,24,239,"impact","impact_1931-1940",35.072363,-106.668064,"nem.l","0"
"3614","MSB:Fish:1081",1939,3,17,"MSB 1081-1","JAR8837F","BP","BP","07-08-2025","F",43,33,868,"impact","impact_1931-1940",35.072363,-106.668064,"nem.l","0"
"3615","MSB:Fish:1081",1939,3,17,"MSB 1081-3","JAR8834F","BP","JG","07-08-2025",NA,27,21,176,"impact","impact_1931-1940",35.072363,-106.668064,"nem.l","0"
"3616","MSB:Fish:1082",1938,10,18,"MSB 1082-1","JAR8930F","BP","EO","07-09-2025","F",41,32,722,"impact","impact_1931-1940",35.100259,-106.692107,"nem.l","0"
"3617","MSB:Fish:1082",1938,10,18,"MSB 1082-4","JAR8934F","BP","BP","07-09-2025",NA,31,24,264,"impact","impact_1931-1940",35.100259,-106.692107,"nem.l","0"
"3618","MSB:Fish:1082",1938,10,18,"MSB 1082-2","JAR8928F","EO","GC","07-09-2025","F",40,33,627,"impact","impact_1931-1940",35.100259,-106.692107,"nem.l","0"
"3619","MSB:Fish:1082",1938,10,18,"MSB 1082-5","JAR8927F","EO","KL","07-09-2025",NA,25,21,140,"impact","impact_1931-1940",35.100259,-106.692107,"nem.l","0"
"3620","MSB:Fish:1082",1938,10,18,"MSB 1082-3","JAR8929F","EO","KL","07-09-2025","F",34,28,397,"impact","impact_1931-1940",35.100259,-106.692107,"nem.l","0"
"3621","MSB:Fish:1085",1939,5,13,"MSB 1085-5","JAR8935F","JG","GC","07-10-2025","F",50,39,1499,"impact","impact_1931-1940",35.192334,-106.619678,"nem.l","0"
"3622","MSB:Fish:1085",1939,5,13,"MSB 1085-4","JAR8941F","JG","KL","07-10-2025","F",44,36,1060,"impact","impact_1931-1940",35.192334,-106.619678,"nem.l","0"
"3623","MSB:Fish:1085",1939,5,13,"MSB 1085-1","JAR8932F","JG","KL","07-10-2025","F",41,33,809,"impact","impact_1931-1940",35.192334,-106.619678,"nem.l","0"
"3624","MSB:Fish:1085",1939,5,13,"MSB 1085-3","JAR8939F","JG","KL","07-10-2025","F",42,34,861,"impact","impact_1931-1940",35.192334,-106.619678,"nem.l","0"
"3625","MSB:Fish:1085",1939,5,13,"MSB 1085-2","JAR8937F","JG","GC","07-10-2025","M",26,21,147,"impact","impact_1931-1940",35.192334,-106.619678,"nem.l","0"
"3626","MSB:Fish:1086",1939,4,22,"MSB 1086-2","JAR8900F","BP","GC","07-07-2025","F",45,36,994,"impact","impact_1931-1940",35.173111,-106.626066,"nem.l","0"
"3627","MSB:Fish:1086",1939,4,22,"MSB 1086-5","JAR8792F","JG","GC","07-07-2025","F",46,35,1207,"impact","impact_1931-1940",35.173111,-106.626066,"nem.l","0"
"3628","MSB:Fish:1086",1939,4,22,"MSB1086-4","JAR8791F","BP","KL","07-07-2025","F",39,30,752,"impact","impact_1931-1940",35.173111,-106.626066,"nem.l","0"
"3629","MSB:Fish:1086",1939,4,22,"MSB 1086-1","JAR8898F","BP","KL","07-07-2025","F",47,37,1182,"impact","impact_1931-1940",35.173111,-106.626066,"nem.l","0"
"3630","MSB:Fish:1086",1939,4,22,"MSB 1086-3","JAR8902F","BP","KL","07-07-2025",NA,42,35,1023,"impact","impact_1931-1940",35.173111,-106.626066,"nem.l","0"
"3631","MSB:Fish:1089",1939,1,24,"MSB 1089-3","JAR11117F","BP","GC","07-16-2025","F",38,29,552,"impact","impact_1931-1940",35.087167,-106.682164,"nem.l","0"
"3632","MSB:Fish:1089",1939,1,24,"MSB 1089-5","JAR11111F","BP","KL","07-16-2025",NA,35,28,476,"impact","impact_1931-1940",35.087167,-106.682164,"nem.l","0"
"3633","MSB:Fish:1089",1939,1,24,"MSB 1089-1","JAR11112F","BP","KL","07-16-2025","F",40,33,666,"impact","impact_1931-1940",35.087167,-106.682164,"nem.l","0"
"3634","MSB:Fish:1089",1939,1,24,"MSB 1089-4","JAR11114F","BP","KL","07-16-2025","F",40,33,741,"impact","impact_1931-1940",35.087167,-106.682164,"nem.l","0"
"3635","MSB:Fish:1089",1939,1,24,"MSB 1089-2","JAR11109F","BP","GC","07-16-2025",NA,38,30,571,"impact","impact_1931-1940",35.087167,-106.682164,"nem.l","0"
"3636","MSB:Fish:10898",1992,7,9,"MSB 10898-5","JAR11023F","KL","KL","07-28-2025",NA,25,20,139,"control","control_1991-2000",35.211277,-106.611666,"nem.l","0"
"3637","MSB:Fish:10898",1992,7,9,"MSB 10898-4","JAR11046F","KL","KL","07-28-2025","F",31,25,309,"control","control_1991-2000",35.211277,-106.611666,"nem.l","0"
"3638","MSB:Fish:10898",1992,7,9,"MSB 10898-3","JAR11040F","KL","KL","07-28-2025","F",24,19,123,"control","control_1991-2000",35.211277,-106.611666,"nem.l","0"
"3639","MSB:Fish:10898",1992,7,9,"MSB 10898-2","JAR11038F","KL","KL","07-28-2025","M",26,21,118,"control","control_1991-2000",35.211277,-106.611666,"nem.l","0"
"3640","MSB:Fish:10898",1992,7,9,"MSB 10898-1","JAR11039F","KL","KL","07-28-2025","M",22,18,90,"control","control_1991-2000",35.211277,-106.611666,"nem.l","0"
"3641","MSB:Fish:1090",1939,6,9,"MSB 1090-4","JAR11354F","BP","GC","07-10-2025","M",25,19,132,"impact","impact_1931-1940",34.906619,-106.685289,"nem.l","0"
"3642","MSB:Fish:1090",1939,6,9,"MSB 1090-2","JAR11351F","BP","JG","07-10-2025","F",37,30,670,"impact","impact_1931-1940",34.906619,-106.685289,"nem.l","0"
"3643","MSB:Fish:1090",1939,6,9,"MSB 1090-5","JAR11349F","BP","KL","07-10-2025","F",29,24,323,"impact","impact_1931-1940",34.906619,-106.685289,"nem.l","0"
"3644","MSB:Fish:1090",1939,6,9,"MSB 1090-3","JAR11357F","BP","EO","07-10-2025","F",33,25,483,"impact","impact_1931-1940",34.906619,-106.685289,"nem.l","0"
"3645","MSB:Fish:1090",1939,6,9,"MSB 1090-1","JAR11348F","BP","GC","07-10-2025","F",39,30,751,"impact","impact_1931-1940",34.906619,-106.685289,"nem.l","0"
"3646","MSB:Fish:10922",1992,7,9,"MSB 10922-3","JAR11592F","BP","KL","07-18-2025","F",33,25,400,"impact","impact_1991-2000",35.10469444,-106.6916667,"nem.l","0"
"3647","MSB:Fish:10922",1992,7,9,"MSB 10922-5","JAR115843F","BP","GC","07-18-2025","F",30,24,322,"impact","impact_1991-2000",35.10469444,-106.6916667,"nem.l","0"
"3648","MSB:Fish:10922",1992,7,9,"MSB 10922-4","JAR11584F","JG","GC","07-18-2025","F",27,22,141,"impact","impact_1991-2000",35.10469444,-106.6916667,"nem.l","0"
"3649","MSB:Fish:10922",1992,7,9,"MSB 10922-2","JAR11586F","JG","GC","07-18-2025","F",25,20,143,"impact","impact_1991-2000",35.10469444,-106.6916667,"nem.l","0"
"3650","MSB:Fish:10922",1992,7,9,"MSB 10922-1","JAR11589F","JG","KL","07-18-2025","F",30,25,362,"impact","impact_1991-2000",35.10469444,-106.6916667,"nem.l","0"
"3651","MSB:Fish:10944",1992,7,15,"MSB 10944-2","JAR11565F","BP","GC","07-17-2025","F",37,29,751,"impact","impact_1991-2000",35.089293,-106.680842,"nem.l","0"
"3652","MSB:Fish:10944",1992,7,15,"MSB 10944-3","JAR11566F","BP","GC","07-17-2025","F",48,36,1418,"impact","impact_1991-2000",35.089293,-106.680842,"nem.l","0"
"3653","MSB:Fish:10944",1992,7,15,"MSB 10944-4","JAR11564F","BP","KL","07-17-2025","F",34,27,538,"impact","impact_1991-2000",35.089293,-106.680842,"nem.l","0"
"3654","MSB:Fish:10944",1992,7,15,"MSB 10944-5","JAR11567F","BP","KL","07-17-2025","F",35,27,542,"impact","impact_1991-2000",35.089293,-106.680842,"nem.l","0"
"3655","MSB:Fish:10944",1992,7,15,"MSB 10944-1","JAR11568F","BP","GC","07-17-2025","F",43,33,1179,"impact","impact_1991-2000",35.089293,-106.680842,"nem.l","0"
"3656","MSB:Fish:1098",1939,5,13,"MSB 1098-4","JAR8819F","EO","KL","07-07-2025","F",32,25,352,"impact","impact_1931-1940",35.189406,-106.625396,"nem.l","0"
"3657","MSB:Fish:1098",1939,5,13,"MSB 1098-2","JAR8815F","EO","GC","07-07-2025","F",41,33,887,"impact","impact_1931-1940",35.189406,-106.625396,"nem.l","0"
"3658","MSB:Fish:1098",1939,5,13,"MSB 1098-3","JAR8817F","EO","KL","07-07-2025",NA,30,24,257,"impact","impact_1931-1940",35.189406,-106.625396,"nem.l","0"
"3659","MSB:Fish:1098",1939,5,13,"MSB 1098-5","JAR8812F","EO","KL","07-07-2025",NA,41,33,697,"impact","impact_1931-1940",35.189406,-106.625396,"nem.l","0"
"3660","MSB:Fish:1098",1939,5,13,"MSB 1098-1","JAR8814F","EO","KL","07-08-2025","F",46,37,1164,"impact","impact_1931-1940",35.189406,-106.625396,"nem.l","0"
"3661","MSB:Fish:1100",1939,2,26,"MSB 1100-4","JAR8824F","BP","KL","07-08-2025","F",28,24,303,"impact","impact_1931-1940",35.072363,-106.668064,"nem.l","0"
"3662","MSB:Fish:1100",1939,2,26,"MSB 1100-3","JAR8823F","JG","KL","07-08-2025",NA,33,25,326,"impact","impact_1931-1940",35.072363,-106.668064,"nem.l","0"
"3663","MSB:Fish:1100",1939,2,26,"MSB 1100-1","JAR8825F","JG","KL","07-08-2025","F",43,33,679,"impact","impact_1931-1940",35.072363,-106.668064,"nem.l","0"
"3664","MSB:Fish:1100",1939,2,26,"MSB 1100-2","JAR8827F","BP","EO ","07-08-2025","F",28,25,318,"impact","impact_1931-1940",35.072363,-106.668064,"nem.l","0"
"3665","MSB:Fish:1100",1939,2,26,"MSB 1100-5","JAR8829F","JG","KL","07-08-2025",NA,26,23,226,"impact","impact_1931-1940",35.072363,-106.668064,"nem.l","0"
"3666","MSB:Fish:1105",1939,1,20,"MSB 1105-1","JAR11362F","JG","GC","07-10-2025",NA,30,24,202,"impact","impact_1931-1940",35.100259,-106.692107,"nem.l","0"
"3667","MSB:Fish:1105",1939,1,30,"MSB 1105-5","JAR11360F","JG","KL","07-10-2025",NA,36,28,396,"impact","impact_1931-1940",35.100259,-106.692107,"nem.l","0"
"3668","MSB:Fish:1105",1939,1,30,"MSB 1105-3","JAR11361F","JG","KL","07-10-2025",NA,40,36,728,"impact","impact_1931-1940",35.100259,-106.692107,"nem.l","0"
"3669","MSB:Fish:1105",1939,1,30,"MSB 1105-2","JAR11365F","JG","JG","07-10-2025",NA,27,23,158,"impact","impact_1931-1940",35.100259,-106.692107,"nem.l","0"
"3670","MSB:Fish:1105",1939,1,30,"MSB 1105-4","JAR11368F","EO","EO","07-10-2025",NA,40,32,456,"impact","impact_1931-1940",35.100259,-106.692107,"nem.l","0"
"3671","MSB:Fish:11095",1992,7,21,"MSB 11095-1","JAR11015F","KL","KL","07-23-2025",NA,26,21,178,"impact","impact_1991-2000",35.027111,-106.672944,"nem.l","0"
"3672","MSB:Fish:11095",1992,7,21,"MSB 11095-3","JAR11013F","KL","KL","07-23-2025","F",35,28,526,"impact","impact_1991-2000",35.027111,-106.672944,"nem.l","0"
"3673","MSB:Fish:11095",1992,7,21,"MSB 11095-2","JAR11016F","KL","KL","07-23-2025","F",33,27,385,"impact","impact_1991-2000",35.027111,-106.672944,"nem.l","0"
"3674","MSB:Fish:11095",1992,7,21,"MSB 11095-4","JAR11000F","KL","KL","07-23-2025","F",31,25,375,"impact","impact_1991-2000",35.027111,-106.672944,"nem.l","0"
"3675","MSB:Fish:11095",1992,7,21,"MSB 11095-5","JAR11003F","KL","KL","07-23-2025",NA,32,26,460,"impact","impact_1991-2000",35.027111,-106.672944,"nem.l","0"
"3676","MSB:Fish:11126",1992,7,22,"MSB 11126-2","JAR11562F","JG","BP","07-17-2025","F",37,30,634,"impact","impact_1991-2000",34.97052778,-106.6911111,"nem.l","0"
"3677","MSB:Fish:11126",1992,7,22,"MSB 11126-3","JAR11560F","JG","BP","07-17-2025","F",31,25,355,"impact","impact_1991-2000",34.97052778,-106.6911111,"nem.l","0"
"3678","MSB:Fish:11126",1992,7,22,"MSB 11126-1","JAR11561F","EO","EO","07-17-2025","F",45,36,1113,"impact","impact_1991-2000",34.97052778,-106.6911111,"nem.l","0"
"3679","MSB:Fish:11126",1992,7,22,"MSB 11126-4","JAR11559F","JG","GC","07-17-2025","F",40,34,733,"impact","impact_1991-2000",34.97052778,-106.6911111,"nem.l","0"
"3680","MSB:Fish:11126",1992,7,22,"MSB 11126-5","JAR11558F","EO","KL","07-17-2025","M",26,21,179,"impact","impact_1991-2000",34.97052778,-106.6911111,"nem.l","0"
"3681","MSB:Fish:11194",1992,7,24,"MSB 11194-2","JAR11570F","EO","KL","07-17-2025","M",26,22,151,"impact","impact_1991-2000",34.92872222,-106.6818611,"nem.l","0"
"3682","MSB:Fish:11194",1992,7,24,"MSB 11194-3","JAR11569F","EO","GC","07-17-2025",NA,28,22,159,"impact","impact_1991-2000",34.92872222,-106.6818611,"nem.l","0"
"3683","MSB:Fish:11194",1992,7,24,"MSB 11194-5","JAR11572F","EO","KL","07-17-2025",NA,36,29,658,"impact","impact_1991-2000",34.92872222,-106.6818611,"nem.l","0"
"3684","MSB:Fish:11194",1992,7,24,"MSB 11194-4","JAR11571F","EO","EO","07-17-2025","F",35,27,456,"impact","impact_1991-2000",34.92872222,-106.6818611,"nem.l","0"
"3685","MSB:Fish:11194",1992,7,24,"MSB 11194-1","JAR11563F","EO","GC","07-17-2025","F",29,24,333,"impact","impact_1991-2000",34.92872222,-106.6818611,"nem.l","0"
"3686","MSB:Fish:12010",1992,9,28,"MSB 12010-3","JAR11037F","KL","KL","07-28-2025","F",28,23,210,"control","control_1991-2000",35.211416,-106.612833,"nem.l","0"
"3687","MSB:Fish:12010",1992,9,28,"MSB 12010-2","JAR11056F","KL","KL","07-28-2025",NA,27,21.5,211,"control","control_1991-2000",35.211416,-106.612833,"nem.l","0"
"3688","MSB:Fish:12010",1992,9,28,"MSB 12010-1","JAR11057F","KL","KL","07-28-2025","F",36,29,446,"control","control_1991-2000",35.211416,-106.612833,"nem.l","0"
"3689","MSB:Fish:12010",1992,9,28,"MSB 12010-5","JAR11045F","KL","KL","07-28-2025","F",25,20,156,"control","control_1991-2000",35.211416,-106.612833,"nem.l","0"
"3690","MSB:Fish:12010",1992,9,28,"MSB 12010-4","JAR11044F","KL","KL","07-28-2025","F",28,21,210,"control","control_1991-2000",35.211416,-106.612833,"nem.l","0"
"3691","MSB:Fish:12531",1992,11,13,"MSB 12531-1","JAR11267F","EO","GC","07-11-2025",NA,46,38,1030,"control","control_1991-2000",35.380486,-106.502059,"nem.l","0"
"3692","MSB:Fish:12531",1992,11,13,"MSB 12531-4","JAR11265F","EO","KL","07-11-2025",NA,31,25,317,"control","control_1991-2000",35.380486,-106.502059,"nem.l","0"
"3693","MSB:Fish:12531",1992,11,13,"MSB 12531-5","JAR11266F","EO","BP","07-11-2025","F",48,40,1190,"control","control_1991-2000",35.380486,-106.502059,"nem.l","0"
"3694","MSB:Fish:12531",1992,11,13,"MSB 12531-2","JAR11263F","EO","KL","07-11-2025",NA,34,27,414,"control","control_1991-2000",35.380486,-106.502059,"nem.l","0"
"3695","MSB:Fish:12531",1992,11,13,"MSB 12531-3","JAR11264F","EO","KL","07-11-2025","F",35,28,445,"control","control_1991-2000",35.380486,-106.502059,"nem.l","0"
"3696","MSB:Fish:14485",1993,7,13,"MSB 14485-1","JAR11128F","EO","GC","07-17-2025",NA,41,34,760,"impact","impact_1991-2000",34.929964,-106.681431,"nem.l","0"
"3697","MSB:Fish:14485",1993,7,13,"MSB 14485-5","JAR11127F","JG","JG","07-17-2025",NA,24,20,116,"impact","impact_1991-2000",34.929964,-106.681431,"nem.l","0"
"3698","MSB:Fish:14485",1993,7,13,"MSB 14485-4","JAR11129F","EO","GC","07-17-2025","F",30,23,247,"impact","impact_1991-2000",34.929964,-106.681431,"nem.l","0"
"3699","MSB:Fish:14485",1993,7,13,"MSB 14485-3","JAR11557F","EO","KL","07-17-2025","F",37,29,520,"impact","impact_1991-2000",34.929964,-106.681431,"nem.l","0"
"3700","MSB:Fish:14485",1993,7,13,"MSB 14485-2","JAR11130F","JG","GC","07-17-2025","F",43,35,751,"impact","impact_1991-2000",34.929964,-106.681431,"nem.l","0"
"3701","MSB:Fish:18799",1993,8,12,"MSB 18799-5","JAR11578F","BP","KL","07-17-2025","F",30,23,274,"control","control_1991-2000",35.280904,-106.597587,"nem.l","0"
"3702","MSB:Fish:18799",1993,8,12,"MSB 18799-2","JAR11582F","BP","KL","07-17-2025","F",31,25,375,"control","control_1991-2000",35.280904,-106.597587,"nem.l","0"
"3703","MSB:Fish:18799",1993,8,12,"MSB 18799-4","JAR11579F","BP","GC","07-17-2025","F",32,26,344,"control","control_1991-2000",35.280904,-106.597587,"nem.l","0"
"3704","MSB:Fish:18799",1993,8,12,"MSB 18799-3","JAR11580","BP","EO","07-17-2025","F",36,28,509,"control","control_1991-2000",35.280904,-106.597587,"nem.l","0"
"3705","MSB:Fish:18799",1993,8,12,"MSB 18799-1","JAR11581F","BP","KL","07-17-2025","M",29,23,249,"control","control_1991-2000",35.280904,-106.597587,"nem.l","0"
"3706","MSB:Fish:19155",1993,8,4,"MSB 19155-1","JAR11020F","KL","KL","07-23-2025","F",38,30,585,"impact","impact_1991-2000",35.017503,-106.672569,"nem.l","0"
"3707","MSB:Fish:19155",1993,8,4,"MSB 19155-2","JAR11021F","KL","KL","07-23-2025","F",34,28,495,"impact","impact_1991-2000",35.017503,-106.672569,"nem.l","0"
"3708","MSB:Fish:19155",1993,8,4,"MSB 19155-3","JAR11022F","KL","KL","07-23-2025","F",31,26,355,"impact","impact_1991-2000",35.017503,-106.672569,"nem.l","0"
"3709","MSB:Fish:19155",1993,8,4,"MSB 19155-5","JAR11012F","KL","KL","07-23-2025","F",38,32,697,"impact","impact_1991-2000",35.017503,-106.672569,"nem.l","0"
"3710","MSB:Fish:19155",1993,8,4,"MSB 19155-4","JAR11027F","KL","KL","07-23-2025","F",34,28,NA,"impact","impact_1991-2000",35.017503,-106.672569,"nem.l","0"
"3711","MSB:Fish:19170",1993,8,4,"MSB 19170-3","JAR8800F","BP","BP GC","07-07-2025","F",34,26,421,"impact","impact_1991-2000",35.008358,-106.678909,"nem.l","0"
"3712","MSB:Fish:19170",1993,8,4,"MSB 19170-5","JAR8798F","EO","JG","07-07-2025","F",32,25,353,"impact","impact_1991-2000",35.008358,-106.678909,"nem.l","0"
"3713","MSB:Fish:19170",1993,8,4,"MSB 19170-1","JAR8802F","BP","GC","07-07-2025","F",31,24,355,"impact","impact_1991-2000",35.008358,-106.678909,"nem.l","0"
"3714","MSB:Fish:19170",1993,8,4,"MSB 19170-4","JAR8799F","EO","BP","07-07-2025","F",34,27,460,"impact","impact_1991-2000",35.008358,-106.678909,"nem.l","0"
"3715","MSB:Fish:19170",1993,8,4,"MSB 19170-2","JAR8801F","EO","BP KL","07-07-2025",NA,35,27,481,"impact","impact_1991-2000",35.008358,-106.678909,"nem.l","0"
"3716","MSB:Fish:2795",1969,4,2,"MSB 2795-4","JAR8920F","BP","KL","07-09-2025","F",29,24,236,"control","control_1961-1970",35.253452,-106.592892,"nem.l","0"
"3717","MSB:Fish:2795",1969,4,2,"MSB 2795-5","JAR8919F","BP","JG","07-09-2025",NA,25,19,105,"control","control_1961-1970",35.253452,-106.592892,"nem.l","0"
"3718","MSB:Fish:2795",1969,4,2,"MSB 2795-2","JAR8925F","BP","GC","07-09-2025",NA,31,24,325,"control","control_1961-1970",35.253452,-106.592892,"nem.l","0"
"3719","MSB:Fish:2795",1969,4,2,"MSB 2795-1","JAR8932F","BP","JG","07-09-2025",NA,45,35,820,"control","control_1961-1970",35.253452,-106.592892,"nem.l","0"
"3720","MSB:Fish:2795",1969,4,2,"MSB 2795-3","JAR8921F","BP","GC","07-09-2025",NA,46,37,885,"control","control_1961-1970",35.253452,-106.592892,"nem.l","0"
"3721","MSB:Fish:280",1949,10,28,"MSB 280-3","JAR8830F","BP","EO","07-08-2025","F",28,20,184,"impact","impact_1941-1950",35.155761,-106.655157,"nem.l","0"
"3722","MSB:Fish:280",1949,10,28,"MSB 280-4","JAR8828F","JG","JG","07-08-2025",NA,43,35,824,"impact","impact_1941-1950",35.155761,-106.655157,"nem.l","0"
"3723","MSB:Fish:280",1949,10,28,"MSB 280-1","JAR8833F","BP","BP","07-08-2025",NA,33,26,379,"impact","impact_1941-1950",35.155761,-106.655157,"nem.l","0"
"3724","MSB:Fish:280",1949,10,28,"MSB 280-5","JAR8826F","JG","JG","07-08-2025",NA,28,23,238,"impact","impact_1941-1950",35.155761,-106.655157,"nem.l","0"
"3725","MSB:Fish:280",1949,10,28,"MSB 280-2","JAR8831F","JG","KL","07-08-2025","F",42,33,733,"impact","impact_1941-1950",35.155761,-106.655157,"nem.l","0"
"3726","MSB:Fish:285",1961,2,17,"MSB 285-3","JAR11528F","EO","KL","07-15-2025","F",42,34,741,"impact","impact_1961-1970",35.051774,-106.671997,"nem.l","0"
"3727","MSB:Fish:285",1961,2,17,"MSB 285-2","JAR11525F","BP","GC","07-15-2025",NA,32,25,318,"impact","impact_1961-1970",35.051774,-106.671997,"nem.l","0"
"3728","MSB:Fish:285",1961,2,17,"MSB 285-1","JAR11517F","EO","KL","07-15-2025","F",46,37,1064,"impact","impact_1961-1970",35.051774,-106.671997,"nem.l","0"
"3729","MSB:Fish:285",1961,2,17,"MSB 285-4","JAR11530F","BP","KL","07-15-2025","F",34,26,419,"impact","impact_1961-1970",35.051774,-106.671997,"nem.l","0"
"3730","MSB:Fish:285",1961,2,17,"MSB 285-5","JAR11520F","EO","EO","07-15-2025","F",29,23,224,"impact","impact_1961-1970",35.051774,-106.671997,"nem.l","0"
"3731","MSB:Fish:288",1949,12,3,"MSB 288-1","JAR11272F","BP","GC","07-11-2025","F",41,32,695,"impact","impact_1941-1950",35.068939,-106.663683,"nem.l","0"
"3732","MSB:Fish:288",1949,12,3,"MSB 288-4","JAR11269F","BP","BP","07-11-2025",NA,28,22,247,"impact","impact_1941-1950",35.068939,-106.663683,"nem.l","0"
"3733","MSB:Fish:288",1949,12,3,"MSB 288-5","JAR11268F","EO","EO","07-11-2025","F",35,28,413,"impact","impact_1941-1950",35.068939,-106.663683,"nem.l","0"
"3734","MSB:Fish:288",1949,12,3,"MSB 288-3","JAR11270F","EO","KL","07-11-2025","F",49,40,1240,"impact","impact_1941-1950",35.068939,-106.663683,"nem.l","0"
"3735","MSB:Fish:288",1949,12,3,"MSB 288-2","JAR11271F","BP","BP","07-11-2025",NA,30,27,461,"impact","impact_1941-1950",35.068939,-106.663683,"nem.l","0"
"3736","MSB:Fish:292",1961,2,12,"MSB 292-3","JAR11553F","JG","KL","07-16-2025","M",25,21,138,"control","control_1961-1970",35.408152,-106.470544,"nem.l","0"
"3737","MSB:Fish:292",1961,2,12,"MSB 292-1","JAR11556F","BP","KL","07-16-2025","M",31,24,273,"control","control_1961-1970",35.408152,-106.470544,"nem.l","0"
"3738","MSB:Fish:292",1961,2,12,"MSB 292-5","JAR11547F","JG","JG","07-16-2025",NA,25,21,167,"control","control_1961-1970",35.408152,-106.470544,"nem.l","0"
"3739","MSB:Fish:292",1961,2,12,"MSB 292-4","JAR11550F","BP","KL","07-16-2025","F",33,25,342,"control","control_1961-1970",35.408152,-106.470544,"nem.l","0"
"3740","MSB:Fish:292",1961,2,12,"MSB 292-2","JAR11534F","JG","JG","07-16-2025",NA,25,20,132,"control","control_1961-1970",35.408152,-106.470544,"nem.l","0"
"3741","MSB:Fish:305",1949,7,21,"MSB 305-2","JAR8913F","BP","GC","07-09-2025",NA,41,32,810,"impact","impact_1941-1950",35.204443,-106.610046,"nem.l","0"
"3742","MSB:Fish:305",1949,7,21,"MSB 305-3","JAR8915F","BP","KL","07-09-2025","F",39,31,840,"impact","impact_1941-1950",35.204443,-106.610046,"nem.l","0"
"3743","MSB:Fish:305",1949,7,21,"MSB 305-1","JAR8911F","BP","JG","07-09-2025","F",38,30,653,"impact","impact_1941-1950",35.204443,-106.610046,"nem.l","0"
"3744","MSB:Fish:305",1949,7,21,"MSB 305-5","JAR8918F","BP","KL","07-09-2025",NA,41,34,848,"impact","impact_1941-1950",35.204443,-106.610046,"nem.l","0"
"3745","MSB:Fish:305",1949,7,21,"MSB 305-4","JAR8917F","BP","EO","07-09-2025","F",26,21,146,"impact","impact_1941-1950",35.204443,-106.610046,"nem.l","0"
"3746","MSB:Fish:307",1959,2,24,"MSB 307-1","JAR8797F","BP","GC","07-07-2025","F",30,24,257,"impact","impact_1951-1960",34.987044,-106.690293,"nem.l","0"
"3747","MSB:Fish:307",1959,2,24,"MSB 307-2","JAR8796F","JG","KL","07-07-2025","F",31,23,295,"impact","impact_1951-1960",34.987044,-106.690293,"nem.l","0"
"3748","MSB:Fish:307",1959,2,24,"MSB 307-5","JAR8793F","JG","GC","07-07-2025",NA,33,24,304,"impact","impact_1951-1960",34.987044,-106.690293,"nem.l","0"
"3749","MSB:Fish:307",1959,2,24,"MSB 307-4","JAR8794F","BP","KL","07-07-2025","F",31,26,296,"impact","impact_1951-1960",34.987044,-106.690293,"nem.l","0"
"3750","MSB:Fish:307",1959,2,24,"MSB 307-3","JAR8795F","BP","KL","07-07-2025",NA,31,25,277,"impact","impact_1951-1960",34.987044,-106.690293,"nem.l","0"
"3751","MSB:Fish:30771",1996,10,30,"MSB 30771-3","JAR11025F","KL","KL","07-28-2025",NA,39,32,613,"control","control_1991-2000",35.38033333,-106.4990556,"nem.l","0"
"3752","MSB:Fish:30771",1996,10,30,"MSB 30771-2","JAR11024F","KL","KL","07-28-2025",NA,34,27,361,"control","control_1991-2000",35.38033333,-106.4990556,"nem.l","0"
"3753","MSB:Fish:30771",1996,10,30,"MSB 30771-1","JAR11030F","KL","KL","07-28-2025",NA,27,21,182,"control","control_1991-2000",35.38033333,-106.4990556,"nem.l","0"
"3754","MSB:Fish:30771",1996,10,30,"MSB 30771-5","JAR11033F","KL","KL","07-28-2025","M",30,23,241,"control","control_1991-2000",35.38033333,-106.4990556,"nem.l","0"
"3755","MSB:Fish:30771",1996,10,30,"MSB 30771-4","JAR11028F","KL","KL","07-28-2025",NA,26,20,165,"control","control_1991-2000",35.38033333,-106.4990556,"nem.l","0"
"3756","MSB:Fish:315",1949,7,28,"MSB 315-3","JAR11521F","JG","KL","07-15-2025",NA,33,27,445,"impact","impact_1941-1950",35.188761,-106.64706,"nem.l","0"
"3757","MSB:Fish:315",1949,7,28,"MSB 315-2","JAR11524F","BP","KL","07-15-2025","F",38,30,666,"impact","impact_1941-1950",35.188761,-106.64706,"nem.l","0"
"3758","MSB:Fish:315",1949,7,28,"MSB 315-4","JAR11527F","BP","KL","07-15-2025","F",31,24,301,"impact","impact_1941-1950",35.188761,-106.64706,"nem.l","0"
"3759","MSB:Fish:315",1949,7,28,"MSB 315-1","JAR11522F","JG","BP","07-15-2025",NA,38,31,711,"impact","impact_1941-1950",35.188761,-106.64706,"nem.l","0"
"3760","MSB:Fish:315",1949,7,28,"MSB 315-5","JAR11544F","JG","EO","07-15-2025","F",35,28,417,"impact","impact_1941-1950",35.188761,-106.64706,"nem.l","0"
"3761","MSB:Fish:324",1950,10,18,"MSB 324-2","JAR11336F","BP","KL","07-10-2025","F",45,36,1097,"control","control_1941-1950",35.229809,-106.616288,"nem.l","0"
"3762","MSB:Fish:324",1950,10,18,"MSB 324-1","JAR11335F","JG","KL","07-10-2025","F",39,33,691,"control","control_1941-1950",35.229809,-106.616288,"nem.l","0"
"3763","MSB:Fish:324",1950,10,18,"MSB 324-5","JAR11339F","BP","KL","07-10-2025","F",39,31,754,"control","control_1941-1950",35.229809,-106.616288,"nem.l","0"
"3764","MSB:Fish:324",1950,10,18,"MSB 324-4","JAR11338F","BP","GC","07-10-2025",NA,46,36,1172,"control","control_1941-1950",35.229809,-106.616288,"nem.l","0"
"3765","MSB:Fish:324",1950,10,18,"MSB 324-3","JAR11337F","BP","GC","07-10-2025",NA,49,39,1841,"control","control_1941-1950",35.229809,-106.616288,"nem.l","0"
"3766","MSB:Fish:326",1949,7,21,"MSB 326-5","JAR8924F","EO","JG","07-09-2025","F",38,32,628,"impact","impact_1941-1950",35.210652,-106.627124,"nem.l","0"
"3767","MSB:Fish:326",1949,7,21,"MSB 326-4","JAR8933F","EO","KL","07-09-2025","F",33,27,421,"impact","impact_1941-1950",35.210652,-106.627124,"nem.l","0"
"3768","MSB:Fish:326",1949,7,21,"MSB 326-3","JAR8931F","KL","KL","07-09-2025",NA,36,30,581,"impact","impact_1941-1950",35.210652,-106.627124,"nem.l","0"
"3769","MSB:Fish:326",1949,7,21,"MSB 326-2","JAR8926F","KL","GC","07-09-2025","F",34,28,560,"impact","impact_1941-1950",35.210652,-106.627124,"nem.l","0"
"3770","MSB:Fish:326",1949,7,21,"MSB 326-1","JAR8922F","KL","KL","07-09-2025","F",33,27,355,"impact","impact_1941-1950",35.210652,-106.627124,"nem.l","0"
"3771","MSB:Fish:327",1942,2,28,"MSB 327-1","JAR8840F","EO","GC","07-08-2025","F",45,36,927,"control","control_1941-1950",35.37417,-106.49278,"nem.l","0"
"3772","MSB:Fish:327",1942,2,28,"MSB 327-4","JAR8842F","EO","GC","07-08-2025",NA,32,25,257,"control","control_1941-1950",35.37417,-106.49278,"nem.l","0"
"3773","MSB:Fish:327",1942,2,28,"MSB 327-3","JAR8846F","BP","GC","07-08-2025","F",45,36,910,"control","control_1941-1950",35.37417,-106.49278,"nem.l","0"
"3774","MSB:Fish:327",1942,2,28,"MSB 327-2","JAR8903F","EO","JG","07-08-2025",NA,47,38,1118,"control","control_1941-1950",35.37417,-106.49278,"nem.l","0"
"3775","MSB:Fish:327",1942,2,28,"MSB 327-5","JAR8844F","BP","GC","07-08-2025","F",25,20,131,"control","control_1941-1950",35.37417,-106.49278,"nem.l","0"
"3776","MSB:Fish:330",1949,11,5,"MSB 330-1","JAR11350F","EO","JG","07-10-2025",NA,45,36,982,"control","control_1941-1950",35.211994,-106.631125,"nem.l","0"
"3777","MSB:Fish:330",1949,11,5,"MSB 330-3","JAR11356F","EO","GC","07-10-2025",NA,29,23,241,"control","control_1941-1950",35.211994,-106.631125,"nem.l","0"
"3778","MSB:Fish:330",1949,11,5,"MSB 330-4","JAR11353F","JG","BP","07-10-2025",NA,32,26,276,"control","control_1941-1950",35.211994,-106.631125,"nem.l","0"
"3779","MSB:Fish:330",1949,11,5,"MSB 330-5","JAR11369F","JG","EO","07-10-2025","F",26,22,195,"control","control_1941-1950",35.211994,-106.631125,"nem.l","0"
"3780","MSB:Fish:330",1949,11,5,"MSB 330-2","JAR11347F","JG","BP","07-10-2025",NA,34,28,374,"control","control_1941-1950",35.211994,-106.631125,"nem.l","0"
"3781","MSB:Fish:334",1952,5,3,"MSB 334-1","JAR11113F","BP","KL","07-16-2025",NA,33,26,309,"control","control_1951-1960",35.302146,-106.571551,"nem.l","0"
"3782","MSB:Fish:334",1952,5,3,"MSB 334-3","JAR11107F","BP","JG","07-16-2025",NA,30,24,217,"control","control_1951-1960",35.302146,-106.571551,"nem.l","0"
"3783","MSB:Fish:334",1952,5,3,"MSB 334-5","JAR11108F","BP","GC","07-16-2025",NA,27,22,179,"control","control_1951-1960",35.302146,-106.571551,"nem.l","0"
"3784","MSB:Fish:334",1952,5,3,"MSB 334-4","JAR11116F","BP","EO","07-16-2025","F",30,23,233,"control","control_1951-1960",35.302146,-106.571551,"nem.l","0"
"3785","MSB:Fish:334",1952,5,3,"MSB 334-2","JAR11110F","BP","EO","07-16-2025","F",31,25,293,"control","control_1951-1960",35.302146,-106.571551,"nem.l","0"
"3786","MSB:Fish:3391",1965,5,18,"MSB 3391-1","JAR11370F","EO","KL","07-10-2025","F",41,35,794,"control","control_1961-1970",35.383813,-106.481,"nem.l","0"
"3787","MSB:Fish:3391",1965,5,18,"MSB 3391-2","JAR11366F","EO","GC","07-10-2025","M",28,23,188,"control","control_1961-1970",35.383813,-106.481,"nem.l","0"
"3788","MSB:Fish:3391",1965,5,18,"MSB 3391-5","JAR11367F","EO","JG","07-10-2025","F",35,28,522,"control","control_1961-1970",35.383813,-106.481,"nem.l","0"
"3789","MSB:Fish:3391",1965,5,18,"MSB 3391-4","JAR11364F","EO","KL","07-10-2025",NA,33,27,348,"control","control_1961-1970",35.383813,-106.481,"nem.l","0"
"3790","MSB:Fish:3391",1965,5,18,"MSB 3391-3","JAR11363F","EO","EO","07-10-2025","F",31,26,296,"control","control_1961-1970",35.383813,-106.481,"nem.l","0"
"3791","MSB:Fish:3421",1972,6,19,"MSB 3421-1","JAR11296F","EO","KL","07-14-2025","F",36,29,612,"control","control_1971-1980",35.249718,-106.603396,"nem.l","0"
"3792","MSB:Fish:3421",1972,6,19,"MSB 3421-4","JAR11294F","EO","KL","07-14-2025","F",40,33,736,"control","control_1971-1980",35.249718,-106.603396,"nem.l","0"
"3793","MSB:Fish:3421",1972,6,19,"MSB 3421-2","JAR11288F","EO","KL","07-14-2025","F",46,37,1270,"control","control_1971-1980",35.249718,-106.603396,"nem.l","0"
"3794","MSB:Fish:3421",1972,6,19,"MSB 3421-5","JAR11293F","EO","KL","07-14-2025","F",44,36,1076,"control","control_1971-1980",35.249718,-106.603396,"nem.l","0"
"3795","MSB:Fish:3421",1972,6,19,"MSB 3421-3","JAR11291F","EO","KL","07-14-2025","F",42,35,996,"control","control_1971-1980",35.249718,-106.603396,"nem.l","0"
"3796","MSB:Fish:365",1947,9,27,"MSB 365-1","JAR11529F","JG","JG","07-15-2025",NA,39,33,608,"control","control_1941-1950",35.321576,-106.555389,"nem.l","0"
"3797","MSB:Fish:365",1947,9,27,"MSB 365-5","JAR11531F","JG","JG","07-15-2025",NA,32,25,251,"control","control_1941-1950",35.321576,-106.555389,"nem.l","0"
"3798","MSB:Fish:365",1947,9,27,"MSB 365-2","JAR11532F","BP","KL","07-15-2025","F",38,29,390,"control","control_1941-1950",35.321576,-106.555389,"nem.l","0"
"3799","MSB:Fish:365",1947,9,27,"MSB 365-3","JAR11526F","JG","KL","07-15-2025","F",37,29,507,"control","control_1941-1950",35.321576,-106.555389,"nem.l","0"
"3800","MSB:Fish:365",1947,9,27,"MSB 365-4","JAR11523F","BP","KL","07-15-2025",NA,38,30,356,"control","control_1941-1950",35.321576,-106.555389,"nem.l","0"
"3801","MSB:Fish:38942",1997,7,5,"MSB 38942-5","JAR11115F","EO","GC","07-17-2025","F",41,32,883,"control","control_1991-2000",35.28302778,-106.5981389,"nem.l","0"
"3802","MSB:Fish:38942",1997,7,5,"MSB 38942-1","JAR11120F","EO","GC","07-17-2025","F",50,42,2039,"control","control_1991-2000",35.28302778,-106.5981389,"nem.l","0"
"3803","MSB:Fish:38942",1997,7,5,"MSB 38942-2","JAR11119F","EO","KL","07-17-2025","F",47,39,1803,"control","control_1991-2000",35.28302778,-106.5981389,"nem.l","0"
"3804","MSB:Fish:38942",1997,7,5,"MSB 38942-3","JAR11121F","EO","KL","07-17-2025","F",45,38,1685,"control","control_1991-2000",35.28302778,-106.5981389,"nem.l","0"
"3805","MSB:Fish:38942",1997,7,5,"MSB 38942-4","JAR11118F","EO","KL","07-17-2025","F",46,38,1451,"control","control_1991-2000",35.28302778,-106.5981389,"nem.l","0"
"3806","MSB:Fish:39100",1997,10,15,"MSB 39100-1","JAR11577F","BP","JG","07-17-2025",NA,34,26,374,"control","control_1991-2000",35.322164,-106.557448,"nem.l","0"
"3807","MSB:Fish:39100",1997,10,15,"MSB 39100-2","JAR11573F","BP","EO","07-17-2025","F",38,28,500,"control","control_1991-2000",35.322164,-106.557448,"nem.l","0"
"3808","MSB:Fish:39100",1997,10,15,"MSB 39100-4","JAR11575F","BP","GC","07-17-2025","F",34,26,403,"control","control_1991-2000",35.322164,-106.557448,"nem.l","0"
"3809","MSB:Fish:39100",1997,10,15,"MSB 39100-5","JAR11576F","BP","GC","07-17-2025","F",25,19,144,"control","control_1991-2000",35.322164,-106.557448,"nem.l","0"
"3810","MSB:Fish:39100",1997,10,15,"MSB 39100-3","JAR11574F","BP","KL","07-17-2025","M",25,20,167,"control","control_1991-2000",35.322164,-106.557448,"nem.l","0"
"3811","MSB:Fish:3993",1977,9,28,"MSB 3993-4","JAR11626F","BP","GC","07-21-2025","F",29,23,333,"impact","impact_1971-1980",35.136341,-106.685742,"nem.l","0"
"3812","MSB:Fish:3993",1977,9,28,"MSB 3993-1","JAR11623F","JG","GC","07-21-2025",NA,25,20,170,"impact","impact_1971-1980",35.136341,-106.685742,"nem.l","0"
"3813","MSB:Fish:3993",1977,9,28,"MSB 3993-2","JAR11621F","BP","GC","07-21-2025","F",26,20,224,"impact","impact_1971-1980",35.136341,-106.685742,"nem.l","0"
"3814","MSB:Fish:3993",1977,9,28,"MSB 3993-3","JAR11618F","JG","BP","07-21-2025","M",28,21,181,"impact","impact_1971-1980",35.136341,-106.685742,"nem.l","0"
"3815","MSB:Fish:3993",1977,9,28,"MSB 3993-5","JAR11620F","JG","BP","07-21-2025","M",27,21,186,"impact","impact_1971-1980",35.136341,-106.685742,"nem.l","0"
"3816","MSB:Fish:4012",1977,9,28,"MSB 4012-5","JAR11616F","JG","JG","07-21-2025",NA,25,21,169,"impact","impact_1971-1980",35.134932,-106.690783,"nem.l","0"
"3817","MSB:Fish:4012",1977,9,28,"MSB 4012-1","JAR11607F","JG","EO","07-21-2025","F",32,25,365,"impact","impact_1971-1980",35.134932,-106.690783,"nem.l","0"
"3818","MSB:Fish:4012",1977,9,28,"MSB 4012-4","JAR11613F","BP","GC","07-21-2025","F",26,20,178,"impact","impact_1971-1980",35.134932,-106.690783,"nem.l","0"
"3819","MSB:Fish:4012",1977,9,28,"MSB 4012-3","JAR11617F","JG","GC","07-21-2025","F",32,27,303,"impact","impact_1971-1980",35.134932,-106.690783,"nem.l","0"
"3820","MSB:Fish:4012",1977,9,28,"MSB 4012-2","JAR11610F","BP","GC","07-21-2025","F",31,24,316,"impact","impact_1971-1980",35.134932,-106.690783,"nem.l","0"
"3821","MSB:Fish:4056",1978,5,19,"MSB 4056-2","JAR11322F","EO","KL","07-14-2025","F",36,28,566,"control","control_1971-1980",35.253481,-106.591225,"nem.l","0"
"3822","MSB:Fish:4056",1978,5,19,"MSB 4056-3","JAR11318F","EO","JG","07-14-2025","F",37,28,549,"control","control_1971-1980",35.253481,-106.591225,"nem.l","0"
"3823","MSB:Fish:4056",1978,5,19,"MSB 4056-4","JAR11317F","EO","JG","07-14-2025","F",34,28,483,"control","control_1971-1980",35.253481,-106.591225,"nem.l","0"
"3824","MSB:Fish:4056",1978,5,19,"MSB 4056-1","JAR11319F","EO","GC","07-14-2025","F",37,30,644,"control","control_1971-1980",35.253481,-106.591225,"nem.l","0"
"3825","MSB:Fish:4056",1978,5,19,"MSB 4056-5","JAR11321F","EO","GC","07-14-2025","F",34,28,581,"control","control_1971-1980",35.253481,-106.591225,"nem.l","0"
"3826","MSB:Fish:4086",1978,9,29,"MSB 4086-3","JAR11342F","BP","JG","07-11-2025",NA,31,24,340,"control","control_1971-1980",35.380072,-106.499406,"nem.l","0"
"3827","MSB:Fish:4086",1978,9,29,"MSB 4086-5","JAR11340F","BP","GC","07-11-2025","M",29,23,261,"control","control_1971-1980",35.380072,-106.499406,"nem.l","0"
"3828","MSB:Fish:4086",1978,9,29,"MSB 4086-4","JAR11341F","BP","GC","07-11-2025","F",26,19,139,"control","control_1971-1980",35.380072,-106.499406,"nem.l","0"
"3829","MSB:Fish:4086",1978,9,29,"MSB 4086-2","JAR11344F","BP","EO","07-11-2025","F",40,30,701,"control","control_1971-1980",35.380072,-106.499406,"nem.l","0"
"3830","MSB:Fish:4086",1978,9,29,"MSB 4086-1","JAR11345F","BP","KL","07-11-2025","F",41,32,795,"control","control_1971-1980",35.380072,-106.499406,"nem.l","0"
"3831","MSB:Fish:4172",1977,5,10,"MSB 4172-2","JAR11329F","JG","GC","07-14-2025","F",33,29,347,"control","control_1971-1980",35.26637,-106.598674,"nem.l","0"
"3832","MSB:Fish:4172",1977,5,10,"MSB 4172-3","JAR11330F","BP","KL","07-14-2025","F",27,21,170,"control","control_1971-1980",35.26637,-106.598674,"nem.l","0"
"3833","MSB:Fish:4172",1977,5,10,"MSB 4172-4","JAR11327F","BP","GC","07-14-2025","M",27,21,150,"control","control_1971-1980",35.26637,-106.598674,"nem.l","0"
"3834","MSB:Fish:4172",1977,5,10,"MSB 4172-1","JAR11328F","BP","KL","07-14-2025",NA,29,24,252,"control","control_1971-1980",35.26637,-106.598674,"nem.l","0"
"3835","MSB:Fish:4172",1977,5,10,"MSB 4172-5","JAR11326F","JG","JG","07-14-2025",NA,27,21,137,"control","control_1971-1980",35.26637,-106.598674,"nem.l","0"
"3836","MSB:Fish:4176",1978,5,21,"MSB 4176-5","JAR8822F","JG","KL","07-08-2025","F",29,23,368,"control","control_1971-1980",35.253481,-106.591225,"nem.l","0"
"3837","MSB:Fish:4176",1978,5,21,"MSB 4176-1","JAR8821F","BP","JG","07-08-2025","F",38,31,741,"control","control_1971-1980",35.253481,-106.591225,"nem.l","0"
"3838","MSB:Fish:4176",1978,5,21,"MSB 4176-3","JAR8818F","JG","KL","07-08-2025","F",33,26,425,"control","control_1971-1980",35.253481,-106.591225,"nem.l","0"
"3839","MSB:Fish:4176",1978,5,21,"MSB 4176-2","JAR8816F","BP","EO","07-08-2025","F",39,31,798,"control","control_1971-1980",35.253481,-106.591225,"nem.l","0"
"3840","MSB:Fish:4176",1978,5,21,"MSB 4176-4","JAR8820F","BP","JG","07-08-2025","F",38,30,806,"control","control_1971-1980",35.253481,-106.591225,"nem.l","0"
"3841","MSB:Fish:43165",1999,4,21,"MSB 43165-3","JAR11124F","EO","KL","07-17-2025","F",35,27,471,"impact","impact_1991-2000",35.027111,-106.672944,"nem.l","0"
"3842","MSB:Fish:43165",1999,4,21,"MSB 43165-4","JAR11123F","EO","JG GC","07-17-2025","F",38,30,636,"impact","impact_1991-2000",35.027111,-106.672944,"nem.l","0"
"3843","MSB:Fish:43165",1999,4,21,"MSB 43165-2","JAR11125F","EO","EO","07-17-2025","F",38,30,668,"impact","impact_1991-2000",35.027111,-106.672944,"nem.l","0"
"3844","MSB:Fish:43165",1999,4,21,"MSB 43165-1","JAR11126F","EO","GC","07-17-2025","F",33,27,464,"impact","impact_1991-2000",35.027111,-106.672944,"nem.l","0"
"3845","MSB:Fish:43165",1999,4,21,"MSB 43165-5","JAR11122F","EO","KL","07-17-2025","F",40,32,732,"impact","impact_1991-2000",35.027111,-106.672944,"nem.l","0"
"3846","MSB:Fish:43242",1999,7,14,"MSB 43242-5","JAR11026F","KL","KL","07-28-2025",NA,41,33,899,"control","control_1991-2000",35.28302778,-106.5981389,"nem.l","0"
"3847","MSB:Fish:43242",1999,7,14,"MSB 43242-4","JAR11034F","KL","KL","07-28-2025","F",32,25,344,"control","control_1991-2000",35.28302778,-106.5981389,"nem.l","0"
"3848","MSB:Fish:43242",1999,7,14,"MSB 43242-3","JAR11029F","KL","KL","07-28-2025","F",32,25,338,"control","control_1991-2000",35.28302778,-106.5981389,"nem.l","0"
"3849","MSB:Fish:43242",1999,7,14,"MSB 43242-2","JAR11032F","KL","KL","07-28-2025",NA,32,26,416,"control","control_1991-2000",35.28302778,-106.5981389,"nem.l","0"
"3850","MSB:Fish:43242",1999,7,14,"MSB 43242-1","JAR11031F","KL","KL","07-28-2025",NA,29,22,249,"control","control_1991-2000",35.28302778,-106.5981389,"nem.l","0"
"3851","MSB:Fish:43251",1999,7,15,"MSB 43251-2","JAR11011F","KL","KL","07-23-2025","F",37,29,616,"impact","impact_1991-2000",35.089293,-106.680842,"nem.l","0"
"3852","MSB:Fish:43251",1999,7,15,"MSB 43251-1","JAR11014F","KL","KL","07-23-2025",NA,32,26,384,"impact","impact_1991-2000",35.089293,-106.680842,"nem.l","0"
"3853","MSB:Fish:43251",1999,7,15,"MSB 43251-4","JAR11018F","KL","KL","07-23-2025","F",32,25,392,"impact","impact_1991-2000",35.089293,-106.680842,"nem.l","0"
"3854","MSB:Fish:43251",1999,7,15,"MSB 43251-5","JAR11019F","KL","KL","07-23-2025","F",34,27,NA,"impact","impact_1991-2000",35.089293,-106.680842,"nem.l","0"
"3855","MSB:Fish:43251",1999,7,15,"MSB 43251-3","JAR11017F","KL","KL","07-23-2025","F",33,27,379,"impact","impact_1991-2000",35.089293,-106.680842,"nem.l","0"
"3856","MSB:Fish:43370",1999,8,25,"MSB 43370-2","JAR11035F","KL","KL","07-28-2025",NA,28,22,215,"control","control_1991-2000",35.28302778,-106.5981389,"nem.l","0"
"3857","MSB:Fish:43370",1999,8,25,"MSB 43370-3","JAR11036F","KL","KL","07-28-2025",NA,36,29,480,"control","control_1991-2000",35.28302778,-106.5981389,"nem.l","0"
"3858","MSB:Fish:43370",1999,8,25,"MSB 43370-1","JAR11041F","KL","KL","07-28-2025",NA,38,30,NA,"control","control_1991-2000",35.28302778,-106.5981389,"nem.l","0"
"3859","MSB:Fish:43370",1999,8,25,"MSB 43370-5","JAR11043F","KL","KL","07-28-2025","M",30,24,225,"control","control_1991-2000",35.28302778,-106.5981389,"nem.l","0"
"3860","MSB:Fish:43370",1999,8,25,"MSB 43370-4","JAR11042F","KL","KL","07-28-2025",NA,26,20,154,"control","control_1991-2000",35.28302778,-106.5981389,"nem.l","0"
"3861","MSB:Fish:4353",1978,9,8,"MSB 4353-1","JAR11097F","JG","GC","07-16-2025","F",35,29,601,"control","control_1971-1980",35.222784,-106.601974,"nem.l","0"
"3862","MSB:Fish:4353",1978,9,8,"MSB 4353-4","JAR11106F","BP","BP","07-16-2025",NA,25,19,157,"control","control_1971-1980",35.222784,-106.601974,"nem.l","0"
"3863","MSB:Fish:4353",1978,9,8,"MSB 4353-2","JAR11100F","JG","GC","07-16-2025","M",29,24,212,"control","control_1971-1980",35.222784,-106.601974,"nem.l","0"
"3864","MSB:Fish:4353",1978,9,8,"MSB 4353-5","JAR11105F","BP","KL","07-16-2025",NA,25,20,NA,"control","control_1971-1980",35.222784,-106.601974,"nem.l","0"
"3865","MSB:Fish:4353",1978,9,8,"MSB 4353-3","JAR11103F","JG","GC","07-16-2025","M",27,22,151,"control","control_1971-1980",35.222784,-106.601974,"nem.l","0"
"3866","MSB:Fish:4378",1978,9,23,"MSB 4378-3","JAR11554F","JG","KL","07-16-2025","F",38,32,556,"impact","impact_1971-1980",34.905272,-106.685564,"nem.l","0"
"3867","MSB:Fish:4378",1978,9,23,"MSB 4378-5","JAR11545F","BP","GC","07-16-2025","F",36,28,469,"impact","impact_1971-1980",34.905272,-106.685564,"nem.l","0"
"3868","MSB:Fish:4378",1978,9,23,"MSB 4378-3","JAR11546F","BP","KL","07-16-2025","F",42,32,738,"impact","impact_1971-1980",34.905272,-106.685564,"nem.l","0"
"3869","MSB:Fish:4378",1978,9,23,"MSB 4378-2","JAR11551F","BP","JG","07-16-2025","F",38,30,633,"impact","impact_1971-1980",34.905272,-106.685564,"nem.l","0"
"3870","MSB:Fish:4378",1978,9,23,"MSB 4378-1","JAR11548F","BP","KL","07-16-2025","F",37,28,634,"impact","impact_1971-1980",34.905272,-106.685564,"nem.l","0"
"3871","MSB:Fish:438",1978,NA,5,"MSB 4389-1","JAR11516F","JG","GC","07-15-2025",NA,38,31,575,NA,NA,NA,NA,"nem.l","0"
"3872","MSB:Fish:4385",1978,9,6,"MSB 4385-2","JAR8843F","EO","KL","07-08-2025",NA,30,26,273,"impact","impact_1971-1980",34.905272,-106.685564,"nem.l","0"
"3873","MSB:Fish:4385",1978,9,6,"MSB 4385-5","JAR8838F","EO","JG","07-08-2025","F",27,22,197,"impact","impact_1971-1980",34.905272,-106.685564,"nem.l","0"
"3874","MSB:Fish:4385",1978,9,6,"MSB 4385-3","JAR8845F","KL","KL","07-08-2025","F",27,23,204,"impact","impact_1971-1980",34.905272,-106.685564,"nem.l","0"
"3875","MSB:Fish:4385",1978,9,6,"MSB 4385-4","JAR8839","KL","GC","07-08-2025","F",26,22,222,"impact","impact_1971-1980",34.905272,-106.685564,"nem.l","0"
"3876","MSB:Fish:4385",1978,9,6,"MSB 4385-1","JAR8841F","KL","KL","07-08-2025","F",25,21,161,"impact","impact_1971-1980",34.905272,-106.685564,"nem.l","0"
"3877","MSB:Fish:4389",1978,9,5,"MSB 4389-2","JAR11519F","JG","GC","07-15-2025","F",34,28,507,"impact","impact_1971-1980",35.092867,-106.682332,"nem.l","0"
"3878","MSB:Fish:4389",1978,9,5,"MSB 4389-4","JAR11514F","JG","GC","07-15-2025",NA,40,33,716,"impact","impact_1971-1980",35.092867,-106.682332,"nem.l","0"
"3879","MSB:Fish:4389",1978,9,5,"MSB 4389-3","JAR11511F","JG","GC","07-15-2025","M",34,29,461,"impact","impact_1971-1980",35.092867,-106.682332,"nem.l","0"
"3880","MSB:Fish:4389",1978,9,5,"MSB 4389-5","JAR11513F","JG","GC","07-15-2025",NA,38,32,654,"impact","impact_1971-1980",35.092867,-106.682332,"nem.l","0"
"3881","MSB:Fish:4418",1978,8,3,"MSB 4418-1","JAR11292F","BP","GC","07-14-2025","F",43,34,1443,"impact","impact_1971-1980",34.905272,-106.685564,"nem.l","0"
"3882","MSB:Fish:4418",1978,8,3,"MSB 4418-2","JAR11289F","BP","KL","07-14-2025","F",38,30,662,"impact","impact_1971-1980",34.905272,-106.685564,"nem.l","0"
"3883","MSB:Fish:4418",1978,8,3,"MSB 4418-5","JAR11297F","EO","KL","07-14-2025","F",40,33,985,"impact","impact_1971-1980",34.905272,-106.685564,"nem.l","0"
"3884","MSB:Fish:4418",1978,8,3,"MSB 4418-4","JAR11298F","EO","KL","07-14-2025","F",37,30,678,"impact","impact_1971-1980",34.905272,-106.685564,"nem.l","0"
"3885","MSB:Fish:4418",1978,8,3,"MSB 4418-3","JAR11295F","BP","KL","07-14-2025","F",40,31,805,"impact","impact_1971-1980",34.905272,-106.685564,"nem.l","0"
"3886","MSB:Fish:4440",1978,9,5,"MSB 4440-2","JAR11555F","BJG","JG","07-16-2025",NA,28,22,223,"impact","impact_1971-1980",35.090702,-106.684514,"nem.l","0"
"3887","MSB:Fish:4440",1978,9,5,"MSB 4440-1","JAR11552F","BP","JG","07-16-2025",NA,25,20,138,"impact","impact_1971-1980",35.090702,-106.684514,"nem.l","0"
"3888","MSB:Fish:4440",1978,9,5,"MSB 4440-4","JAR11098F","JG","KL","07-16-2025","M",25,21,144,"impact","impact_1971-1980",35.090702,-106.684514,"nem.l","0"
"3889","MSB:Fish:4440",1978,9,5,"MSB 4440-3","JAR11095F","BP","GC","07-16-2025","M",27,20,205,"impact","impact_1971-1980",35.090702,-106.684514,"nem.l","0"
"3890","MSB:Fish:4440",1978,9,5,"MSB 4440-5","JAR11549F","BP","GC","07-16-2025","M",26,20,151,"impact","impact_1971-1980",35.090702,-106.684514,"nem.l","0"
"3891","MSB:Fish:4453",1978,9,5,"MSB 4453-5","JAR8940F","EO","GC","07-10-2025","M",27,22,167,"impact","impact_1971-1980",35.10562,-106.681074,"nem.l","0"
"3892","MSB:Fish:4453",1978,9,5,"MSB 4453-1","JAR11359F","EO","KL","07-10-2025","F",36,30,577,"impact","impact_1971-1980",35.10562,-106.681074,"nem.l","0"
"3893","MSB:Fish:4453",1978,9,5,"MSB 4453-3","JAR8938F","EO","KL","07-10-2025","M",28,22,149,"impact","impact_1971-1980",35.10562,-106.681074,"nem.l","0"
"3894","MSB:Fish:4453",1978,9,5,"MSB 4453-2","JAR8936F","EO ","GC","07-10-2025","F",39,31,742,"impact","impact_1971-1980",35.10562,-106.681074,"nem.l","0"
"3895","MSB:Fish:4453",1978,9,5,"MSB 4453-4","JAR8942F","EO","JG","07-10-2025",NA,26,22,143,"impact","impact_1971-1980",35.10562,-106.681074,"nem.l","0"
"3896","MSB:Fish:4462",1978,6,14,"MSB 4462-1","JAR11541F","BP","BP","07-15-2025",NA,27,22,205,"control","control_1971-1980",35.322164,-106.557448,"nem.l","0"
"3897","MSB:Fish:4462",1978,6,14,"MSB 4462-2","JAR11540F","BP","EO","07-15-2025","F",36,27,517,"control","control_1971-1980",35.322164,-106.557448,"nem.l","0"
"3898","MSB:Fish:4462",1978,6,14,"MSB 4462-5","JAR11535F","BP","GC","07-15-2025","M",26,20,170,"control","control_1971-1980",35.322164,-106.557448,"nem.l","0"
"3899","MSB:Fish:4462",1978,6,14,"MSB 4462-3","JAR11538F","BP","KL","07-15-2025","F",27,20,195,"control","control_1971-1980",35.322164,-106.557448,"nem.l","0"
"3900","MSB:Fish:4462",1978,6,14,"MSB 4462-4","JAR11543F","BP","GC","07-15-2025","M",27,20,197,"control","control_1971-1980",35.322164,-106.557448,"nem.l","0"
"3901","MSB:Fish:4486",1978,9,29,"MSB 4486-1","JAR11274F","JG","KL","07-11-2025","F",29,24,252,"control","control_1971-1980",35.383856,-106.490929,"nem.l","0"
"3902","MSB:Fish:4486",1978,9,29,"MSB 4486-2","JAR11324F","JG","KL","07-11-2025","M",25,20,171,"control","control_1971-1980",35.383856,-106.490929,"nem.l","0"
"3903","MSB:Fish:4486",1978,9,29,"MSB 4486-3","JAR11325F","KL","EO","07-11-2025","F",28,23,227,"control","control_1971-1980",35.383856,-106.490929,"nem.l","0"
"3904","MSB:Fish:4486",1978,9,29,"MSB 4486-4","JAR11323F","KL","KL","07-11-2025",NA,27,22,226,"control","control_1971-1980",35.383856,-106.490929,"nem.l","0"
"3905","MSB:Fish:4486",1978,9,29,"MSB 4486-5","JAR11273F","KL","KL","07-11-2025",NA,25,20,158,"control","control_1971-1980",35.383856,-106.490929,"nem.l","0"
"3906","MSB:Fish:4748",1978,9,5,"MSB 4748-1","JAR8904F","BP","JG","07-09-2025",NA,33,25,374,"impact","impact_1971-1980",35.197227,-106.642667,"nem.l","0"
"3907","MSB:Fish:4748",1978,9,5,"MSB 4748-3","JAR8907F","BP","EO","07-09-2025","F",34,27,362,"impact","impact_1971-1980",35.197227,-106.642667,"nem.l","0"
"3908","MSB:Fish:4748",1978,9,5,"MSB 4748-2","JAR8909F","EO","JG","07-09-2025",NA,36,28,522,"impact","impact_1971-1980",35.197227,-106.642667,"nem.l","0"
"3909","MSB:Fish:4748",1978,9,5,"MSB 4748-5","JAR8905F","BP","GC","07-09-2025",NA,30,24,278,"impact","impact_1971-1980",35.197227,-106.642667,"nem.l","0"
"3910","MSB:Fish:4748",1978,9,5,"MSB 4748-4","JAR8906F","EO","GC","07-09-2025",NA,29,23,213,"impact","impact_1971-1980",35.197227,-106.642667,"nem.l","0"
"3911","MSB:Fish:4750",1978,9,29,"MSB 4750-5","JAR8807F","EO","JG KL","07-07-2025",NA,34,27,447,"control","control_1971-1980",35.385246,-106.478952,"nem.l","0"
"3912","MSB:Fish:4750",1978,9,29,"MSB 4750-3","JAR8809F","EO","GC","07-07-2025","F",44,35,886,"control","control_1971-1980",35.385246,-106.478952,"nem.l","0"
"3913","MSB:Fish:4750",1978,9,29,"MSB 4750-1","JAR8811F","BP","JG GC","07-07-2025","F",40,32,703,"control","control_1971-1980",35.385246,-106.478952,"nem.l","0"
"3914","MSB:Fish:4750",1978,9,29,"MSB 4750-4","JAR8813F","BP","KL","07-07-2025","F",39,31,703,"control","control_1971-1980",35.385246,-106.478952,"nem.l","0"
"3915","MSB:Fish:4750",1978,9,29,"MSB 4750-2","JAR8808F","JG","KL","07-07-2025","F",41,36,1080,"control","control_1971-1980",35.385246,-106.478952,"nem.l","0"
"3916","MSB:Fish:515",1949,11,19,"MSB 515-4","JAR11287F","EO","KL","07-14-2025","F",37,32,1145,"impact","impact_1941-1950",35.20447,-106.610066,"nem.l","0"
"3917","MSB:Fish:515",1949,11,19,"MSB 515-1","JAR11307F","EO","KL","07-14-2025",NA,43,36,964,"impact","impact_1941-1950",35.20447,-106.610066,"nem.l","0"
"3918","MSB:Fish:515",1949,11,19,"MSB 515-3","JAR11290F","EO","GC","07-14-2025","F",39,32,785,"impact","impact_1941-1950",35.20447,-106.610066,"nem.l","0"
"3919","MSB:Fish:515",1949,11,19,"MSB 515-2","JAR11310F","EO","GC","07-14-2025","F",37,30,662,"impact","impact_1941-1950",35.20447,-106.610066,"nem.l","0"
"3920","MSB:Fish:515",1949,11,19,"MSB 515-5","JAR11304F","EO","JG","07-14-2025","F",43,35,1190,"impact","impact_1941-1950",35.20447,-106.610066,"nem.l","0"
"3921","MSB:Fish:5811",1987,9,9,"MSB 5811-4","JAR8806F","EO","KL","07-07-2025","F",34,27,481,"control","control_1981-1990",35.322164,-106.557448,"nem.l","0"
"3922","MSB:Fish:5811",1987,9,9,"MSB 5811-5","JAR8810F","BP","GC","07-07-2025","F",32,26,411,"control","control_1981-1990",35.322164,-106.557448,"nem.l","0"
"3923","MSB:Fish:5811",1987,9,9,"MSB 5811-2","JAR8804F","EO","GC","07-07-2025",NA,41,34,755,"control","control_1981-1990",35.322164,-106.557448,"nem.l","0"
"3924","MSB:Fish:5811",1987,9,9,"MSB 5811-1","JAR8803F","BP","EO GC","07-07-2025","F",39,31,706,"control","control_1981-1990",35.322164,-106.557448,"nem.l","0"
"3925","MSB:Fish:5811",1987,9,9,"MSB 5811-3","JAR8805F","BP","JG KL","07-07-2025",NA,35,27,556,"control","control_1981-1990",35.322164,-106.557448,"nem.l","0"
"3926","MSB:Fish:5822",1987,9,10,"MSB 5822-1","JAR11343F","BP","GC","07-10-2025","F",34,26,358,"impact","impact_1981-1990",34.905272,-106.685564,"nem.l","0"
"3927","MSB:Fish:5822",1987,9,10,"MSB 5822-5","JAR11352F","BP","JG","07-10-2025",NA,29,21,200,"impact","impact_1981-1990",34.905272,-106.685564,"nem.l","0"
"3928","MSB:Fish:5822",1987,9,10,"MSB 5822-2","JAR11346F","BP","GC","07-10-2025","F",36,29,480,"impact","impact_1981-1990",34.905272,-106.685564,"nem.l","0"
"3929","MSB:Fish:5822",1987,9,10,"MSB 5822-4","JAR11355F","JG","JG","07-10-2025",NA,25,20,153,"impact","impact_1981-1990",34.905272,-106.685564,"nem.l","0"
"3930","MSB:Fish:5822",1987,9,10,"MSB 5822-3","JAR11358F","BP","JG","07-10-2025","F",41,32,826,"impact","impact_1981-1990",34.905272,-106.685564,"nem.l","0"
"3931","MSB:Fish:62355",2000,9,14,"MSB 62355-1","JAR11052F","KL","KL","07-28-2025","F",32,25,322,"control","control_1991-2000",35.28373,-106.59878,"nem.l","0"
"3932","MSB:Fish:62355",2000,9,14,"MSB 62355-3","JAR11053F","KL","KL","07-28-2025","F",29,24,210,"control","control_1991-2000",35.28373,-106.59878,"nem.l","0"
"3933","MSB:Fish:62355",2000,9,14,"MSB 62355-2","JAR11055F","KL","KL","07-28-2025",NA,33,26,326,"control","control_1991-2000",35.28373,-106.59878,"nem.l","0"
"3934","MSB:Fish:62355",2000,9,14,"MSB 62355-5","JAR11058F","KL","KL","07-28-2025",NA,25,21,152,"control","control_1991-2000",35.28373,-106.59878,"nem.l","0"
"3935","MSB:Fish:62355",2000,9,14,"MSB 62355-4","JAR11054F","KL","KL","07-28-2025","F",32,25,308,"control","control_1991-2000",35.28373,-106.59878,"nem.l","0"
"3936","MSB:Fish:6300",1988,11,12,"MSB 6300-5","JAR11624F","JG","GC","07-21-2025","F",33,27,377,"impact","impact_1981-1990",35.017903,-106.661847,"nem.l","0"
"3937","MSB:Fish:6300",1988,11,12,"MSB 6300-1","JAR11625F","BP","BP","07-21-2025","M",33,26,347,"impact","impact_1981-1990",35.017903,-106.661847,"nem.l","0"
"3938","MSB:Fish:6300",1988,11,12,"MSB 6300-4","JAR11622F","JG","BP","07-21-2025",NA,33,25,280,"impact","impact_1981-1990",35.017903,-106.661847,"nem.l","0"
"3939","MSB:Fish:6300",1988,11,12,"MSB 6300-3","JAR11627F","BP","EO","07-21-2025","F",33,25,348,"impact","impact_1981-1990",35.017903,-106.661847,"nem.l","0"
"3940","MSB:Fish:6300",1988,11,12,"MSB 6300-2","JAR11619F","JG","GC","07-21-2025","F",34,27,388,"impact","impact_1981-1990",35.017903,-106.661847,"nem.l","0"
"3941","MSB:Fish:6405",1989,10,16,"MSB 6405-4","JAR11312F","BP","GC","07-14-2025","F",37,29,435,"impact","impact_1981-1990",35.089293,-106.680842,"nem.l","0"
"3942","MSB:Fish:6405",1989,10,16,"MSB 6405-2","JAR11315F","JG","EO","07-14-2025","F",37,31,537,"impact","impact_1981-1990",35.089293,-106.680842,"nem.l","0"
"3943","MSB:Fish:6405",1989,10,16,"MSB 6405-3","JAR11313F","JG","GC","07-14-2025","F",33,26,403,"impact","impact_1981-1990",35.089293,-106.680842,"nem.l","0"
"3944","MSB:Fish:6405",1989,10,16,"MSB 6405-1","JAR1131F","BP","KL","07-14-2025","F",32,24,325,"impact","impact_1981-1990",35.089293,-106.680842,"nem.l","0"
"3945","MSB:Fish:6405",1989,10,16,"MSB 6405-5","JAR11314F","JG","JG","07-14-2025",NA,34,27,398,"impact","impact_1981-1990",35.089293,-106.680842,"nem.l","0"
"3946","MSB:Fish:68470",1984,8,15,"MSB 68470-3","JAR11608F","BP","JG","07-18-2025","F",44,33,959,"impact","impact_1981-1990",35.089293,-106.680842,"nem.l","0"
"3947","MSB:Fish:68470",1984,8,15,"MSB 68470-1","JAR11604F","BP","KL","07-18-2025","F",41,31,874,"impact","impact_1981-1990",35.089293,-106.680842,"nem.l","0"
"3948","MSB:Fish:68470",1984,8,15,"MSB 68470-5","JAR11601F","BP","EO","07-18-2025","F",37,29,554,"impact","impact_1981-1990",35.089293,-106.680842,"nem.l","0"
"3949","MSB:Fish:68470",1984,8,15,"MSB 68470-2","JAR11605F","JG","GC","07-18-2025","F",37,30,568,"impact","impact_1981-1990",35.089293,-106.680842,"nem.l","0"
"3950","MSB:Fish:68470",1984,8,15,"MSB 68470-4","JAR11611F","JG","JG","07-18-2025",NA,35,30,521,"impact","impact_1981-1990",35.089293,-106.680842,"nem.l","0"
"3951","MSB:Fish:68483",1984,8,15,"MSB 68483-5","JAR11593F","JG","EO","07-18-2025","F",39,32,596,"impact","impact_1981-1990",35.069907,-106.658878,"nem.l","0"
"3952","MSB:Fish:68483",1984,8,15,"MSB 68483-1","JAR11594F","JG","JG","07-18-2025","F",36,29,526,"impact","impact_1981-1990",35.069907,-106.658878,"nem.l","0"
"3953","MSB:Fish:68483",1984,8,15,"MSB 68483-4","JAR11599","JG","GC","07-18-2025","F",37,30,507,"impact","impact_1981-1990",35.069907,-106.658878,"nem.l","0"
"3954","MSB:Fish:68483",1984,8,15,"MSB 68483-3","JAR11602F","BP","BP","07-18-2025","F",36,29,500,"impact","impact_1981-1990",35.069907,-106.658878,"nem.l","0"
"3955","MSB:Fish:68483",1984,8,15,"MSB 68483-2","JAR11596F","JG","KL","07-18-2025","F",35,29,498,"impact","impact_1981-1990",35.069907,-106.658878,"nem.l","0"
"3956","MSB:Fish:68508",1984,8,15,"MSB 68508-2","JAR11591F","JG","JG","07-21-2025","F",34,27,416,"control","control_1981-1990",35.225523,-106.597651,"nem.l","0"
"3957","MSB:Fish:68508",1984,8,15,"MSB 68508-4","JAR11588F","JG","GC","07-21-2025","F",35,28,587,"control","control_1981-1990",35.225523,-106.597651,"nem.l","0"
"3958","MSB:Fish:68508",1984,8,15,"MSB 68508-5","JAR11587F","BP","JG","07-21-2025","F",33,25,397,"control","control_1981-1990",35.225523,-106.597651,"nem.l","0"
"3959","MSB:Fish:68508",1984,8,15,"MSB 68508-3","JAR11585F","BP","EO","07-21-2025","F",37,28,556,"control","control_1981-1990",35.225523,-106.597651,"nem.l","0"
"3960","MSB:Fish:68508",1984,8,15,"MSB 68508-1","JAR11590F","BP","GC","07-21-2025","F",36,27,487,"control","control_1981-1990",35.225523,-106.597651,"nem.l","0"
"3961","MSB:Fish:68521",1984,8,16,"MSB 68521-5","JAR11597F","BP","JG","07-18-2025","F",32,25,429,"control","control_1981-1990",35.211416,-106.612833,"nem.l","0"
"3962","MSB:Fish:68521",1984,8,16,"MSB 68521-4","JAR11598F","BP","KL","07-18-2025","F",31,24,369,"control","control_1981-1990",35.211416,-106.612833,"nem.l","0"
"3963","MSB:Fish:68521",1984,8,16,"MSB 68521-1","JAR11600F","JG","KL","07-18-2025","F",39,31,597,"control","control_1981-1990",35.211416,-106.612833,"nem.l","0"
"3964","MSB:Fish:68521",1984,8,16,"MSB 68521-3","JAR11595F","JG","BP","07-18-2025","F",39,31,719,"control","control_1981-1990",35.211416,-106.612833,"nem.l","0"
"3965","MSB:Fish:68521",1984,8,16,"MSB 68521-2","JAR11603F","BP","BP","07-18-2025","F",36,27,661,"control","control_1981-1990",35.211416,-106.612833,"nem.l","0"
"3966","MSB:Fish:7208",1989,11,4,"MSB 7208-3","JAR11518F","BP","GC","07-14-2025",NA,32,25,345,"impact","impact_1981-1990",35.205042,-106.609081,"nem.l","0"
"3967","MSB:Fish:7208",1989,11,4,"MSB 7208-2","JAR11515F","EO","JG","07-14-2025",NA,38,31,650,"impact","impact_1981-1990",35.205042,-106.609081,"nem.l","0"
"3968","MSB:Fish:7208",1989,11,4,"MSB 7208-5","JAR11509F","BP","GC","07-14-2025","F",34,25,381,"impact","impact_1981-1990",35.205042,-106.609081,"nem.l","0"
"3969","MSB:Fish:7208",1989,11,4,"MSB 7208-1","JAR11510F","BP","KL","07-14-2025","F",36,26,645,"impact","impact_1981-1990",35.205042,-106.609081,"nem.l","0"
"3970","MSB:Fish:7208",1989,11,4,"MSB 7208-4","JAR11512F","EO","GC","07-14-2025","F",37,29,482,"impact","impact_1981-1990",35.205042,-106.609081,"nem.l","0"
"3971","MSB:Fish:7239",1989,11,12,"MSB 7230-1","JAR11606F","JG","GC","07-21-2025","F",30,23,279,"impact","impact_1981-1990",34.994298,-106.678945,"nem.l","0"
"3972","MSB:Fish:7239",1989,11,12,"MSB 7239-4","JAR11615F","BP","EO","07-21-2025","F",29,22,268,"impact","impact_1981-1990",34.994298,-106.678945,"nem.l","0"
"3973","MSB:Fish:7239",1989,11,12,"MSB 7239-2","JAR11612F","BP","JG","07-21-2025",NA,36,27,500,"impact","impact_1981-1990",34.994298,-106.678945,"nem.l","0"
"3974","MSB:Fish:7239",1989,11,12,"MSB 7239-3","JAR11609F","JG","GC","07-21-2025",NA,27,22,204,"impact","impact_1981-1990",34.994298,-106.678945,"nem.l","0"
"3975","MSB:Fish:7239",1989,11,12,"MSB 7239-5","JAR11614F","JG","EO","07-21-2025","F",30,24,281,"impact","impact_1981-1990",34.994298,-106.678945,"nem.l","0"
"3976","MSB:Fish:73719",2002,9,16,"MSB 73719-4","JAR11050F","KL","KL","07-28-2025","F",38,31,612,"control","control_2001-2010",35.322164,-106.557448,"nem.l","0"
"3977","MSB:Fish:73719",2002,9,16,"MSB 73719-5","JAR11051F","KL","KL","07-28-2025",NA,36,29,495,"control","control_2001-2010",35.322164,-106.557448,"nem.l","0"
"3978","MSB:Fish:73719",2002,9,16,"MSB 73719-3","JAR11049F","KL","KL","07-28-2025","F",40,32,748,"control","control_2001-2010",35.322164,-106.557448,"nem.l","0"
"3979","MSB:Fish:73719",2002,9,16,"MSB 73719-2","JAR11048F","KL","KL","07-28-2025","F",41,34,824,"control","control_2001-2010",35.322164,-106.557448,"nem.l","0"
"3980","MSB:Fish:73719",2002,9,16,"MSB 73719-1","JAR11047F","KL","KL","07-28-2025",NA,37,30,488,"control","control_2001-2010",35.322164,-106.557448,"nem.l","0"
"3981","MSB:Fish:7971",1990,10,22,"MSB 7971-2","JAR8910F","BP","EO","07-09-2025","F",29,24,264,"impact","impact_1981-1990",35.089293,-106.680842,"nem.l","0"
"3982","MSB:Fish:7971",1990,10,22,"MSB 7971-1","JAR8912F","EO","KL","07-09-2025","F",38,30,560,"impact","impact_1981-1990",35.089293,-106.680842,"nem.l","0"
"3983","MSB:Fish:7971",1990,10,22,"MSB 7971-3","JAR8908F","EO","BP","07-09-2025","F",33,25,370,"impact","impact_1981-1990",35.089293,-106.680842,"nem.l","0"
"3984","MSB:Fish:7971",1990,10,22,"MSB 7971-5","JAR8916F","EO","BP","07-09-2025","F",28,21,207,"impact","impact_1981-1990",35.089293,-106.680842,"nem.l","0"
"3985","MSB:Fish:7971",1990,10,22,"MSB 7971-4","JAR8914F","BP","GC","07-09-2025",NA,26,21,155,"impact","impact_1981-1990",35.089293,-106.680842,"nem.l","0"
"3986","MSB:Fish:9004",1998,10,28,"MSB 9004-5","JAR11300F","JG","BP","07-14-2025","F",34,28,428,"impact","impact_1981-1990",35.196977,-106.642444,"nem.l","0"
"3987","MSB:Fish:9004",1990,10,28,"MSB 9004-1","JAR11303F","BP","BP","07-14-2025",NA,33,27,388,"impact","impact_1981-1990",35.196977,-106.642444,"nem.l","0"
"3988","MSB:Fish:9004",1990,10,28,"MSB 9004-4","JAR11301F","JG","GC","07-14-2025",NA,34,28,405,"impact","impact_1981-1990",35.196977,-106.642444,"nem.l","0"
"3989","MSB:Fish:9004",1990,10,28,"MSB 9004-2","JAR11306F","JG","KL","07-14-2025",NA,32,25,351,"impact","impact_1981-1990",35.196977,-106.642444,"nem.l","0"
"3990","MSB:Fish:9004",1990,10,28,"MSB 9004-3","JAR11309F","JG","KL","07-14-2025","F",40,32,595,"impact","impact_1981-1990",35.196977,-106.642444,"nem.l","0"
"3991","MSB:Fish:9011",1990,10,28,"MSB 9011-1","JAR11099F","JG","GC","07-16-2025",NA,36,30,481,"control","control_1981-1990",35.28086111,-106.5988056,"nem.l","0"
"3992","MSB:Fish:9011",1990,10,28,"MSB 9011-3","JAR11104F","JG","JG","07-16-2025",NA,35,27,423,"control","control_1981-1990",35.28086111,-106.5988056,"nem.l","0"
"3993","MSB:Fish:9011",1990,10,28,"MSB 9011-5","JAR11101F","JG","KL","07-16-2025",NA,30,24,291,"control","control_1981-1990",35.28086111,-106.5988056,"nem.l","0"
"3994","MSB:Fish:9011",1990,10,28,"MSB 9011-4","JAR11096F","BP","GC","07-16-2025","F",32,23,324,"control","control_1981-1990",35.28086111,-106.5988056,"nem.l","0"
"3995","MSB:Fish:9011",1990,10,28,"MSB 9011-2","JAR11102F","JG","GC","07-16-2025",NA,36,31,550,"control","control_1981-1990",35.28086111,-106.5988056,"nem.l","0"
"3996","MSB:Fish:9465",1989,2,26,"MSB 9465-1","JAR11536F","EO","KL","07-15-2025","F",38,31,553,"impact","impact_1981-1990",34.917008,-106.675195,"nem.l","0"
"3997","MSB:Fish:9465",1989,2,26,"MSB 9465-4","JAR11539F","EO","KL","07-15-2025","F",47,38,1063,"impact","impact_1981-1990",34.917008,-106.675195,"nem.l","0"
"3998","MSB:Fish:9465",1989,2,26,"MSB 9465-3","JAR11542F","BP","GC","07-15-2025",NA,39,30,565,"impact","impact_1981-1990",34.917008,-106.675195,"nem.l","0"
"3999","MSB:Fish:9465",1989,2,26,"MSB 9465-5","JAR11533F","BP","JG","07-15-2025",NA,39,30,778,"impact","impact_1981-1990",34.917008,-106.675195,"nem.l","0"
"4000","MSB:Fish:9465",1989,2,26,"MSB 9465-2","JAR11537F","EO","GC","07-15-2025","F",47,38,1184,"impact","impact_1981-1990",34.917008,-106.675195,"nem.l","0"
"4001","MSB:Fish:1078",1939,1,30,"MSB 1078-1","JAR11299F","BP","JG","07-14-2025","F",40,31,647,"impact","impact_1931-1940",35.087167,-106.682164,"nem.myst","0"
"4002","MSB:Fish:1078",1939,1,30,"MSB 1078-2","JAR11302F","JG","KL","07-14-2025",NA,41,32,699,"impact","impact_1931-1940",35.087167,-106.682164,"nem.myst","0"
"4003","MSB:Fish:1078",1939,1,30,"MSB 1078-3","JAR11305F","BP","KL","07-14-2025",NA,43,35,798,"impact","impact_1931-1940",35.087167,-106.682164,"nem.myst","0"
"4004","MSB:Fish:1078",1939,1,30,"MSB 1078-4","JAR11320F","JG","GC","07-14-2025","F",43,37,1027,"impact","impact_1931-1940",35.087167,-106.682164,"nem.myst","0"
"4005","MSB:Fish:1078",1939,1,30,"MSB 1078-5","JAR11308F","BP","KL","07-14-2025",NA,39,29,627,"impact","impact_1931-1940",35.087167,-106.682164,"nem.myst","0"
"4006","MSB:Fish:1079",1941,9,14,"MSB 1079-5","JAR11311F","JG","KL","07-14-2025",NA,37,29,441,"impact","impact_1941-1950",35.096748,-106.692027,"nem.myst","0"
"4007","MSB:Fish:1079",1941,9,14,"MSB 1079-3","JAR11332F","BP","GC","07-14-2025","F",33,25,457,"impact","impact_1941-1950",35.096748,-106.692027,"nem.myst","0"
"4008","MSB:Fish:1079",1941,9,14,"MSB 1079-1","JAR11334F","BP","GC","07-14-2025",NA,29,24,231,"impact","impact_1941-1950",35.096748,-106.692027,"nem.myst","0"
"4009","MSB:Fish:1079",1941,9,14,"MSB 1079-2","JAR11331F","JG","KL","07-14-2025",NA,35,29,447,"impact","impact_1941-1950",35.096748,-106.692027,"nem.myst","0"
"4010","MSB:Fish:1079",1941,9,14,"MSB 1079-4","JAR11333F","BP","GC","07-14-2025","F",44,33,754,"impact","impact_1941-1950",35.096748,-106.692027,"nem.myst","0"
"4011","MSB:Fish:1081",1939,3,17,"MSB 1081-5","JAR8835F","BP","EO","07-08-2025","F",28,22,226,"impact","impact_1931-1940",35.072363,-106.668064,"nem.myst","0"
"4012","MSB:Fish:1081",1939,3,17,"MSB 1081-4","JAR8832F","JG","KL","07-08-2025","F",27,22,188,"impact","impact_1931-1940",35.072363,-106.668064,"nem.myst","0"
"4013","MSB:Fish:1081",1939,3,17,"MSB 1081-2","JAR8836","JG","BP","07-08-2025",NA,29,24,239,"impact","impact_1931-1940",35.072363,-106.668064,"nem.myst","0"
"4014","MSB:Fish:1081",1939,3,17,"MSB 1081-1","JAR8837F","BP","BP","07-08-2025","F",43,33,868,"impact","impact_1931-1940",35.072363,-106.668064,"nem.myst","0"
"4015","MSB:Fish:1081",1939,3,17,"MSB 1081-3","JAR8834F","BP","JG","07-08-2025",NA,27,21,176,"impact","impact_1931-1940",35.072363,-106.668064,"nem.myst","0"
"4016","MSB:Fish:1082",1938,10,18,"MSB 1082-1","JAR8930F","BP","EO","07-09-2025","F",41,32,722,"impact","impact_1931-1940",35.100259,-106.692107,"nem.myst","0"
"4017","MSB:Fish:1082",1938,10,18,"MSB 1082-4","JAR8934F","BP","BP","07-09-2025",NA,31,24,264,"impact","impact_1931-1940",35.100259,-106.692107,"nem.myst","0"
"4018","MSB:Fish:1082",1938,10,18,"MSB 1082-2","JAR8928F","EO","GC","07-09-2025","F",40,33,627,"impact","impact_1931-1940",35.100259,-106.692107,"nem.myst","0"
"4019","MSB:Fish:1082",1938,10,18,"MSB 1082-5","JAR8927F","EO","KL","07-09-2025",NA,25,21,140,"impact","impact_1931-1940",35.100259,-106.692107,"nem.myst","0"
"4020","MSB:Fish:1082",1938,10,18,"MSB 1082-3","JAR8929F","EO","KL","07-09-2025","F",34,28,397,"impact","impact_1931-1940",35.100259,-106.692107,"nem.myst","0"
"4021","MSB:Fish:1085",1939,5,13,"MSB 1085-5","JAR8935F","JG","GC","07-10-2025","F",50,39,1499,"impact","impact_1931-1940",35.192334,-106.619678,"nem.myst","0"
"4022","MSB:Fish:1085",1939,5,13,"MSB 1085-4","JAR8941F","JG","KL","07-10-2025","F",44,36,1060,"impact","impact_1931-1940",35.192334,-106.619678,"nem.myst","0"
"4023","MSB:Fish:1085",1939,5,13,"MSB 1085-1","JAR8932F","JG","KL","07-10-2025","F",41,33,809,"impact","impact_1931-1940",35.192334,-106.619678,"nem.myst","0"
"4024","MSB:Fish:1085",1939,5,13,"MSB 1085-3","JAR8939F","JG","KL","07-10-2025","F",42,34,861,"impact","impact_1931-1940",35.192334,-106.619678,"nem.myst","0"
"4025","MSB:Fish:1085",1939,5,13,"MSB 1085-2","JAR8937F","JG","GC","07-10-2025","M",26,21,147,"impact","impact_1931-1940",35.192334,-106.619678,"nem.myst","0"
"4026","MSB:Fish:1086",1939,4,22,"MSB 1086-2","JAR8900F","BP","GC","07-07-2025","F",45,36,994,"impact","impact_1931-1940",35.173111,-106.626066,"nem.myst","0"
"4027","MSB:Fish:1086",1939,4,22,"MSB 1086-5","JAR8792F","JG","GC","07-07-2025","F",46,35,1207,"impact","impact_1931-1940",35.173111,-106.626066,"nem.myst","0"
"4028","MSB:Fish:1086",1939,4,22,"MSB1086-4","JAR8791F","BP","KL","07-07-2025","F",39,30,752,"impact","impact_1931-1940",35.173111,-106.626066,"nem.myst","0"
"4029","MSB:Fish:1086",1939,4,22,"MSB 1086-1","JAR8898F","BP","KL","07-07-2025","F",47,37,1182,"impact","impact_1931-1940",35.173111,-106.626066,"nem.myst","0"
"4030","MSB:Fish:1086",1939,4,22,"MSB 1086-3","JAR8902F","BP","KL","07-07-2025",NA,42,35,1023,"impact","impact_1931-1940",35.173111,-106.626066,"nem.myst","0"
"4031","MSB:Fish:1089",1939,1,24,"MSB 1089-3","JAR11117F","BP","GC","07-16-2025","F",38,29,552,"impact","impact_1931-1940",35.087167,-106.682164,"nem.myst","0"
"4032","MSB:Fish:1089",1939,1,24,"MSB 1089-5","JAR11111F","BP","KL","07-16-2025",NA,35,28,476,"impact","impact_1931-1940",35.087167,-106.682164,"nem.myst","0"
"4033","MSB:Fish:1089",1939,1,24,"MSB 1089-1","JAR11112F","BP","KL","07-16-2025","F",40,33,666,"impact","impact_1931-1940",35.087167,-106.682164,"nem.myst","0"
"4034","MSB:Fish:1089",1939,1,24,"MSB 1089-4","JAR11114F","BP","KL","07-16-2025","F",40,33,741,"impact","impact_1931-1940",35.087167,-106.682164,"nem.myst","0"
"4035","MSB:Fish:1089",1939,1,24,"MSB 1089-2","JAR11109F","BP","GC","07-16-2025",NA,38,30,571,"impact","impact_1931-1940",35.087167,-106.682164,"nem.myst","0"
"4036","MSB:Fish:10898",1992,7,9,"MSB 10898-5","JAR11023F","KL","KL","07-28-2025",NA,25,20,139,"control","control_1991-2000",35.211277,-106.611666,"nem.myst","0"
"4037","MSB:Fish:10898",1992,7,9,"MSB 10898-4","JAR11046F","KL","KL","07-28-2025","F",31,25,309,"control","control_1991-2000",35.211277,-106.611666,"nem.myst","0"
"4038","MSB:Fish:10898",1992,7,9,"MSB 10898-3","JAR11040F","KL","KL","07-28-2025","F",24,19,123,"control","control_1991-2000",35.211277,-106.611666,"nem.myst","0"
"4039","MSB:Fish:10898",1992,7,9,"MSB 10898-2","JAR11038F","KL","KL","07-28-2025","M",26,21,118,"control","control_1991-2000",35.211277,-106.611666,"nem.myst","0"
"4040","MSB:Fish:10898",1992,7,9,"MSB 10898-1","JAR11039F","KL","KL","07-28-2025","M",22,18,90,"control","control_1991-2000",35.211277,-106.611666,"nem.myst","0"
"4041","MSB:Fish:1090",1939,6,9,"MSB 1090-4","JAR11354F","BP","GC","07-10-2025","M",25,19,132,"impact","impact_1931-1940",34.906619,-106.685289,"nem.myst","0"
"4042","MSB:Fish:1090",1939,6,9,"MSB 1090-2","JAR11351F","BP","JG","07-10-2025","F",37,30,670,"impact","impact_1931-1940",34.906619,-106.685289,"nem.myst","0"
"4043","MSB:Fish:1090",1939,6,9,"MSB 1090-5","JAR11349F","BP","KL","07-10-2025","F",29,24,323,"impact","impact_1931-1940",34.906619,-106.685289,"nem.myst","0"
"4044","MSB:Fish:1090",1939,6,9,"MSB 1090-3","JAR11357F","BP","EO","07-10-2025","F",33,25,483,"impact","impact_1931-1940",34.906619,-106.685289,"nem.myst","0"
"4045","MSB:Fish:1090",1939,6,9,"MSB 1090-1","JAR11348F","BP","GC","07-10-2025","F",39,30,751,"impact","impact_1931-1940",34.906619,-106.685289,"nem.myst","0"
"4046","MSB:Fish:10922",1992,7,9,"MSB 10922-3","JAR11592F","BP","KL","07-18-2025","F",33,25,400,"impact","impact_1991-2000",35.10469444,-106.6916667,"nem.myst","1"
"4047","MSB:Fish:10922",1992,7,9,"MSB 10922-5","JAR115843F","BP","GC","07-18-2025","F",30,24,322,"impact","impact_1991-2000",35.10469444,-106.6916667,"nem.myst","0"
"4048","MSB:Fish:10922",1992,7,9,"MSB 10922-4","JAR11584F","JG","GC","07-18-2025","F",27,22,141,"impact","impact_1991-2000",35.10469444,-106.6916667,"nem.myst","0"
"4049","MSB:Fish:10922",1992,7,9,"MSB 10922-2","JAR11586F","JG","GC","07-18-2025","F",25,20,143,"impact","impact_1991-2000",35.10469444,-106.6916667,"nem.myst","0"
"4050","MSB:Fish:10922",1992,7,9,"MSB 10922-1","JAR11589F","JG","KL","07-18-2025","F",30,25,362,"impact","impact_1991-2000",35.10469444,-106.6916667,"nem.myst","0"
"4051","MSB:Fish:10944",1992,7,15,"MSB 10944-2","JAR11565F","BP","GC","07-17-2025","F",37,29,751,"impact","impact_1991-2000",35.089293,-106.680842,"nem.myst","0"
"4052","MSB:Fish:10944",1992,7,15,"MSB 10944-3","JAR11566F","BP","GC","07-17-2025","F",48,36,1418,"impact","impact_1991-2000",35.089293,-106.680842,"nem.myst","0"
"4053","MSB:Fish:10944",1992,7,15,"MSB 10944-4","JAR11564F","BP","KL","07-17-2025","F",34,27,538,"impact","impact_1991-2000",35.089293,-106.680842,"nem.myst","0"
"4054","MSB:Fish:10944",1992,7,15,"MSB 10944-5","JAR11567F","BP","KL","07-17-2025","F",35,27,542,"impact","impact_1991-2000",35.089293,-106.680842,"nem.myst","0"
"4055","MSB:Fish:10944",1992,7,15,"MSB 10944-1","JAR11568F","BP","GC","07-17-2025","F",43,33,1179,"impact","impact_1991-2000",35.089293,-106.680842,"nem.myst","0"
"4056","MSB:Fish:1098",1939,5,13,"MSB 1098-4","JAR8819F","EO","KL","07-07-2025","F",32,25,352,"impact","impact_1931-1940",35.189406,-106.625396,"nem.myst","0"
"4057","MSB:Fish:1098",1939,5,13,"MSB 1098-2","JAR8815F","EO","GC","07-07-2025","F",41,33,887,"impact","impact_1931-1940",35.189406,-106.625396,"nem.myst","0"
"4058","MSB:Fish:1098",1939,5,13,"MSB 1098-3","JAR8817F","EO","KL","07-07-2025",NA,30,24,257,"impact","impact_1931-1940",35.189406,-106.625396,"nem.myst","0"
"4059","MSB:Fish:1098",1939,5,13,"MSB 1098-5","JAR8812F","EO","KL","07-07-2025",NA,41,33,697,"impact","impact_1931-1940",35.189406,-106.625396,"nem.myst","0"
"4060","MSB:Fish:1098",1939,5,13,"MSB 1098-1","JAR8814F","EO","KL","07-08-2025","F",46,37,1164,"impact","impact_1931-1940",35.189406,-106.625396,"nem.myst","0"
"4061","MSB:Fish:1100",1939,2,26,"MSB 1100-4","JAR8824F","BP","KL","07-08-2025","F",28,24,303,"impact","impact_1931-1940",35.072363,-106.668064,"nem.myst","0"
"4062","MSB:Fish:1100",1939,2,26,"MSB 1100-3","JAR8823F","JG","KL","07-08-2025",NA,33,25,326,"impact","impact_1931-1940",35.072363,-106.668064,"nem.myst","0"
"4063","MSB:Fish:1100",1939,2,26,"MSB 1100-1","JAR8825F","JG","KL","07-08-2025","F",43,33,679,"impact","impact_1931-1940",35.072363,-106.668064,"nem.myst","0"
"4064","MSB:Fish:1100",1939,2,26,"MSB 1100-2","JAR8827F","BP","EO ","07-08-2025","F",28,25,318,"impact","impact_1931-1940",35.072363,-106.668064,"nem.myst","0"
"4065","MSB:Fish:1100",1939,2,26,"MSB 1100-5","JAR8829F","JG","KL","07-08-2025",NA,26,23,226,"impact","impact_1931-1940",35.072363,-106.668064,"nem.myst","0"
"4066","MSB:Fish:1105",1939,1,20,"MSB 1105-1","JAR11362F","JG","GC","07-10-2025",NA,30,24,202,"impact","impact_1931-1940",35.100259,-106.692107,"nem.myst","0"
"4067","MSB:Fish:1105",1939,1,30,"MSB 1105-5","JAR11360F","JG","KL","07-10-2025",NA,36,28,396,"impact","impact_1931-1940",35.100259,-106.692107,"nem.myst","0"
"4068","MSB:Fish:1105",1939,1,30,"MSB 1105-3","JAR11361F","JG","KL","07-10-2025",NA,40,36,728,"impact","impact_1931-1940",35.100259,-106.692107,"nem.myst","0"
"4069","MSB:Fish:1105",1939,1,30,"MSB 1105-2","JAR11365F","JG","JG","07-10-2025",NA,27,23,158,"impact","impact_1931-1940",35.100259,-106.692107,"nem.myst","0"
"4070","MSB:Fish:1105",1939,1,30,"MSB 1105-4","JAR11368F","EO","EO","07-10-2025",NA,40,32,456,"impact","impact_1931-1940",35.100259,-106.692107,"nem.myst","0"
"4071","MSB:Fish:11095",1992,7,21,"MSB 11095-1","JAR11015F","KL","KL","07-23-2025",NA,26,21,178,"impact","impact_1991-2000",35.027111,-106.672944,"nem.myst","0"
"4072","MSB:Fish:11095",1992,7,21,"MSB 11095-3","JAR11013F","KL","KL","07-23-2025","F",35,28,526,"impact","impact_1991-2000",35.027111,-106.672944,"nem.myst","0"
"4073","MSB:Fish:11095",1992,7,21,"MSB 11095-2","JAR11016F","KL","KL","07-23-2025","F",33,27,385,"impact","impact_1991-2000",35.027111,-106.672944,"nem.myst","0"
"4074","MSB:Fish:11095",1992,7,21,"MSB 11095-4","JAR11000F","KL","KL","07-23-2025","F",31,25,375,"impact","impact_1991-2000",35.027111,-106.672944,"nem.myst","0"
"4075","MSB:Fish:11095",1992,7,21,"MSB 11095-5","JAR11003F","KL","KL","07-23-2025",NA,32,26,460,"impact","impact_1991-2000",35.027111,-106.672944,"nem.myst","0"
"4076","MSB:Fish:11126",1992,7,22,"MSB 11126-2","JAR11562F","JG","BP","07-17-2025","F",37,30,634,"impact","impact_1991-2000",34.97052778,-106.6911111,"nem.myst","0"
"4077","MSB:Fish:11126",1992,7,22,"MSB 11126-3","JAR11560F","JG","BP","07-17-2025","F",31,25,355,"impact","impact_1991-2000",34.97052778,-106.6911111,"nem.myst","0"
"4078","MSB:Fish:11126",1992,7,22,"MSB 11126-1","JAR11561F","EO","EO","07-17-2025","F",45,36,1113,"impact","impact_1991-2000",34.97052778,-106.6911111,"nem.myst","0"
"4079","MSB:Fish:11126",1992,7,22,"MSB 11126-4","JAR11559F","JG","GC","07-17-2025","F",40,34,733,"impact","impact_1991-2000",34.97052778,-106.6911111,"nem.myst","0"
"4080","MSB:Fish:11126",1992,7,22,"MSB 11126-5","JAR11558F","EO","KL","07-17-2025","M",26,21,179,"impact","impact_1991-2000",34.97052778,-106.6911111,"nem.myst","0"
"4081","MSB:Fish:11194",1992,7,24,"MSB 11194-2","JAR11570F","EO","KL","07-17-2025","M",26,22,151,"impact","impact_1991-2000",34.92872222,-106.6818611,"nem.myst","0"
"4082","MSB:Fish:11194",1992,7,24,"MSB 11194-3","JAR11569F","EO","GC","07-17-2025",NA,28,22,159,"impact","impact_1991-2000",34.92872222,-106.6818611,"nem.myst","0"
"4083","MSB:Fish:11194",1992,7,24,"MSB 11194-5","JAR11572F","EO","KL","07-17-2025",NA,36,29,658,"impact","impact_1991-2000",34.92872222,-106.6818611,"nem.myst","0"
"4084","MSB:Fish:11194",1992,7,24,"MSB 11194-4","JAR11571F","EO","EO","07-17-2025","F",35,27,456,"impact","impact_1991-2000",34.92872222,-106.6818611,"nem.myst","0"
"4085","MSB:Fish:11194",1992,7,24,"MSB 11194-1","JAR11563F","EO","GC","07-17-2025","F",29,24,333,"impact","impact_1991-2000",34.92872222,-106.6818611,"nem.myst","0"
"4086","MSB:Fish:12010",1992,9,28,"MSB 12010-3","JAR11037F","KL","KL","07-28-2025","F",28,23,210,"control","control_1991-2000",35.211416,-106.612833,"nem.myst","0"
"4087","MSB:Fish:12010",1992,9,28,"MSB 12010-2","JAR11056F","KL","KL","07-28-2025",NA,27,21.5,211,"control","control_1991-2000",35.211416,-106.612833,"nem.myst","0"
"4088","MSB:Fish:12010",1992,9,28,"MSB 12010-1","JAR11057F","KL","KL","07-28-2025","F",36,29,446,"control","control_1991-2000",35.211416,-106.612833,"nem.myst","0"
"4089","MSB:Fish:12010",1992,9,28,"MSB 12010-5","JAR11045F","KL","KL","07-28-2025","F",25,20,156,"control","control_1991-2000",35.211416,-106.612833,"nem.myst","0"
"4090","MSB:Fish:12010",1992,9,28,"MSB 12010-4","JAR11044F","KL","KL","07-28-2025","F",28,21,210,"control","control_1991-2000",35.211416,-106.612833,"nem.myst","0"
"4091","MSB:Fish:12531",1992,11,13,"MSB 12531-1","JAR11267F","EO","GC","07-11-2025",NA,46,38,1030,"control","control_1991-2000",35.380486,-106.502059,"nem.myst","0"
"4092","MSB:Fish:12531",1992,11,13,"MSB 12531-4","JAR11265F","EO","KL","07-11-2025",NA,31,25,317,"control","control_1991-2000",35.380486,-106.502059,"nem.myst","0"
"4093","MSB:Fish:12531",1992,11,13,"MSB 12531-5","JAR11266F","EO","BP","07-11-2025","F",48,40,1190,"control","control_1991-2000",35.380486,-106.502059,"nem.myst","0"
"4094","MSB:Fish:12531",1992,11,13,"MSB 12531-2","JAR11263F","EO","KL","07-11-2025",NA,34,27,414,"control","control_1991-2000",35.380486,-106.502059,"nem.myst","0"
"4095","MSB:Fish:12531",1992,11,13,"MSB 12531-3","JAR11264F","EO","KL","07-11-2025","F",35,28,445,"control","control_1991-2000",35.380486,-106.502059,"nem.myst","0"
"4096","MSB:Fish:14485",1993,7,13,"MSB 14485-1","JAR11128F","EO","GC","07-17-2025",NA,41,34,760,"impact","impact_1991-2000",34.929964,-106.681431,"nem.myst","0"
"4097","MSB:Fish:14485",1993,7,13,"MSB 14485-5","JAR11127F","JG","JG","07-17-2025",NA,24,20,116,"impact","impact_1991-2000",34.929964,-106.681431,"nem.myst","0"
"4098","MSB:Fish:14485",1993,7,13,"MSB 14485-4","JAR11129F","EO","GC","07-17-2025","F",30,23,247,"impact","impact_1991-2000",34.929964,-106.681431,"nem.myst","0"
"4099","MSB:Fish:14485",1993,7,13,"MSB 14485-3","JAR11557F","EO","KL","07-17-2025","F",37,29,520,"impact","impact_1991-2000",34.929964,-106.681431,"nem.myst","0"
"4100","MSB:Fish:14485",1993,7,13,"MSB 14485-2","JAR11130F","JG","GC","07-17-2025","F",43,35,751,"impact","impact_1991-2000",34.929964,-106.681431,"nem.myst","0"
"4101","MSB:Fish:18799",1993,8,12,"MSB 18799-5","JAR11578F","BP","KL","07-17-2025","F",30,23,274,"control","control_1991-2000",35.280904,-106.597587,"nem.myst","0"
"4102","MSB:Fish:18799",1993,8,12,"MSB 18799-2","JAR11582F","BP","KL","07-17-2025","F",31,25,375,"control","control_1991-2000",35.280904,-106.597587,"nem.myst","0"
"4103","MSB:Fish:18799",1993,8,12,"MSB 18799-4","JAR11579F","BP","GC","07-17-2025","F",32,26,344,"control","control_1991-2000",35.280904,-106.597587,"nem.myst","0"
"4104","MSB:Fish:18799",1993,8,12,"MSB 18799-3","JAR11580","BP","EO","07-17-2025","F",36,28,509,"control","control_1991-2000",35.280904,-106.597587,"nem.myst","0"
"4105","MSB:Fish:18799",1993,8,12,"MSB 18799-1","JAR11581F","BP","KL","07-17-2025","M",29,23,249,"control","control_1991-2000",35.280904,-106.597587,"nem.myst","0"
"4106","MSB:Fish:19155",1993,8,4,"MSB 19155-1","JAR11020F","KL","KL","07-23-2025","F",38,30,585,"impact","impact_1991-2000",35.017503,-106.672569,"nem.myst","0"
"4107","MSB:Fish:19155",1993,8,4,"MSB 19155-2","JAR11021F","KL","KL","07-23-2025","F",34,28,495,"impact","impact_1991-2000",35.017503,-106.672569,"nem.myst","0"
"4108","MSB:Fish:19155",1993,8,4,"MSB 19155-3","JAR11022F","KL","KL","07-23-2025","F",31,26,355,"impact","impact_1991-2000",35.017503,-106.672569,"nem.myst","0"
"4109","MSB:Fish:19155",1993,8,4,"MSB 19155-5","JAR11012F","KL","KL","07-23-2025","F",38,32,697,"impact","impact_1991-2000",35.017503,-106.672569,"nem.myst","0"
"4110","MSB:Fish:19155",1993,8,4,"MSB 19155-4","JAR11027F","KL","KL","07-23-2025","F",34,28,NA,"impact","impact_1991-2000",35.017503,-106.672569,"nem.myst","0"
"4111","MSB:Fish:19170",1993,8,4,"MSB 19170-3","JAR8800F","BP","BP GC","07-07-2025","F",34,26,421,"impact","impact_1991-2000",35.008358,-106.678909,"nem.myst","0"
"4112","MSB:Fish:19170",1993,8,4,"MSB 19170-5","JAR8798F","EO","JG","07-07-2025","F",32,25,353,"impact","impact_1991-2000",35.008358,-106.678909,"nem.myst","0"
"4113","MSB:Fish:19170",1993,8,4,"MSB 19170-1","JAR8802F","BP","GC","07-07-2025","F",31,24,355,"impact","impact_1991-2000",35.008358,-106.678909,"nem.myst","0"
"4114","MSB:Fish:19170",1993,8,4,"MSB 19170-4","JAR8799F","EO","BP","07-07-2025","F",34,27,460,"impact","impact_1991-2000",35.008358,-106.678909,"nem.myst","0"
"4115","MSB:Fish:19170",1993,8,4,"MSB 19170-2","JAR8801F","EO","BP KL","07-07-2025",NA,35,27,481,"impact","impact_1991-2000",35.008358,-106.678909,"nem.myst","0"
"4116","MSB:Fish:2795",1969,4,2,"MSB 2795-4","JAR8920F","BP","KL","07-09-2025","F",29,24,236,"control","control_1961-1970",35.253452,-106.592892,"nem.myst","0"
"4117","MSB:Fish:2795",1969,4,2,"MSB 2795-5","JAR8919F","BP","JG","07-09-2025",NA,25,19,105,"control","control_1961-1970",35.253452,-106.592892,"nem.myst","0"
"4118","MSB:Fish:2795",1969,4,2,"MSB 2795-2","JAR8925F","BP","GC","07-09-2025",NA,31,24,325,"control","control_1961-1970",35.253452,-106.592892,"nem.myst","0"
"4119","MSB:Fish:2795",1969,4,2,"MSB 2795-1","JAR8932F","BP","JG","07-09-2025",NA,45,35,820,"control","control_1961-1970",35.253452,-106.592892,"nem.myst","0"
"4120","MSB:Fish:2795",1969,4,2,"MSB 2795-3","JAR8921F","BP","GC","07-09-2025",NA,46,37,885,"control","control_1961-1970",35.253452,-106.592892,"nem.myst","0"
"4121","MSB:Fish:280",1949,10,28,"MSB 280-3","JAR8830F","BP","EO","07-08-2025","F",28,20,184,"impact","impact_1941-1950",35.155761,-106.655157,"nem.myst","0"
"4122","MSB:Fish:280",1949,10,28,"MSB 280-4","JAR8828F","JG","JG","07-08-2025",NA,43,35,824,"impact","impact_1941-1950",35.155761,-106.655157,"nem.myst","0"
"4123","MSB:Fish:280",1949,10,28,"MSB 280-1","JAR8833F","BP","BP","07-08-2025",NA,33,26,379,"impact","impact_1941-1950",35.155761,-106.655157,"nem.myst","0"
"4124","MSB:Fish:280",1949,10,28,"MSB 280-5","JAR8826F","JG","JG","07-08-2025",NA,28,23,238,"impact","impact_1941-1950",35.155761,-106.655157,"nem.myst","0"
"4125","MSB:Fish:280",1949,10,28,"MSB 280-2","JAR8831F","JG","KL","07-08-2025","F",42,33,733,"impact","impact_1941-1950",35.155761,-106.655157,"nem.myst","0"
"4126","MSB:Fish:285",1961,2,17,"MSB 285-3","JAR11528F","EO","KL","07-15-2025","F",42,34,741,"impact","impact_1961-1970",35.051774,-106.671997,"nem.myst","0"
"4127","MSB:Fish:285",1961,2,17,"MSB 285-2","JAR11525F","BP","GC","07-15-2025",NA,32,25,318,"impact","impact_1961-1970",35.051774,-106.671997,"nem.myst","0"
"4128","MSB:Fish:285",1961,2,17,"MSB 285-1","JAR11517F","EO","KL","07-15-2025","F",46,37,1064,"impact","impact_1961-1970",35.051774,-106.671997,"nem.myst","0"
"4129","MSB:Fish:285",1961,2,17,"MSB 285-4","JAR11530F","BP","KL","07-15-2025","F",34,26,419,"impact","impact_1961-1970",35.051774,-106.671997,"nem.myst","0"
"4130","MSB:Fish:285",1961,2,17,"MSB 285-5","JAR11520F","EO","EO","07-15-2025","F",29,23,224,"impact","impact_1961-1970",35.051774,-106.671997,"nem.myst","0"
"4131","MSB:Fish:288",1949,12,3,"MSB 288-1","JAR11272F","BP","GC","07-11-2025","F",41,32,695,"impact","impact_1941-1950",35.068939,-106.663683,"nem.myst","0"
"4132","MSB:Fish:288",1949,12,3,"MSB 288-4","JAR11269F","BP","BP","07-11-2025",NA,28,22,247,"impact","impact_1941-1950",35.068939,-106.663683,"nem.myst","0"
"4133","MSB:Fish:288",1949,12,3,"MSB 288-5","JAR11268F","EO","EO","07-11-2025","F",35,28,413,"impact","impact_1941-1950",35.068939,-106.663683,"nem.myst","0"
"4134","MSB:Fish:288",1949,12,3,"MSB 288-3","JAR11270F","EO","KL","07-11-2025","F",49,40,1240,"impact","impact_1941-1950",35.068939,-106.663683,"nem.myst","0"
"4135","MSB:Fish:288",1949,12,3,"MSB 288-2","JAR11271F","BP","BP","07-11-2025",NA,30,27,461,"impact","impact_1941-1950",35.068939,-106.663683,"nem.myst","0"
"4136","MSB:Fish:292",1961,2,12,"MSB 292-3","JAR11553F","JG","KL","07-16-2025","M",25,21,138,"control","control_1961-1970",35.408152,-106.470544,"nem.myst","0"
"4137","MSB:Fish:292",1961,2,12,"MSB 292-1","JAR11556F","BP","KL","07-16-2025","M",31,24,273,"control","control_1961-1970",35.408152,-106.470544,"nem.myst","0"
"4138","MSB:Fish:292",1961,2,12,"MSB 292-5","JAR11547F","JG","JG","07-16-2025",NA,25,21,167,"control","control_1961-1970",35.408152,-106.470544,"nem.myst","0"
"4139","MSB:Fish:292",1961,2,12,"MSB 292-4","JAR11550F","BP","KL","07-16-2025","F",33,25,342,"control","control_1961-1970",35.408152,-106.470544,"nem.myst","0"
"4140","MSB:Fish:292",1961,2,12,"MSB 292-2","JAR11534F","JG","JG","07-16-2025",NA,25,20,132,"control","control_1961-1970",35.408152,-106.470544,"nem.myst","0"
"4141","MSB:Fish:305",1949,7,21,"MSB 305-2","JAR8913F","BP","GC","07-09-2025",NA,41,32,810,"impact","impact_1941-1950",35.204443,-106.610046,"nem.myst","0"
"4142","MSB:Fish:305",1949,7,21,"MSB 305-3","JAR8915F","BP","KL","07-09-2025","F",39,31,840,"impact","impact_1941-1950",35.204443,-106.610046,"nem.myst","0"
"4143","MSB:Fish:305",1949,7,21,"MSB 305-1","JAR8911F","BP","JG","07-09-2025","F",38,30,653,"impact","impact_1941-1950",35.204443,-106.610046,"nem.myst","0"
"4144","MSB:Fish:305",1949,7,21,"MSB 305-5","JAR8918F","BP","KL","07-09-2025",NA,41,34,848,"impact","impact_1941-1950",35.204443,-106.610046,"nem.myst","0"
"4145","MSB:Fish:305",1949,7,21,"MSB 305-4","JAR8917F","BP","EO","07-09-2025","F",26,21,146,"impact","impact_1941-1950",35.204443,-106.610046,"nem.myst","0"
"4146","MSB:Fish:307",1959,2,24,"MSB 307-1","JAR8797F","BP","GC","07-07-2025","F",30,24,257,"impact","impact_1951-1960",34.987044,-106.690293,"nem.myst","0"
"4147","MSB:Fish:307",1959,2,24,"MSB 307-2","JAR8796F","JG","KL","07-07-2025","F",31,23,295,"impact","impact_1951-1960",34.987044,-106.690293,"nem.myst","0"
"4148","MSB:Fish:307",1959,2,24,"MSB 307-5","JAR8793F","JG","GC","07-07-2025",NA,33,24,304,"impact","impact_1951-1960",34.987044,-106.690293,"nem.myst","0"
"4149","MSB:Fish:307",1959,2,24,"MSB 307-4","JAR8794F","BP","KL","07-07-2025","F",31,26,296,"impact","impact_1951-1960",34.987044,-106.690293,"nem.myst","0"
"4150","MSB:Fish:307",1959,2,24,"MSB 307-3","JAR8795F","BP","KL","07-07-2025",NA,31,25,277,"impact","impact_1951-1960",34.987044,-106.690293,"nem.myst","0"
"4151","MSB:Fish:30771",1996,10,30,"MSB 30771-3","JAR11025F","KL","KL","07-28-2025",NA,39,32,613,"control","control_1991-2000",35.38033333,-106.4990556,"nem.myst","0"
"4152","MSB:Fish:30771",1996,10,30,"MSB 30771-2","JAR11024F","KL","KL","07-28-2025",NA,34,27,361,"control","control_1991-2000",35.38033333,-106.4990556,"nem.myst","0"
"4153","MSB:Fish:30771",1996,10,30,"MSB 30771-1","JAR11030F","KL","KL","07-28-2025",NA,27,21,182,"control","control_1991-2000",35.38033333,-106.4990556,"nem.myst","0"
"4154","MSB:Fish:30771",1996,10,30,"MSB 30771-5","JAR11033F","KL","KL","07-28-2025","M",30,23,241,"control","control_1991-2000",35.38033333,-106.4990556,"nem.myst","0"
"4155","MSB:Fish:30771",1996,10,30,"MSB 30771-4","JAR11028F","KL","KL","07-28-2025",NA,26,20,165,"control","control_1991-2000",35.38033333,-106.4990556,"nem.myst","0"
"4156","MSB:Fish:315",1949,7,28,"MSB 315-3","JAR11521F","JG","KL","07-15-2025",NA,33,27,445,"impact","impact_1941-1950",35.188761,-106.64706,"nem.myst","0"
"4157","MSB:Fish:315",1949,7,28,"MSB 315-2","JAR11524F","BP","KL","07-15-2025","F",38,30,666,"impact","impact_1941-1950",35.188761,-106.64706,"nem.myst","0"
"4158","MSB:Fish:315",1949,7,28,"MSB 315-4","JAR11527F","BP","KL","07-15-2025","F",31,24,301,"impact","impact_1941-1950",35.188761,-106.64706,"nem.myst","0"
"4159","MSB:Fish:315",1949,7,28,"MSB 315-1","JAR11522F","JG","BP","07-15-2025",NA,38,31,711,"impact","impact_1941-1950",35.188761,-106.64706,"nem.myst","0"
"4160","MSB:Fish:315",1949,7,28,"MSB 315-5","JAR11544F","JG","EO","07-15-2025","F",35,28,417,"impact","impact_1941-1950",35.188761,-106.64706,"nem.myst","0"
"4161","MSB:Fish:324",1950,10,18,"MSB 324-2","JAR11336F","BP","KL","07-10-2025","F",45,36,1097,"control","control_1941-1950",35.229809,-106.616288,"nem.myst","0"
"4162","MSB:Fish:324",1950,10,18,"MSB 324-1","JAR11335F","JG","KL","07-10-2025","F",39,33,691,"control","control_1941-1950",35.229809,-106.616288,"nem.myst","0"
"4163","MSB:Fish:324",1950,10,18,"MSB 324-5","JAR11339F","BP","KL","07-10-2025","F",39,31,754,"control","control_1941-1950",35.229809,-106.616288,"nem.myst","0"
"4164","MSB:Fish:324",1950,10,18,"MSB 324-4","JAR11338F","BP","GC","07-10-2025",NA,46,36,1172,"control","control_1941-1950",35.229809,-106.616288,"nem.myst","0"
"4165","MSB:Fish:324",1950,10,18,"MSB 324-3","JAR11337F","BP","GC","07-10-2025",NA,49,39,1841,"control","control_1941-1950",35.229809,-106.616288,"nem.myst","0"
"4166","MSB:Fish:326",1949,7,21,"MSB 326-5","JAR8924F","EO","JG","07-09-2025","F",38,32,628,"impact","impact_1941-1950",35.210652,-106.627124,"nem.myst","0"
"4167","MSB:Fish:326",1949,7,21,"MSB 326-4","JAR8933F","EO","KL","07-09-2025","F",33,27,421,"impact","impact_1941-1950",35.210652,-106.627124,"nem.myst","0"
"4168","MSB:Fish:326",1949,7,21,"MSB 326-3","JAR8931F","KL","KL","07-09-2025",NA,36,30,581,"impact","impact_1941-1950",35.210652,-106.627124,"nem.myst","0"
"4169","MSB:Fish:326",1949,7,21,"MSB 326-2","JAR8926F","KL","GC","07-09-2025","F",34,28,560,"impact","impact_1941-1950",35.210652,-106.627124,"nem.myst","0"
"4170","MSB:Fish:326",1949,7,21,"MSB 326-1","JAR8922F","KL","KL","07-09-2025","F",33,27,355,"impact","impact_1941-1950",35.210652,-106.627124,"nem.myst","0"
"4171","MSB:Fish:327",1942,2,28,"MSB 327-1","JAR8840F","EO","GC","07-08-2025","F",45,36,927,"control","control_1941-1950",35.37417,-106.49278,"nem.myst","0"
"4172","MSB:Fish:327",1942,2,28,"MSB 327-4","JAR8842F","EO","GC","07-08-2025",NA,32,25,257,"control","control_1941-1950",35.37417,-106.49278,"nem.myst","0"
"4173","MSB:Fish:327",1942,2,28,"MSB 327-3","JAR8846F","BP","GC","07-08-2025","F",45,36,910,"control","control_1941-1950",35.37417,-106.49278,"nem.myst","0"
"4174","MSB:Fish:327",1942,2,28,"MSB 327-2","JAR8903F","EO","JG","07-08-2025",NA,47,38,1118,"control","control_1941-1950",35.37417,-106.49278,"nem.myst","0"
"4175","MSB:Fish:327",1942,2,28,"MSB 327-5","JAR8844F","BP","GC","07-08-2025","F",25,20,131,"control","control_1941-1950",35.37417,-106.49278,"nem.myst","0"
"4176","MSB:Fish:330",1949,11,5,"MSB 330-1","JAR11350F","EO","JG","07-10-2025",NA,45,36,982,"control","control_1941-1950",35.211994,-106.631125,"nem.myst","0"
"4177","MSB:Fish:330",1949,11,5,"MSB 330-3","JAR11356F","EO","GC","07-10-2025",NA,29,23,241,"control","control_1941-1950",35.211994,-106.631125,"nem.myst","0"
"4178","MSB:Fish:330",1949,11,5,"MSB 330-4","JAR11353F","JG","BP","07-10-2025",NA,32,26,276,"control","control_1941-1950",35.211994,-106.631125,"nem.myst","0"
"4179","MSB:Fish:330",1949,11,5,"MSB 330-5","JAR11369F","JG","EO","07-10-2025","F",26,22,195,"control","control_1941-1950",35.211994,-106.631125,"nem.myst","0"
"4180","MSB:Fish:330",1949,11,5,"MSB 330-2","JAR11347F","JG","BP","07-10-2025",NA,34,28,374,"control","control_1941-1950",35.211994,-106.631125,"nem.myst","0"
"4181","MSB:Fish:334",1952,5,3,"MSB 334-1","JAR11113F","BP","KL","07-16-2025",NA,33,26,309,"control","control_1951-1960",35.302146,-106.571551,"nem.myst","0"
"4182","MSB:Fish:334",1952,5,3,"MSB 334-3","JAR11107F","BP","JG","07-16-2025",NA,30,24,217,"control","control_1951-1960",35.302146,-106.571551,"nem.myst","0"
"4183","MSB:Fish:334",1952,5,3,"MSB 334-5","JAR11108F","BP","GC","07-16-2025",NA,27,22,179,"control","control_1951-1960",35.302146,-106.571551,"nem.myst","0"
"4184","MSB:Fish:334",1952,5,3,"MSB 334-4","JAR11116F","BP","EO","07-16-2025","F",30,23,233,"control","control_1951-1960",35.302146,-106.571551,"nem.myst","0"
"4185","MSB:Fish:334",1952,5,3,"MSB 334-2","JAR11110F","BP","EO","07-16-2025","F",31,25,293,"control","control_1951-1960",35.302146,-106.571551,"nem.myst","0"
"4186","MSB:Fish:3391",1965,5,18,"MSB 3391-1","JAR11370F","EO","KL","07-10-2025","F",41,35,794,"control","control_1961-1970",35.383813,-106.481,"nem.myst","0"
"4187","MSB:Fish:3391",1965,5,18,"MSB 3391-2","JAR11366F","EO","GC","07-10-2025","M",28,23,188,"control","control_1961-1970",35.383813,-106.481,"nem.myst","0"
"4188","MSB:Fish:3391",1965,5,18,"MSB 3391-5","JAR11367F","EO","JG","07-10-2025","F",35,28,522,"control","control_1961-1970",35.383813,-106.481,"nem.myst","0"
"4189","MSB:Fish:3391",1965,5,18,"MSB 3391-4","JAR11364F","EO","KL","07-10-2025",NA,33,27,348,"control","control_1961-1970",35.383813,-106.481,"nem.myst","0"
"4190","MSB:Fish:3391",1965,5,18,"MSB 3391-3","JAR11363F","EO","EO","07-10-2025","F",31,26,296,"control","control_1961-1970",35.383813,-106.481,"nem.myst","0"
"4191","MSB:Fish:3421",1972,6,19,"MSB 3421-1","JAR11296F","EO","KL","07-14-2025","F",36,29,612,"control","control_1971-1980",35.249718,-106.603396,"nem.myst","0"
"4192","MSB:Fish:3421",1972,6,19,"MSB 3421-4","JAR11294F","EO","KL","07-14-2025","F",40,33,736,"control","control_1971-1980",35.249718,-106.603396,"nem.myst","0"
"4193","MSB:Fish:3421",1972,6,19,"MSB 3421-2","JAR11288F","EO","KL","07-14-2025","F",46,37,1270,"control","control_1971-1980",35.249718,-106.603396,"nem.myst","0"
"4194","MSB:Fish:3421",1972,6,19,"MSB 3421-5","JAR11293F","EO","KL","07-14-2025","F",44,36,1076,"control","control_1971-1980",35.249718,-106.603396,"nem.myst","0"
"4195","MSB:Fish:3421",1972,6,19,"MSB 3421-3","JAR11291F","EO","KL","07-14-2025","F",42,35,996,"control","control_1971-1980",35.249718,-106.603396,"nem.myst","0"
"4196","MSB:Fish:365",1947,9,27,"MSB 365-1","JAR11529F","JG","JG","07-15-2025",NA,39,33,608,"control","control_1941-1950",35.321576,-106.555389,"nem.myst","0"
"4197","MSB:Fish:365",1947,9,27,"MSB 365-5","JAR11531F","JG","JG","07-15-2025",NA,32,25,251,"control","control_1941-1950",35.321576,-106.555389,"nem.myst","0"
"4198","MSB:Fish:365",1947,9,27,"MSB 365-2","JAR11532F","BP","KL","07-15-2025","F",38,29,390,"control","control_1941-1950",35.321576,-106.555389,"nem.myst","0"
"4199","MSB:Fish:365",1947,9,27,"MSB 365-3","JAR11526F","JG","KL","07-15-2025","F",37,29,507,"control","control_1941-1950",35.321576,-106.555389,"nem.myst","0"
"4200","MSB:Fish:365",1947,9,27,"MSB 365-4","JAR11523F","BP","KL","07-15-2025",NA,38,30,356,"control","control_1941-1950",35.321576,-106.555389,"nem.myst","0"
"4201","MSB:Fish:38942",1997,7,5,"MSB 38942-5","JAR11115F","EO","GC","07-17-2025","F",41,32,883,"control","control_1991-2000",35.28302778,-106.5981389,"nem.myst","0"
"4202","MSB:Fish:38942",1997,7,5,"MSB 38942-1","JAR11120F","EO","GC","07-17-2025","F",50,42,2039,"control","control_1991-2000",35.28302778,-106.5981389,"nem.myst","0"
"4203","MSB:Fish:38942",1997,7,5,"MSB 38942-2","JAR11119F","EO","KL","07-17-2025","F",47,39,1803,"control","control_1991-2000",35.28302778,-106.5981389,"nem.myst","0"
"4204","MSB:Fish:38942",1997,7,5,"MSB 38942-3","JAR11121F","EO","KL","07-17-2025","F",45,38,1685,"control","control_1991-2000",35.28302778,-106.5981389,"nem.myst","0"
"4205","MSB:Fish:38942",1997,7,5,"MSB 38942-4","JAR11118F","EO","KL","07-17-2025","F",46,38,1451,"control","control_1991-2000",35.28302778,-106.5981389,"nem.myst","0"
"4206","MSB:Fish:39100",1997,10,15,"MSB 39100-1","JAR11577F","BP","JG","07-17-2025",NA,34,26,374,"control","control_1991-2000",35.322164,-106.557448,"nem.myst","0"
"4207","MSB:Fish:39100",1997,10,15,"MSB 39100-2","JAR11573F","BP","EO","07-17-2025","F",38,28,500,"control","control_1991-2000",35.322164,-106.557448,"nem.myst","0"
"4208","MSB:Fish:39100",1997,10,15,"MSB 39100-4","JAR11575F","BP","GC","07-17-2025","F",34,26,403,"control","control_1991-2000",35.322164,-106.557448,"nem.myst","0"
"4209","MSB:Fish:39100",1997,10,15,"MSB 39100-5","JAR11576F","BP","GC","07-17-2025","F",25,19,144,"control","control_1991-2000",35.322164,-106.557448,"nem.myst","0"
"4210","MSB:Fish:39100",1997,10,15,"MSB 39100-3","JAR11574F","BP","KL","07-17-2025","M",25,20,167,"control","control_1991-2000",35.322164,-106.557448,"nem.myst","0"
"4211","MSB:Fish:3993",1977,9,28,"MSB 3993-4","JAR11626F","BP","GC","07-21-2025","F",29,23,333,"impact","impact_1971-1980",35.136341,-106.685742,"nem.myst","0"
"4212","MSB:Fish:3993",1977,9,28,"MSB 3993-1","JAR11623F","JG","GC","07-21-2025",NA,25,20,170,"impact","impact_1971-1980",35.136341,-106.685742,"nem.myst","0"
"4213","MSB:Fish:3993",1977,9,28,"MSB 3993-2","JAR11621F","BP","GC","07-21-2025","F",26,20,224,"impact","impact_1971-1980",35.136341,-106.685742,"nem.myst","0"
"4214","MSB:Fish:3993",1977,9,28,"MSB 3993-3","JAR11618F","JG","BP","07-21-2025","M",28,21,181,"impact","impact_1971-1980",35.136341,-106.685742,"nem.myst","0"
"4215","MSB:Fish:3993",1977,9,28,"MSB 3993-5","JAR11620F","JG","BP","07-21-2025","M",27,21,186,"impact","impact_1971-1980",35.136341,-106.685742,"nem.myst","0"
"4216","MSB:Fish:4012",1977,9,28,"MSB 4012-5","JAR11616F","JG","JG","07-21-2025",NA,25,21,169,"impact","impact_1971-1980",35.134932,-106.690783,"nem.myst","0"
"4217","MSB:Fish:4012",1977,9,28,"MSB 4012-1","JAR11607F","JG","EO","07-21-2025","F",32,25,365,"impact","impact_1971-1980",35.134932,-106.690783,"nem.myst","0"
"4218","MSB:Fish:4012",1977,9,28,"MSB 4012-4","JAR11613F","BP","GC","07-21-2025","F",26,20,178,"impact","impact_1971-1980",35.134932,-106.690783,"nem.myst","0"
"4219","MSB:Fish:4012",1977,9,28,"MSB 4012-3","JAR11617F","JG","GC","07-21-2025","F",32,27,303,"impact","impact_1971-1980",35.134932,-106.690783,"nem.myst","0"
"4220","MSB:Fish:4012",1977,9,28,"MSB 4012-2","JAR11610F","BP","GC","07-21-2025","F",31,24,316,"impact","impact_1971-1980",35.134932,-106.690783,"nem.myst","0"
"4221","MSB:Fish:4056",1978,5,19,"MSB 4056-2","JAR11322F","EO","KL","07-14-2025","F",36,28,566,"control","control_1971-1980",35.253481,-106.591225,"nem.myst","0"
"4222","MSB:Fish:4056",1978,5,19,"MSB 4056-3","JAR11318F","EO","JG","07-14-2025","F",37,28,549,"control","control_1971-1980",35.253481,-106.591225,"nem.myst","0"
"4223","MSB:Fish:4056",1978,5,19,"MSB 4056-4","JAR11317F","EO","JG","07-14-2025","F",34,28,483,"control","control_1971-1980",35.253481,-106.591225,"nem.myst","0"
"4224","MSB:Fish:4056",1978,5,19,"MSB 4056-1","JAR11319F","EO","GC","07-14-2025","F",37,30,644,"control","control_1971-1980",35.253481,-106.591225,"nem.myst","0"
"4225","MSB:Fish:4056",1978,5,19,"MSB 4056-5","JAR11321F","EO","GC","07-14-2025","F",34,28,581,"control","control_1971-1980",35.253481,-106.591225,"nem.myst","0"
"4226","MSB:Fish:4086",1978,9,29,"MSB 4086-3","JAR11342F","BP","JG","07-11-2025",NA,31,24,340,"control","control_1971-1980",35.380072,-106.499406,"nem.myst","0"
"4227","MSB:Fish:4086",1978,9,29,"MSB 4086-5","JAR11340F","BP","GC","07-11-2025","M",29,23,261,"control","control_1971-1980",35.380072,-106.499406,"nem.myst","0"
"4228","MSB:Fish:4086",1978,9,29,"MSB 4086-4","JAR11341F","BP","GC","07-11-2025","F",26,19,139,"control","control_1971-1980",35.380072,-106.499406,"nem.myst","0"
"4229","MSB:Fish:4086",1978,9,29,"MSB 4086-2","JAR11344F","BP","EO","07-11-2025","F",40,30,701,"control","control_1971-1980",35.380072,-106.499406,"nem.myst","0"
"4230","MSB:Fish:4086",1978,9,29,"MSB 4086-1","JAR11345F","BP","KL","07-11-2025","F",41,32,795,"control","control_1971-1980",35.380072,-106.499406,"nem.myst","0"
"4231","MSB:Fish:4172",1977,5,10,"MSB 4172-2","JAR11329F","JG","GC","07-14-2025","F",33,29,347,"control","control_1971-1980",35.26637,-106.598674,"nem.myst","0"
"4232","MSB:Fish:4172",1977,5,10,"MSB 4172-3","JAR11330F","BP","KL","07-14-2025","F",27,21,170,"control","control_1971-1980",35.26637,-106.598674,"nem.myst","0"
"4233","MSB:Fish:4172",1977,5,10,"MSB 4172-4","JAR11327F","BP","GC","07-14-2025","M",27,21,150,"control","control_1971-1980",35.26637,-106.598674,"nem.myst","0"
"4234","MSB:Fish:4172",1977,5,10,"MSB 4172-1","JAR11328F","BP","KL","07-14-2025",NA,29,24,252,"control","control_1971-1980",35.26637,-106.598674,"nem.myst","0"
"4235","MSB:Fish:4172",1977,5,10,"MSB 4172-5","JAR11326F","JG","JG","07-14-2025",NA,27,21,137,"control","control_1971-1980",35.26637,-106.598674,"nem.myst","0"
"4236","MSB:Fish:4176",1978,5,21,"MSB 4176-5","JAR8822F","JG","KL","07-08-2025","F",29,23,368,"control","control_1971-1980",35.253481,-106.591225,"nem.myst","0"
"4237","MSB:Fish:4176",1978,5,21,"MSB 4176-1","JAR8821F","BP","JG","07-08-2025","F",38,31,741,"control","control_1971-1980",35.253481,-106.591225,"nem.myst","0"
"4238","MSB:Fish:4176",1978,5,21,"MSB 4176-3","JAR8818F","JG","KL","07-08-2025","F",33,26,425,"control","control_1971-1980",35.253481,-106.591225,"nem.myst","0"
"4239","MSB:Fish:4176",1978,5,21,"MSB 4176-2","JAR8816F","BP","EO","07-08-2025","F",39,31,798,"control","control_1971-1980",35.253481,-106.591225,"nem.myst","0"
"4240","MSB:Fish:4176",1978,5,21,"MSB 4176-4","JAR8820F","BP","JG","07-08-2025","F",38,30,806,"control","control_1971-1980",35.253481,-106.591225,"nem.myst","0"
"4241","MSB:Fish:43165",1999,4,21,"MSB 43165-3","JAR11124F","EO","KL","07-17-2025","F",35,27,471,"impact","impact_1991-2000",35.027111,-106.672944,"nem.myst","0"
"4242","MSB:Fish:43165",1999,4,21,"MSB 43165-4","JAR11123F","EO","JG GC","07-17-2025","F",38,30,636,"impact","impact_1991-2000",35.027111,-106.672944,"nem.myst","0"
"4243","MSB:Fish:43165",1999,4,21,"MSB 43165-2","JAR11125F","EO","EO","07-17-2025","F",38,30,668,"impact","impact_1991-2000",35.027111,-106.672944,"nem.myst","0"
"4244","MSB:Fish:43165",1999,4,21,"MSB 43165-1","JAR11126F","EO","GC","07-17-2025","F",33,27,464,"impact","impact_1991-2000",35.027111,-106.672944,"nem.myst","0"
"4245","MSB:Fish:43165",1999,4,21,"MSB 43165-5","JAR11122F","EO","KL","07-17-2025","F",40,32,732,"impact","impact_1991-2000",35.027111,-106.672944,"nem.myst","0"
"4246","MSB:Fish:43242",1999,7,14,"MSB 43242-5","JAR11026F","KL","KL","07-28-2025",NA,41,33,899,"control","control_1991-2000",35.28302778,-106.5981389,"nem.myst","0"
"4247","MSB:Fish:43242",1999,7,14,"MSB 43242-4","JAR11034F","KL","KL","07-28-2025","F",32,25,344,"control","control_1991-2000",35.28302778,-106.5981389,"nem.myst","0"
"4248","MSB:Fish:43242",1999,7,14,"MSB 43242-3","JAR11029F","KL","KL","07-28-2025","F",32,25,338,"control","control_1991-2000",35.28302778,-106.5981389,"nem.myst","0"
"4249","MSB:Fish:43242",1999,7,14,"MSB 43242-2","JAR11032F","KL","KL","07-28-2025",NA,32,26,416,"control","control_1991-2000",35.28302778,-106.5981389,"nem.myst","0"
"4250","MSB:Fish:43242",1999,7,14,"MSB 43242-1","JAR11031F","KL","KL","07-28-2025",NA,29,22,249,"control","control_1991-2000",35.28302778,-106.5981389,"nem.myst","0"
"4251","MSB:Fish:43251",1999,7,15,"MSB 43251-2","JAR11011F","KL","KL","07-23-2025","F",37,29,616,"impact","impact_1991-2000",35.089293,-106.680842,"nem.myst","0"
"4252","MSB:Fish:43251",1999,7,15,"MSB 43251-1","JAR11014F","KL","KL","07-23-2025",NA,32,26,384,"impact","impact_1991-2000",35.089293,-106.680842,"nem.myst","0"
"4253","MSB:Fish:43251",1999,7,15,"MSB 43251-4","JAR11018F","KL","KL","07-23-2025","F",32,25,392,"impact","impact_1991-2000",35.089293,-106.680842,"nem.myst","0"
"4254","MSB:Fish:43251",1999,7,15,"MSB 43251-5","JAR11019F","KL","KL","07-23-2025","F",34,27,NA,"impact","impact_1991-2000",35.089293,-106.680842,"nem.myst","0"
"4255","MSB:Fish:43251",1999,7,15,"MSB 43251-3","JAR11017F","KL","KL","07-23-2025","F",33,27,379,"impact","impact_1991-2000",35.089293,-106.680842,"nem.myst","0"
"4256","MSB:Fish:43370",1999,8,25,"MSB 43370-2","JAR11035F","KL","KL","07-28-2025",NA,28,22,215,"control","control_1991-2000",35.28302778,-106.5981389,"nem.myst","0"
"4257","MSB:Fish:43370",1999,8,25,"MSB 43370-3","JAR11036F","KL","KL","07-28-2025",NA,36,29,480,"control","control_1991-2000",35.28302778,-106.5981389,"nem.myst","0"
"4258","MSB:Fish:43370",1999,8,25,"MSB 43370-1","JAR11041F","KL","KL","07-28-2025",NA,38,30,NA,"control","control_1991-2000",35.28302778,-106.5981389,"nem.myst","0"
"4259","MSB:Fish:43370",1999,8,25,"MSB 43370-5","JAR11043F","KL","KL","07-28-2025","M",30,24,225,"control","control_1991-2000",35.28302778,-106.5981389,"nem.myst","0"
"4260","MSB:Fish:43370",1999,8,25,"MSB 43370-4","JAR11042F","KL","KL","07-28-2025",NA,26,20,154,"control","control_1991-2000",35.28302778,-106.5981389,"nem.myst","0"
"4261","MSB:Fish:4353",1978,9,8,"MSB 4353-1","JAR11097F","JG","GC","07-16-2025","F",35,29,601,"control","control_1971-1980",35.222784,-106.601974,"nem.myst","0"
"4262","MSB:Fish:4353",1978,9,8,"MSB 4353-4","JAR11106F","BP","BP","07-16-2025",NA,25,19,157,"control","control_1971-1980",35.222784,-106.601974,"nem.myst","0"
"4263","MSB:Fish:4353",1978,9,8,"MSB 4353-2","JAR11100F","JG","GC","07-16-2025","M",29,24,212,"control","control_1971-1980",35.222784,-106.601974,"nem.myst","0"
"4264","MSB:Fish:4353",1978,9,8,"MSB 4353-5","JAR11105F","BP","KL","07-16-2025",NA,25,20,NA,"control","control_1971-1980",35.222784,-106.601974,"nem.myst","0"
"4265","MSB:Fish:4353",1978,9,8,"MSB 4353-3","JAR11103F","JG","GC","07-16-2025","M",27,22,151,"control","control_1971-1980",35.222784,-106.601974,"nem.myst","0"
"4266","MSB:Fish:4378",1978,9,23,"MSB 4378-3","JAR11554F","JG","KL","07-16-2025","F",38,32,556,"impact","impact_1971-1980",34.905272,-106.685564,"nem.myst","0"
"4267","MSB:Fish:4378",1978,9,23,"MSB 4378-5","JAR11545F","BP","GC","07-16-2025","F",36,28,469,"impact","impact_1971-1980",34.905272,-106.685564,"nem.myst","0"
"4268","MSB:Fish:4378",1978,9,23,"MSB 4378-3","JAR11546F","BP","KL","07-16-2025","F",42,32,738,"impact","impact_1971-1980",34.905272,-106.685564,"nem.myst","0"
"4269","MSB:Fish:4378",1978,9,23,"MSB 4378-2","JAR11551F","BP","JG","07-16-2025","F",38,30,633,"impact","impact_1971-1980",34.905272,-106.685564,"nem.myst","0"
"4270","MSB:Fish:4378",1978,9,23,"MSB 4378-1","JAR11548F","BP","KL","07-16-2025","F",37,28,634,"impact","impact_1971-1980",34.905272,-106.685564,"nem.myst","0"
"4271","MSB:Fish:438",1978,NA,5,"MSB 4389-1","JAR11516F","JG","GC","07-15-2025",NA,38,31,575,NA,NA,NA,NA,"nem.myst","0"
"4272","MSB:Fish:4385",1978,9,6,"MSB 4385-2","JAR8843F","EO","KL","07-08-2025",NA,30,26,273,"impact","impact_1971-1980",34.905272,-106.685564,"nem.myst","0"
"4273","MSB:Fish:4385",1978,9,6,"MSB 4385-5","JAR8838F","EO","JG","07-08-2025","F",27,22,197,"impact","impact_1971-1980",34.905272,-106.685564,"nem.myst","0"
"4274","MSB:Fish:4385",1978,9,6,"MSB 4385-3","JAR8845F","KL","KL","07-08-2025","F",27,23,204,"impact","impact_1971-1980",34.905272,-106.685564,"nem.myst","0"
"4275","MSB:Fish:4385",1978,9,6,"MSB 4385-4","JAR8839","KL","GC","07-08-2025","F",26,22,222,"impact","impact_1971-1980",34.905272,-106.685564,"nem.myst","0"
"4276","MSB:Fish:4385",1978,9,6,"MSB 4385-1","JAR8841F","KL","KL","07-08-2025","F",25,21,161,"impact","impact_1971-1980",34.905272,-106.685564,"nem.myst","0"
"4277","MSB:Fish:4389",1978,9,5,"MSB 4389-2","JAR11519F","JG","GC","07-15-2025","F",34,28,507,"impact","impact_1971-1980",35.092867,-106.682332,"nem.myst","0"
"4278","MSB:Fish:4389",1978,9,5,"MSB 4389-4","JAR11514F","JG","GC","07-15-2025",NA,40,33,716,"impact","impact_1971-1980",35.092867,-106.682332,"nem.myst","0"
"4279","MSB:Fish:4389",1978,9,5,"MSB 4389-3","JAR11511F","JG","GC","07-15-2025","M",34,29,461,"impact","impact_1971-1980",35.092867,-106.682332,"nem.myst","0"
"4280","MSB:Fish:4389",1978,9,5,"MSB 4389-5","JAR11513F","JG","GC","07-15-2025",NA,38,32,654,"impact","impact_1971-1980",35.092867,-106.682332,"nem.myst","0"
"4281","MSB:Fish:4418",1978,8,3,"MSB 4418-1","JAR11292F","BP","GC","07-14-2025","F",43,34,1443,"impact","impact_1971-1980",34.905272,-106.685564,"nem.myst","0"
"4282","MSB:Fish:4418",1978,8,3,"MSB 4418-2","JAR11289F","BP","KL","07-14-2025","F",38,30,662,"impact","impact_1971-1980",34.905272,-106.685564,"nem.myst","0"
"4283","MSB:Fish:4418",1978,8,3,"MSB 4418-5","JAR11297F","EO","KL","07-14-2025","F",40,33,985,"impact","impact_1971-1980",34.905272,-106.685564,"nem.myst","0"
"4284","MSB:Fish:4418",1978,8,3,"MSB 4418-4","JAR11298F","EO","KL","07-14-2025","F",37,30,678,"impact","impact_1971-1980",34.905272,-106.685564,"nem.myst","0"
"4285","MSB:Fish:4418",1978,8,3,"MSB 4418-3","JAR11295F","BP","KL","07-14-2025","F",40,31,805,"impact","impact_1971-1980",34.905272,-106.685564,"nem.myst","0"
"4286","MSB:Fish:4440",1978,9,5,"MSB 4440-2","JAR11555F","BJG","JG","07-16-2025",NA,28,22,223,"impact","impact_1971-1980",35.090702,-106.684514,"nem.myst","0"
"4287","MSB:Fish:4440",1978,9,5,"MSB 4440-1","JAR11552F","BP","JG","07-16-2025",NA,25,20,138,"impact","impact_1971-1980",35.090702,-106.684514,"nem.myst","0"
"4288","MSB:Fish:4440",1978,9,5,"MSB 4440-4","JAR11098F","JG","KL","07-16-2025","M",25,21,144,"impact","impact_1971-1980",35.090702,-106.684514,"nem.myst","0"
"4289","MSB:Fish:4440",1978,9,5,"MSB 4440-3","JAR11095F","BP","GC","07-16-2025","M",27,20,205,"impact","impact_1971-1980",35.090702,-106.684514,"nem.myst","0"
"4290","MSB:Fish:4440",1978,9,5,"MSB 4440-5","JAR11549F","BP","GC","07-16-2025","M",26,20,151,"impact","impact_1971-1980",35.090702,-106.684514,"nem.myst","0"
"4291","MSB:Fish:4453",1978,9,5,"MSB 4453-5","JAR8940F","EO","GC","07-10-2025","M",27,22,167,"impact","impact_1971-1980",35.10562,-106.681074,"nem.myst","0"
"4292","MSB:Fish:4453",1978,9,5,"MSB 4453-1","JAR11359F","EO","KL","07-10-2025","F",36,30,577,"impact","impact_1971-1980",35.10562,-106.681074,"nem.myst","0"
"4293","MSB:Fish:4453",1978,9,5,"MSB 4453-3","JAR8938F","EO","KL","07-10-2025","M",28,22,149,"impact","impact_1971-1980",35.10562,-106.681074,"nem.myst","0"
"4294","MSB:Fish:4453",1978,9,5,"MSB 4453-2","JAR8936F","EO ","GC","07-10-2025","F",39,31,742,"impact","impact_1971-1980",35.10562,-106.681074,"nem.myst","0"
"4295","MSB:Fish:4453",1978,9,5,"MSB 4453-4","JAR8942F","EO","JG","07-10-2025",NA,26,22,143,"impact","impact_1971-1980",35.10562,-106.681074,"nem.myst","0"
"4296","MSB:Fish:4462",1978,6,14,"MSB 4462-1","JAR11541F","BP","BP","07-15-2025",NA,27,22,205,"control","control_1971-1980",35.322164,-106.557448,"nem.myst","0"
"4297","MSB:Fish:4462",1978,6,14,"MSB 4462-2","JAR11540F","BP","EO","07-15-2025","F",36,27,517,"control","control_1971-1980",35.322164,-106.557448,"nem.myst","0"
"4298","MSB:Fish:4462",1978,6,14,"MSB 4462-5","JAR11535F","BP","GC","07-15-2025","M",26,20,170,"control","control_1971-1980",35.322164,-106.557448,"nem.myst","0"
"4299","MSB:Fish:4462",1978,6,14,"MSB 4462-3","JAR11538F","BP","KL","07-15-2025","F",27,20,195,"control","control_1971-1980",35.322164,-106.557448,"nem.myst","0"
"4300","MSB:Fish:4462",1978,6,14,"MSB 4462-4","JAR11543F","BP","GC","07-15-2025","M",27,20,197,"control","control_1971-1980",35.322164,-106.557448,"nem.myst","0"
"4301","MSB:Fish:4486",1978,9,29,"MSB 4486-1","JAR11274F","JG","KL","07-11-2025","F",29,24,252,"control","control_1971-1980",35.383856,-106.490929,"nem.myst","0"
"4302","MSB:Fish:4486",1978,9,29,"MSB 4486-2","JAR11324F","JG","KL","07-11-2025","M",25,20,171,"control","control_1971-1980",35.383856,-106.490929,"nem.myst","0"
"4303","MSB:Fish:4486",1978,9,29,"MSB 4486-3","JAR11325F","KL","EO","07-11-2025","F",28,23,227,"control","control_1971-1980",35.383856,-106.490929,"nem.myst","0"
"4304","MSB:Fish:4486",1978,9,29,"MSB 4486-4","JAR11323F","KL","KL","07-11-2025",NA,27,22,226,"control","control_1971-1980",35.383856,-106.490929,"nem.myst","0"
"4305","MSB:Fish:4486",1978,9,29,"MSB 4486-5","JAR11273F","KL","KL","07-11-2025",NA,25,20,158,"control","control_1971-1980",35.383856,-106.490929,"nem.myst","0"
"4306","MSB:Fish:4748",1978,9,5,"MSB 4748-1","JAR8904F","BP","JG","07-09-2025",NA,33,25,374,"impact","impact_1971-1980",35.197227,-106.642667,"nem.myst","0"
"4307","MSB:Fish:4748",1978,9,5,"MSB 4748-3","JAR8907F","BP","EO","07-09-2025","F",34,27,362,"impact","impact_1971-1980",35.197227,-106.642667,"nem.myst","0"
"4308","MSB:Fish:4748",1978,9,5,"MSB 4748-2","JAR8909F","EO","JG","07-09-2025",NA,36,28,522,"impact","impact_1971-1980",35.197227,-106.642667,"nem.myst","0"
"4309","MSB:Fish:4748",1978,9,5,"MSB 4748-5","JAR8905F","BP","GC","07-09-2025",NA,30,24,278,"impact","impact_1971-1980",35.197227,-106.642667,"nem.myst","0"
"4310","MSB:Fish:4748",1978,9,5,"MSB 4748-4","JAR8906F","EO","GC","07-09-2025",NA,29,23,213,"impact","impact_1971-1980",35.197227,-106.642667,"nem.myst","0"
"4311","MSB:Fish:4750",1978,9,29,"MSB 4750-5","JAR8807F","EO","JG KL","07-07-2025",NA,34,27,447,"control","control_1971-1980",35.385246,-106.478952,"nem.myst","0"
"4312","MSB:Fish:4750",1978,9,29,"MSB 4750-3","JAR8809F","EO","GC","07-07-2025","F",44,35,886,"control","control_1971-1980",35.385246,-106.478952,"nem.myst","0"
"4313","MSB:Fish:4750",1978,9,29,"MSB 4750-1","JAR8811F","BP","JG GC","07-07-2025","F",40,32,703,"control","control_1971-1980",35.385246,-106.478952,"nem.myst","0"
"4314","MSB:Fish:4750",1978,9,29,"MSB 4750-4","JAR8813F","BP","KL","07-07-2025","F",39,31,703,"control","control_1971-1980",35.385246,-106.478952,"nem.myst","0"
"4315","MSB:Fish:4750",1978,9,29,"MSB 4750-2","JAR8808F","JG","KL","07-07-2025","F",41,36,1080,"control","control_1971-1980",35.385246,-106.478952,"nem.myst","0"
"4316","MSB:Fish:515",1949,11,19,"MSB 515-4","JAR11287F","EO","KL","07-14-2025","F",37,32,1145,"impact","impact_1941-1950",35.20447,-106.610066,"nem.myst","0"
"4317","MSB:Fish:515",1949,11,19,"MSB 515-1","JAR11307F","EO","KL","07-14-2025",NA,43,36,964,"impact","impact_1941-1950",35.20447,-106.610066,"nem.myst","0"
"4318","MSB:Fish:515",1949,11,19,"MSB 515-3","JAR11290F","EO","GC","07-14-2025","F",39,32,785,"impact","impact_1941-1950",35.20447,-106.610066,"nem.myst","0"
"4319","MSB:Fish:515",1949,11,19,"MSB 515-2","JAR11310F","EO","GC","07-14-2025","F",37,30,662,"impact","impact_1941-1950",35.20447,-106.610066,"nem.myst","0"
"4320","MSB:Fish:515",1949,11,19,"MSB 515-5","JAR11304F","EO","JG","07-14-2025","F",43,35,1190,"impact","impact_1941-1950",35.20447,-106.610066,"nem.myst","0"
"4321","MSB:Fish:5811",1987,9,9,"MSB 5811-4","JAR8806F","EO","KL","07-07-2025","F",34,27,481,"control","control_1981-1990",35.322164,-106.557448,"nem.myst","0"
"4322","MSB:Fish:5811",1987,9,9,"MSB 5811-5","JAR8810F","BP","GC","07-07-2025","F",32,26,411,"control","control_1981-1990",35.322164,-106.557448,"nem.myst","0"
"4323","MSB:Fish:5811",1987,9,9,"MSB 5811-2","JAR8804F","EO","GC","07-07-2025",NA,41,34,755,"control","control_1981-1990",35.322164,-106.557448,"nem.myst","0"
"4324","MSB:Fish:5811",1987,9,9,"MSB 5811-1","JAR8803F","BP","EO GC","07-07-2025","F",39,31,706,"control","control_1981-1990",35.322164,-106.557448,"nem.myst","0"
"4325","MSB:Fish:5811",1987,9,9,"MSB 5811-3","JAR8805F","BP","JG KL","07-07-2025",NA,35,27,556,"control","control_1981-1990",35.322164,-106.557448,"nem.myst","0"
"4326","MSB:Fish:5822",1987,9,10,"MSB 5822-1","JAR11343F","BP","GC","07-10-2025","F",34,26,358,"impact","impact_1981-1990",34.905272,-106.685564,"nem.myst","0"
"4327","MSB:Fish:5822",1987,9,10,"MSB 5822-5","JAR11352F","BP","JG","07-10-2025",NA,29,21,200,"impact","impact_1981-1990",34.905272,-106.685564,"nem.myst","0"
"4328","MSB:Fish:5822",1987,9,10,"MSB 5822-2","JAR11346F","BP","GC","07-10-2025","F",36,29,480,"impact","impact_1981-1990",34.905272,-106.685564,"nem.myst","0"
"4329","MSB:Fish:5822",1987,9,10,"MSB 5822-4","JAR11355F","JG","JG","07-10-2025",NA,25,20,153,"impact","impact_1981-1990",34.905272,-106.685564,"nem.myst","0"
"4330","MSB:Fish:5822",1987,9,10,"MSB 5822-3","JAR11358F","BP","JG","07-10-2025","F",41,32,826,"impact","impact_1981-1990",34.905272,-106.685564,"nem.myst","0"
"4331","MSB:Fish:62355",2000,9,14,"MSB 62355-1","JAR11052F","KL","KL","07-28-2025","F",32,25,322,"control","control_1991-2000",35.28373,-106.59878,"nem.myst","0"
"4332","MSB:Fish:62355",2000,9,14,"MSB 62355-3","JAR11053F","KL","KL","07-28-2025","F",29,24,210,"control","control_1991-2000",35.28373,-106.59878,"nem.myst","0"
"4333","MSB:Fish:62355",2000,9,14,"MSB 62355-2","JAR11055F","KL","KL","07-28-2025",NA,33,26,326,"control","control_1991-2000",35.28373,-106.59878,"nem.myst","0"
"4334","MSB:Fish:62355",2000,9,14,"MSB 62355-5","JAR11058F","KL","KL","07-28-2025",NA,25,21,152,"control","control_1991-2000",35.28373,-106.59878,"nem.myst","0"
"4335","MSB:Fish:62355",2000,9,14,"MSB 62355-4","JAR11054F","KL","KL","07-28-2025","F",32,25,308,"control","control_1991-2000",35.28373,-106.59878,"nem.myst","0"
"4336","MSB:Fish:6300",1988,11,12,"MSB 6300-5","JAR11624F","JG","GC","07-21-2025","F",33,27,377,"impact","impact_1981-1990",35.017903,-106.661847,"nem.myst","0"
"4337","MSB:Fish:6300",1988,11,12,"MSB 6300-1","JAR11625F","BP","BP","07-21-2025","M",33,26,347,"impact","impact_1981-1990",35.017903,-106.661847,"nem.myst","0"
"4338","MSB:Fish:6300",1988,11,12,"MSB 6300-4","JAR11622F","JG","BP","07-21-2025",NA,33,25,280,"impact","impact_1981-1990",35.017903,-106.661847,"nem.myst","0"
"4339","MSB:Fish:6300",1988,11,12,"MSB 6300-3","JAR11627F","BP","EO","07-21-2025","F",33,25,348,"impact","impact_1981-1990",35.017903,-106.661847,"nem.myst","0"
"4340","MSB:Fish:6300",1988,11,12,"MSB 6300-2","JAR11619F","JG","GC","07-21-2025","F",34,27,388,"impact","impact_1981-1990",35.017903,-106.661847,"nem.myst","0"
"4341","MSB:Fish:6405",1989,10,16,"MSB 6405-4","JAR11312F","BP","GC","07-14-2025","F",37,29,435,"impact","impact_1981-1990",35.089293,-106.680842,"nem.myst","0"
"4342","MSB:Fish:6405",1989,10,16,"MSB 6405-2","JAR11315F","JG","EO","07-14-2025","F",37,31,537,"impact","impact_1981-1990",35.089293,-106.680842,"nem.myst","0"
"4343","MSB:Fish:6405",1989,10,16,"MSB 6405-3","JAR11313F","JG","GC","07-14-2025","F",33,26,403,"impact","impact_1981-1990",35.089293,-106.680842,"nem.myst","0"
"4344","MSB:Fish:6405",1989,10,16,"MSB 6405-1","JAR1131F","BP","KL","07-14-2025","F",32,24,325,"impact","impact_1981-1990",35.089293,-106.680842,"nem.myst","0"
"4345","MSB:Fish:6405",1989,10,16,"MSB 6405-5","JAR11314F","JG","JG","07-14-2025",NA,34,27,398,"impact","impact_1981-1990",35.089293,-106.680842,"nem.myst","0"
"4346","MSB:Fish:68470",1984,8,15,"MSB 68470-3","JAR11608F","BP","JG","07-18-2025","F",44,33,959,"impact","impact_1981-1990",35.089293,-106.680842,"nem.myst","0"
"4347","MSB:Fish:68470",1984,8,15,"MSB 68470-1","JAR11604F","BP","KL","07-18-2025","F",41,31,874,"impact","impact_1981-1990",35.089293,-106.680842,"nem.myst","0"
"4348","MSB:Fish:68470",1984,8,15,"MSB 68470-5","JAR11601F","BP","EO","07-18-2025","F",37,29,554,"impact","impact_1981-1990",35.089293,-106.680842,"nem.myst","0"
"4349","MSB:Fish:68470",1984,8,15,"MSB 68470-2","JAR11605F","JG","GC","07-18-2025","F",37,30,568,"impact","impact_1981-1990",35.089293,-106.680842,"nem.myst","0"
"4350","MSB:Fish:68470",1984,8,15,"MSB 68470-4","JAR11611F","JG","JG","07-18-2025",NA,35,30,521,"impact","impact_1981-1990",35.089293,-106.680842,"nem.myst","0"
"4351","MSB:Fish:68483",1984,8,15,"MSB 68483-5","JAR11593F","JG","EO","07-18-2025","F",39,32,596,"impact","impact_1981-1990",35.069907,-106.658878,"nem.myst","0"
"4352","MSB:Fish:68483",1984,8,15,"MSB 68483-1","JAR11594F","JG","JG","07-18-2025","F",36,29,526,"impact","impact_1981-1990",35.069907,-106.658878,"nem.myst","0"
"4353","MSB:Fish:68483",1984,8,15,"MSB 68483-4","JAR11599","JG","GC","07-18-2025","F",37,30,507,"impact","impact_1981-1990",35.069907,-106.658878,"nem.myst","0"
"4354","MSB:Fish:68483",1984,8,15,"MSB 68483-3","JAR11602F","BP","BP","07-18-2025","F",36,29,500,"impact","impact_1981-1990",35.069907,-106.658878,"nem.myst","0"
"4355","MSB:Fish:68483",1984,8,15,"MSB 68483-2","JAR11596F","JG","KL","07-18-2025","F",35,29,498,"impact","impact_1981-1990",35.069907,-106.658878,"nem.myst","0"
"4356","MSB:Fish:68508",1984,8,15,"MSB 68508-2","JAR11591F","JG","JG","07-21-2025","F",34,27,416,"control","control_1981-1990",35.225523,-106.597651,"nem.myst","0"
"4357","MSB:Fish:68508",1984,8,15,"MSB 68508-4","JAR11588F","JG","GC","07-21-2025","F",35,28,587,"control","control_1981-1990",35.225523,-106.597651,"nem.myst","0"
"4358","MSB:Fish:68508",1984,8,15,"MSB 68508-5","JAR11587F","BP","JG","07-21-2025","F",33,25,397,"control","control_1981-1990",35.225523,-106.597651,"nem.myst","0"
"4359","MSB:Fish:68508",1984,8,15,"MSB 68508-3","JAR11585F","BP","EO","07-21-2025","F",37,28,556,"control","control_1981-1990",35.225523,-106.597651,"nem.myst","1"
"4360","MSB:Fish:68508",1984,8,15,"MSB 68508-1","JAR11590F","BP","GC","07-21-2025","F",36,27,487,"control","control_1981-1990",35.225523,-106.597651,"nem.myst","1"
"4361","MSB:Fish:68521",1984,8,16,"MSB 68521-5","JAR11597F","BP","JG","07-18-2025","F",32,25,429,"control","control_1981-1990",35.211416,-106.612833,"nem.myst","0"
"4362","MSB:Fish:68521",1984,8,16,"MSB 68521-4","JAR11598F","BP","KL","07-18-2025","F",31,24,369,"control","control_1981-1990",35.211416,-106.612833,"nem.myst","2"
"4363","MSB:Fish:68521",1984,8,16,"MSB 68521-1","JAR11600F","JG","KL","07-18-2025","F",39,31,597,"control","control_1981-1990",35.211416,-106.612833,"nem.myst","0"
"4364","MSB:Fish:68521",1984,8,16,"MSB 68521-3","JAR11595F","JG","BP","07-18-2025","F",39,31,719,"control","control_1981-1990",35.211416,-106.612833,"nem.myst","0"
"4365","MSB:Fish:68521",1984,8,16,"MSB 68521-2","JAR11603F","BP","BP","07-18-2025","F",36,27,661,"control","control_1981-1990",35.211416,-106.612833,"nem.myst","0"
"4366","MSB:Fish:7208",1989,11,4,"MSB 7208-3","JAR11518F","BP","GC","07-14-2025",NA,32,25,345,"impact","impact_1981-1990",35.205042,-106.609081,"nem.myst","0"
"4367","MSB:Fish:7208",1989,11,4,"MSB 7208-2","JAR11515F","EO","JG","07-14-2025",NA,38,31,650,"impact","impact_1981-1990",35.205042,-106.609081,"nem.myst","0"
"4368","MSB:Fish:7208",1989,11,4,"MSB 7208-5","JAR11509F","BP","GC","07-14-2025","F",34,25,381,"impact","impact_1981-1990",35.205042,-106.609081,"nem.myst","0"
"4369","MSB:Fish:7208",1989,11,4,"MSB 7208-1","JAR11510F","BP","KL","07-14-2025","F",36,26,645,"impact","impact_1981-1990",35.205042,-106.609081,"nem.myst","0"
"4370","MSB:Fish:7208",1989,11,4,"MSB 7208-4","JAR11512F","EO","GC","07-14-2025","F",37,29,482,"impact","impact_1981-1990",35.205042,-106.609081,"nem.myst","0"
"4371","MSB:Fish:7239",1989,11,12,"MSB 7230-1","JAR11606F","JG","GC","07-21-2025","F",30,23,279,"impact","impact_1981-1990",34.994298,-106.678945,"nem.myst","0"
"4372","MSB:Fish:7239",1989,11,12,"MSB 7239-4","JAR11615F","BP","EO","07-21-2025","F",29,22,268,"impact","impact_1981-1990",34.994298,-106.678945,"nem.myst","0"
"4373","MSB:Fish:7239",1989,11,12,"MSB 7239-2","JAR11612F","BP","JG","07-21-2025",NA,36,27,500,"impact","impact_1981-1990",34.994298,-106.678945,"nem.myst","0"
"4374","MSB:Fish:7239",1989,11,12,"MSB 7239-3","JAR11609F","JG","GC","07-21-2025",NA,27,22,204,"impact","impact_1981-1990",34.994298,-106.678945,"nem.myst","0"
"4375","MSB:Fish:7239",1989,11,12,"MSB 7239-5","JAR11614F","JG","EO","07-21-2025","F",30,24,281,"impact","impact_1981-1990",34.994298,-106.678945,"nem.myst","0"
"4376","MSB:Fish:73719",2002,9,16,"MSB 73719-4","JAR11050F","KL","KL","07-28-2025","F",38,31,612,"control","control_2001-2010",35.322164,-106.557448,"nem.myst","0"
"4377","MSB:Fish:73719",2002,9,16,"MSB 73719-5","JAR11051F","KL","KL","07-28-2025",NA,36,29,495,"control","control_2001-2010",35.322164,-106.557448,"nem.myst","0"
"4378","MSB:Fish:73719",2002,9,16,"MSB 73719-3","JAR11049F","KL","KL","07-28-2025","F",40,32,748,"control","control_2001-2010",35.322164,-106.557448,"nem.myst","0"
"4379","MSB:Fish:73719",2002,9,16,"MSB 73719-2","JAR11048F","KL","KL","07-28-2025","F",41,34,824,"control","control_2001-2010",35.322164,-106.557448,"nem.myst","0"
"4380","MSB:Fish:73719",2002,9,16,"MSB 73719-1","JAR11047F","KL","KL","07-28-2025",NA,37,30,488,"control","control_2001-2010",35.322164,-106.557448,"nem.myst","0"
"4381","MSB:Fish:7971",1990,10,22,"MSB 7971-2","JAR8910F","BP","EO","07-09-2025","F",29,24,264,"impact","impact_1981-1990",35.089293,-106.680842,"nem.myst","0"
"4382","MSB:Fish:7971",1990,10,22,"MSB 7971-1","JAR8912F","EO","KL","07-09-2025","F",38,30,560,"impact","impact_1981-1990",35.089293,-106.680842,"nem.myst","0"
"4383","MSB:Fish:7971",1990,10,22,"MSB 7971-3","JAR8908F","EO","BP","07-09-2025","F",33,25,370,"impact","impact_1981-1990",35.089293,-106.680842,"nem.myst","0"
"4384","MSB:Fish:7971",1990,10,22,"MSB 7971-5","JAR8916F","EO","BP","07-09-2025","F",28,21,207,"impact","impact_1981-1990",35.089293,-106.680842,"nem.myst","0"
"4385","MSB:Fish:7971",1990,10,22,"MSB 7971-4","JAR8914F","BP","GC","07-09-2025",NA,26,21,155,"impact","impact_1981-1990",35.089293,-106.680842,"nem.myst","0"
"4386","MSB:Fish:9004",1998,10,28,"MSB 9004-5","JAR11300F","JG","BP","07-14-2025","F",34,28,428,"impact","impact_1981-1990",35.196977,-106.642444,"nem.myst","0"
"4387","MSB:Fish:9004",1990,10,28,"MSB 9004-1","JAR11303F","BP","BP","07-14-2025",NA,33,27,388,"impact","impact_1981-1990",35.196977,-106.642444,"nem.myst","0"
"4388","MSB:Fish:9004",1990,10,28,"MSB 9004-4","JAR11301F","JG","GC","07-14-2025",NA,34,28,405,"impact","impact_1981-1990",35.196977,-106.642444,"nem.myst","0"
"4389","MSB:Fish:9004",1990,10,28,"MSB 9004-2","JAR11306F","JG","KL","07-14-2025",NA,32,25,351,"impact","impact_1981-1990",35.196977,-106.642444,"nem.myst","0"
"4390","MSB:Fish:9004",1990,10,28,"MSB 9004-3","JAR11309F","JG","KL","07-14-2025","F",40,32,595,"impact","impact_1981-1990",35.196977,-106.642444,"nem.myst","0"
"4391","MSB:Fish:9011",1990,10,28,"MSB 9011-1","JAR11099F","JG","GC","07-16-2025",NA,36,30,481,"control","control_1981-1990",35.28086111,-106.5988056,"nem.myst","0"
"4392","MSB:Fish:9011",1990,10,28,"MSB 9011-3","JAR11104F","JG","JG","07-16-2025",NA,35,27,423,"control","control_1981-1990",35.28086111,-106.5988056,"nem.myst","0"
"4393","MSB:Fish:9011",1990,10,28,"MSB 9011-5","JAR11101F","JG","KL","07-16-2025",NA,30,24,291,"control","control_1981-1990",35.28086111,-106.5988056,"nem.myst","0"
"4394","MSB:Fish:9011",1990,10,28,"MSB 9011-4","JAR11096F","BP","GC","07-16-2025","F",32,23,324,"control","control_1981-1990",35.28086111,-106.5988056,"nem.myst","0"
"4395","MSB:Fish:9011",1990,10,28,"MSB 9011-2","JAR11102F","JG","GC","07-16-2025",NA,36,31,550,"control","control_1981-1990",35.28086111,-106.5988056,"nem.myst","0"
"4396","MSB:Fish:9465",1989,2,26,"MSB 9465-1","JAR11536F","EO","KL","07-15-2025","F",38,31,553,"impact","impact_1981-1990",34.917008,-106.675195,"nem.myst","0"
"4397","MSB:Fish:9465",1989,2,26,"MSB 9465-4","JAR11539F","EO","KL","07-15-2025","F",47,38,1063,"impact","impact_1981-1990",34.917008,-106.675195,"nem.myst","0"
"4398","MSB:Fish:9465",1989,2,26,"MSB 9465-3","JAR11542F","BP","GC","07-15-2025",NA,39,30,565,"impact","impact_1981-1990",34.917008,-106.675195,"nem.myst","0"
"4399","MSB:Fish:9465",1989,2,26,"MSB 9465-5","JAR11533F","BP","JG","07-15-2025",NA,39,30,778,"impact","impact_1981-1990",34.917008,-106.675195,"nem.myst","0"
"4400","MSB:Fish:9465",1989,2,26,"MSB 9465-2","JAR11537F","EO","GC","07-15-2025","F",47,38,1184,"impact","impact_1981-1990",34.917008,-106.675195,"nem.myst","0"
"4401","MSB:Fish:1078",1939,1,30,"MSB 1078-1","JAR11299F","BP","JG","07-14-2025","F",40,31,647,"impact","impact_1931-1940",35.087167,-106.682164,"acanth.spk","0"
"4402","MSB:Fish:1078",1939,1,30,"MSB 1078-2","JAR11302F","JG","KL","07-14-2025",NA,41,32,699,"impact","impact_1931-1940",35.087167,-106.682164,"acanth.spk","0"
"4403","MSB:Fish:1078",1939,1,30,"MSB 1078-3","JAR11305F","BP","KL","07-14-2025",NA,43,35,798,"impact","impact_1931-1940",35.087167,-106.682164,"acanth.spk","0"
"4404","MSB:Fish:1078",1939,1,30,"MSB 1078-4","JAR11320F","JG","GC","07-14-2025","F",43,37,1027,"impact","impact_1931-1940",35.087167,-106.682164,"acanth.spk","0"
"4405","MSB:Fish:1078",1939,1,30,"MSB 1078-5","JAR11308F","BP","KL","07-14-2025",NA,39,29,627,"impact","impact_1931-1940",35.087167,-106.682164,"acanth.spk","0"
"4406","MSB:Fish:1079",1941,9,14,"MSB 1079-5","JAR11311F","JG","KL","07-14-2025",NA,37,29,441,"impact","impact_1941-1950",35.096748,-106.692027,"acanth.spk","0"
"4407","MSB:Fish:1079",1941,9,14,"MSB 1079-3","JAR11332F","BP","GC","07-14-2025","F",33,25,457,"impact","impact_1941-1950",35.096748,-106.692027,"acanth.spk","0"
"4408","MSB:Fish:1079",1941,9,14,"MSB 1079-1","JAR11334F","BP","GC","07-14-2025",NA,29,24,231,"impact","impact_1941-1950",35.096748,-106.692027,"acanth.spk","0"
"4409","MSB:Fish:1079",1941,9,14,"MSB 1079-2","JAR11331F","JG","KL","07-14-2025",NA,35,29,447,"impact","impact_1941-1950",35.096748,-106.692027,"acanth.spk","0"
"4410","MSB:Fish:1079",1941,9,14,"MSB 1079-4","JAR11333F","BP","GC","07-14-2025","F",44,33,754,"impact","impact_1941-1950",35.096748,-106.692027,"acanth.spk","0"
"4411","MSB:Fish:1081",1939,3,17,"MSB 1081-5","JAR8835F","BP","EO","07-08-2025","F",28,22,226,"impact","impact_1931-1940",35.072363,-106.668064,"acanth.spk","0"
"4412","MSB:Fish:1081",1939,3,17,"MSB 1081-4","JAR8832F","JG","KL","07-08-2025","F",27,22,188,"impact","impact_1931-1940",35.072363,-106.668064,"acanth.spk","0"
"4413","MSB:Fish:1081",1939,3,17,"MSB 1081-2","JAR8836","JG","BP","07-08-2025",NA,29,24,239,"impact","impact_1931-1940",35.072363,-106.668064,"acanth.spk","0"
"4414","MSB:Fish:1081",1939,3,17,"MSB 1081-1","JAR8837F","BP","BP","07-08-2025","F",43,33,868,"impact","impact_1931-1940",35.072363,-106.668064,"acanth.spk","0"
"4415","MSB:Fish:1081",1939,3,17,"MSB 1081-3","JAR8834F","BP","JG","07-08-2025",NA,27,21,176,"impact","impact_1931-1940",35.072363,-106.668064,"acanth.spk","0"
"4416","MSB:Fish:1082",1938,10,18,"MSB 1082-1","JAR8930F","BP","EO","07-09-2025","F",41,32,722,"impact","impact_1931-1940",35.100259,-106.692107,"acanth.spk","0"
"4417","MSB:Fish:1082",1938,10,18,"MSB 1082-4","JAR8934F","BP","BP","07-09-2025",NA,31,24,264,"impact","impact_1931-1940",35.100259,-106.692107,"acanth.spk","0"
"4418","MSB:Fish:1082",1938,10,18,"MSB 1082-2","JAR8928F","EO","GC","07-09-2025","F",40,33,627,"impact","impact_1931-1940",35.100259,-106.692107,"acanth.spk","0"
"4419","MSB:Fish:1082",1938,10,18,"MSB 1082-5","JAR8927F","EO","KL","07-09-2025",NA,25,21,140,"impact","impact_1931-1940",35.100259,-106.692107,"acanth.spk","0"
"4420","MSB:Fish:1082",1938,10,18,"MSB 1082-3","JAR8929F","EO","KL","07-09-2025","F",34,28,397,"impact","impact_1931-1940",35.100259,-106.692107,"acanth.spk","0"
"4421","MSB:Fish:1085",1939,5,13,"MSB 1085-5","JAR8935F","JG","GC","07-10-2025","F",50,39,1499,"impact","impact_1931-1940",35.192334,-106.619678,"acanth.spk","0"
"4422","MSB:Fish:1085",1939,5,13,"MSB 1085-4","JAR8941F","JG","KL","07-10-2025","F",44,36,1060,"impact","impact_1931-1940",35.192334,-106.619678,"acanth.spk","0"
"4423","MSB:Fish:1085",1939,5,13,"MSB 1085-1","JAR8932F","JG","KL","07-10-2025","F",41,33,809,"impact","impact_1931-1940",35.192334,-106.619678,"acanth.spk","0"
"4424","MSB:Fish:1085",1939,5,13,"MSB 1085-3","JAR8939F","JG","KL","07-10-2025","F",42,34,861,"impact","impact_1931-1940",35.192334,-106.619678,"acanth.spk","0"
"4425","MSB:Fish:1085",1939,5,13,"MSB 1085-2","JAR8937F","JG","GC","07-10-2025","M",26,21,147,"impact","impact_1931-1940",35.192334,-106.619678,"acanth.spk","0"
"4426","MSB:Fish:1086",1939,4,22,"MSB 1086-2","JAR8900F","BP","GC","07-07-2025","F",45,36,994,"impact","impact_1931-1940",35.173111,-106.626066,"acanth.spk","0"
"4427","MSB:Fish:1086",1939,4,22,"MSB 1086-5","JAR8792F","JG","GC","07-07-2025","F",46,35,1207,"impact","impact_1931-1940",35.173111,-106.626066,"acanth.spk","0"
"4428","MSB:Fish:1086",1939,4,22,"MSB1086-4","JAR8791F","BP","KL","07-07-2025","F",39,30,752,"impact","impact_1931-1940",35.173111,-106.626066,"acanth.spk","0"
"4429","MSB:Fish:1086",1939,4,22,"MSB 1086-1","JAR8898F","BP","KL","07-07-2025","F",47,37,1182,"impact","impact_1931-1940",35.173111,-106.626066,"acanth.spk","0"
"4430","MSB:Fish:1086",1939,4,22,"MSB 1086-3","JAR8902F","BP","KL","07-07-2025",NA,42,35,1023,"impact","impact_1931-1940",35.173111,-106.626066,"acanth.spk","0"
"4431","MSB:Fish:1089",1939,1,24,"MSB 1089-3","JAR11117F","BP","GC","07-16-2025","F",38,29,552,"impact","impact_1931-1940",35.087167,-106.682164,"acanth.spk","0"
"4432","MSB:Fish:1089",1939,1,24,"MSB 1089-5","JAR11111F","BP","KL","07-16-2025",NA,35,28,476,"impact","impact_1931-1940",35.087167,-106.682164,"acanth.spk","0"
"4433","MSB:Fish:1089",1939,1,24,"MSB 1089-1","JAR11112F","BP","KL","07-16-2025","F",40,33,666,"impact","impact_1931-1940",35.087167,-106.682164,"acanth.spk","0"
"4434","MSB:Fish:1089",1939,1,24,"MSB 1089-4","JAR11114F","BP","KL","07-16-2025","F",40,33,741,"impact","impact_1931-1940",35.087167,-106.682164,"acanth.spk","0"
"4435","MSB:Fish:1089",1939,1,24,"MSB 1089-2","JAR11109F","BP","GC","07-16-2025",NA,38,30,571,"impact","impact_1931-1940",35.087167,-106.682164,"acanth.spk","0"
"4436","MSB:Fish:10898",1992,7,9,"MSB 10898-5","JAR11023F","KL","KL","07-28-2025",NA,25,20,139,"control","control_1991-2000",35.211277,-106.611666,"acanth.spk","0"
"4437","MSB:Fish:10898",1992,7,9,"MSB 10898-4","JAR11046F","KL","KL","07-28-2025","F",31,25,309,"control","control_1991-2000",35.211277,-106.611666,"acanth.spk","0"
"4438","MSB:Fish:10898",1992,7,9,"MSB 10898-3","JAR11040F","KL","KL","07-28-2025","F",24,19,123,"control","control_1991-2000",35.211277,-106.611666,"acanth.spk","0"
"4439","MSB:Fish:10898",1992,7,9,"MSB 10898-2","JAR11038F","KL","KL","07-28-2025","M",26,21,118,"control","control_1991-2000",35.211277,-106.611666,"acanth.spk","0"
"4440","MSB:Fish:10898",1992,7,9,"MSB 10898-1","JAR11039F","KL","KL","07-28-2025","M",22,18,90,"control","control_1991-2000",35.211277,-106.611666,"acanth.spk","0"
"4441","MSB:Fish:1090",1939,6,9,"MSB 1090-4","JAR11354F","BP","GC","07-10-2025","M",25,19,132,"impact","impact_1931-1940",34.906619,-106.685289,"acanth.spk","0"
"4442","MSB:Fish:1090",1939,6,9,"MSB 1090-2","JAR11351F","BP","JG","07-10-2025","F",37,30,670,"impact","impact_1931-1940",34.906619,-106.685289,"acanth.spk","0"
"4443","MSB:Fish:1090",1939,6,9,"MSB 1090-5","JAR11349F","BP","KL","07-10-2025","F",29,24,323,"impact","impact_1931-1940",34.906619,-106.685289,"acanth.spk","0"
"4444","MSB:Fish:1090",1939,6,9,"MSB 1090-3","JAR11357F","BP","EO","07-10-2025","F",33,25,483,"impact","impact_1931-1940",34.906619,-106.685289,"acanth.spk","0"
"4445","MSB:Fish:1090",1939,6,9,"MSB 1090-1","JAR11348F","BP","GC","07-10-2025","F",39,30,751,"impact","impact_1931-1940",34.906619,-106.685289,"acanth.spk","0"
"4446","MSB:Fish:10922",1992,7,9,"MSB 10922-3","JAR11592F","BP","KL","07-18-2025","F",33,25,400,"impact","impact_1991-2000",35.10469444,-106.6916667,"acanth.spk","0"
"4447","MSB:Fish:10922",1992,7,9,"MSB 10922-5","JAR115843F","BP","GC","07-18-2025","F",30,24,322,"impact","impact_1991-2000",35.10469444,-106.6916667,"acanth.spk","0"
"4448","MSB:Fish:10922",1992,7,9,"MSB 10922-4","JAR11584F","JG","GC","07-18-2025","F",27,22,141,"impact","impact_1991-2000",35.10469444,-106.6916667,"acanth.spk","0"
"4449","MSB:Fish:10922",1992,7,9,"MSB 10922-2","JAR11586F","JG","GC","07-18-2025","F",25,20,143,"impact","impact_1991-2000",35.10469444,-106.6916667,"acanth.spk","0"
"4450","MSB:Fish:10922",1992,7,9,"MSB 10922-1","JAR11589F","JG","KL","07-18-2025","F",30,25,362,"impact","impact_1991-2000",35.10469444,-106.6916667,"acanth.spk","0"
"4451","MSB:Fish:10944",1992,7,15,"MSB 10944-2","JAR11565F","BP","GC","07-17-2025","F",37,29,751,"impact","impact_1991-2000",35.089293,-106.680842,"acanth.spk","0"
"4452","MSB:Fish:10944",1992,7,15,"MSB 10944-3","JAR11566F","BP","GC","07-17-2025","F",48,36,1418,"impact","impact_1991-2000",35.089293,-106.680842,"acanth.spk","0"
"4453","MSB:Fish:10944",1992,7,15,"MSB 10944-4","JAR11564F","BP","KL","07-17-2025","F",34,27,538,"impact","impact_1991-2000",35.089293,-106.680842,"acanth.spk","0"
"4454","MSB:Fish:10944",1992,7,15,"MSB 10944-5","JAR11567F","BP","KL","07-17-2025","F",35,27,542,"impact","impact_1991-2000",35.089293,-106.680842,"acanth.spk","0"
"4455","MSB:Fish:10944",1992,7,15,"MSB 10944-1","JAR11568F","BP","GC","07-17-2025","F",43,33,1179,"impact","impact_1991-2000",35.089293,-106.680842,"acanth.spk","0"
"4456","MSB:Fish:1098",1939,5,13,"MSB 1098-4","JAR8819F","EO","KL","07-07-2025","F",32,25,352,"impact","impact_1931-1940",35.189406,-106.625396,"acanth.spk","0"
"4457","MSB:Fish:1098",1939,5,13,"MSB 1098-2","JAR8815F","EO","GC","07-07-2025","F",41,33,887,"impact","impact_1931-1940",35.189406,-106.625396,"acanth.spk","0"
"4458","MSB:Fish:1098",1939,5,13,"MSB 1098-3","JAR8817F","EO","KL","07-07-2025",NA,30,24,257,"impact","impact_1931-1940",35.189406,-106.625396,"acanth.spk","0"
"4459","MSB:Fish:1098",1939,5,13,"MSB 1098-5","JAR8812F","EO","KL","07-07-2025",NA,41,33,697,"impact","impact_1931-1940",35.189406,-106.625396,"acanth.spk","0"
"4460","MSB:Fish:1098",1939,5,13,"MSB 1098-1","JAR8814F","EO","KL","07-08-2025","F",46,37,1164,"impact","impact_1931-1940",35.189406,-106.625396,"acanth.spk","0"
"4461","MSB:Fish:1100",1939,2,26,"MSB 1100-4","JAR8824F","BP","KL","07-08-2025","F",28,24,303,"impact","impact_1931-1940",35.072363,-106.668064,"acanth.spk","0"
"4462","MSB:Fish:1100",1939,2,26,"MSB 1100-3","JAR8823F","JG","KL","07-08-2025",NA,33,25,326,"impact","impact_1931-1940",35.072363,-106.668064,"acanth.spk","0"
"4463","MSB:Fish:1100",1939,2,26,"MSB 1100-1","JAR8825F","JG","KL","07-08-2025","F",43,33,679,"impact","impact_1931-1940",35.072363,-106.668064,"acanth.spk","0"
"4464","MSB:Fish:1100",1939,2,26,"MSB 1100-2","JAR8827F","BP","EO ","07-08-2025","F",28,25,318,"impact","impact_1931-1940",35.072363,-106.668064,"acanth.spk","0"
"4465","MSB:Fish:1100",1939,2,26,"MSB 1100-5","JAR8829F","JG","KL","07-08-2025",NA,26,23,226,"impact","impact_1931-1940",35.072363,-106.668064,"acanth.spk","0"
"4466","MSB:Fish:1105",1939,1,20,"MSB 1105-1","JAR11362F","JG","GC","07-10-2025",NA,30,24,202,"impact","impact_1931-1940",35.100259,-106.692107,"acanth.spk","0"
"4467","MSB:Fish:1105",1939,1,30,"MSB 1105-5","JAR11360F","JG","KL","07-10-2025",NA,36,28,396,"impact","impact_1931-1940",35.100259,-106.692107,"acanth.spk","0"
"4468","MSB:Fish:1105",1939,1,30,"MSB 1105-3","JAR11361F","JG","KL","07-10-2025",NA,40,36,728,"impact","impact_1931-1940",35.100259,-106.692107,"acanth.spk","0"
"4469","MSB:Fish:1105",1939,1,30,"MSB 1105-2","JAR11365F","JG","JG","07-10-2025",NA,27,23,158,"impact","impact_1931-1940",35.100259,-106.692107,"acanth.spk","0"
"4470","MSB:Fish:1105",1939,1,30,"MSB 1105-4","JAR11368F","EO","EO","07-10-2025",NA,40,32,456,"impact","impact_1931-1940",35.100259,-106.692107,"acanth.spk","0"
"4471","MSB:Fish:11095",1992,7,21,"MSB 11095-1","JAR11015F","KL","KL","07-23-2025",NA,26,21,178,"impact","impact_1991-2000",35.027111,-106.672944,"acanth.spk","0"
"4472","MSB:Fish:11095",1992,7,21,"MSB 11095-3","JAR11013F","KL","KL","07-23-2025","F",35,28,526,"impact","impact_1991-2000",35.027111,-106.672944,"acanth.spk","0"
"4473","MSB:Fish:11095",1992,7,21,"MSB 11095-2","JAR11016F","KL","KL","07-23-2025","F",33,27,385,"impact","impact_1991-2000",35.027111,-106.672944,"acanth.spk","0"
"4474","MSB:Fish:11095",1992,7,21,"MSB 11095-4","JAR11000F","KL","KL","07-23-2025","F",31,25,375,"impact","impact_1991-2000",35.027111,-106.672944,"acanth.spk","0"
"4475","MSB:Fish:11095",1992,7,21,"MSB 11095-5","JAR11003F","KL","KL","07-23-2025",NA,32,26,460,"impact","impact_1991-2000",35.027111,-106.672944,"acanth.spk","0"
"4476","MSB:Fish:11126",1992,7,22,"MSB 11126-2","JAR11562F","JG","BP","07-17-2025","F",37,30,634,"impact","impact_1991-2000",34.97052778,-106.6911111,"acanth.spk","0"
"4477","MSB:Fish:11126",1992,7,22,"MSB 11126-3","JAR11560F","JG","BP","07-17-2025","F",31,25,355,"impact","impact_1991-2000",34.97052778,-106.6911111,"acanth.spk","0"
"4478","MSB:Fish:11126",1992,7,22,"MSB 11126-1","JAR11561F","EO","EO","07-17-2025","F",45,36,1113,"impact","impact_1991-2000",34.97052778,-106.6911111,"acanth.spk","0"
"4479","MSB:Fish:11126",1992,7,22,"MSB 11126-4","JAR11559F","JG","GC","07-17-2025","F",40,34,733,"impact","impact_1991-2000",34.97052778,-106.6911111,"acanth.spk","0"
"4480","MSB:Fish:11126",1992,7,22,"MSB 11126-5","JAR11558F","EO","KL","07-17-2025","M",26,21,179,"impact","impact_1991-2000",34.97052778,-106.6911111,"acanth.spk","0"
"4481","MSB:Fish:11194",1992,7,24,"MSB 11194-2","JAR11570F","EO","KL","07-17-2025","M",26,22,151,"impact","impact_1991-2000",34.92872222,-106.6818611,"acanth.spk","0"
"4482","MSB:Fish:11194",1992,7,24,"MSB 11194-3","JAR11569F","EO","GC","07-17-2025",NA,28,22,159,"impact","impact_1991-2000",34.92872222,-106.6818611,"acanth.spk","0"
"4483","MSB:Fish:11194",1992,7,24,"MSB 11194-5","JAR11572F","EO","KL","07-17-2025",NA,36,29,658,"impact","impact_1991-2000",34.92872222,-106.6818611,"acanth.spk","0"
"4484","MSB:Fish:11194",1992,7,24,"MSB 11194-4","JAR11571F","EO","EO","07-17-2025","F",35,27,456,"impact","impact_1991-2000",34.92872222,-106.6818611,"acanth.spk","0"
"4485","MSB:Fish:11194",1992,7,24,"MSB 11194-1","JAR11563F","EO","GC","07-17-2025","F",29,24,333,"impact","impact_1991-2000",34.92872222,-106.6818611,"acanth.spk","0"
"4486","MSB:Fish:12010",1992,9,28,"MSB 12010-3","JAR11037F","KL","KL","07-28-2025","F",28,23,210,"control","control_1991-2000",35.211416,-106.612833,"acanth.spk","0"
"4487","MSB:Fish:12010",1992,9,28,"MSB 12010-2","JAR11056F","KL","KL","07-28-2025",NA,27,21.5,211,"control","control_1991-2000",35.211416,-106.612833,"acanth.spk","0"
"4488","MSB:Fish:12010",1992,9,28,"MSB 12010-1","JAR11057F","KL","KL","07-28-2025","F",36,29,446,"control","control_1991-2000",35.211416,-106.612833,"acanth.spk","0"
"4489","MSB:Fish:12010",1992,9,28,"MSB 12010-5","JAR11045F","KL","KL","07-28-2025","F",25,20,156,"control","control_1991-2000",35.211416,-106.612833,"acanth.spk","0"
"4490","MSB:Fish:12010",1992,9,28,"MSB 12010-4","JAR11044F","KL","KL","07-28-2025","F",28,21,210,"control","control_1991-2000",35.211416,-106.612833,"acanth.spk","0"
"4491","MSB:Fish:12531",1992,11,13,"MSB 12531-1","JAR11267F","EO","GC","07-11-2025",NA,46,38,1030,"control","control_1991-2000",35.380486,-106.502059,"acanth.spk","0"
"4492","MSB:Fish:12531",1992,11,13,"MSB 12531-4","JAR11265F","EO","KL","07-11-2025",NA,31,25,317,"control","control_1991-2000",35.380486,-106.502059,"acanth.spk","0"
"4493","MSB:Fish:12531",1992,11,13,"MSB 12531-5","JAR11266F","EO","BP","07-11-2025","F",48,40,1190,"control","control_1991-2000",35.380486,-106.502059,"acanth.spk","0"
"4494","MSB:Fish:12531",1992,11,13,"MSB 12531-2","JAR11263F","EO","KL","07-11-2025",NA,34,27,414,"control","control_1991-2000",35.380486,-106.502059,"acanth.spk","0"
"4495","MSB:Fish:12531",1992,11,13,"MSB 12531-3","JAR11264F","EO","KL","07-11-2025","F",35,28,445,"control","control_1991-2000",35.380486,-106.502059,"acanth.spk","0"
"4496","MSB:Fish:14485",1993,7,13,"MSB 14485-1","JAR11128F","EO","GC","07-17-2025",NA,41,34,760,"impact","impact_1991-2000",34.929964,-106.681431,"acanth.spk","0"
"4497","MSB:Fish:14485",1993,7,13,"MSB 14485-5","JAR11127F","JG","JG","07-17-2025",NA,24,20,116,"impact","impact_1991-2000",34.929964,-106.681431,"acanth.spk","0"
"4498","MSB:Fish:14485",1993,7,13,"MSB 14485-4","JAR11129F","EO","GC","07-17-2025","F",30,23,247,"impact","impact_1991-2000",34.929964,-106.681431,"acanth.spk","0"
"4499","MSB:Fish:14485",1993,7,13,"MSB 14485-3","JAR11557F","EO","KL","07-17-2025","F",37,29,520,"impact","impact_1991-2000",34.929964,-106.681431,"acanth.spk","0"
"4500","MSB:Fish:14485",1993,7,13,"MSB 14485-2","JAR11130F","JG","GC","07-17-2025","F",43,35,751,"impact","impact_1991-2000",34.929964,-106.681431,"acanth.spk","0"
"4501","MSB:Fish:18799",1993,8,12,"MSB 18799-5","JAR11578F","BP","KL","07-17-2025","F",30,23,274,"control","control_1991-2000",35.280904,-106.597587,"acanth.spk","0"
"4502","MSB:Fish:18799",1993,8,12,"MSB 18799-2","JAR11582F","BP","KL","07-17-2025","F",31,25,375,"control","control_1991-2000",35.280904,-106.597587,"acanth.spk","0"
"4503","MSB:Fish:18799",1993,8,12,"MSB 18799-4","JAR11579F","BP","GC","07-17-2025","F",32,26,344,"control","control_1991-2000",35.280904,-106.597587,"acanth.spk","0"
"4504","MSB:Fish:18799",1993,8,12,"MSB 18799-3","JAR11580","BP","EO","07-17-2025","F",36,28,509,"control","control_1991-2000",35.280904,-106.597587,"acanth.spk","0"
"4505","MSB:Fish:18799",1993,8,12,"MSB 18799-1","JAR11581F","BP","KL","07-17-2025","M",29,23,249,"control","control_1991-2000",35.280904,-106.597587,"acanth.spk","0"
"4506","MSB:Fish:19155",1993,8,4,"MSB 19155-1","JAR11020F","KL","KL","07-23-2025","F",38,30,585,"impact","impact_1991-2000",35.017503,-106.672569,"acanth.spk","0"
"4507","MSB:Fish:19155",1993,8,4,"MSB 19155-2","JAR11021F","KL","KL","07-23-2025","F",34,28,495,"impact","impact_1991-2000",35.017503,-106.672569,"acanth.spk","0"
"4508","MSB:Fish:19155",1993,8,4,"MSB 19155-3","JAR11022F","KL","KL","07-23-2025","F",31,26,355,"impact","impact_1991-2000",35.017503,-106.672569,"acanth.spk","0"
"4509","MSB:Fish:19155",1993,8,4,"MSB 19155-5","JAR11012F","KL","KL","07-23-2025","F",38,32,697,"impact","impact_1991-2000",35.017503,-106.672569,"acanth.spk","0"
"4510","MSB:Fish:19155",1993,8,4,"MSB 19155-4","JAR11027F","KL","KL","07-23-2025","F",34,28,NA,"impact","impact_1991-2000",35.017503,-106.672569,"acanth.spk","0"
"4511","MSB:Fish:19170",1993,8,4,"MSB 19170-3","JAR8800F","BP","BP GC","07-07-2025","F",34,26,421,"impact","impact_1991-2000",35.008358,-106.678909,"acanth.spk","0"
"4512","MSB:Fish:19170",1993,8,4,"MSB 19170-5","JAR8798F","EO","JG","07-07-2025","F",32,25,353,"impact","impact_1991-2000",35.008358,-106.678909,"acanth.spk","0"
"4513","MSB:Fish:19170",1993,8,4,"MSB 19170-1","JAR8802F","BP","GC","07-07-2025","F",31,24,355,"impact","impact_1991-2000",35.008358,-106.678909,"acanth.spk","0"
"4514","MSB:Fish:19170",1993,8,4,"MSB 19170-4","JAR8799F","EO","BP","07-07-2025","F",34,27,460,"impact","impact_1991-2000",35.008358,-106.678909,"acanth.spk","0"
"4515","MSB:Fish:19170",1993,8,4,"MSB 19170-2","JAR8801F","EO","BP KL","07-07-2025",NA,35,27,481,"impact","impact_1991-2000",35.008358,-106.678909,"acanth.spk","0"
"4516","MSB:Fish:2795",1969,4,2,"MSB 2795-4","JAR8920F","BP","KL","07-09-2025","F",29,24,236,"control","control_1961-1970",35.253452,-106.592892,"acanth.spk","0"
"4517","MSB:Fish:2795",1969,4,2,"MSB 2795-5","JAR8919F","BP","JG","07-09-2025",NA,25,19,105,"control","control_1961-1970",35.253452,-106.592892,"acanth.spk","0"
"4518","MSB:Fish:2795",1969,4,2,"MSB 2795-2","JAR8925F","BP","GC","07-09-2025",NA,31,24,325,"control","control_1961-1970",35.253452,-106.592892,"acanth.spk","0"
"4519","MSB:Fish:2795",1969,4,2,"MSB 2795-1","JAR8932F","BP","JG","07-09-2025",NA,45,35,820,"control","control_1961-1970",35.253452,-106.592892,"acanth.spk","0"
"4520","MSB:Fish:2795",1969,4,2,"MSB 2795-3","JAR8921F","BP","GC","07-09-2025",NA,46,37,885,"control","control_1961-1970",35.253452,-106.592892,"acanth.spk","0"
"4521","MSB:Fish:280",1949,10,28,"MSB 280-3","JAR8830F","BP","EO","07-08-2025","F",28,20,184,"impact","impact_1941-1950",35.155761,-106.655157,"acanth.spk","0"
"4522","MSB:Fish:280",1949,10,28,"MSB 280-4","JAR8828F","JG","JG","07-08-2025",NA,43,35,824,"impact","impact_1941-1950",35.155761,-106.655157,"acanth.spk","0"
"4523","MSB:Fish:280",1949,10,28,"MSB 280-1","JAR8833F","BP","BP","07-08-2025",NA,33,26,379,"impact","impact_1941-1950",35.155761,-106.655157,"acanth.spk","0"
"4524","MSB:Fish:280",1949,10,28,"MSB 280-5","JAR8826F","JG","JG","07-08-2025",NA,28,23,238,"impact","impact_1941-1950",35.155761,-106.655157,"acanth.spk","0"
"4525","MSB:Fish:280",1949,10,28,"MSB 280-2","JAR8831F","JG","KL","07-08-2025","F",42,33,733,"impact","impact_1941-1950",35.155761,-106.655157,"acanth.spk","0"
"4526","MSB:Fish:285",1961,2,17,"MSB 285-3","JAR11528F","EO","KL","07-15-2025","F",42,34,741,"impact","impact_1961-1970",35.051774,-106.671997,"acanth.spk","0"
"4527","MSB:Fish:285",1961,2,17,"MSB 285-2","JAR11525F","BP","GC","07-15-2025",NA,32,25,318,"impact","impact_1961-1970",35.051774,-106.671997,"acanth.spk","0"
"4528","MSB:Fish:285",1961,2,17,"MSB 285-1","JAR11517F","EO","KL","07-15-2025","F",46,37,1064,"impact","impact_1961-1970",35.051774,-106.671997,"acanth.spk","0"
"4529","MSB:Fish:285",1961,2,17,"MSB 285-4","JAR11530F","BP","KL","07-15-2025","F",34,26,419,"impact","impact_1961-1970",35.051774,-106.671997,"acanth.spk","0"
"4530","MSB:Fish:285",1961,2,17,"MSB 285-5","JAR11520F","EO","EO","07-15-2025","F",29,23,224,"impact","impact_1961-1970",35.051774,-106.671997,"acanth.spk","0"
"4531","MSB:Fish:288",1949,12,3,"MSB 288-1","JAR11272F","BP","GC","07-11-2025","F",41,32,695,"impact","impact_1941-1950",35.068939,-106.663683,"acanth.spk","0"
"4532","MSB:Fish:288",1949,12,3,"MSB 288-4","JAR11269F","BP","BP","07-11-2025",NA,28,22,247,"impact","impact_1941-1950",35.068939,-106.663683,"acanth.spk","0"
"4533","MSB:Fish:288",1949,12,3,"MSB 288-5","JAR11268F","EO","EO","07-11-2025","F",35,28,413,"impact","impact_1941-1950",35.068939,-106.663683,"acanth.spk","0"
"4534","MSB:Fish:288",1949,12,3,"MSB 288-3","JAR11270F","EO","KL","07-11-2025","F",49,40,1240,"impact","impact_1941-1950",35.068939,-106.663683,"acanth.spk","0"
"4535","MSB:Fish:288",1949,12,3,"MSB 288-2","JAR11271F","BP","BP","07-11-2025",NA,30,27,461,"impact","impact_1941-1950",35.068939,-106.663683,"acanth.spk","0"
"4536","MSB:Fish:292",1961,2,12,"MSB 292-3","JAR11553F","JG","KL","07-16-2025","M",25,21,138,"control","control_1961-1970",35.408152,-106.470544,"acanth.spk","0"
"4537","MSB:Fish:292",1961,2,12,"MSB 292-1","JAR11556F","BP","KL","07-16-2025","M",31,24,273,"control","control_1961-1970",35.408152,-106.470544,"acanth.spk","0"
"4538","MSB:Fish:292",1961,2,12,"MSB 292-5","JAR11547F","JG","JG","07-16-2025",NA,25,21,167,"control","control_1961-1970",35.408152,-106.470544,"acanth.spk","0"
"4539","MSB:Fish:292",1961,2,12,"MSB 292-4","JAR11550F","BP","KL","07-16-2025","F",33,25,342,"control","control_1961-1970",35.408152,-106.470544,"acanth.spk","0"
"4540","MSB:Fish:292",1961,2,12,"MSB 292-2","JAR11534F","JG","JG","07-16-2025",NA,25,20,132,"control","control_1961-1970",35.408152,-106.470544,"acanth.spk","0"
"4541","MSB:Fish:305",1949,7,21,"MSB 305-2","JAR8913F","BP","GC","07-09-2025",NA,41,32,810,"impact","impact_1941-1950",35.204443,-106.610046,"acanth.spk","0"
"4542","MSB:Fish:305",1949,7,21,"MSB 305-3","JAR8915F","BP","KL","07-09-2025","F",39,31,840,"impact","impact_1941-1950",35.204443,-106.610046,"acanth.spk","0"
"4543","MSB:Fish:305",1949,7,21,"MSB 305-1","JAR8911F","BP","JG","07-09-2025","F",38,30,653,"impact","impact_1941-1950",35.204443,-106.610046,"acanth.spk","0"
"4544","MSB:Fish:305",1949,7,21,"MSB 305-5","JAR8918F","BP","KL","07-09-2025",NA,41,34,848,"impact","impact_1941-1950",35.204443,-106.610046,"acanth.spk","0"
"4545","MSB:Fish:305",1949,7,21,"MSB 305-4","JAR8917F","BP","EO","07-09-2025","F",26,21,146,"impact","impact_1941-1950",35.204443,-106.610046,"acanth.spk","0"
"4546","MSB:Fish:307",1959,2,24,"MSB 307-1","JAR8797F","BP","GC","07-07-2025","F",30,24,257,"impact","impact_1951-1960",34.987044,-106.690293,"acanth.spk","0"
"4547","MSB:Fish:307",1959,2,24,"MSB 307-2","JAR8796F","JG","KL","07-07-2025","F",31,23,295,"impact","impact_1951-1960",34.987044,-106.690293,"acanth.spk","0"
"4548","MSB:Fish:307",1959,2,24,"MSB 307-5","JAR8793F","JG","GC","07-07-2025",NA,33,24,304,"impact","impact_1951-1960",34.987044,-106.690293,"acanth.spk","0"
"4549","MSB:Fish:307",1959,2,24,"MSB 307-4","JAR8794F","BP","KL","07-07-2025","F",31,26,296,"impact","impact_1951-1960",34.987044,-106.690293,"acanth.spk","0"
"4550","MSB:Fish:307",1959,2,24,"MSB 307-3","JAR8795F","BP","KL","07-07-2025",NA,31,25,277,"impact","impact_1951-1960",34.987044,-106.690293,"acanth.spk","0"
"4551","MSB:Fish:30771",1996,10,30,"MSB 30771-3","JAR11025F","KL","KL","07-28-2025",NA,39,32,613,"control","control_1991-2000",35.38033333,-106.4990556,"acanth.spk","0"
"4552","MSB:Fish:30771",1996,10,30,"MSB 30771-2","JAR11024F","KL","KL","07-28-2025",NA,34,27,361,"control","control_1991-2000",35.38033333,-106.4990556,"acanth.spk","0"
"4553","MSB:Fish:30771",1996,10,30,"MSB 30771-1","JAR11030F","KL","KL","07-28-2025",NA,27,21,182,"control","control_1991-2000",35.38033333,-106.4990556,"acanth.spk","0"
"4554","MSB:Fish:30771",1996,10,30,"MSB 30771-5","JAR11033F","KL","KL","07-28-2025","M",30,23,241,"control","control_1991-2000",35.38033333,-106.4990556,"acanth.spk","0"
"4555","MSB:Fish:30771",1996,10,30,"MSB 30771-4","JAR11028F","KL","KL","07-28-2025",NA,26,20,165,"control","control_1991-2000",35.38033333,-106.4990556,"acanth.spk","0"
"4556","MSB:Fish:315",1949,7,28,"MSB 315-3","JAR11521F","JG","KL","07-15-2025",NA,33,27,445,"impact","impact_1941-1950",35.188761,-106.64706,"acanth.spk","0"
"4557","MSB:Fish:315",1949,7,28,"MSB 315-2","JAR11524F","BP","KL","07-15-2025","F",38,30,666,"impact","impact_1941-1950",35.188761,-106.64706,"acanth.spk","0"
"4558","MSB:Fish:315",1949,7,28,"MSB 315-4","JAR11527F","BP","KL","07-15-2025","F",31,24,301,"impact","impact_1941-1950",35.188761,-106.64706,"acanth.spk","0"
"4559","MSB:Fish:315",1949,7,28,"MSB 315-1","JAR11522F","JG","BP","07-15-2025",NA,38,31,711,"impact","impact_1941-1950",35.188761,-106.64706,"acanth.spk","0"
"4560","MSB:Fish:315",1949,7,28,"MSB 315-5","JAR11544F","JG","EO","07-15-2025","F",35,28,417,"impact","impact_1941-1950",35.188761,-106.64706,"acanth.spk","0"
"4561","MSB:Fish:324",1950,10,18,"MSB 324-2","JAR11336F","BP","KL","07-10-2025","F",45,36,1097,"control","control_1941-1950",35.229809,-106.616288,"acanth.spk","0"
"4562","MSB:Fish:324",1950,10,18,"MSB 324-1","JAR11335F","JG","KL","07-10-2025","F",39,33,691,"control","control_1941-1950",35.229809,-106.616288,"acanth.spk","0"
"4563","MSB:Fish:324",1950,10,18,"MSB 324-5","JAR11339F","BP","KL","07-10-2025","F",39,31,754,"control","control_1941-1950",35.229809,-106.616288,"acanth.spk","0"
"4564","MSB:Fish:324",1950,10,18,"MSB 324-4","JAR11338F","BP","GC","07-10-2025",NA,46,36,1172,"control","control_1941-1950",35.229809,-106.616288,"acanth.spk","0"
"4565","MSB:Fish:324",1950,10,18,"MSB 324-3","JAR11337F","BP","GC","07-10-2025",NA,49,39,1841,"control","control_1941-1950",35.229809,-106.616288,"acanth.spk","0"
"4566","MSB:Fish:326",1949,7,21,"MSB 326-5","JAR8924F","EO","JG","07-09-2025","F",38,32,628,"impact","impact_1941-1950",35.210652,-106.627124,"acanth.spk","0"
"4567","MSB:Fish:326",1949,7,21,"MSB 326-4","JAR8933F","EO","KL","07-09-2025","F",33,27,421,"impact","impact_1941-1950",35.210652,-106.627124,"acanth.spk","0"
"4568","MSB:Fish:326",1949,7,21,"MSB 326-3","JAR8931F","KL","KL","07-09-2025",NA,36,30,581,"impact","impact_1941-1950",35.210652,-106.627124,"acanth.spk","0"
"4569","MSB:Fish:326",1949,7,21,"MSB 326-2","JAR8926F","KL","GC","07-09-2025","F",34,28,560,"impact","impact_1941-1950",35.210652,-106.627124,"acanth.spk","0"
"4570","MSB:Fish:326",1949,7,21,"MSB 326-1","JAR8922F","KL","KL","07-09-2025","F",33,27,355,"impact","impact_1941-1950",35.210652,-106.627124,"acanth.spk","0"
"4571","MSB:Fish:327",1942,2,28,"MSB 327-1","JAR8840F","EO","GC","07-08-2025","F",45,36,927,"control","control_1941-1950",35.37417,-106.49278,"acanth.spk","0"
"4572","MSB:Fish:327",1942,2,28,"MSB 327-4","JAR8842F","EO","GC","07-08-2025",NA,32,25,257,"control","control_1941-1950",35.37417,-106.49278,"acanth.spk","0"
"4573","MSB:Fish:327",1942,2,28,"MSB 327-3","JAR8846F","BP","GC","07-08-2025","F",45,36,910,"control","control_1941-1950",35.37417,-106.49278,"acanth.spk","0"
"4574","MSB:Fish:327",1942,2,28,"MSB 327-2","JAR8903F","EO","JG","07-08-2025",NA,47,38,1118,"control","control_1941-1950",35.37417,-106.49278,"acanth.spk","0"
"4575","MSB:Fish:327",1942,2,28,"MSB 327-5","JAR8844F","BP","GC","07-08-2025","F",25,20,131,"control","control_1941-1950",35.37417,-106.49278,"acanth.spk","0"
"4576","MSB:Fish:330",1949,11,5,"MSB 330-1","JAR11350F","EO","JG","07-10-2025",NA,45,36,982,"control","control_1941-1950",35.211994,-106.631125,"acanth.spk","0"
"4577","MSB:Fish:330",1949,11,5,"MSB 330-3","JAR11356F","EO","GC","07-10-2025",NA,29,23,241,"control","control_1941-1950",35.211994,-106.631125,"acanth.spk","0"
"4578","MSB:Fish:330",1949,11,5,"MSB 330-4","JAR11353F","JG","BP","07-10-2025",NA,32,26,276,"control","control_1941-1950",35.211994,-106.631125,"acanth.spk","0"
"4579","MSB:Fish:330",1949,11,5,"MSB 330-5","JAR11369F","JG","EO","07-10-2025","F",26,22,195,"control","control_1941-1950",35.211994,-106.631125,"acanth.spk","0"
"4580","MSB:Fish:330",1949,11,5,"MSB 330-2","JAR11347F","JG","BP","07-10-2025",NA,34,28,374,"control","control_1941-1950",35.211994,-106.631125,"acanth.spk","0"
"4581","MSB:Fish:334",1952,5,3,"MSB 334-1","JAR11113F","BP","KL","07-16-2025",NA,33,26,309,"control","control_1951-1960",35.302146,-106.571551,"acanth.spk","0"
"4582","MSB:Fish:334",1952,5,3,"MSB 334-3","JAR11107F","BP","JG","07-16-2025",NA,30,24,217,"control","control_1951-1960",35.302146,-106.571551,"acanth.spk","0"
"4583","MSB:Fish:334",1952,5,3,"MSB 334-5","JAR11108F","BP","GC","07-16-2025",NA,27,22,179,"control","control_1951-1960",35.302146,-106.571551,"acanth.spk","0"
"4584","MSB:Fish:334",1952,5,3,"MSB 334-4","JAR11116F","BP","EO","07-16-2025","F",30,23,233,"control","control_1951-1960",35.302146,-106.571551,"acanth.spk","0"
"4585","MSB:Fish:334",1952,5,3,"MSB 334-2","JAR11110F","BP","EO","07-16-2025","F",31,25,293,"control","control_1951-1960",35.302146,-106.571551,"acanth.spk","0"
"4586","MSB:Fish:3391",1965,5,18,"MSB 3391-1","JAR11370F","EO","KL","07-10-2025","F",41,35,794,"control","control_1961-1970",35.383813,-106.481,"acanth.spk","0"
"4587","MSB:Fish:3391",1965,5,18,"MSB 3391-2","JAR11366F","EO","GC","07-10-2025","M",28,23,188,"control","control_1961-1970",35.383813,-106.481,"acanth.spk","0"
"4588","MSB:Fish:3391",1965,5,18,"MSB 3391-5","JAR11367F","EO","JG","07-10-2025","F",35,28,522,"control","control_1961-1970",35.383813,-106.481,"acanth.spk","0"
"4589","MSB:Fish:3391",1965,5,18,"MSB 3391-4","JAR11364F","EO","KL","07-10-2025",NA,33,27,348,"control","control_1961-1970",35.383813,-106.481,"acanth.spk","0"
"4590","MSB:Fish:3391",1965,5,18,"MSB 3391-3","JAR11363F","EO","EO","07-10-2025","F",31,26,296,"control","control_1961-1970",35.383813,-106.481,"acanth.spk","0"
"4591","MSB:Fish:3421",1972,6,19,"MSB 3421-1","JAR11296F","EO","KL","07-14-2025","F",36,29,612,"control","control_1971-1980",35.249718,-106.603396,"acanth.spk","0"
"4592","MSB:Fish:3421",1972,6,19,"MSB 3421-4","JAR11294F","EO","KL","07-14-2025","F",40,33,736,"control","control_1971-1980",35.249718,-106.603396,"acanth.spk","0"
"4593","MSB:Fish:3421",1972,6,19,"MSB 3421-2","JAR11288F","EO","KL","07-14-2025","F",46,37,1270,"control","control_1971-1980",35.249718,-106.603396,"acanth.spk","0"
"4594","MSB:Fish:3421",1972,6,19,"MSB 3421-5","JAR11293F","EO","KL","07-14-2025","F",44,36,1076,"control","control_1971-1980",35.249718,-106.603396,"acanth.spk","0"
"4595","MSB:Fish:3421",1972,6,19,"MSB 3421-3","JAR11291F","EO","KL","07-14-2025","F",42,35,996,"control","control_1971-1980",35.249718,-106.603396,"acanth.spk","0"
"4596","MSB:Fish:365",1947,9,27,"MSB 365-1","JAR11529F","JG","JG","07-15-2025",NA,39,33,608,"control","control_1941-1950",35.321576,-106.555389,"acanth.spk","0"
"4597","MSB:Fish:365",1947,9,27,"MSB 365-5","JAR11531F","JG","JG","07-15-2025",NA,32,25,251,"control","control_1941-1950",35.321576,-106.555389,"acanth.spk","0"
"4598","MSB:Fish:365",1947,9,27,"MSB 365-2","JAR11532F","BP","KL","07-15-2025","F",38,29,390,"control","control_1941-1950",35.321576,-106.555389,"acanth.spk","0"
"4599","MSB:Fish:365",1947,9,27,"MSB 365-3","JAR11526F","JG","KL","07-15-2025","F",37,29,507,"control","control_1941-1950",35.321576,-106.555389,"acanth.spk","0"
"4600","MSB:Fish:365",1947,9,27,"MSB 365-4","JAR11523F","BP","KL","07-15-2025",NA,38,30,356,"control","control_1941-1950",35.321576,-106.555389,"acanth.spk","0"
"4601","MSB:Fish:38942",1997,7,5,"MSB 38942-5","JAR11115F","EO","GC","07-17-2025","F",41,32,883,"control","control_1991-2000",35.28302778,-106.5981389,"acanth.spk","0"
"4602","MSB:Fish:38942",1997,7,5,"MSB 38942-1","JAR11120F","EO","GC","07-17-2025","F",50,42,2039,"control","control_1991-2000",35.28302778,-106.5981389,"acanth.spk","0"
"4603","MSB:Fish:38942",1997,7,5,"MSB 38942-2","JAR11119F","EO","KL","07-17-2025","F",47,39,1803,"control","control_1991-2000",35.28302778,-106.5981389,"acanth.spk","0"
"4604","MSB:Fish:38942",1997,7,5,"MSB 38942-3","JAR11121F","EO","KL","07-17-2025","F",45,38,1685,"control","control_1991-2000",35.28302778,-106.5981389,"acanth.spk","0"
"4605","MSB:Fish:38942",1997,7,5,"MSB 38942-4","JAR11118F","EO","KL","07-17-2025","F",46,38,1451,"control","control_1991-2000",35.28302778,-106.5981389,"acanth.spk","0"
"4606","MSB:Fish:39100",1997,10,15,"MSB 39100-1","JAR11577F","BP","JG","07-17-2025",NA,34,26,374,"control","control_1991-2000",35.322164,-106.557448,"acanth.spk","0"
"4607","MSB:Fish:39100",1997,10,15,"MSB 39100-2","JAR11573F","BP","EO","07-17-2025","F",38,28,500,"control","control_1991-2000",35.322164,-106.557448,"acanth.spk","0"
"4608","MSB:Fish:39100",1997,10,15,"MSB 39100-4","JAR11575F","BP","GC","07-17-2025","F",34,26,403,"control","control_1991-2000",35.322164,-106.557448,"acanth.spk","0"
"4609","MSB:Fish:39100",1997,10,15,"MSB 39100-5","JAR11576F","BP","GC","07-17-2025","F",25,19,144,"control","control_1991-2000",35.322164,-106.557448,"acanth.spk","0"
"4610","MSB:Fish:39100",1997,10,15,"MSB 39100-3","JAR11574F","BP","KL","07-17-2025","M",25,20,167,"control","control_1991-2000",35.322164,-106.557448,"acanth.spk","0"
"4611","MSB:Fish:3993",1977,9,28,"MSB 3993-4","JAR11626F","BP","GC","07-21-2025","F",29,23,333,"impact","impact_1971-1980",35.136341,-106.685742,"acanth.spk","0"
"4612","MSB:Fish:3993",1977,9,28,"MSB 3993-1","JAR11623F","JG","GC","07-21-2025",NA,25,20,170,"impact","impact_1971-1980",35.136341,-106.685742,"acanth.spk","0"
"4613","MSB:Fish:3993",1977,9,28,"MSB 3993-2","JAR11621F","BP","GC","07-21-2025","F",26,20,224,"impact","impact_1971-1980",35.136341,-106.685742,"acanth.spk","0"
"4614","MSB:Fish:3993",1977,9,28,"MSB 3993-3","JAR11618F","JG","BP","07-21-2025","M",28,21,181,"impact","impact_1971-1980",35.136341,-106.685742,"acanth.spk","0"
"4615","MSB:Fish:3993",1977,9,28,"MSB 3993-5","JAR11620F","JG","BP","07-21-2025","M",27,21,186,"impact","impact_1971-1980",35.136341,-106.685742,"acanth.spk","0"
"4616","MSB:Fish:4012",1977,9,28,"MSB 4012-5","JAR11616F","JG","JG","07-21-2025",NA,25,21,169,"impact","impact_1971-1980",35.134932,-106.690783,"acanth.spk","0"
"4617","MSB:Fish:4012",1977,9,28,"MSB 4012-1","JAR11607F","JG","EO","07-21-2025","F",32,25,365,"impact","impact_1971-1980",35.134932,-106.690783,"acanth.spk","0"
"4618","MSB:Fish:4012",1977,9,28,"MSB 4012-4","JAR11613F","BP","GC","07-21-2025","F",26,20,178,"impact","impact_1971-1980",35.134932,-106.690783,"acanth.spk","0"
"4619","MSB:Fish:4012",1977,9,28,"MSB 4012-3","JAR11617F","JG","GC","07-21-2025","F",32,27,303,"impact","impact_1971-1980",35.134932,-106.690783,"acanth.spk","0"
"4620","MSB:Fish:4012",1977,9,28,"MSB 4012-2","JAR11610F","BP","GC","07-21-2025","F",31,24,316,"impact","impact_1971-1980",35.134932,-106.690783,"acanth.spk","0"
"4621","MSB:Fish:4056",1978,5,19,"MSB 4056-2","JAR11322F","EO","KL","07-14-2025","F",36,28,566,"control","control_1971-1980",35.253481,-106.591225,"acanth.spk","0"
"4622","MSB:Fish:4056",1978,5,19,"MSB 4056-3","JAR11318F","EO","JG","07-14-2025","F",37,28,549,"control","control_1971-1980",35.253481,-106.591225,"acanth.spk","0"
"4623","MSB:Fish:4056",1978,5,19,"MSB 4056-4","JAR11317F","EO","JG","07-14-2025","F",34,28,483,"control","control_1971-1980",35.253481,-106.591225,"acanth.spk","0"
"4624","MSB:Fish:4056",1978,5,19,"MSB 4056-1","JAR11319F","EO","GC","07-14-2025","F",37,30,644,"control","control_1971-1980",35.253481,-106.591225,"acanth.spk","0"
"4625","MSB:Fish:4056",1978,5,19,"MSB 4056-5","JAR11321F","EO","GC","07-14-2025","F",34,28,581,"control","control_1971-1980",35.253481,-106.591225,"acanth.spk","0"
"4626","MSB:Fish:4086",1978,9,29,"MSB 4086-3","JAR11342F","BP","JG","07-11-2025",NA,31,24,340,"control","control_1971-1980",35.380072,-106.499406,"acanth.spk","0"
"4627","MSB:Fish:4086",1978,9,29,"MSB 4086-5","JAR11340F","BP","GC","07-11-2025","M",29,23,261,"control","control_1971-1980",35.380072,-106.499406,"acanth.spk","0"
"4628","MSB:Fish:4086",1978,9,29,"MSB 4086-4","JAR11341F","BP","GC","07-11-2025","F",26,19,139,"control","control_1971-1980",35.380072,-106.499406,"acanth.spk","0"
"4629","MSB:Fish:4086",1978,9,29,"MSB 4086-2","JAR11344F","BP","EO","07-11-2025","F",40,30,701,"control","control_1971-1980",35.380072,-106.499406,"acanth.spk","0"
"4630","MSB:Fish:4086",1978,9,29,"MSB 4086-1","JAR11345F","BP","KL","07-11-2025","F",41,32,795,"control","control_1971-1980",35.380072,-106.499406,"acanth.spk","0"
"4631","MSB:Fish:4172",1977,5,10,"MSB 4172-2","JAR11329F","JG","GC","07-14-2025","F",33,29,347,"control","control_1971-1980",35.26637,-106.598674,"acanth.spk","0"
"4632","MSB:Fish:4172",1977,5,10,"MSB 4172-3","JAR11330F","BP","KL","07-14-2025","F",27,21,170,"control","control_1971-1980",35.26637,-106.598674,"acanth.spk","0"
"4633","MSB:Fish:4172",1977,5,10,"MSB 4172-4","JAR11327F","BP","GC","07-14-2025","M",27,21,150,"control","control_1971-1980",35.26637,-106.598674,"acanth.spk","0"
"4634","MSB:Fish:4172",1977,5,10,"MSB 4172-1","JAR11328F","BP","KL","07-14-2025",NA,29,24,252,"control","control_1971-1980",35.26637,-106.598674,"acanth.spk","0"
"4635","MSB:Fish:4172",1977,5,10,"MSB 4172-5","JAR11326F","JG","JG","07-14-2025",NA,27,21,137,"control","control_1971-1980",35.26637,-106.598674,"acanth.spk","0"
"4636","MSB:Fish:4176",1978,5,21,"MSB 4176-5","JAR8822F","JG","KL","07-08-2025","F",29,23,368,"control","control_1971-1980",35.253481,-106.591225,"acanth.spk","0"
"4637","MSB:Fish:4176",1978,5,21,"MSB 4176-1","JAR8821F","BP","JG","07-08-2025","F",38,31,741,"control","control_1971-1980",35.253481,-106.591225,"acanth.spk","0"
"4638","MSB:Fish:4176",1978,5,21,"MSB 4176-3","JAR8818F","JG","KL","07-08-2025","F",33,26,425,"control","control_1971-1980",35.253481,-106.591225,"acanth.spk","0"
"4639","MSB:Fish:4176",1978,5,21,"MSB 4176-2","JAR8816F","BP","EO","07-08-2025","F",39,31,798,"control","control_1971-1980",35.253481,-106.591225,"acanth.spk","0"
"4640","MSB:Fish:4176",1978,5,21,"MSB 4176-4","JAR8820F","BP","JG","07-08-2025","F",38,30,806,"control","control_1971-1980",35.253481,-106.591225,"acanth.spk","0"
"4641","MSB:Fish:43165",1999,4,21,"MSB 43165-3","JAR11124F","EO","KL","07-17-2025","F",35,27,471,"impact","impact_1991-2000",35.027111,-106.672944,"acanth.spk","0"
"4642","MSB:Fish:43165",1999,4,21,"MSB 43165-4","JAR11123F","EO","JG GC","07-17-2025","F",38,30,636,"impact","impact_1991-2000",35.027111,-106.672944,"acanth.spk","0"
"4643","MSB:Fish:43165",1999,4,21,"MSB 43165-2","JAR11125F","EO","EO","07-17-2025","F",38,30,668,"impact","impact_1991-2000",35.027111,-106.672944,"acanth.spk","0"
"4644","MSB:Fish:43165",1999,4,21,"MSB 43165-1","JAR11126F","EO","GC","07-17-2025","F",33,27,464,"impact","impact_1991-2000",35.027111,-106.672944,"acanth.spk","0"
"4645","MSB:Fish:43165",1999,4,21,"MSB 43165-5","JAR11122F","EO","KL","07-17-2025","F",40,32,732,"impact","impact_1991-2000",35.027111,-106.672944,"acanth.spk","0"
"4646","MSB:Fish:43242",1999,7,14,"MSB 43242-5","JAR11026F","KL","KL","07-28-2025",NA,41,33,899,"control","control_1991-2000",35.28302778,-106.5981389,"acanth.spk","0"
"4647","MSB:Fish:43242",1999,7,14,"MSB 43242-4","JAR11034F","KL","KL","07-28-2025","F",32,25,344,"control","control_1991-2000",35.28302778,-106.5981389,"acanth.spk","0"
"4648","MSB:Fish:43242",1999,7,14,"MSB 43242-3","JAR11029F","KL","KL","07-28-2025","F",32,25,338,"control","control_1991-2000",35.28302778,-106.5981389,"acanth.spk","0"
"4649","MSB:Fish:43242",1999,7,14,"MSB 43242-2","JAR11032F","KL","KL","07-28-2025",NA,32,26,416,"control","control_1991-2000",35.28302778,-106.5981389,"acanth.spk","0"
"4650","MSB:Fish:43242",1999,7,14,"MSB 43242-1","JAR11031F","KL","KL","07-28-2025",NA,29,22,249,"control","control_1991-2000",35.28302778,-106.5981389,"acanth.spk","0"
"4651","MSB:Fish:43251",1999,7,15,"MSB 43251-2","JAR11011F","KL","KL","07-23-2025","F",37,29,616,"impact","impact_1991-2000",35.089293,-106.680842,"acanth.spk","0"
"4652","MSB:Fish:43251",1999,7,15,"MSB 43251-1","JAR11014F","KL","KL","07-23-2025",NA,32,26,384,"impact","impact_1991-2000",35.089293,-106.680842,"acanth.spk","0"
"4653","MSB:Fish:43251",1999,7,15,"MSB 43251-4","JAR11018F","KL","KL","07-23-2025","F",32,25,392,"impact","impact_1991-2000",35.089293,-106.680842,"acanth.spk","0"
"4654","MSB:Fish:43251",1999,7,15,"MSB 43251-5","JAR11019F","KL","KL","07-23-2025","F",34,27,NA,"impact","impact_1991-2000",35.089293,-106.680842,"acanth.spk","0"
"4655","MSB:Fish:43251",1999,7,15,"MSB 43251-3","JAR11017F","KL","KL","07-23-2025","F",33,27,379,"impact","impact_1991-2000",35.089293,-106.680842,"acanth.spk","0"
"4656","MSB:Fish:43370",1999,8,25,"MSB 43370-2","JAR11035F","KL","KL","07-28-2025",NA,28,22,215,"control","control_1991-2000",35.28302778,-106.5981389,"acanth.spk","0"
"4657","MSB:Fish:43370",1999,8,25,"MSB 43370-3","JAR11036F","KL","KL","07-28-2025",NA,36,29,480,"control","control_1991-2000",35.28302778,-106.5981389,"acanth.spk","0"
"4658","MSB:Fish:43370",1999,8,25,"MSB 43370-1","JAR11041F","KL","KL","07-28-2025",NA,38,30,NA,"control","control_1991-2000",35.28302778,-106.5981389,"acanth.spk","0"
"4659","MSB:Fish:43370",1999,8,25,"MSB 43370-5","JAR11043F","KL","KL","07-28-2025","M",30,24,225,"control","control_1991-2000",35.28302778,-106.5981389,"acanth.spk","0"
"4660","MSB:Fish:43370",1999,8,25,"MSB 43370-4","JAR11042F","KL","KL","07-28-2025",NA,26,20,154,"control","control_1991-2000",35.28302778,-106.5981389,"acanth.spk","0"
"4661","MSB:Fish:4353",1978,9,8,"MSB 4353-1","JAR11097F","JG","GC","07-16-2025","F",35,29,601,"control","control_1971-1980",35.222784,-106.601974,"acanth.spk","0"
"4662","MSB:Fish:4353",1978,9,8,"MSB 4353-4","JAR11106F","BP","BP","07-16-2025",NA,25,19,157,"control","control_1971-1980",35.222784,-106.601974,"acanth.spk","0"
"4663","MSB:Fish:4353",1978,9,8,"MSB 4353-2","JAR11100F","JG","GC","07-16-2025","M",29,24,212,"control","control_1971-1980",35.222784,-106.601974,"acanth.spk","0"
"4664","MSB:Fish:4353",1978,9,8,"MSB 4353-5","JAR11105F","BP","KL","07-16-2025",NA,25,20,NA,"control","control_1971-1980",35.222784,-106.601974,"acanth.spk","0"
"4665","MSB:Fish:4353",1978,9,8,"MSB 4353-3","JAR11103F","JG","GC","07-16-2025","M",27,22,151,"control","control_1971-1980",35.222784,-106.601974,"acanth.spk","0"
"4666","MSB:Fish:4378",1978,9,23,"MSB 4378-3","JAR11554F","JG","KL","07-16-2025","F",38,32,556,"impact","impact_1971-1980",34.905272,-106.685564,"acanth.spk","0"
"4667","MSB:Fish:4378",1978,9,23,"MSB 4378-5","JAR11545F","BP","GC","07-16-2025","F",36,28,469,"impact","impact_1971-1980",34.905272,-106.685564,"acanth.spk","0"
"4668","MSB:Fish:4378",1978,9,23,"MSB 4378-3","JAR11546F","BP","KL","07-16-2025","F",42,32,738,"impact","impact_1971-1980",34.905272,-106.685564,"acanth.spk","0"
"4669","MSB:Fish:4378",1978,9,23,"MSB 4378-2","JAR11551F","BP","JG","07-16-2025","F",38,30,633,"impact","impact_1971-1980",34.905272,-106.685564,"acanth.spk","0"
"4670","MSB:Fish:4378",1978,9,23,"MSB 4378-1","JAR11548F","BP","KL","07-16-2025","F",37,28,634,"impact","impact_1971-1980",34.905272,-106.685564,"acanth.spk","0"
"4671","MSB:Fish:438",1978,NA,5,"MSB 4389-1","JAR11516F","JG","GC","07-15-2025",NA,38,31,575,NA,NA,NA,NA,"acanth.spk","0"
"4672","MSB:Fish:4385",1978,9,6,"MSB 4385-2","JAR8843F","EO","KL","07-08-2025",NA,30,26,273,"impact","impact_1971-1980",34.905272,-106.685564,"acanth.spk","0"
"4673","MSB:Fish:4385",1978,9,6,"MSB 4385-5","JAR8838F","EO","JG","07-08-2025","F",27,22,197,"impact","impact_1971-1980",34.905272,-106.685564,"acanth.spk","0"
"4674","MSB:Fish:4385",1978,9,6,"MSB 4385-3","JAR8845F","KL","KL","07-08-2025","F",27,23,204,"impact","impact_1971-1980",34.905272,-106.685564,"acanth.spk","0"
"4675","MSB:Fish:4385",1978,9,6,"MSB 4385-4","JAR8839","KL","GC","07-08-2025","F",26,22,222,"impact","impact_1971-1980",34.905272,-106.685564,"acanth.spk","0"
"4676","MSB:Fish:4385",1978,9,6,"MSB 4385-1","JAR8841F","KL","KL","07-08-2025","F",25,21,161,"impact","impact_1971-1980",34.905272,-106.685564,"acanth.spk","0"
"4677","MSB:Fish:4389",1978,9,5,"MSB 4389-2","JAR11519F","JG","GC","07-15-2025","F",34,28,507,"impact","impact_1971-1980",35.092867,-106.682332,"acanth.spk","0"
"4678","MSB:Fish:4389",1978,9,5,"MSB 4389-4","JAR11514F","JG","GC","07-15-2025",NA,40,33,716,"impact","impact_1971-1980",35.092867,-106.682332,"acanth.spk","0"
"4679","MSB:Fish:4389",1978,9,5,"MSB 4389-3","JAR11511F","JG","GC","07-15-2025","M",34,29,461,"impact","impact_1971-1980",35.092867,-106.682332,"acanth.spk","0"
"4680","MSB:Fish:4389",1978,9,5,"MSB 4389-5","JAR11513F","JG","GC","07-15-2025",NA,38,32,654,"impact","impact_1971-1980",35.092867,-106.682332,"acanth.spk","0"
"4681","MSB:Fish:4418",1978,8,3,"MSB 4418-1","JAR11292F","BP","GC","07-14-2025","F",43,34,1443,"impact","impact_1971-1980",34.905272,-106.685564,"acanth.spk","0"
"4682","MSB:Fish:4418",1978,8,3,"MSB 4418-2","JAR11289F","BP","KL","07-14-2025","F",38,30,662,"impact","impact_1971-1980",34.905272,-106.685564,"acanth.spk","0"
"4683","MSB:Fish:4418",1978,8,3,"MSB 4418-5","JAR11297F","EO","KL","07-14-2025","F",40,33,985,"impact","impact_1971-1980",34.905272,-106.685564,"acanth.spk","0"
"4684","MSB:Fish:4418",1978,8,3,"MSB 4418-4","JAR11298F","EO","KL","07-14-2025","F",37,30,678,"impact","impact_1971-1980",34.905272,-106.685564,"acanth.spk","0"
"4685","MSB:Fish:4418",1978,8,3,"MSB 4418-3","JAR11295F","BP","KL","07-14-2025","F",40,31,805,"impact","impact_1971-1980",34.905272,-106.685564,"acanth.spk","0"
"4686","MSB:Fish:4440",1978,9,5,"MSB 4440-2","JAR11555F","BJG","JG","07-16-2025",NA,28,22,223,"impact","impact_1971-1980",35.090702,-106.684514,"acanth.spk","0"
"4687","MSB:Fish:4440",1978,9,5,"MSB 4440-1","JAR11552F","BP","JG","07-16-2025",NA,25,20,138,"impact","impact_1971-1980",35.090702,-106.684514,"acanth.spk","0"
"4688","MSB:Fish:4440",1978,9,5,"MSB 4440-4","JAR11098F","JG","KL","07-16-2025","M",25,21,144,"impact","impact_1971-1980",35.090702,-106.684514,"acanth.spk","0"
"4689","MSB:Fish:4440",1978,9,5,"MSB 4440-3","JAR11095F","BP","GC","07-16-2025","M",27,20,205,"impact","impact_1971-1980",35.090702,-106.684514,"acanth.spk","0"
"4690","MSB:Fish:4440",1978,9,5,"MSB 4440-5","JAR11549F","BP","GC","07-16-2025","M",26,20,151,"impact","impact_1971-1980",35.090702,-106.684514,"acanth.spk","0"
"4691","MSB:Fish:4453",1978,9,5,"MSB 4453-5","JAR8940F","EO","GC","07-10-2025","M",27,22,167,"impact","impact_1971-1980",35.10562,-106.681074,"acanth.spk","0"
"4692","MSB:Fish:4453",1978,9,5,"MSB 4453-1","JAR11359F","EO","KL","07-10-2025","F",36,30,577,"impact","impact_1971-1980",35.10562,-106.681074,"acanth.spk","0"
"4693","MSB:Fish:4453",1978,9,5,"MSB 4453-3","JAR8938F","EO","KL","07-10-2025","M",28,22,149,"impact","impact_1971-1980",35.10562,-106.681074,"acanth.spk","0"
"4694","MSB:Fish:4453",1978,9,5,"MSB 4453-2","JAR8936F","EO ","GC","07-10-2025","F",39,31,742,"impact","impact_1971-1980",35.10562,-106.681074,"acanth.spk","0"
"4695","MSB:Fish:4453",1978,9,5,"MSB 4453-4","JAR8942F","EO","JG","07-10-2025",NA,26,22,143,"impact","impact_1971-1980",35.10562,-106.681074,"acanth.spk","0"
"4696","MSB:Fish:4462",1978,6,14,"MSB 4462-1","JAR11541F","BP","BP","07-15-2025",NA,27,22,205,"control","control_1971-1980",35.322164,-106.557448,"acanth.spk","0"
"4697","MSB:Fish:4462",1978,6,14,"MSB 4462-2","JAR11540F","BP","EO","07-15-2025","F",36,27,517,"control","control_1971-1980",35.322164,-106.557448,"acanth.spk","0"
"4698","MSB:Fish:4462",1978,6,14,"MSB 4462-5","JAR11535F","BP","GC","07-15-2025","M",26,20,170,"control","control_1971-1980",35.322164,-106.557448,"acanth.spk","0"
"4699","MSB:Fish:4462",1978,6,14,"MSB 4462-3","JAR11538F","BP","KL","07-15-2025","F",27,20,195,"control","control_1971-1980",35.322164,-106.557448,"acanth.spk","0"
"4700","MSB:Fish:4462",1978,6,14,"MSB 4462-4","JAR11543F","BP","GC","07-15-2025","M",27,20,197,"control","control_1971-1980",35.322164,-106.557448,"acanth.spk","0"
"4701","MSB:Fish:4486",1978,9,29,"MSB 4486-1","JAR11274F","JG","KL","07-11-2025","F",29,24,252,"control","control_1971-1980",35.383856,-106.490929,"acanth.spk","0"
"4702","MSB:Fish:4486",1978,9,29,"MSB 4486-2","JAR11324F","JG","KL","07-11-2025","M",25,20,171,"control","control_1971-1980",35.383856,-106.490929,"acanth.spk","0"
"4703","MSB:Fish:4486",1978,9,29,"MSB 4486-3","JAR11325F","KL","EO","07-11-2025","F",28,23,227,"control","control_1971-1980",35.383856,-106.490929,"acanth.spk","0"
"4704","MSB:Fish:4486",1978,9,29,"MSB 4486-4","JAR11323F","KL","KL","07-11-2025",NA,27,22,226,"control","control_1971-1980",35.383856,-106.490929,"acanth.spk","0"
"4705","MSB:Fish:4486",1978,9,29,"MSB 4486-5","JAR11273F","KL","KL","07-11-2025",NA,25,20,158,"control","control_1971-1980",35.383856,-106.490929,"acanth.spk","0"
"4706","MSB:Fish:4748",1978,9,5,"MSB 4748-1","JAR8904F","BP","JG","07-09-2025",NA,33,25,374,"impact","impact_1971-1980",35.197227,-106.642667,"acanth.spk","0"
"4707","MSB:Fish:4748",1978,9,5,"MSB 4748-3","JAR8907F","BP","EO","07-09-2025","F",34,27,362,"impact","impact_1971-1980",35.197227,-106.642667,"acanth.spk","0"
"4708","MSB:Fish:4748",1978,9,5,"MSB 4748-2","JAR8909F","EO","JG","07-09-2025",NA,36,28,522,"impact","impact_1971-1980",35.197227,-106.642667,"acanth.spk","0"
"4709","MSB:Fish:4748",1978,9,5,"MSB 4748-5","JAR8905F","BP","GC","07-09-2025",NA,30,24,278,"impact","impact_1971-1980",35.197227,-106.642667,"acanth.spk","0"
"4710","MSB:Fish:4748",1978,9,5,"MSB 4748-4","JAR8906F","EO","GC","07-09-2025",NA,29,23,213,"impact","impact_1971-1980",35.197227,-106.642667,"acanth.spk","0"
"4711","MSB:Fish:4750",1978,9,29,"MSB 4750-5","JAR8807F","EO","JG KL","07-07-2025",NA,34,27,447,"control","control_1971-1980",35.385246,-106.478952,"acanth.spk","0"
"4712","MSB:Fish:4750",1978,9,29,"MSB 4750-3","JAR8809F","EO","GC","07-07-2025","F",44,35,886,"control","control_1971-1980",35.385246,-106.478952,"acanth.spk","0"
"4713","MSB:Fish:4750",1978,9,29,"MSB 4750-1","JAR8811F","BP","JG GC","07-07-2025","F",40,32,703,"control","control_1971-1980",35.385246,-106.478952,"acanth.spk","0"
"4714","MSB:Fish:4750",1978,9,29,"MSB 4750-4","JAR8813F","BP","KL","07-07-2025","F",39,31,703,"control","control_1971-1980",35.385246,-106.478952,"acanth.spk","0"
"4715","MSB:Fish:4750",1978,9,29,"MSB 4750-2","JAR8808F","JG","KL","07-07-2025","F",41,36,1080,"control","control_1971-1980",35.385246,-106.478952,"acanth.spk","0"
"4716","MSB:Fish:515",1949,11,19,"MSB 515-4","JAR11287F","EO","KL","07-14-2025","F",37,32,1145,"impact","impact_1941-1950",35.20447,-106.610066,"acanth.spk","0"
"4717","MSB:Fish:515",1949,11,19,"MSB 515-1","JAR11307F","EO","KL","07-14-2025",NA,43,36,964,"impact","impact_1941-1950",35.20447,-106.610066,"acanth.spk","0"
"4718","MSB:Fish:515",1949,11,19,"MSB 515-3","JAR11290F","EO","GC","07-14-2025","F",39,32,785,"impact","impact_1941-1950",35.20447,-106.610066,"acanth.spk","0"
"4719","MSB:Fish:515",1949,11,19,"MSB 515-2","JAR11310F","EO","GC","07-14-2025","F",37,30,662,"impact","impact_1941-1950",35.20447,-106.610066,"acanth.spk","0"
"4720","MSB:Fish:515",1949,11,19,"MSB 515-5","JAR11304F","EO","JG","07-14-2025","F",43,35,1190,"impact","impact_1941-1950",35.20447,-106.610066,"acanth.spk","0"
"4721","MSB:Fish:5811",1987,9,9,"MSB 5811-4","JAR8806F","EO","KL","07-07-2025","F",34,27,481,"control","control_1981-1990",35.322164,-106.557448,"acanth.spk","0"
"4722","MSB:Fish:5811",1987,9,9,"MSB 5811-5","JAR8810F","BP","GC","07-07-2025","F",32,26,411,"control","control_1981-1990",35.322164,-106.557448,"acanth.spk","0"
"4723","MSB:Fish:5811",1987,9,9,"MSB 5811-2","JAR8804F","EO","GC","07-07-2025",NA,41,34,755,"control","control_1981-1990",35.322164,-106.557448,"acanth.spk","0"
"4724","MSB:Fish:5811",1987,9,9,"MSB 5811-1","JAR8803F","BP","EO GC","07-07-2025","F",39,31,706,"control","control_1981-1990",35.322164,-106.557448,"acanth.spk","0"
"4725","MSB:Fish:5811",1987,9,9,"MSB 5811-3","JAR8805F","BP","JG KL","07-07-2025",NA,35,27,556,"control","control_1981-1990",35.322164,-106.557448,"acanth.spk","0"
"4726","MSB:Fish:5822",1987,9,10,"MSB 5822-1","JAR11343F","BP","GC","07-10-2025","F",34,26,358,"impact","impact_1981-1990",34.905272,-106.685564,"acanth.spk","0"
"4727","MSB:Fish:5822",1987,9,10,"MSB 5822-5","JAR11352F","BP","JG","07-10-2025",NA,29,21,200,"impact","impact_1981-1990",34.905272,-106.685564,"acanth.spk","0"
"4728","MSB:Fish:5822",1987,9,10,"MSB 5822-2","JAR11346F","BP","GC","07-10-2025","F",36,29,480,"impact","impact_1981-1990",34.905272,-106.685564,"acanth.spk","0"
"4729","MSB:Fish:5822",1987,9,10,"MSB 5822-4","JAR11355F","JG","JG","07-10-2025",NA,25,20,153,"impact","impact_1981-1990",34.905272,-106.685564,"acanth.spk","0"
"4730","MSB:Fish:5822",1987,9,10,"MSB 5822-3","JAR11358F","BP","JG","07-10-2025","F",41,32,826,"impact","impact_1981-1990",34.905272,-106.685564,"acanth.spk","0"
"4731","MSB:Fish:62355",2000,9,14,"MSB 62355-1","JAR11052F","KL","KL","07-28-2025","F",32,25,322,"control","control_1991-2000",35.28373,-106.59878,"acanth.spk","0"
"4732","MSB:Fish:62355",2000,9,14,"MSB 62355-3","JAR11053F","KL","KL","07-28-2025","F",29,24,210,"control","control_1991-2000",35.28373,-106.59878,"acanth.spk","0"
"4733","MSB:Fish:62355",2000,9,14,"MSB 62355-2","JAR11055F","KL","KL","07-28-2025",NA,33,26,326,"control","control_1991-2000",35.28373,-106.59878,"acanth.spk","0"
"4734","MSB:Fish:62355",2000,9,14,"MSB 62355-5","JAR11058F","KL","KL","07-28-2025",NA,25,21,152,"control","control_1991-2000",35.28373,-106.59878,"acanth.spk","0"
"4735","MSB:Fish:62355",2000,9,14,"MSB 62355-4","JAR11054F","KL","KL","07-28-2025","F",32,25,308,"control","control_1991-2000",35.28373,-106.59878,"acanth.spk","0"
"4736","MSB:Fish:6300",1988,11,12,"MSB 6300-5","JAR11624F","JG","GC","07-21-2025","F",33,27,377,"impact","impact_1981-1990",35.017903,-106.661847,"acanth.spk","0"
"4737","MSB:Fish:6300",1988,11,12,"MSB 6300-1","JAR11625F","BP","BP","07-21-2025","M",33,26,347,"impact","impact_1981-1990",35.017903,-106.661847,"acanth.spk","0"
"4738","MSB:Fish:6300",1988,11,12,"MSB 6300-4","JAR11622F","JG","BP","07-21-2025",NA,33,25,280,"impact","impact_1981-1990",35.017903,-106.661847,"acanth.spk","0"
"4739","MSB:Fish:6300",1988,11,12,"MSB 6300-3","JAR11627F","BP","EO","07-21-2025","F",33,25,348,"impact","impact_1981-1990",35.017903,-106.661847,"acanth.spk","0"
"4740","MSB:Fish:6300",1988,11,12,"MSB 6300-2","JAR11619F","JG","GC","07-21-2025","F",34,27,388,"impact","impact_1981-1990",35.017903,-106.661847,"acanth.spk","0"
"4741","MSB:Fish:6405",1989,10,16,"MSB 6405-4","JAR11312F","BP","GC","07-14-2025","F",37,29,435,"impact","impact_1981-1990",35.089293,-106.680842,"acanth.spk","0"
"4742","MSB:Fish:6405",1989,10,16,"MSB 6405-2","JAR11315F","JG","EO","07-14-2025","F",37,31,537,"impact","impact_1981-1990",35.089293,-106.680842,"acanth.spk","0"
"4743","MSB:Fish:6405",1989,10,16,"MSB 6405-3","JAR11313F","JG","GC","07-14-2025","F",33,26,403,"impact","impact_1981-1990",35.089293,-106.680842,"acanth.spk","0"
"4744","MSB:Fish:6405",1989,10,16,"MSB 6405-1","JAR1131F","BP","KL","07-14-2025","F",32,24,325,"impact","impact_1981-1990",35.089293,-106.680842,"acanth.spk","0"
"4745","MSB:Fish:6405",1989,10,16,"MSB 6405-5","JAR11314F","JG","JG","07-14-2025",NA,34,27,398,"impact","impact_1981-1990",35.089293,-106.680842,"acanth.spk","0"
"4746","MSB:Fish:68470",1984,8,15,"MSB 68470-3","JAR11608F","BP","JG","07-18-2025","F",44,33,959,"impact","impact_1981-1990",35.089293,-106.680842,"acanth.spk","0"
"4747","MSB:Fish:68470",1984,8,15,"MSB 68470-1","JAR11604F","BP","KL","07-18-2025","F",41,31,874,"impact","impact_1981-1990",35.089293,-106.680842,"acanth.spk","0"
"4748","MSB:Fish:68470",1984,8,15,"MSB 68470-5","JAR11601F","BP","EO","07-18-2025","F",37,29,554,"impact","impact_1981-1990",35.089293,-106.680842,"acanth.spk","0"
"4749","MSB:Fish:68470",1984,8,15,"MSB 68470-2","JAR11605F","JG","GC","07-18-2025","F",37,30,568,"impact","impact_1981-1990",35.089293,-106.680842,"acanth.spk","0"
"4750","MSB:Fish:68470",1984,8,15,"MSB 68470-4","JAR11611F","JG","JG","07-18-2025",NA,35,30,521,"impact","impact_1981-1990",35.089293,-106.680842,"acanth.spk","0"
"4751","MSB:Fish:68483",1984,8,15,"MSB 68483-5","JAR11593F","JG","EO","07-18-2025","F",39,32,596,"impact","impact_1981-1990",35.069907,-106.658878,"acanth.spk","0"
"4752","MSB:Fish:68483",1984,8,15,"MSB 68483-1","JAR11594F","JG","JG","07-18-2025","F",36,29,526,"impact","impact_1981-1990",35.069907,-106.658878,"acanth.spk","0"
"4753","MSB:Fish:68483",1984,8,15,"MSB 68483-4","JAR11599","JG","GC","07-18-2025","F",37,30,507,"impact","impact_1981-1990",35.069907,-106.658878,"acanth.spk","0"
"4754","MSB:Fish:68483",1984,8,15,"MSB 68483-3","JAR11602F","BP","BP","07-18-2025","F",36,29,500,"impact","impact_1981-1990",35.069907,-106.658878,"acanth.spk","0"
"4755","MSB:Fish:68483",1984,8,15,"MSB 68483-2","JAR11596F","JG","KL","07-18-2025","F",35,29,498,"impact","impact_1981-1990",35.069907,-106.658878,"acanth.spk","0"
"4756","MSB:Fish:68508",1984,8,15,"MSB 68508-2","JAR11591F","JG","JG","07-21-2025","F",34,27,416,"control","control_1981-1990",35.225523,-106.597651,"acanth.spk","0"
"4757","MSB:Fish:68508",1984,8,15,"MSB 68508-4","JAR11588F","JG","GC","07-21-2025","F",35,28,587,"control","control_1981-1990",35.225523,-106.597651,"acanth.spk","0"
"4758","MSB:Fish:68508",1984,8,15,"MSB 68508-5","JAR11587F","BP","JG","07-21-2025","F",33,25,397,"control","control_1981-1990",35.225523,-106.597651,"acanth.spk","0"
"4759","MSB:Fish:68508",1984,8,15,"MSB 68508-3","JAR11585F","BP","EO","07-21-2025","F",37,28,556,"control","control_1981-1990",35.225523,-106.597651,"acanth.spk","0"
"4760","MSB:Fish:68508",1984,8,15,"MSB 68508-1","JAR11590F","BP","GC","07-21-2025","F",36,27,487,"control","control_1981-1990",35.225523,-106.597651,"acanth.spk","0"
"4761","MSB:Fish:68521",1984,8,16,"MSB 68521-5","JAR11597F","BP","JG","07-18-2025","F",32,25,429,"control","control_1981-1990",35.211416,-106.612833,"acanth.spk","0"
"4762","MSB:Fish:68521",1984,8,16,"MSB 68521-4","JAR11598F","BP","KL","07-18-2025","F",31,24,369,"control","control_1981-1990",35.211416,-106.612833,"acanth.spk","0"
"4763","MSB:Fish:68521",1984,8,16,"MSB 68521-1","JAR11600F","JG","KL","07-18-2025","F",39,31,597,"control","control_1981-1990",35.211416,-106.612833,"acanth.spk","0"
"4764","MSB:Fish:68521",1984,8,16,"MSB 68521-3","JAR11595F","JG","BP","07-18-2025","F",39,31,719,"control","control_1981-1990",35.211416,-106.612833,"acanth.spk","0"
"4765","MSB:Fish:68521",1984,8,16,"MSB 68521-2","JAR11603F","BP","BP","07-18-2025","F",36,27,661,"control","control_1981-1990",35.211416,-106.612833,"acanth.spk","0"
"4766","MSB:Fish:7208",1989,11,4,"MSB 7208-3","JAR11518F","BP","GC","07-14-2025",NA,32,25,345,"impact","impact_1981-1990",35.205042,-106.609081,"acanth.spk","0"
"4767","MSB:Fish:7208",1989,11,4,"MSB 7208-2","JAR11515F","EO","JG","07-14-2025",NA,38,31,650,"impact","impact_1981-1990",35.205042,-106.609081,"acanth.spk","0"
"4768","MSB:Fish:7208",1989,11,4,"MSB 7208-5","JAR11509F","BP","GC","07-14-2025","F",34,25,381,"impact","impact_1981-1990",35.205042,-106.609081,"acanth.spk","0"
"4769","MSB:Fish:7208",1989,11,4,"MSB 7208-1","JAR11510F","BP","KL","07-14-2025","F",36,26,645,"impact","impact_1981-1990",35.205042,-106.609081,"acanth.spk","0"
"4770","MSB:Fish:7208",1989,11,4,"MSB 7208-4","JAR11512F","EO","GC","07-14-2025","F",37,29,482,"impact","impact_1981-1990",35.205042,-106.609081,"acanth.spk","0"
"4771","MSB:Fish:7239",1989,11,12,"MSB 7230-1","JAR11606F","JG","GC","07-21-2025","F",30,23,279,"impact","impact_1981-1990",34.994298,-106.678945,"acanth.spk","0"
"4772","MSB:Fish:7239",1989,11,12,"MSB 7239-4","JAR11615F","BP","EO","07-21-2025","F",29,22,268,"impact","impact_1981-1990",34.994298,-106.678945,"acanth.spk","0"
"4773","MSB:Fish:7239",1989,11,12,"MSB 7239-2","JAR11612F","BP","JG","07-21-2025",NA,36,27,500,"impact","impact_1981-1990",34.994298,-106.678945,"acanth.spk","0"
"4774","MSB:Fish:7239",1989,11,12,"MSB 7239-3","JAR11609F","JG","GC","07-21-2025",NA,27,22,204,"impact","impact_1981-1990",34.994298,-106.678945,"acanth.spk","0"
"4775","MSB:Fish:7239",1989,11,12,"MSB 7239-5","JAR11614F","JG","EO","07-21-2025","F",30,24,281,"impact","impact_1981-1990",34.994298,-106.678945,"acanth.spk","0"
"4776","MSB:Fish:73719",2002,9,16,"MSB 73719-4","JAR11050F","KL","KL","07-28-2025","F",38,31,612,"control","control_2001-2010",35.322164,-106.557448,"acanth.spk","0"
"4777","MSB:Fish:73719",2002,9,16,"MSB 73719-5","JAR11051F","KL","KL","07-28-2025",NA,36,29,495,"control","control_2001-2010",35.322164,-106.557448,"acanth.spk","0"
"4778","MSB:Fish:73719",2002,9,16,"MSB 73719-3","JAR11049F","KL","KL","07-28-2025","F",40,32,748,"control","control_2001-2010",35.322164,-106.557448,"acanth.spk","0"
"4779","MSB:Fish:73719",2002,9,16,"MSB 73719-2","JAR11048F","KL","KL","07-28-2025","F",41,34,824,"control","control_2001-2010",35.322164,-106.557448,"acanth.spk","0"
"4780","MSB:Fish:73719",2002,9,16,"MSB 73719-1","JAR11047F","KL","KL","07-28-2025",NA,37,30,488,"control","control_2001-2010",35.322164,-106.557448,"acanth.spk","0"
"4781","MSB:Fish:7971",1990,10,22,"MSB 7971-2","JAR8910F","BP","EO","07-09-2025","F",29,24,264,"impact","impact_1981-1990",35.089293,-106.680842,"acanth.spk","0"
"4782","MSB:Fish:7971",1990,10,22,"MSB 7971-1","JAR8912F","EO","KL","07-09-2025","F",38,30,560,"impact","impact_1981-1990",35.089293,-106.680842,"acanth.spk","0"
"4783","MSB:Fish:7971",1990,10,22,"MSB 7971-3","JAR8908F","EO","BP","07-09-2025","F",33,25,370,"impact","impact_1981-1990",35.089293,-106.680842,"acanth.spk","0"
"4784","MSB:Fish:7971",1990,10,22,"MSB 7971-5","JAR8916F","EO","BP","07-09-2025","F",28,21,207,"impact","impact_1981-1990",35.089293,-106.680842,"acanth.spk","0"
"4785","MSB:Fish:7971",1990,10,22,"MSB 7971-4","JAR8914F","BP","GC","07-09-2025",NA,26,21,155,"impact","impact_1981-1990",35.089293,-106.680842,"acanth.spk","0"
"4786","MSB:Fish:9004",1998,10,28,"MSB 9004-5","JAR11300F","JG","BP","07-14-2025","F",34,28,428,"impact","impact_1981-1990",35.196977,-106.642444,"acanth.spk","0"
"4787","MSB:Fish:9004",1990,10,28,"MSB 9004-1","JAR11303F","BP","BP","07-14-2025",NA,33,27,388,"impact","impact_1981-1990",35.196977,-106.642444,"acanth.spk","0"
"4788","MSB:Fish:9004",1990,10,28,"MSB 9004-4","JAR11301F","JG","GC","07-14-2025",NA,34,28,405,"impact","impact_1981-1990",35.196977,-106.642444,"acanth.spk","0"
"4789","MSB:Fish:9004",1990,10,28,"MSB 9004-2","JAR11306F","JG","KL","07-14-2025",NA,32,25,351,"impact","impact_1981-1990",35.196977,-106.642444,"acanth.spk","0"
"4790","MSB:Fish:9004",1990,10,28,"MSB 9004-3","JAR11309F","JG","KL","07-14-2025","F",40,32,595,"impact","impact_1981-1990",35.196977,-106.642444,"acanth.spk","0"
"4791","MSB:Fish:9011",1990,10,28,"MSB 9011-1","JAR11099F","JG","GC","07-16-2025",NA,36,30,481,"control","control_1981-1990",35.28086111,-106.5988056,"acanth.spk","0"
"4792","MSB:Fish:9011",1990,10,28,"MSB 9011-3","JAR11104F","JG","JG","07-16-2025",NA,35,27,423,"control","control_1981-1990",35.28086111,-106.5988056,"acanth.spk","0"
"4793","MSB:Fish:9011",1990,10,28,"MSB 9011-5","JAR11101F","JG","KL","07-16-2025",NA,30,24,291,"control","control_1981-1990",35.28086111,-106.5988056,"acanth.spk","0"
"4794","MSB:Fish:9011",1990,10,28,"MSB 9011-4","JAR11096F","BP","GC","07-16-2025","F",32,23,324,"control","control_1981-1990",35.28086111,-106.5988056,"acanth.spk","0"
"4795","MSB:Fish:9011",1990,10,28,"MSB 9011-2","JAR11102F","JG","GC","07-16-2025",NA,36,31,550,"control","control_1981-1990",35.28086111,-106.5988056,"acanth.spk","0"
"4796","MSB:Fish:9465",1989,2,26,"MSB 9465-1","JAR11536F","EO","KL","07-15-2025","F",38,31,553,"impact","impact_1981-1990",34.917008,-106.675195,"acanth.spk","0"
"4797","MSB:Fish:9465",1989,2,26,"MSB 9465-4","JAR11539F","EO","KL","07-15-2025","F",47,38,1063,"impact","impact_1981-1990",34.917008,-106.675195,"acanth.spk","0"
"4798","MSB:Fish:9465",1989,2,26,"MSB 9465-3","JAR11542F","BP","GC","07-15-2025",NA,39,30,565,"impact","impact_1981-1990",34.917008,-106.675195,"acanth.spk","0"
"4799","MSB:Fish:9465",1989,2,26,"MSB 9465-5","JAR11533F","BP","JG","07-15-2025",NA,39,30,778,"impact","impact_1981-1990",34.917008,-106.675195,"acanth.spk","1"
"4800","MSB:Fish:9465",1989,2,26,"MSB 9465-2","JAR11537F","EO","GC","07-15-2025","F",47,38,1184,"impact","impact_1981-1990",34.917008,-106.675195,"acanth.spk","0"
"4801","MSB:Fish:1078",1939,1,30,"MSB 1078-1","JAR11299F","BP","JG","07-14-2025","F",40,31,647,"impact","impact_1931-1940",35.087167,-106.682164,"cest.botsp","0"
"4802","MSB:Fish:1078",1939,1,30,"MSB 1078-2","JAR11302F","JG","KL","07-14-2025",NA,41,32,699,"impact","impact_1931-1940",35.087167,-106.682164,"cest.botsp","0"
"4803","MSB:Fish:1078",1939,1,30,"MSB 1078-3","JAR11305F","BP","KL","07-14-2025",NA,43,35,798,"impact","impact_1931-1940",35.087167,-106.682164,"cest.botsp","0"
"4804","MSB:Fish:1078",1939,1,30,"MSB 1078-4","JAR11320F","JG","GC","07-14-2025","F",43,37,1027,"impact","impact_1931-1940",35.087167,-106.682164,"cest.botsp","0"
"4805","MSB:Fish:1078",1939,1,30,"MSB 1078-5","JAR11308F","BP","KL","07-14-2025",NA,39,29,627,"impact","impact_1931-1940",35.087167,-106.682164,"cest.botsp","0"
"4806","MSB:Fish:1079",1941,9,14,"MSB 1079-5","JAR11311F","JG","KL","07-14-2025",NA,37,29,441,"impact","impact_1941-1950",35.096748,-106.692027,"cest.botsp","0"
"4807","MSB:Fish:1079",1941,9,14,"MSB 1079-3","JAR11332F","BP","GC","07-14-2025","F",33,25,457,"impact","impact_1941-1950",35.096748,-106.692027,"cest.botsp","0"
"4808","MSB:Fish:1079",1941,9,14,"MSB 1079-1","JAR11334F","BP","GC","07-14-2025",NA,29,24,231,"impact","impact_1941-1950",35.096748,-106.692027,"cest.botsp","0"
"4809","MSB:Fish:1079",1941,9,14,"MSB 1079-2","JAR11331F","JG","KL","07-14-2025",NA,35,29,447,"impact","impact_1941-1950",35.096748,-106.692027,"cest.botsp","0"
"4810","MSB:Fish:1079",1941,9,14,"MSB 1079-4","JAR11333F","BP","GC","07-14-2025","F",44,33,754,"impact","impact_1941-1950",35.096748,-106.692027,"cest.botsp","0"
"4811","MSB:Fish:1081",1939,3,17,"MSB 1081-5","JAR8835F","BP","EO","07-08-2025","F",28,22,226,"impact","impact_1931-1940",35.072363,-106.668064,"cest.botsp","0"
"4812","MSB:Fish:1081",1939,3,17,"MSB 1081-4","JAR8832F","JG","KL","07-08-2025","F",27,22,188,"impact","impact_1931-1940",35.072363,-106.668064,"cest.botsp","0"
"4813","MSB:Fish:1081",1939,3,17,"MSB 1081-2","JAR8836","JG","BP","07-08-2025",NA,29,24,239,"impact","impact_1931-1940",35.072363,-106.668064,"cest.botsp","0"
"4814","MSB:Fish:1081",1939,3,17,"MSB 1081-1","JAR8837F","BP","BP","07-08-2025","F",43,33,868,"impact","impact_1931-1940",35.072363,-106.668064,"cest.botsp","0"
"4815","MSB:Fish:1081",1939,3,17,"MSB 1081-3","JAR8834F","BP","JG","07-08-2025",NA,27,21,176,"impact","impact_1931-1940",35.072363,-106.668064,"cest.botsp","0"
"4816","MSB:Fish:1082",1938,10,18,"MSB 1082-1","JAR8930F","BP","EO","07-09-2025","F",41,32,722,"impact","impact_1931-1940",35.100259,-106.692107,"cest.botsp","0"
"4817","MSB:Fish:1082",1938,10,18,"MSB 1082-4","JAR8934F","BP","BP","07-09-2025",NA,31,24,264,"impact","impact_1931-1940",35.100259,-106.692107,"cest.botsp","0"
"4818","MSB:Fish:1082",1938,10,18,"MSB 1082-2","JAR8928F","EO","GC","07-09-2025","F",40,33,627,"impact","impact_1931-1940",35.100259,-106.692107,"cest.botsp","0"
"4819","MSB:Fish:1082",1938,10,18,"MSB 1082-5","JAR8927F","EO","KL","07-09-2025",NA,25,21,140,"impact","impact_1931-1940",35.100259,-106.692107,"cest.botsp","0"
"4820","MSB:Fish:1082",1938,10,18,"MSB 1082-3","JAR8929F","EO","KL","07-09-2025","F",34,28,397,"impact","impact_1931-1940",35.100259,-106.692107,"cest.botsp","0"
"4821","MSB:Fish:1085",1939,5,13,"MSB 1085-5","JAR8935F","JG","GC","07-10-2025","F",50,39,1499,"impact","impact_1931-1940",35.192334,-106.619678,"cest.botsp","0"
"4822","MSB:Fish:1085",1939,5,13,"MSB 1085-4","JAR8941F","JG","KL","07-10-2025","F",44,36,1060,"impact","impact_1931-1940",35.192334,-106.619678,"cest.botsp","0"
"4823","MSB:Fish:1085",1939,5,13,"MSB 1085-1","JAR8932F","JG","KL","07-10-2025","F",41,33,809,"impact","impact_1931-1940",35.192334,-106.619678,"cest.botsp","0"
"4824","MSB:Fish:1085",1939,5,13,"MSB 1085-3","JAR8939F","JG","KL","07-10-2025","F",42,34,861,"impact","impact_1931-1940",35.192334,-106.619678,"cest.botsp","0"
"4825","MSB:Fish:1085",1939,5,13,"MSB 1085-2","JAR8937F","JG","GC","07-10-2025","M",26,21,147,"impact","impact_1931-1940",35.192334,-106.619678,"cest.botsp","0"
"4826","MSB:Fish:1086",1939,4,22,"MSB 1086-2","JAR8900F","BP","GC","07-07-2025","F",45,36,994,"impact","impact_1931-1940",35.173111,-106.626066,"cest.botsp","0"
"4827","MSB:Fish:1086",1939,4,22,"MSB 1086-5","JAR8792F","JG","GC","07-07-2025","F",46,35,1207,"impact","impact_1931-1940",35.173111,-106.626066,"cest.botsp","0"
"4828","MSB:Fish:1086",1939,4,22,"MSB1086-4","JAR8791F","BP","KL","07-07-2025","F",39,30,752,"impact","impact_1931-1940",35.173111,-106.626066,"cest.botsp","0"
"4829","MSB:Fish:1086",1939,4,22,"MSB 1086-1","JAR8898F","BP","KL","07-07-2025","F",47,37,1182,"impact","impact_1931-1940",35.173111,-106.626066,"cest.botsp","0"
"4830","MSB:Fish:1086",1939,4,22,"MSB 1086-3","JAR8902F","BP","KL","07-07-2025",NA,42,35,1023,"impact","impact_1931-1940",35.173111,-106.626066,"cest.botsp","0"
"4831","MSB:Fish:1089",1939,1,24,"MSB 1089-3","JAR11117F","BP","GC","07-16-2025","F",38,29,552,"impact","impact_1931-1940",35.087167,-106.682164,"cest.botsp","0"
"4832","MSB:Fish:1089",1939,1,24,"MSB 1089-5","JAR11111F","BP","KL","07-16-2025",NA,35,28,476,"impact","impact_1931-1940",35.087167,-106.682164,"cest.botsp","0"
"4833","MSB:Fish:1089",1939,1,24,"MSB 1089-1","JAR11112F","BP","KL","07-16-2025","F",40,33,666,"impact","impact_1931-1940",35.087167,-106.682164,"cest.botsp","0"
"4834","MSB:Fish:1089",1939,1,24,"MSB 1089-4","JAR11114F","BP","KL","07-16-2025","F",40,33,741,"impact","impact_1931-1940",35.087167,-106.682164,"cest.botsp","0"
"4835","MSB:Fish:1089",1939,1,24,"MSB 1089-2","JAR11109F","BP","GC","07-16-2025",NA,38,30,571,"impact","impact_1931-1940",35.087167,-106.682164,"cest.botsp","0"
"4836","MSB:Fish:10898",1992,7,9,"MSB 10898-5","JAR11023F","KL","KL","07-28-2025",NA,25,20,139,"control","control_1991-2000",35.211277,-106.611666,"cest.botsp","0"
"4837","MSB:Fish:10898",1992,7,9,"MSB 10898-4","JAR11046F","KL","KL","07-28-2025","F",31,25,309,"control","control_1991-2000",35.211277,-106.611666,"cest.botsp","0"
"4838","MSB:Fish:10898",1992,7,9,"MSB 10898-3","JAR11040F","KL","KL","07-28-2025","F",24,19,123,"control","control_1991-2000",35.211277,-106.611666,"cest.botsp","0"
"4839","MSB:Fish:10898",1992,7,9,"MSB 10898-2","JAR11038F","KL","KL","07-28-2025","M",26,21,118,"control","control_1991-2000",35.211277,-106.611666,"cest.botsp","0"
"4840","MSB:Fish:10898",1992,7,9,"MSB 10898-1","JAR11039F","KL","KL","07-28-2025","M",22,18,90,"control","control_1991-2000",35.211277,-106.611666,"cest.botsp","0"
"4841","MSB:Fish:1090",1939,6,9,"MSB 1090-4","JAR11354F","BP","GC","07-10-2025","M",25,19,132,"impact","impact_1931-1940",34.906619,-106.685289,"cest.botsp","0"
"4842","MSB:Fish:1090",1939,6,9,"MSB 1090-2","JAR11351F","BP","JG","07-10-2025","F",37,30,670,"impact","impact_1931-1940",34.906619,-106.685289,"cest.botsp","0"
"4843","MSB:Fish:1090",1939,6,9,"MSB 1090-5","JAR11349F","BP","KL","07-10-2025","F",29,24,323,"impact","impact_1931-1940",34.906619,-106.685289,"cest.botsp","0"
"4844","MSB:Fish:1090",1939,6,9,"MSB 1090-3","JAR11357F","BP","EO","07-10-2025","F",33,25,483,"impact","impact_1931-1940",34.906619,-106.685289,"cest.botsp","0"
"4845","MSB:Fish:1090",1939,6,9,"MSB 1090-1","JAR11348F","BP","GC","07-10-2025","F",39,30,751,"impact","impact_1931-1940",34.906619,-106.685289,"cest.botsp","0"
"4846","MSB:Fish:10922",1992,7,9,"MSB 10922-3","JAR11592F","BP","KL","07-18-2025","F",33,25,400,"impact","impact_1991-2000",35.10469444,-106.6916667,"cest.botsp","0"
"4847","MSB:Fish:10922",1992,7,9,"MSB 10922-5","JAR115843F","BP","GC","07-18-2025","F",30,24,322,"impact","impact_1991-2000",35.10469444,-106.6916667,"cest.botsp","0"
"4848","MSB:Fish:10922",1992,7,9,"MSB 10922-4","JAR11584F","JG","GC","07-18-2025","F",27,22,141,"impact","impact_1991-2000",35.10469444,-106.6916667,"cest.botsp","0"
"4849","MSB:Fish:10922",1992,7,9,"MSB 10922-2","JAR11586F","JG","GC","07-18-2025","F",25,20,143,"impact","impact_1991-2000",35.10469444,-106.6916667,"cest.botsp","0"
"4850","MSB:Fish:10922",1992,7,9,"MSB 10922-1","JAR11589F","JG","KL","07-18-2025","F",30,25,362,"impact","impact_1991-2000",35.10469444,-106.6916667,"cest.botsp","0"
"4851","MSB:Fish:10944",1992,7,15,"MSB 10944-2","JAR11565F","BP","GC","07-17-2025","F",37,29,751,"impact","impact_1991-2000",35.089293,-106.680842,"cest.botsp","0"
"4852","MSB:Fish:10944",1992,7,15,"MSB 10944-3","JAR11566F","BP","GC","07-17-2025","F",48,36,1418,"impact","impact_1991-2000",35.089293,-106.680842,"cest.botsp","0"
"4853","MSB:Fish:10944",1992,7,15,"MSB 10944-4","JAR11564F","BP","KL","07-17-2025","F",34,27,538,"impact","impact_1991-2000",35.089293,-106.680842,"cest.botsp","0"
"4854","MSB:Fish:10944",1992,7,15,"MSB 10944-5","JAR11567F","BP","KL","07-17-2025","F",35,27,542,"impact","impact_1991-2000",35.089293,-106.680842,"cest.botsp","0"
"4855","MSB:Fish:10944",1992,7,15,"MSB 10944-1","JAR11568F","BP","GC","07-17-2025","F",43,33,1179,"impact","impact_1991-2000",35.089293,-106.680842,"cest.botsp","0"
"4856","MSB:Fish:1098",1939,5,13,"MSB 1098-4","JAR8819F","EO","KL","07-07-2025","F",32,25,352,"impact","impact_1931-1940",35.189406,-106.625396,"cest.botsp","0"
"4857","MSB:Fish:1098",1939,5,13,"MSB 1098-2","JAR8815F","EO","GC","07-07-2025","F",41,33,887,"impact","impact_1931-1940",35.189406,-106.625396,"cest.botsp","0"
"4858","MSB:Fish:1098",1939,5,13,"MSB 1098-3","JAR8817F","EO","KL","07-07-2025",NA,30,24,257,"impact","impact_1931-1940",35.189406,-106.625396,"cest.botsp","0"
"4859","MSB:Fish:1098",1939,5,13,"MSB 1098-5","JAR8812F","EO","KL","07-07-2025",NA,41,33,697,"impact","impact_1931-1940",35.189406,-106.625396,"cest.botsp","0"
"4860","MSB:Fish:1098",1939,5,13,"MSB 1098-1","JAR8814F","EO","KL","07-08-2025","F",46,37,1164,"impact","impact_1931-1940",35.189406,-106.625396,"cest.botsp","0"
"4861","MSB:Fish:1100",1939,2,26,"MSB 1100-4","JAR8824F","BP","KL","07-08-2025","F",28,24,303,"impact","impact_1931-1940",35.072363,-106.668064,"cest.botsp","0"
"4862","MSB:Fish:1100",1939,2,26,"MSB 1100-3","JAR8823F","JG","KL","07-08-2025",NA,33,25,326,"impact","impact_1931-1940",35.072363,-106.668064,"cest.botsp","0"
"4863","MSB:Fish:1100",1939,2,26,"MSB 1100-1","JAR8825F","JG","KL","07-08-2025","F",43,33,679,"impact","impact_1931-1940",35.072363,-106.668064,"cest.botsp","0"
"4864","MSB:Fish:1100",1939,2,26,"MSB 1100-2","JAR8827F","BP","EO ","07-08-2025","F",28,25,318,"impact","impact_1931-1940",35.072363,-106.668064,"cest.botsp","0"
"4865","MSB:Fish:1100",1939,2,26,"MSB 1100-5","JAR8829F","JG","KL","07-08-2025",NA,26,23,226,"impact","impact_1931-1940",35.072363,-106.668064,"cest.botsp","0"
"4866","MSB:Fish:1105",1939,1,20,"MSB 1105-1","JAR11362F","JG","GC","07-10-2025",NA,30,24,202,"impact","impact_1931-1940",35.100259,-106.692107,"cest.botsp","0"
"4867","MSB:Fish:1105",1939,1,30,"MSB 1105-5","JAR11360F","JG","KL","07-10-2025",NA,36,28,396,"impact","impact_1931-1940",35.100259,-106.692107,"cest.botsp","0"
"4868","MSB:Fish:1105",1939,1,30,"MSB 1105-3","JAR11361F","JG","KL","07-10-2025",NA,40,36,728,"impact","impact_1931-1940",35.100259,-106.692107,"cest.botsp","0"
"4869","MSB:Fish:1105",1939,1,30,"MSB 1105-2","JAR11365F","JG","JG","07-10-2025",NA,27,23,158,"impact","impact_1931-1940",35.100259,-106.692107,"cest.botsp","0"
"4870","MSB:Fish:1105",1939,1,30,"MSB 1105-4","JAR11368F","EO","EO","07-10-2025",NA,40,32,456,"impact","impact_1931-1940",35.100259,-106.692107,"cest.botsp","0"
"4871","MSB:Fish:11095",1992,7,21,"MSB 11095-1","JAR11015F","KL","KL","07-23-2025",NA,26,21,178,"impact","impact_1991-2000",35.027111,-106.672944,"cest.botsp","0"
"4872","MSB:Fish:11095",1992,7,21,"MSB 11095-3","JAR11013F","KL","KL","07-23-2025","F",35,28,526,"impact","impact_1991-2000",35.027111,-106.672944,"cest.botsp","0"
"4873","MSB:Fish:11095",1992,7,21,"MSB 11095-2","JAR11016F","KL","KL","07-23-2025","F",33,27,385,"impact","impact_1991-2000",35.027111,-106.672944,"cest.botsp","0"
"4874","MSB:Fish:11095",1992,7,21,"MSB 11095-4","JAR11000F","KL","KL","07-23-2025","F",31,25,375,"impact","impact_1991-2000",35.027111,-106.672944,"cest.botsp","0"
"4875","MSB:Fish:11095",1992,7,21,"MSB 11095-5","JAR11003F","KL","KL","07-23-2025",NA,32,26,460,"impact","impact_1991-2000",35.027111,-106.672944,"cest.botsp","4"
"4876","MSB:Fish:11126",1992,7,22,"MSB 11126-2","JAR11562F","JG","BP","07-17-2025","F",37,30,634,"impact","impact_1991-2000",34.97052778,-106.6911111,"cest.botsp","0"
"4877","MSB:Fish:11126",1992,7,22,"MSB 11126-3","JAR11560F","JG","BP","07-17-2025","F",31,25,355,"impact","impact_1991-2000",34.97052778,-106.6911111,"cest.botsp","0"
"4878","MSB:Fish:11126",1992,7,22,"MSB 11126-1","JAR11561F","EO","EO","07-17-2025","F",45,36,1113,"impact","impact_1991-2000",34.97052778,-106.6911111,"cest.botsp","0"
"4879","MSB:Fish:11126",1992,7,22,"MSB 11126-4","JAR11559F","JG","GC","07-17-2025","F",40,34,733,"impact","impact_1991-2000",34.97052778,-106.6911111,"cest.botsp","0"
"4880","MSB:Fish:11126",1992,7,22,"MSB 11126-5","JAR11558F","EO","KL","07-17-2025","M",26,21,179,"impact","impact_1991-2000",34.97052778,-106.6911111,"cest.botsp","0"
"4881","MSB:Fish:11194",1992,7,24,"MSB 11194-2","JAR11570F","EO","KL","07-17-2025","M",26,22,151,"impact","impact_1991-2000",34.92872222,-106.6818611,"cest.botsp","0"
"4882","MSB:Fish:11194",1992,7,24,"MSB 11194-3","JAR11569F","EO","GC","07-17-2025",NA,28,22,159,"impact","impact_1991-2000",34.92872222,-106.6818611,"cest.botsp","0"
"4883","MSB:Fish:11194",1992,7,24,"MSB 11194-5","JAR11572F","EO","KL","07-17-2025",NA,36,29,658,"impact","impact_1991-2000",34.92872222,-106.6818611,"cest.botsp","0"
"4884","MSB:Fish:11194",1992,7,24,"MSB 11194-4","JAR11571F","EO","EO","07-17-2025","F",35,27,456,"impact","impact_1991-2000",34.92872222,-106.6818611,"cest.botsp","0"
"4885","MSB:Fish:11194",1992,7,24,"MSB 11194-1","JAR11563F","EO","GC","07-17-2025","F",29,24,333,"impact","impact_1991-2000",34.92872222,-106.6818611,"cest.botsp","0"
"4886","MSB:Fish:12010",1992,9,28,"MSB 12010-3","JAR11037F","KL","KL","07-28-2025","F",28,23,210,"control","control_1991-2000",35.211416,-106.612833,"cest.botsp","0"
"4887","MSB:Fish:12010",1992,9,28,"MSB 12010-2","JAR11056F","KL","KL","07-28-2025",NA,27,21.5,211,"control","control_1991-2000",35.211416,-106.612833,"cest.botsp","0"
"4888","MSB:Fish:12010",1992,9,28,"MSB 12010-1","JAR11057F","KL","KL","07-28-2025","F",36,29,446,"control","control_1991-2000",35.211416,-106.612833,"cest.botsp","0"
"4889","MSB:Fish:12010",1992,9,28,"MSB 12010-5","JAR11045F","KL","KL","07-28-2025","F",25,20,156,"control","control_1991-2000",35.211416,-106.612833,"cest.botsp","0"
"4890","MSB:Fish:12010",1992,9,28,"MSB 12010-4","JAR11044F","KL","KL","07-28-2025","F",28,21,210,"control","control_1991-2000",35.211416,-106.612833,"cest.botsp","0"
"4891","MSB:Fish:12531",1992,11,13,"MSB 12531-1","JAR11267F","EO","GC","07-11-2025",NA,46,38,1030,"control","control_1991-2000",35.380486,-106.502059,"cest.botsp","0"
"4892","MSB:Fish:12531",1992,11,13,"MSB 12531-4","JAR11265F","EO","KL","07-11-2025",NA,31,25,317,"control","control_1991-2000",35.380486,-106.502059,"cest.botsp","0"
"4893","MSB:Fish:12531",1992,11,13,"MSB 12531-5","JAR11266F","EO","BP","07-11-2025","F",48,40,1190,"control","control_1991-2000",35.380486,-106.502059,"cest.botsp","0"
"4894","MSB:Fish:12531",1992,11,13,"MSB 12531-2","JAR11263F","EO","KL","07-11-2025",NA,34,27,414,"control","control_1991-2000",35.380486,-106.502059,"cest.botsp","0"
"4895","MSB:Fish:12531",1992,11,13,"MSB 12531-3","JAR11264F","EO","KL","07-11-2025","F",35,28,445,"control","control_1991-2000",35.380486,-106.502059,"cest.botsp","0"
"4896","MSB:Fish:14485",1993,7,13,"MSB 14485-1","JAR11128F","EO","GC","07-17-2025",NA,41,34,760,"impact","impact_1991-2000",34.929964,-106.681431,"cest.botsp","0"
"4897","MSB:Fish:14485",1993,7,13,"MSB 14485-5","JAR11127F","JG","JG","07-17-2025",NA,24,20,116,"impact","impact_1991-2000",34.929964,-106.681431,"cest.botsp","0"
"4898","MSB:Fish:14485",1993,7,13,"MSB 14485-4","JAR11129F","EO","GC","07-17-2025","F",30,23,247,"impact","impact_1991-2000",34.929964,-106.681431,"cest.botsp","0"
"4899","MSB:Fish:14485",1993,7,13,"MSB 14485-3","JAR11557F","EO","KL","07-17-2025","F",37,29,520,"impact","impact_1991-2000",34.929964,-106.681431,"cest.botsp","0"
"4900","MSB:Fish:14485",1993,7,13,"MSB 14485-2","JAR11130F","JG","GC","07-17-2025","F",43,35,751,"impact","impact_1991-2000",34.929964,-106.681431,"cest.botsp","0"
"4901","MSB:Fish:18799",1993,8,12,"MSB 18799-5","JAR11578F","BP","KL","07-17-2025","F",30,23,274,"control","control_1991-2000",35.280904,-106.597587,"cest.botsp","0"
"4902","MSB:Fish:18799",1993,8,12,"MSB 18799-2","JAR11582F","BP","KL","07-17-2025","F",31,25,375,"control","control_1991-2000",35.280904,-106.597587,"cest.botsp","0"
"4903","MSB:Fish:18799",1993,8,12,"MSB 18799-4","JAR11579F","BP","GC","07-17-2025","F",32,26,344,"control","control_1991-2000",35.280904,-106.597587,"cest.botsp","0"
"4904","MSB:Fish:18799",1993,8,12,"MSB 18799-3","JAR11580","BP","EO","07-17-2025","F",36,28,509,"control","control_1991-2000",35.280904,-106.597587,"cest.botsp","0"
"4905","MSB:Fish:18799",1993,8,12,"MSB 18799-1","JAR11581F","BP","KL","07-17-2025","M",29,23,249,"control","control_1991-2000",35.280904,-106.597587,"cest.botsp","0"
"4906","MSB:Fish:19155",1993,8,4,"MSB 19155-1","JAR11020F","KL","KL","07-23-2025","F",38,30,585,"impact","impact_1991-2000",35.017503,-106.672569,"cest.botsp","0"
"4907","MSB:Fish:19155",1993,8,4,"MSB 19155-2","JAR11021F","KL","KL","07-23-2025","F",34,28,495,"impact","impact_1991-2000",35.017503,-106.672569,"cest.botsp","0"
"4908","MSB:Fish:19155",1993,8,4,"MSB 19155-3","JAR11022F","KL","KL","07-23-2025","F",31,26,355,"impact","impact_1991-2000",35.017503,-106.672569,"cest.botsp","0"
"4909","MSB:Fish:19155",1993,8,4,"MSB 19155-5","JAR11012F","KL","KL","07-23-2025","F",38,32,697,"impact","impact_1991-2000",35.017503,-106.672569,"cest.botsp","0"
"4910","MSB:Fish:19155",1993,8,4,"MSB 19155-4","JAR11027F","KL","KL","07-23-2025","F",34,28,NA,"impact","impact_1991-2000",35.017503,-106.672569,"cest.botsp","0"
"4911","MSB:Fish:19170",1993,8,4,"MSB 19170-3","JAR8800F","BP","BP GC","07-07-2025","F",34,26,421,"impact","impact_1991-2000",35.008358,-106.678909,"cest.botsp","0"
"4912","MSB:Fish:19170",1993,8,4,"MSB 19170-5","JAR8798F","EO","JG","07-07-2025","F",32,25,353,"impact","impact_1991-2000",35.008358,-106.678909,"cest.botsp","0"
"4913","MSB:Fish:19170",1993,8,4,"MSB 19170-1","JAR8802F","BP","GC","07-07-2025","F",31,24,355,"impact","impact_1991-2000",35.008358,-106.678909,"cest.botsp","0"
"4914","MSB:Fish:19170",1993,8,4,"MSB 19170-4","JAR8799F","EO","BP","07-07-2025","F",34,27,460,"impact","impact_1991-2000",35.008358,-106.678909,"cest.botsp","0"
"4915","MSB:Fish:19170",1993,8,4,"MSB 19170-2","JAR8801F","EO","BP KL","07-07-2025",NA,35,27,481,"impact","impact_1991-2000",35.008358,-106.678909,"cest.botsp","0"
"4916","MSB:Fish:2795",1969,4,2,"MSB 2795-4","JAR8920F","BP","KL","07-09-2025","F",29,24,236,"control","control_1961-1970",35.253452,-106.592892,"cest.botsp","0"
"4917","MSB:Fish:2795",1969,4,2,"MSB 2795-5","JAR8919F","BP","JG","07-09-2025",NA,25,19,105,"control","control_1961-1970",35.253452,-106.592892,"cest.botsp","0"
"4918","MSB:Fish:2795",1969,4,2,"MSB 2795-2","JAR8925F","BP","GC","07-09-2025",NA,31,24,325,"control","control_1961-1970",35.253452,-106.592892,"cest.botsp","0"
"4919","MSB:Fish:2795",1969,4,2,"MSB 2795-1","JAR8932F","BP","JG","07-09-2025",NA,45,35,820,"control","control_1961-1970",35.253452,-106.592892,"cest.botsp","0"
"4920","MSB:Fish:2795",1969,4,2,"MSB 2795-3","JAR8921F","BP","GC","07-09-2025",NA,46,37,885,"control","control_1961-1970",35.253452,-106.592892,"cest.botsp","0"
"4921","MSB:Fish:280",1949,10,28,"MSB 280-3","JAR8830F","BP","EO","07-08-2025","F",28,20,184,"impact","impact_1941-1950",35.155761,-106.655157,"cest.botsp","0"
"4922","MSB:Fish:280",1949,10,28,"MSB 280-4","JAR8828F","JG","JG","07-08-2025",NA,43,35,824,"impact","impact_1941-1950",35.155761,-106.655157,"cest.botsp","0"
"4923","MSB:Fish:280",1949,10,28,"MSB 280-1","JAR8833F","BP","BP","07-08-2025",NA,33,26,379,"impact","impact_1941-1950",35.155761,-106.655157,"cest.botsp","0"
"4924","MSB:Fish:280",1949,10,28,"MSB 280-5","JAR8826F","JG","JG","07-08-2025",NA,28,23,238,"impact","impact_1941-1950",35.155761,-106.655157,"cest.botsp","0"
"4925","MSB:Fish:280",1949,10,28,"MSB 280-2","JAR8831F","JG","KL","07-08-2025","F",42,33,733,"impact","impact_1941-1950",35.155761,-106.655157,"cest.botsp","0"
"4926","MSB:Fish:285",1961,2,17,"MSB 285-3","JAR11528F","EO","KL","07-15-2025","F",42,34,741,"impact","impact_1961-1970",35.051774,-106.671997,"cest.botsp","0"
"4927","MSB:Fish:285",1961,2,17,"MSB 285-2","JAR11525F","BP","GC","07-15-2025",NA,32,25,318,"impact","impact_1961-1970",35.051774,-106.671997,"cest.botsp","0"
"4928","MSB:Fish:285",1961,2,17,"MSB 285-1","JAR11517F","EO","KL","07-15-2025","F",46,37,1064,"impact","impact_1961-1970",35.051774,-106.671997,"cest.botsp","0"
"4929","MSB:Fish:285",1961,2,17,"MSB 285-4","JAR11530F","BP","KL","07-15-2025","F",34,26,419,"impact","impact_1961-1970",35.051774,-106.671997,"cest.botsp","0"
"4930","MSB:Fish:285",1961,2,17,"MSB 285-5","JAR11520F","EO","EO","07-15-2025","F",29,23,224,"impact","impact_1961-1970",35.051774,-106.671997,"cest.botsp","0"
"4931","MSB:Fish:288",1949,12,3,"MSB 288-1","JAR11272F","BP","GC","07-11-2025","F",41,32,695,"impact","impact_1941-1950",35.068939,-106.663683,"cest.botsp","0"
"4932","MSB:Fish:288",1949,12,3,"MSB 288-4","JAR11269F","BP","BP","07-11-2025",NA,28,22,247,"impact","impact_1941-1950",35.068939,-106.663683,"cest.botsp","0"
"4933","MSB:Fish:288",1949,12,3,"MSB 288-5","JAR11268F","EO","EO","07-11-2025","F",35,28,413,"impact","impact_1941-1950",35.068939,-106.663683,"cest.botsp","0"
"4934","MSB:Fish:288",1949,12,3,"MSB 288-3","JAR11270F","EO","KL","07-11-2025","F",49,40,1240,"impact","impact_1941-1950",35.068939,-106.663683,"cest.botsp","0"
"4935","MSB:Fish:288",1949,12,3,"MSB 288-2","JAR11271F","BP","BP","07-11-2025",NA,30,27,461,"impact","impact_1941-1950",35.068939,-106.663683,"cest.botsp","0"
"4936","MSB:Fish:292",1961,2,12,"MSB 292-3","JAR11553F","JG","KL","07-16-2025","M",25,21,138,"control","control_1961-1970",35.408152,-106.470544,"cest.botsp","0"
"4937","MSB:Fish:292",1961,2,12,"MSB 292-1","JAR11556F","BP","KL","07-16-2025","M",31,24,273,"control","control_1961-1970",35.408152,-106.470544,"cest.botsp","0"
"4938","MSB:Fish:292",1961,2,12,"MSB 292-5","JAR11547F","JG","JG","07-16-2025",NA,25,21,167,"control","control_1961-1970",35.408152,-106.470544,"cest.botsp","0"
"4939","MSB:Fish:292",1961,2,12,"MSB 292-4","JAR11550F","BP","KL","07-16-2025","F",33,25,342,"control","control_1961-1970",35.408152,-106.470544,"cest.botsp","0"
"4940","MSB:Fish:292",1961,2,12,"MSB 292-2","JAR11534F","JG","JG","07-16-2025",NA,25,20,132,"control","control_1961-1970",35.408152,-106.470544,"cest.botsp","0"
"4941","MSB:Fish:305",1949,7,21,"MSB 305-2","JAR8913F","BP","GC","07-09-2025",NA,41,32,810,"impact","impact_1941-1950",35.204443,-106.610046,"cest.botsp","0"
"4942","MSB:Fish:305",1949,7,21,"MSB 305-3","JAR8915F","BP","KL","07-09-2025","F",39,31,840,"impact","impact_1941-1950",35.204443,-106.610046,"cest.botsp","0"
"4943","MSB:Fish:305",1949,7,21,"MSB 305-1","JAR8911F","BP","JG","07-09-2025","F",38,30,653,"impact","impact_1941-1950",35.204443,-106.610046,"cest.botsp","0"
"4944","MSB:Fish:305",1949,7,21,"MSB 305-5","JAR8918F","BP","KL","07-09-2025",NA,41,34,848,"impact","impact_1941-1950",35.204443,-106.610046,"cest.botsp","0"
"4945","MSB:Fish:305",1949,7,21,"MSB 305-4","JAR8917F","BP","EO","07-09-2025","F",26,21,146,"impact","impact_1941-1950",35.204443,-106.610046,"cest.botsp","0"
"4946","MSB:Fish:307",1959,2,24,"MSB 307-1","JAR8797F","BP","GC","07-07-2025","F",30,24,257,"impact","impact_1951-1960",34.987044,-106.690293,"cest.botsp","0"
"4947","MSB:Fish:307",1959,2,24,"MSB 307-2","JAR8796F","JG","KL","07-07-2025","F",31,23,295,"impact","impact_1951-1960",34.987044,-106.690293,"cest.botsp","0"
"4948","MSB:Fish:307",1959,2,24,"MSB 307-5","JAR8793F","JG","GC","07-07-2025",NA,33,24,304,"impact","impact_1951-1960",34.987044,-106.690293,"cest.botsp","0"
"4949","MSB:Fish:307",1959,2,24,"MSB 307-4","JAR8794F","BP","KL","07-07-2025","F",31,26,296,"impact","impact_1951-1960",34.987044,-106.690293,"cest.botsp","0"
"4950","MSB:Fish:307",1959,2,24,"MSB 307-3","JAR8795F","BP","KL","07-07-2025",NA,31,25,277,"impact","impact_1951-1960",34.987044,-106.690293,"cest.botsp","0"
"4951","MSB:Fish:30771",1996,10,30,"MSB 30771-3","JAR11025F","KL","KL","07-28-2025",NA,39,32,613,"control","control_1991-2000",35.38033333,-106.4990556,"cest.botsp","0"
"4952","MSB:Fish:30771",1996,10,30,"MSB 30771-2","JAR11024F","KL","KL","07-28-2025",NA,34,27,361,"control","control_1991-2000",35.38033333,-106.4990556,"cest.botsp","0"
"4953","MSB:Fish:30771",1996,10,30,"MSB 30771-1","JAR11030F","KL","KL","07-28-2025",NA,27,21,182,"control","control_1991-2000",35.38033333,-106.4990556,"cest.botsp","0"
"4954","MSB:Fish:30771",1996,10,30,"MSB 30771-5","JAR11033F","KL","KL","07-28-2025","M",30,23,241,"control","control_1991-2000",35.38033333,-106.4990556,"cest.botsp","0"
"4955","MSB:Fish:30771",1996,10,30,"MSB 30771-4","JAR11028F","KL","KL","07-28-2025",NA,26,20,165,"control","control_1991-2000",35.38033333,-106.4990556,"cest.botsp","0"
"4956","MSB:Fish:315",1949,7,28,"MSB 315-3","JAR11521F","JG","KL","07-15-2025",NA,33,27,445,"impact","impact_1941-1950",35.188761,-106.64706,"cest.botsp","0"
"4957","MSB:Fish:315",1949,7,28,"MSB 315-2","JAR11524F","BP","KL","07-15-2025","F",38,30,666,"impact","impact_1941-1950",35.188761,-106.64706,"cest.botsp","0"
"4958","MSB:Fish:315",1949,7,28,"MSB 315-4","JAR11527F","BP","KL","07-15-2025","F",31,24,301,"impact","impact_1941-1950",35.188761,-106.64706,"cest.botsp","0"
"4959","MSB:Fish:315",1949,7,28,"MSB 315-1","JAR11522F","JG","BP","07-15-2025",NA,38,31,711,"impact","impact_1941-1950",35.188761,-106.64706,"cest.botsp","0"
"4960","MSB:Fish:315",1949,7,28,"MSB 315-5","JAR11544F","JG","EO","07-15-2025","F",35,28,417,"impact","impact_1941-1950",35.188761,-106.64706,"cest.botsp","0"
"4961","MSB:Fish:324",1950,10,18,"MSB 324-2","JAR11336F","BP","KL","07-10-2025","F",45,36,1097,"control","control_1941-1950",35.229809,-106.616288,"cest.botsp","0"
"4962","MSB:Fish:324",1950,10,18,"MSB 324-1","JAR11335F","JG","KL","07-10-2025","F",39,33,691,"control","control_1941-1950",35.229809,-106.616288,"cest.botsp","0"
"4963","MSB:Fish:324",1950,10,18,"MSB 324-5","JAR11339F","BP","KL","07-10-2025","F",39,31,754,"control","control_1941-1950",35.229809,-106.616288,"cest.botsp","0"
"4964","MSB:Fish:324",1950,10,18,"MSB 324-4","JAR11338F","BP","GC","07-10-2025",NA,46,36,1172,"control","control_1941-1950",35.229809,-106.616288,"cest.botsp","0"
"4965","MSB:Fish:324",1950,10,18,"MSB 324-3","JAR11337F","BP","GC","07-10-2025",NA,49,39,1841,"control","control_1941-1950",35.229809,-106.616288,"cest.botsp","0"
"4966","MSB:Fish:326",1949,7,21,"MSB 326-5","JAR8924F","EO","JG","07-09-2025","F",38,32,628,"impact","impact_1941-1950",35.210652,-106.627124,"cest.botsp","0"
"4967","MSB:Fish:326",1949,7,21,"MSB 326-4","JAR8933F","EO","KL","07-09-2025","F",33,27,421,"impact","impact_1941-1950",35.210652,-106.627124,"cest.botsp","0"
"4968","MSB:Fish:326",1949,7,21,"MSB 326-3","JAR8931F","KL","KL","07-09-2025",NA,36,30,581,"impact","impact_1941-1950",35.210652,-106.627124,"cest.botsp","0"
"4969","MSB:Fish:326",1949,7,21,"MSB 326-2","JAR8926F","KL","GC","07-09-2025","F",34,28,560,"impact","impact_1941-1950",35.210652,-106.627124,"cest.botsp","0"
"4970","MSB:Fish:326",1949,7,21,"MSB 326-1","JAR8922F","KL","KL","07-09-2025","F",33,27,355,"impact","impact_1941-1950",35.210652,-106.627124,"cest.botsp","0"
"4971","MSB:Fish:327",1942,2,28,"MSB 327-1","JAR8840F","EO","GC","07-08-2025","F",45,36,927,"control","control_1941-1950",35.37417,-106.49278,"cest.botsp","0"
"4972","MSB:Fish:327",1942,2,28,"MSB 327-4","JAR8842F","EO","GC","07-08-2025",NA,32,25,257,"control","control_1941-1950",35.37417,-106.49278,"cest.botsp","0"
"4973","MSB:Fish:327",1942,2,28,"MSB 327-3","JAR8846F","BP","GC","07-08-2025","F",45,36,910,"control","control_1941-1950",35.37417,-106.49278,"cest.botsp","0"
"4974","MSB:Fish:327",1942,2,28,"MSB 327-2","JAR8903F","EO","JG","07-08-2025",NA,47,38,1118,"control","control_1941-1950",35.37417,-106.49278,"cest.botsp","0"
"4975","MSB:Fish:327",1942,2,28,"MSB 327-5","JAR8844F","BP","GC","07-08-2025","F",25,20,131,"control","control_1941-1950",35.37417,-106.49278,"cest.botsp","0"
"4976","MSB:Fish:330",1949,11,5,"MSB 330-1","JAR11350F","EO","JG","07-10-2025",NA,45,36,982,"control","control_1941-1950",35.211994,-106.631125,"cest.botsp","0"
"4977","MSB:Fish:330",1949,11,5,"MSB 330-3","JAR11356F","EO","GC","07-10-2025",NA,29,23,241,"control","control_1941-1950",35.211994,-106.631125,"cest.botsp","0"
"4978","MSB:Fish:330",1949,11,5,"MSB 330-4","JAR11353F","JG","BP","07-10-2025",NA,32,26,276,"control","control_1941-1950",35.211994,-106.631125,"cest.botsp","0"
"4979","MSB:Fish:330",1949,11,5,"MSB 330-5","JAR11369F","JG","EO","07-10-2025","F",26,22,195,"control","control_1941-1950",35.211994,-106.631125,"cest.botsp","0"
"4980","MSB:Fish:330",1949,11,5,"MSB 330-2","JAR11347F","JG","BP","07-10-2025",NA,34,28,374,"control","control_1941-1950",35.211994,-106.631125,"cest.botsp","0"
"4981","MSB:Fish:334",1952,5,3,"MSB 334-1","JAR11113F","BP","KL","07-16-2025",NA,33,26,309,"control","control_1951-1960",35.302146,-106.571551,"cest.botsp","0"
"4982","MSB:Fish:334",1952,5,3,"MSB 334-3","JAR11107F","BP","JG","07-16-2025",NA,30,24,217,"control","control_1951-1960",35.302146,-106.571551,"cest.botsp","0"
"4983","MSB:Fish:334",1952,5,3,"MSB 334-5","JAR11108F","BP","GC","07-16-2025",NA,27,22,179,"control","control_1951-1960",35.302146,-106.571551,"cest.botsp","0"
"4984","MSB:Fish:334",1952,5,3,"MSB 334-4","JAR11116F","BP","EO","07-16-2025","F",30,23,233,"control","control_1951-1960",35.302146,-106.571551,"cest.botsp","0"
"4985","MSB:Fish:334",1952,5,3,"MSB 334-2","JAR11110F","BP","EO","07-16-2025","F",31,25,293,"control","control_1951-1960",35.302146,-106.571551,"cest.botsp","0"
"4986","MSB:Fish:3391",1965,5,18,"MSB 3391-1","JAR11370F","EO","KL","07-10-2025","F",41,35,794,"control","control_1961-1970",35.383813,-106.481,"cest.botsp","0"
"4987","MSB:Fish:3391",1965,5,18,"MSB 3391-2","JAR11366F","EO","GC","07-10-2025","M",28,23,188,"control","control_1961-1970",35.383813,-106.481,"cest.botsp","0"
"4988","MSB:Fish:3391",1965,5,18,"MSB 3391-5","JAR11367F","EO","JG","07-10-2025","F",35,28,522,"control","control_1961-1970",35.383813,-106.481,"cest.botsp","0"
"4989","MSB:Fish:3391",1965,5,18,"MSB 3391-4","JAR11364F","EO","KL","07-10-2025",NA,33,27,348,"control","control_1961-1970",35.383813,-106.481,"cest.botsp","0"
"4990","MSB:Fish:3391",1965,5,18,"MSB 3391-3","JAR11363F","EO","EO","07-10-2025","F",31,26,296,"control","control_1961-1970",35.383813,-106.481,"cest.botsp","0"
"4991","MSB:Fish:3421",1972,6,19,"MSB 3421-1","JAR11296F","EO","KL","07-14-2025","F",36,29,612,"control","control_1971-1980",35.249718,-106.603396,"cest.botsp","0"
"4992","MSB:Fish:3421",1972,6,19,"MSB 3421-4","JAR11294F","EO","KL","07-14-2025","F",40,33,736,"control","control_1971-1980",35.249718,-106.603396,"cest.botsp","0"
"4993","MSB:Fish:3421",1972,6,19,"MSB 3421-2","JAR11288F","EO","KL","07-14-2025","F",46,37,1270,"control","control_1971-1980",35.249718,-106.603396,"cest.botsp","0"
"4994","MSB:Fish:3421",1972,6,19,"MSB 3421-5","JAR11293F","EO","KL","07-14-2025","F",44,36,1076,"control","control_1971-1980",35.249718,-106.603396,"cest.botsp","0"
"4995","MSB:Fish:3421",1972,6,19,"MSB 3421-3","JAR11291F","EO","KL","07-14-2025","F",42,35,996,"control","control_1971-1980",35.249718,-106.603396,"cest.botsp","0"
"4996","MSB:Fish:365",1947,9,27,"MSB 365-1","JAR11529F","JG","JG","07-15-2025",NA,39,33,608,"control","control_1941-1950",35.321576,-106.555389,"cest.botsp","0"
"4997","MSB:Fish:365",1947,9,27,"MSB 365-5","JAR11531F","JG","JG","07-15-2025",NA,32,25,251,"control","control_1941-1950",35.321576,-106.555389,"cest.botsp","0"
"4998","MSB:Fish:365",1947,9,27,"MSB 365-2","JAR11532F","BP","KL","07-15-2025","F",38,29,390,"control","control_1941-1950",35.321576,-106.555389,"cest.botsp","0"
"4999","MSB:Fish:365",1947,9,27,"MSB 365-3","JAR11526F","JG","KL","07-15-2025","F",37,29,507,"control","control_1941-1950",35.321576,-106.555389,"cest.botsp","0"
"5000","MSB:Fish:365",1947,9,27,"MSB 365-4","JAR11523F","BP","KL","07-15-2025",NA,38,30,356,"control","control_1941-1950",35.321576,-106.555389,"cest.botsp","0"
"5001","MSB:Fish:38942",1997,7,5,"MSB 38942-5","JAR11115F","EO","GC","07-17-2025","F",41,32,883,"control","control_1991-2000",35.28302778,-106.5981389,"cest.botsp","0"
"5002","MSB:Fish:38942",1997,7,5,"MSB 38942-1","JAR11120F","EO","GC","07-17-2025","F",50,42,2039,"control","control_1991-2000",35.28302778,-106.5981389,"cest.botsp","0"
"5003","MSB:Fish:38942",1997,7,5,"MSB 38942-2","JAR11119F","EO","KL","07-17-2025","F",47,39,1803,"control","control_1991-2000",35.28302778,-106.5981389,"cest.botsp","0"
"5004","MSB:Fish:38942",1997,7,5,"MSB 38942-3","JAR11121F","EO","KL","07-17-2025","F",45,38,1685,"control","control_1991-2000",35.28302778,-106.5981389,"cest.botsp","0"
"5005","MSB:Fish:38942",1997,7,5,"MSB 38942-4","JAR11118F","EO","KL","07-17-2025","F",46,38,1451,"control","control_1991-2000",35.28302778,-106.5981389,"cest.botsp","2"
"5006","MSB:Fish:39100",1997,10,15,"MSB 39100-1","JAR11577F","BP","JG","07-17-2025",NA,34,26,374,"control","control_1991-2000",35.322164,-106.557448,"cest.botsp","0"
"5007","MSB:Fish:39100",1997,10,15,"MSB 39100-2","JAR11573F","BP","EO","07-17-2025","F",38,28,500,"control","control_1991-2000",35.322164,-106.557448,"cest.botsp","0"
"5008","MSB:Fish:39100",1997,10,15,"MSB 39100-4","JAR11575F","BP","GC","07-17-2025","F",34,26,403,"control","control_1991-2000",35.322164,-106.557448,"cest.botsp","0"
"5009","MSB:Fish:39100",1997,10,15,"MSB 39100-5","JAR11576F","BP","GC","07-17-2025","F",25,19,144,"control","control_1991-2000",35.322164,-106.557448,"cest.botsp","0"
"5010","MSB:Fish:39100",1997,10,15,"MSB 39100-3","JAR11574F","BP","KL","07-17-2025","M",25,20,167,"control","control_1991-2000",35.322164,-106.557448,"cest.botsp","0"
"5011","MSB:Fish:3993",1977,9,28,"MSB 3993-4","JAR11626F","BP","GC","07-21-2025","F",29,23,333,"impact","impact_1971-1980",35.136341,-106.685742,"cest.botsp","0"
"5012","MSB:Fish:3993",1977,9,28,"MSB 3993-1","JAR11623F","JG","GC","07-21-2025",NA,25,20,170,"impact","impact_1971-1980",35.136341,-106.685742,"cest.botsp","0"
"5013","MSB:Fish:3993",1977,9,28,"MSB 3993-2","JAR11621F","BP","GC","07-21-2025","F",26,20,224,"impact","impact_1971-1980",35.136341,-106.685742,"cest.botsp","0"
"5014","MSB:Fish:3993",1977,9,28,"MSB 3993-3","JAR11618F","JG","BP","07-21-2025","M",28,21,181,"impact","impact_1971-1980",35.136341,-106.685742,"cest.botsp","0"
"5015","MSB:Fish:3993",1977,9,28,"MSB 3993-5","JAR11620F","JG","BP","07-21-2025","M",27,21,186,"impact","impact_1971-1980",35.136341,-106.685742,"cest.botsp","0"
"5016","MSB:Fish:4012",1977,9,28,"MSB 4012-5","JAR11616F","JG","JG","07-21-2025",NA,25,21,169,"impact","impact_1971-1980",35.134932,-106.690783,"cest.botsp","0"
"5017","MSB:Fish:4012",1977,9,28,"MSB 4012-1","JAR11607F","JG","EO","07-21-2025","F",32,25,365,"impact","impact_1971-1980",35.134932,-106.690783,"cest.botsp","0"
"5018","MSB:Fish:4012",1977,9,28,"MSB 4012-4","JAR11613F","BP","GC","07-21-2025","F",26,20,178,"impact","impact_1971-1980",35.134932,-106.690783,"cest.botsp","0"
"5019","MSB:Fish:4012",1977,9,28,"MSB 4012-3","JAR11617F","JG","GC","07-21-2025","F",32,27,303,"impact","impact_1971-1980",35.134932,-106.690783,"cest.botsp","0"
"5020","MSB:Fish:4012",1977,9,28,"MSB 4012-2","JAR11610F","BP","GC","07-21-2025","F",31,24,316,"impact","impact_1971-1980",35.134932,-106.690783,"cest.botsp","0"
"5021","MSB:Fish:4056",1978,5,19,"MSB 4056-2","JAR11322F","EO","KL","07-14-2025","F",36,28,566,"control","control_1971-1980",35.253481,-106.591225,"cest.botsp","0"
"5022","MSB:Fish:4056",1978,5,19,"MSB 4056-3","JAR11318F","EO","JG","07-14-2025","F",37,28,549,"control","control_1971-1980",35.253481,-106.591225,"cest.botsp","0"
"5023","MSB:Fish:4056",1978,5,19,"MSB 4056-4","JAR11317F","EO","JG","07-14-2025","F",34,28,483,"control","control_1971-1980",35.253481,-106.591225,"cest.botsp","0"
"5024","MSB:Fish:4056",1978,5,19,"MSB 4056-1","JAR11319F","EO","GC","07-14-2025","F",37,30,644,"control","control_1971-1980",35.253481,-106.591225,"cest.botsp","0"
"5025","MSB:Fish:4056",1978,5,19,"MSB 4056-5","JAR11321F","EO","GC","07-14-2025","F",34,28,581,"control","control_1971-1980",35.253481,-106.591225,"cest.botsp","0"
"5026","MSB:Fish:4086",1978,9,29,"MSB 4086-3","JAR11342F","BP","JG","07-11-2025",NA,31,24,340,"control","control_1971-1980",35.380072,-106.499406,"cest.botsp","0"
"5027","MSB:Fish:4086",1978,9,29,"MSB 4086-5","JAR11340F","BP","GC","07-11-2025","M",29,23,261,"control","control_1971-1980",35.380072,-106.499406,"cest.botsp","0"
"5028","MSB:Fish:4086",1978,9,29,"MSB 4086-4","JAR11341F","BP","GC","07-11-2025","F",26,19,139,"control","control_1971-1980",35.380072,-106.499406,"cest.botsp","0"
"5029","MSB:Fish:4086",1978,9,29,"MSB 4086-2","JAR11344F","BP","EO","07-11-2025","F",40,30,701,"control","control_1971-1980",35.380072,-106.499406,"cest.botsp","0"
"5030","MSB:Fish:4086",1978,9,29,"MSB 4086-1","JAR11345F","BP","KL","07-11-2025","F",41,32,795,"control","control_1971-1980",35.380072,-106.499406,"cest.botsp","0"
"5031","MSB:Fish:4172",1977,5,10,"MSB 4172-2","JAR11329F","JG","GC","07-14-2025","F",33,29,347,"control","control_1971-1980",35.26637,-106.598674,"cest.botsp","0"
"5032","MSB:Fish:4172",1977,5,10,"MSB 4172-3","JAR11330F","BP","KL","07-14-2025","F",27,21,170,"control","control_1971-1980",35.26637,-106.598674,"cest.botsp","0"
"5033","MSB:Fish:4172",1977,5,10,"MSB 4172-4","JAR11327F","BP","GC","07-14-2025","M",27,21,150,"control","control_1971-1980",35.26637,-106.598674,"cest.botsp","0"
"5034","MSB:Fish:4172",1977,5,10,"MSB 4172-1","JAR11328F","BP","KL","07-14-2025",NA,29,24,252,"control","control_1971-1980",35.26637,-106.598674,"cest.botsp","0"
"5035","MSB:Fish:4172",1977,5,10,"MSB 4172-5","JAR11326F","JG","JG","07-14-2025",NA,27,21,137,"control","control_1971-1980",35.26637,-106.598674,"cest.botsp","0"
"5036","MSB:Fish:4176",1978,5,21,"MSB 4176-5","JAR8822F","JG","KL","07-08-2025","F",29,23,368,"control","control_1971-1980",35.253481,-106.591225,"cest.botsp","0"
"5037","MSB:Fish:4176",1978,5,21,"MSB 4176-1","JAR8821F","BP","JG","07-08-2025","F",38,31,741,"control","control_1971-1980",35.253481,-106.591225,"cest.botsp","0"
"5038","MSB:Fish:4176",1978,5,21,"MSB 4176-3","JAR8818F","JG","KL","07-08-2025","F",33,26,425,"control","control_1971-1980",35.253481,-106.591225,"cest.botsp","0"
"5039","MSB:Fish:4176",1978,5,21,"MSB 4176-2","JAR8816F","BP","EO","07-08-2025","F",39,31,798,"control","control_1971-1980",35.253481,-106.591225,"cest.botsp","0"
"5040","MSB:Fish:4176",1978,5,21,"MSB 4176-4","JAR8820F","BP","JG","07-08-2025","F",38,30,806,"control","control_1971-1980",35.253481,-106.591225,"cest.botsp","0"
"5041","MSB:Fish:43165",1999,4,21,"MSB 43165-3","JAR11124F","EO","KL","07-17-2025","F",35,27,471,"impact","impact_1991-2000",35.027111,-106.672944,"cest.botsp","0"
"5042","MSB:Fish:43165",1999,4,21,"MSB 43165-4","JAR11123F","EO","JG GC","07-17-2025","F",38,30,636,"impact","impact_1991-2000",35.027111,-106.672944,"cest.botsp","0"
"5043","MSB:Fish:43165",1999,4,21,"MSB 43165-2","JAR11125F","EO","EO","07-17-2025","F",38,30,668,"impact","impact_1991-2000",35.027111,-106.672944,"cest.botsp",NA
"5044","MSB:Fish:43165",1999,4,21,"MSB 43165-1","JAR11126F","EO","GC","07-17-2025","F",33,27,464,"impact","impact_1991-2000",35.027111,-106.672944,"cest.botsp","0"
"5045","MSB:Fish:43165",1999,4,21,"MSB 43165-5","JAR11122F","EO","KL","07-17-2025","F",40,32,732,"impact","impact_1991-2000",35.027111,-106.672944,"cest.botsp","5"
"5046","MSB:Fish:43242",1999,7,14,"MSB 43242-5","JAR11026F","KL","KL","07-28-2025",NA,41,33,899,"control","control_1991-2000",35.28302778,-106.5981389,"cest.botsp","0"
"5047","MSB:Fish:43242",1999,7,14,"MSB 43242-4","JAR11034F","KL","KL","07-28-2025","F",32,25,344,"control","control_1991-2000",35.28302778,-106.5981389,"cest.botsp","0"
"5048","MSB:Fish:43242",1999,7,14,"MSB 43242-3","JAR11029F","KL","KL","07-28-2025","F",32,25,338,"control","control_1991-2000",35.28302778,-106.5981389,"cest.botsp","0"
"5049","MSB:Fish:43242",1999,7,14,"MSB 43242-2","JAR11032F","KL","KL","07-28-2025",NA,32,26,416,"control","control_1991-2000",35.28302778,-106.5981389,"cest.botsp","0"
"5050","MSB:Fish:43242",1999,7,14,"MSB 43242-1","JAR11031F","KL","KL","07-28-2025",NA,29,22,249,"control","control_1991-2000",35.28302778,-106.5981389,"cest.botsp","0"
"5051","MSB:Fish:43251",1999,7,15,"MSB 43251-2","JAR11011F","KL","KL","07-23-2025","F",37,29,616,"impact","impact_1991-2000",35.089293,-106.680842,"cest.botsp","0"
"5052","MSB:Fish:43251",1999,7,15,"MSB 43251-1","JAR11014F","KL","KL","07-23-2025",NA,32,26,384,"impact","impact_1991-2000",35.089293,-106.680842,"cest.botsp","0"
"5053","MSB:Fish:43251",1999,7,15,"MSB 43251-4","JAR11018F","KL","KL","07-23-2025","F",32,25,392,"impact","impact_1991-2000",35.089293,-106.680842,"cest.botsp","0"
"5054","MSB:Fish:43251",1999,7,15,"MSB 43251-5","JAR11019F","KL","KL","07-23-2025","F",34,27,NA,"impact","impact_1991-2000",35.089293,-106.680842,"cest.botsp","0"
"5055","MSB:Fish:43251",1999,7,15,"MSB 43251-3","JAR11017F","KL","KL","07-23-2025","F",33,27,379,"impact","impact_1991-2000",35.089293,-106.680842,"cest.botsp","0"
"5056","MSB:Fish:43370",1999,8,25,"MSB 43370-2","JAR11035F","KL","KL","07-28-2025",NA,28,22,215,"control","control_1991-2000",35.28302778,-106.5981389,"cest.botsp","0"
"5057","MSB:Fish:43370",1999,8,25,"MSB 43370-3","JAR11036F","KL","KL","07-28-2025",NA,36,29,480,"control","control_1991-2000",35.28302778,-106.5981389,"cest.botsp","0"
"5058","MSB:Fish:43370",1999,8,25,"MSB 43370-1","JAR11041F","KL","KL","07-28-2025",NA,38,30,NA,"control","control_1991-2000",35.28302778,-106.5981389,"cest.botsp","0"
"5059","MSB:Fish:43370",1999,8,25,"MSB 43370-5","JAR11043F","KL","KL","07-28-2025","M",30,24,225,"control","control_1991-2000",35.28302778,-106.5981389,"cest.botsp","0"
"5060","MSB:Fish:43370",1999,8,25,"MSB 43370-4","JAR11042F","KL","KL","07-28-2025",NA,26,20,154,"control","control_1991-2000",35.28302778,-106.5981389,"cest.botsp","0"
"5061","MSB:Fish:4353",1978,9,8,"MSB 4353-1","JAR11097F","JG","GC","07-16-2025","F",35,29,601,"control","control_1971-1980",35.222784,-106.601974,"cest.botsp","0"
"5062","MSB:Fish:4353",1978,9,8,"MSB 4353-4","JAR11106F","BP","BP","07-16-2025",NA,25,19,157,"control","control_1971-1980",35.222784,-106.601974,"cest.botsp","0"
"5063","MSB:Fish:4353",1978,9,8,"MSB 4353-2","JAR11100F","JG","GC","07-16-2025","M",29,24,212,"control","control_1971-1980",35.222784,-106.601974,"cest.botsp","0"
"5064","MSB:Fish:4353",1978,9,8,"MSB 4353-5","JAR11105F","BP","KL","07-16-2025",NA,25,20,NA,"control","control_1971-1980",35.222784,-106.601974,"cest.botsp","0"
"5065","MSB:Fish:4353",1978,9,8,"MSB 4353-3","JAR11103F","JG","GC","07-16-2025","M",27,22,151,"control","control_1971-1980",35.222784,-106.601974,"cest.botsp","0"
"5066","MSB:Fish:4378",1978,9,23,"MSB 4378-3","JAR11554F","JG","KL","07-16-2025","F",38,32,556,"impact","impact_1971-1980",34.905272,-106.685564,"cest.botsp","0"
"5067","MSB:Fish:4378",1978,9,23,"MSB 4378-5","JAR11545F","BP","GC","07-16-2025","F",36,28,469,"impact","impact_1971-1980",34.905272,-106.685564,"cest.botsp","0"
"5068","MSB:Fish:4378",1978,9,23,"MSB 4378-3","JAR11546F","BP","KL","07-16-2025","F",42,32,738,"impact","impact_1971-1980",34.905272,-106.685564,"cest.botsp","0"
"5069","MSB:Fish:4378",1978,9,23,"MSB 4378-2","JAR11551F","BP","JG","07-16-2025","F",38,30,633,"impact","impact_1971-1980",34.905272,-106.685564,"cest.botsp","0"
"5070","MSB:Fish:4378",1978,9,23,"MSB 4378-1","JAR11548F","BP","KL","07-16-2025","F",37,28,634,"impact","impact_1971-1980",34.905272,-106.685564,"cest.botsp","0"
"5071","MSB:Fish:438",1978,NA,5,"MSB 4389-1","JAR11516F","JG","GC","07-15-2025",NA,38,31,575,NA,NA,NA,NA,"cest.botsp","0"
"5072","MSB:Fish:4385",1978,9,6,"MSB 4385-2","JAR8843F","EO","KL","07-08-2025",NA,30,26,273,"impact","impact_1971-1980",34.905272,-106.685564,"cest.botsp","0"
"5073","MSB:Fish:4385",1978,9,6,"MSB 4385-5","JAR8838F","EO","JG","07-08-2025","F",27,22,197,"impact","impact_1971-1980",34.905272,-106.685564,"cest.botsp","0"
"5074","MSB:Fish:4385",1978,9,6,"MSB 4385-3","JAR8845F","KL","KL","07-08-2025","F",27,23,204,"impact","impact_1971-1980",34.905272,-106.685564,"cest.botsp","0"
"5075","MSB:Fish:4385",1978,9,6,"MSB 4385-4","JAR8839","KL","GC","07-08-2025","F",26,22,222,"impact","impact_1971-1980",34.905272,-106.685564,"cest.botsp","0"
"5076","MSB:Fish:4385",1978,9,6,"MSB 4385-1","JAR8841F","KL","KL","07-08-2025","F",25,21,161,"impact","impact_1971-1980",34.905272,-106.685564,"cest.botsp","0"
"5077","MSB:Fish:4389",1978,9,5,"MSB 4389-2","JAR11519F","JG","GC","07-15-2025","F",34,28,507,"impact","impact_1971-1980",35.092867,-106.682332,"cest.botsp","0"
"5078","MSB:Fish:4389",1978,9,5,"MSB 4389-4","JAR11514F","JG","GC","07-15-2025",NA,40,33,716,"impact","impact_1971-1980",35.092867,-106.682332,"cest.botsp","0"
"5079","MSB:Fish:4389",1978,9,5,"MSB 4389-3","JAR11511F","JG","GC","07-15-2025","M",34,29,461,"impact","impact_1971-1980",35.092867,-106.682332,"cest.botsp","0"
"5080","MSB:Fish:4389",1978,9,5,"MSB 4389-5","JAR11513F","JG","GC","07-15-2025",NA,38,32,654,"impact","impact_1971-1980",35.092867,-106.682332,"cest.botsp","0"
"5081","MSB:Fish:4418",1978,8,3,"MSB 4418-1","JAR11292F","BP","GC","07-14-2025","F",43,34,1443,"impact","impact_1971-1980",34.905272,-106.685564,"cest.botsp","0"
"5082","MSB:Fish:4418",1978,8,3,"MSB 4418-2","JAR11289F","BP","KL","07-14-2025","F",38,30,662,"impact","impact_1971-1980",34.905272,-106.685564,"cest.botsp","0"
"5083","MSB:Fish:4418",1978,8,3,"MSB 4418-5","JAR11297F","EO","KL","07-14-2025","F",40,33,985,"impact","impact_1971-1980",34.905272,-106.685564,"cest.botsp","0"
"5084","MSB:Fish:4418",1978,8,3,"MSB 4418-4","JAR11298F","EO","KL","07-14-2025","F",37,30,678,"impact","impact_1971-1980",34.905272,-106.685564,"cest.botsp","0"
"5085","MSB:Fish:4418",1978,8,3,"MSB 4418-3","JAR11295F","BP","KL","07-14-2025","F",40,31,805,"impact","impact_1971-1980",34.905272,-106.685564,"cest.botsp","0"
"5086","MSB:Fish:4440",1978,9,5,"MSB 4440-2","JAR11555F","BJG","JG","07-16-2025",NA,28,22,223,"impact","impact_1971-1980",35.090702,-106.684514,"cest.botsp","0"
"5087","MSB:Fish:4440",1978,9,5,"MSB 4440-1","JAR11552F","BP","JG","07-16-2025",NA,25,20,138,"impact","impact_1971-1980",35.090702,-106.684514,"cest.botsp","0"
"5088","MSB:Fish:4440",1978,9,5,"MSB 4440-4","JAR11098F","JG","KL","07-16-2025","M",25,21,144,"impact","impact_1971-1980",35.090702,-106.684514,"cest.botsp","0"
"5089","MSB:Fish:4440",1978,9,5,"MSB 4440-3","JAR11095F","BP","GC","07-16-2025","M",27,20,205,"impact","impact_1971-1980",35.090702,-106.684514,"cest.botsp","0"
"5090","MSB:Fish:4440",1978,9,5,"MSB 4440-5","JAR11549F","BP","GC","07-16-2025","M",26,20,151,"impact","impact_1971-1980",35.090702,-106.684514,"cest.botsp","0"
"5091","MSB:Fish:4453",1978,9,5,"MSB 4453-5","JAR8940F","EO","GC","07-10-2025","M",27,22,167,"impact","impact_1971-1980",35.10562,-106.681074,"cest.botsp","0"
"5092","MSB:Fish:4453",1978,9,5,"MSB 4453-1","JAR11359F","EO","KL","07-10-2025","F",36,30,577,"impact","impact_1971-1980",35.10562,-106.681074,"cest.botsp","0"
"5093","MSB:Fish:4453",1978,9,5,"MSB 4453-3","JAR8938F","EO","KL","07-10-2025","M",28,22,149,"impact","impact_1971-1980",35.10562,-106.681074,"cest.botsp","0"
"5094","MSB:Fish:4453",1978,9,5,"MSB 4453-2","JAR8936F","EO ","GC","07-10-2025","F",39,31,742,"impact","impact_1971-1980",35.10562,-106.681074,"cest.botsp","0"
"5095","MSB:Fish:4453",1978,9,5,"MSB 4453-4","JAR8942F","EO","JG","07-10-2025",NA,26,22,143,"impact","impact_1971-1980",35.10562,-106.681074,"cest.botsp","0"
"5096","MSB:Fish:4462",1978,6,14,"MSB 4462-1","JAR11541F","BP","BP","07-15-2025",NA,27,22,205,"control","control_1971-1980",35.322164,-106.557448,"cest.botsp","0"
"5097","MSB:Fish:4462",1978,6,14,"MSB 4462-2","JAR11540F","BP","EO","07-15-2025","F",36,27,517,"control","control_1971-1980",35.322164,-106.557448,"cest.botsp","0"
"5098","MSB:Fish:4462",1978,6,14,"MSB 4462-5","JAR11535F","BP","GC","07-15-2025","M",26,20,170,"control","control_1971-1980",35.322164,-106.557448,"cest.botsp","0"
"5099","MSB:Fish:4462",1978,6,14,"MSB 4462-3","JAR11538F","BP","KL","07-15-2025","F",27,20,195,"control","control_1971-1980",35.322164,-106.557448,"cest.botsp","0"
"5100","MSB:Fish:4462",1978,6,14,"MSB 4462-4","JAR11543F","BP","GC","07-15-2025","M",27,20,197,"control","control_1971-1980",35.322164,-106.557448,"cest.botsp","0"
"5101","MSB:Fish:4486",1978,9,29,"MSB 4486-1","JAR11274F","JG","KL","07-11-2025","F",29,24,252,"control","control_1971-1980",35.383856,-106.490929,"cest.botsp","0"
"5102","MSB:Fish:4486",1978,9,29,"MSB 4486-2","JAR11324F","JG","KL","07-11-2025","M",25,20,171,"control","control_1971-1980",35.383856,-106.490929,"cest.botsp","0"
"5103","MSB:Fish:4486",1978,9,29,"MSB 4486-3","JAR11325F","KL","EO","07-11-2025","F",28,23,227,"control","control_1971-1980",35.383856,-106.490929,"cest.botsp","0"
"5104","MSB:Fish:4486",1978,9,29,"MSB 4486-4","JAR11323F","KL","KL","07-11-2025",NA,27,22,226,"control","control_1971-1980",35.383856,-106.490929,"cest.botsp","0"
"5105","MSB:Fish:4486",1978,9,29,"MSB 4486-5","JAR11273F","KL","KL","07-11-2025",NA,25,20,158,"control","control_1971-1980",35.383856,-106.490929,"cest.botsp","0"
"5106","MSB:Fish:4748",1978,9,5,"MSB 4748-1","JAR8904F","BP","JG","07-09-2025",NA,33,25,374,"impact","impact_1971-1980",35.197227,-106.642667,"cest.botsp","0"
"5107","MSB:Fish:4748",1978,9,5,"MSB 4748-3","JAR8907F","BP","EO","07-09-2025","F",34,27,362,"impact","impact_1971-1980",35.197227,-106.642667,"cest.botsp","0"
"5108","MSB:Fish:4748",1978,9,5,"MSB 4748-2","JAR8909F","EO","JG","07-09-2025",NA,36,28,522,"impact","impact_1971-1980",35.197227,-106.642667,"cest.botsp","0"
"5109","MSB:Fish:4748",1978,9,5,"MSB 4748-5","JAR8905F","BP","GC","07-09-2025",NA,30,24,278,"impact","impact_1971-1980",35.197227,-106.642667,"cest.botsp","0"
"5110","MSB:Fish:4748",1978,9,5,"MSB 4748-4","JAR8906F","EO","GC","07-09-2025",NA,29,23,213,"impact","impact_1971-1980",35.197227,-106.642667,"cest.botsp","0"
"5111","MSB:Fish:4750",1978,9,29,"MSB 4750-5","JAR8807F","EO","JG KL","07-07-2025",NA,34,27,447,"control","control_1971-1980",35.385246,-106.478952,"cest.botsp","0"
"5112","MSB:Fish:4750",1978,9,29,"MSB 4750-3","JAR8809F","EO","GC","07-07-2025","F",44,35,886,"control","control_1971-1980",35.385246,-106.478952,"cest.botsp","0"
"5113","MSB:Fish:4750",1978,9,29,"MSB 4750-1","JAR8811F","BP","JG GC","07-07-2025","F",40,32,703,"control","control_1971-1980",35.385246,-106.478952,"cest.botsp","0"
"5114","MSB:Fish:4750",1978,9,29,"MSB 4750-4","JAR8813F","BP","KL","07-07-2025","F",39,31,703,"control","control_1971-1980",35.385246,-106.478952,"cest.botsp","0"
"5115","MSB:Fish:4750",1978,9,29,"MSB 4750-2","JAR8808F","JG","KL","07-07-2025","F",41,36,1080,"control","control_1971-1980",35.385246,-106.478952,"cest.botsp","0"
"5116","MSB:Fish:515",1949,11,19,"MSB 515-4","JAR11287F","EO","KL","07-14-2025","F",37,32,1145,"impact","impact_1941-1950",35.20447,-106.610066,"cest.botsp","0"
"5117","MSB:Fish:515",1949,11,19,"MSB 515-1","JAR11307F","EO","KL","07-14-2025",NA,43,36,964,"impact","impact_1941-1950",35.20447,-106.610066,"cest.botsp","0"
"5118","MSB:Fish:515",1949,11,19,"MSB 515-3","JAR11290F","EO","GC","07-14-2025","F",39,32,785,"impact","impact_1941-1950",35.20447,-106.610066,"cest.botsp","0"
"5119","MSB:Fish:515",1949,11,19,"MSB 515-2","JAR11310F","EO","GC","07-14-2025","F",37,30,662,"impact","impact_1941-1950",35.20447,-106.610066,"cest.botsp","0"
"5120","MSB:Fish:515",1949,11,19,"MSB 515-5","JAR11304F","EO","JG","07-14-2025","F",43,35,1190,"impact","impact_1941-1950",35.20447,-106.610066,"cest.botsp","0"
"5121","MSB:Fish:5811",1987,9,9,"MSB 5811-4","JAR8806F","EO","KL","07-07-2025","F",34,27,481,"control","control_1981-1990",35.322164,-106.557448,"cest.botsp","0"
"5122","MSB:Fish:5811",1987,9,9,"MSB 5811-5","JAR8810F","BP","GC","07-07-2025","F",32,26,411,"control","control_1981-1990",35.322164,-106.557448,"cest.botsp","0"
"5123","MSB:Fish:5811",1987,9,9,"MSB 5811-2","JAR8804F","EO","GC","07-07-2025",NA,41,34,755,"control","control_1981-1990",35.322164,-106.557448,"cest.botsp","0"
"5124","MSB:Fish:5811",1987,9,9,"MSB 5811-1","JAR8803F","BP","EO GC","07-07-2025","F",39,31,706,"control","control_1981-1990",35.322164,-106.557448,"cest.botsp","0"
"5125","MSB:Fish:5811",1987,9,9,"MSB 5811-3","JAR8805F","BP","JG KL","07-07-2025",NA,35,27,556,"control","control_1981-1990",35.322164,-106.557448,"cest.botsp","0"
"5126","MSB:Fish:5822",1987,9,10,"MSB 5822-1","JAR11343F","BP","GC","07-10-2025","F",34,26,358,"impact","impact_1981-1990",34.905272,-106.685564,"cest.botsp","0"
"5127","MSB:Fish:5822",1987,9,10,"MSB 5822-5","JAR11352F","BP","JG","07-10-2025",NA,29,21,200,"impact","impact_1981-1990",34.905272,-106.685564,"cest.botsp","0"
"5128","MSB:Fish:5822",1987,9,10,"MSB 5822-2","JAR11346F","BP","GC","07-10-2025","F",36,29,480,"impact","impact_1981-1990",34.905272,-106.685564,"cest.botsp","0"
"5129","MSB:Fish:5822",1987,9,10,"MSB 5822-4","JAR11355F","JG","JG","07-10-2025",NA,25,20,153,"impact","impact_1981-1990",34.905272,-106.685564,"cest.botsp","0"
"5130","MSB:Fish:5822",1987,9,10,"MSB 5822-3","JAR11358F","BP","JG","07-10-2025","F",41,32,826,"impact","impact_1981-1990",34.905272,-106.685564,"cest.botsp","0"
"5131","MSB:Fish:62355",2000,9,14,"MSB 62355-1","JAR11052F","KL","KL","07-28-2025","F",32,25,322,"control","control_1991-2000",35.28373,-106.59878,"cest.botsp","0"
"5132","MSB:Fish:62355",2000,9,14,"MSB 62355-3","JAR11053F","KL","KL","07-28-2025","F",29,24,210,"control","control_1991-2000",35.28373,-106.59878,"cest.botsp","0"
"5133","MSB:Fish:62355",2000,9,14,"MSB 62355-2","JAR11055F","KL","KL","07-28-2025",NA,33,26,326,"control","control_1991-2000",35.28373,-106.59878,"cest.botsp","0"
"5134","MSB:Fish:62355",2000,9,14,"MSB 62355-5","JAR11058F","KL","KL","07-28-2025",NA,25,21,152,"control","control_1991-2000",35.28373,-106.59878,"cest.botsp","0"
"5135","MSB:Fish:62355",2000,9,14,"MSB 62355-4","JAR11054F","KL","KL","07-28-2025","F",32,25,308,"control","control_1991-2000",35.28373,-106.59878,"cest.botsp","0"
"5136","MSB:Fish:6300",1988,11,12,"MSB 6300-5","JAR11624F","JG","GC","07-21-2025","F",33,27,377,"impact","impact_1981-1990",35.017903,-106.661847,"cest.botsp","0"
"5137","MSB:Fish:6300",1988,11,12,"MSB 6300-1","JAR11625F","BP","BP","07-21-2025","M",33,26,347,"impact","impact_1981-1990",35.017903,-106.661847,"cest.botsp","0"
"5138","MSB:Fish:6300",1988,11,12,"MSB 6300-4","JAR11622F","JG","BP","07-21-2025",NA,33,25,280,"impact","impact_1981-1990",35.017903,-106.661847,"cest.botsp","0"
"5139","MSB:Fish:6300",1988,11,12,"MSB 6300-3","JAR11627F","BP","EO","07-21-2025","F",33,25,348,"impact","impact_1981-1990",35.017903,-106.661847,"cest.botsp","0"
"5140","MSB:Fish:6300",1988,11,12,"MSB 6300-2","JAR11619F","JG","GC","07-21-2025","F",34,27,388,"impact","impact_1981-1990",35.017903,-106.661847,"cest.botsp","0"
"5141","MSB:Fish:6405",1989,10,16,"MSB 6405-4","JAR11312F","BP","GC","07-14-2025","F",37,29,435,"impact","impact_1981-1990",35.089293,-106.680842,"cest.botsp","0"
"5142","MSB:Fish:6405",1989,10,16,"MSB 6405-2","JAR11315F","JG","EO","07-14-2025","F",37,31,537,"impact","impact_1981-1990",35.089293,-106.680842,"cest.botsp","0"
"5143","MSB:Fish:6405",1989,10,16,"MSB 6405-3","JAR11313F","JG","GC","07-14-2025","F",33,26,403,"impact","impact_1981-1990",35.089293,-106.680842,"cest.botsp","0"
"5144","MSB:Fish:6405",1989,10,16,"MSB 6405-1","JAR1131F","BP","KL","07-14-2025","F",32,24,325,"impact","impact_1981-1990",35.089293,-106.680842,"cest.botsp","0"
"5145","MSB:Fish:6405",1989,10,16,"MSB 6405-5","JAR11314F","JG","JG","07-14-2025",NA,34,27,398,"impact","impact_1981-1990",35.089293,-106.680842,"cest.botsp","0"
"5146","MSB:Fish:68470",1984,8,15,"MSB 68470-3","JAR11608F","BP","JG","07-18-2025","F",44,33,959,"impact","impact_1981-1990",35.089293,-106.680842,"cest.botsp","0"
"5147","MSB:Fish:68470",1984,8,15,"MSB 68470-1","JAR11604F","BP","KL","07-18-2025","F",41,31,874,"impact","impact_1981-1990",35.089293,-106.680842,"cest.botsp","0"
"5148","MSB:Fish:68470",1984,8,15,"MSB 68470-5","JAR11601F","BP","EO","07-18-2025","F",37,29,554,"impact","impact_1981-1990",35.089293,-106.680842,"cest.botsp","0"
"5149","MSB:Fish:68470",1984,8,15,"MSB 68470-2","JAR11605F","JG","GC","07-18-2025","F",37,30,568,"impact","impact_1981-1990",35.089293,-106.680842,"cest.botsp","0"
"5150","MSB:Fish:68470",1984,8,15,"MSB 68470-4","JAR11611F","JG","JG","07-18-2025",NA,35,30,521,"impact","impact_1981-1990",35.089293,-106.680842,"cest.botsp","0"
"5151","MSB:Fish:68483",1984,8,15,"MSB 68483-5","JAR11593F","JG","EO","07-18-2025","F",39,32,596,"impact","impact_1981-1990",35.069907,-106.658878,"cest.botsp","0"
"5152","MSB:Fish:68483",1984,8,15,"MSB 68483-1","JAR11594F","JG","JG","07-18-2025","F",36,29,526,"impact","impact_1981-1990",35.069907,-106.658878,"cest.botsp","0"
"5153","MSB:Fish:68483",1984,8,15,"MSB 68483-4","JAR11599","JG","GC","07-18-2025","F",37,30,507,"impact","impact_1981-1990",35.069907,-106.658878,"cest.botsp","0"
"5154","MSB:Fish:68483",1984,8,15,"MSB 68483-3","JAR11602F","BP","BP","07-18-2025","F",36,29,500,"impact","impact_1981-1990",35.069907,-106.658878,"cest.botsp","0"
"5155","MSB:Fish:68483",1984,8,15,"MSB 68483-2","JAR11596F","JG","KL","07-18-2025","F",35,29,498,"impact","impact_1981-1990",35.069907,-106.658878,"cest.botsp","0"
"5156","MSB:Fish:68508",1984,8,15,"MSB 68508-2","JAR11591F","JG","JG","07-21-2025","F",34,27,416,"control","control_1981-1990",35.225523,-106.597651,"cest.botsp","0"
"5157","MSB:Fish:68508",1984,8,15,"MSB 68508-4","JAR11588F","JG","GC","07-21-2025","F",35,28,587,"control","control_1981-1990",35.225523,-106.597651,"cest.botsp","0"
"5158","MSB:Fish:68508",1984,8,15,"MSB 68508-5","JAR11587F","BP","JG","07-21-2025","F",33,25,397,"control","control_1981-1990",35.225523,-106.597651,"cest.botsp","0"
"5159","MSB:Fish:68508",1984,8,15,"MSB 68508-3","JAR11585F","BP","EO","07-21-2025","F",37,28,556,"control","control_1981-1990",35.225523,-106.597651,"cest.botsp","0"
"5160","MSB:Fish:68508",1984,8,15,"MSB 68508-1","JAR11590F","BP","GC","07-21-2025","F",36,27,487,"control","control_1981-1990",35.225523,-106.597651,"cest.botsp","0"
"5161","MSB:Fish:68521",1984,8,16,"MSB 68521-5","JAR11597F","BP","JG","07-18-2025","F",32,25,429,"control","control_1981-1990",35.211416,-106.612833,"cest.botsp","0"
"5162","MSB:Fish:68521",1984,8,16,"MSB 68521-4","JAR11598F","BP","KL","07-18-2025","F",31,24,369,"control","control_1981-1990",35.211416,-106.612833,"cest.botsp","0"
"5163","MSB:Fish:68521",1984,8,16,"MSB 68521-1","JAR11600F","JG","KL","07-18-2025","F",39,31,597,"control","control_1981-1990",35.211416,-106.612833,"cest.botsp","0"
"5164","MSB:Fish:68521",1984,8,16,"MSB 68521-3","JAR11595F","JG","BP","07-18-2025","F",39,31,719,"control","control_1981-1990",35.211416,-106.612833,"cest.botsp","0"
"5165","MSB:Fish:68521",1984,8,16,"MSB 68521-2","JAR11603F","BP","BP","07-18-2025","F",36,27,661,"control","control_1981-1990",35.211416,-106.612833,"cest.botsp","0"
"5166","MSB:Fish:7208",1989,11,4,"MSB 7208-3","JAR11518F","BP","GC","07-14-2025",NA,32,25,345,"impact","impact_1981-1990",35.205042,-106.609081,"cest.botsp","0"
"5167","MSB:Fish:7208",1989,11,4,"MSB 7208-2","JAR11515F","EO","JG","07-14-2025",NA,38,31,650,"impact","impact_1981-1990",35.205042,-106.609081,"cest.botsp","0"
"5168","MSB:Fish:7208",1989,11,4,"MSB 7208-5","JAR11509F","BP","GC","07-14-2025","F",34,25,381,"impact","impact_1981-1990",35.205042,-106.609081,"cest.botsp","3"
"5169","MSB:Fish:7208",1989,11,4,"MSB 7208-1","JAR11510F","BP","KL","07-14-2025","F",36,26,645,"impact","impact_1981-1990",35.205042,-106.609081,"cest.botsp","0"
"5170","MSB:Fish:7208",1989,11,4,"MSB 7208-4","JAR11512F","EO","GC","07-14-2025","F",37,29,482,"impact","impact_1981-1990",35.205042,-106.609081,"cest.botsp","0"
"5171","MSB:Fish:7239",1989,11,12,"MSB 7230-1","JAR11606F","JG","GC","07-21-2025","F",30,23,279,"impact","impact_1981-1990",34.994298,-106.678945,"cest.botsp","0"
"5172","MSB:Fish:7239",1989,11,12,"MSB 7239-4","JAR11615F","BP","EO","07-21-2025","F",29,22,268,"impact","impact_1981-1990",34.994298,-106.678945,"cest.botsp","0"
"5173","MSB:Fish:7239",1989,11,12,"MSB 7239-2","JAR11612F","BP","JG","07-21-2025",NA,36,27,500,"impact","impact_1981-1990",34.994298,-106.678945,"cest.botsp","9"
"5174","MSB:Fish:7239",1989,11,12,"MSB 7239-3","JAR11609F","JG","GC","07-21-2025",NA,27,22,204,"impact","impact_1981-1990",34.994298,-106.678945,"cest.botsp","0"
"5175","MSB:Fish:7239",1989,11,12,"MSB 7239-5","JAR11614F","JG","EO","07-21-2025","F",30,24,281,"impact","impact_1981-1990",34.994298,-106.678945,"cest.botsp","0"
"5176","MSB:Fish:73719",2002,9,16,"MSB 73719-4","JAR11050F","KL","KL","07-28-2025","F",38,31,612,"control","control_2001-2010",35.322164,-106.557448,"cest.botsp","0"
"5177","MSB:Fish:73719",2002,9,16,"MSB 73719-5","JAR11051F","KL","KL","07-28-2025",NA,36,29,495,"control","control_2001-2010",35.322164,-106.557448,"cest.botsp","0"
"5178","MSB:Fish:73719",2002,9,16,"MSB 73719-3","JAR11049F","KL","KL","07-28-2025","F",40,32,748,"control","control_2001-2010",35.322164,-106.557448,"cest.botsp","0"
"5179","MSB:Fish:73719",2002,9,16,"MSB 73719-2","JAR11048F","KL","KL","07-28-2025","F",41,34,824,"control","control_2001-2010",35.322164,-106.557448,"cest.botsp","0"
"5180","MSB:Fish:73719",2002,9,16,"MSB 73719-1","JAR11047F","KL","KL","07-28-2025",NA,37,30,488,"control","control_2001-2010",35.322164,-106.557448,"cest.botsp","0"
"5181","MSB:Fish:7971",1990,10,22,"MSB 7971-2","JAR8910F","BP","EO","07-09-2025","F",29,24,264,"impact","impact_1981-1990",35.089293,-106.680842,"cest.botsp","0"
"5182","MSB:Fish:7971",1990,10,22,"MSB 7971-1","JAR8912F","EO","KL","07-09-2025","F",38,30,560,"impact","impact_1981-1990",35.089293,-106.680842,"cest.botsp","0"
"5183","MSB:Fish:7971",1990,10,22,"MSB 7971-3","JAR8908F","EO","BP","07-09-2025","F",33,25,370,"impact","impact_1981-1990",35.089293,-106.680842,"cest.botsp","0"
"5184","MSB:Fish:7971",1990,10,22,"MSB 7971-5","JAR8916F","EO","BP","07-09-2025","F",28,21,207,"impact","impact_1981-1990",35.089293,-106.680842,"cest.botsp","0"
"5185","MSB:Fish:7971",1990,10,22,"MSB 7971-4","JAR8914F","BP","GC","07-09-2025",NA,26,21,155,"impact","impact_1981-1990",35.089293,-106.680842,"cest.botsp","0"
"5186","MSB:Fish:9004",1998,10,28,"MSB 9004-5","JAR11300F","JG","BP","07-14-2025","F",34,28,428,"impact","impact_1981-1990",35.196977,-106.642444,"cest.botsp","0"
"5187","MSB:Fish:9004",1990,10,28,"MSB 9004-1","JAR11303F","BP","BP","07-14-2025",NA,33,27,388,"impact","impact_1981-1990",35.196977,-106.642444,"cest.botsp","0"
"5188","MSB:Fish:9004",1990,10,28,"MSB 9004-4","JAR11301F","JG","GC","07-14-2025",NA,34,28,405,"impact","impact_1981-1990",35.196977,-106.642444,"cest.botsp","0"
"5189","MSB:Fish:9004",1990,10,28,"MSB 9004-2","JAR11306F","JG","KL","07-14-2025",NA,32,25,351,"impact","impact_1981-1990",35.196977,-106.642444,"cest.botsp","0"
"5190","MSB:Fish:9004",1990,10,28,"MSB 9004-3","JAR11309F","JG","KL","07-14-2025","F",40,32,595,"impact","impact_1981-1990",35.196977,-106.642444,"cest.botsp","0"
"5191","MSB:Fish:9011",1990,10,28,"MSB 9011-1","JAR11099F","JG","GC","07-16-2025",NA,36,30,481,"control","control_1981-1990",35.28086111,-106.5988056,"cest.botsp","0"
"5192","MSB:Fish:9011",1990,10,28,"MSB 9011-3","JAR11104F","JG","JG","07-16-2025",NA,35,27,423,"control","control_1981-1990",35.28086111,-106.5988056,"cest.botsp","0"
"5193","MSB:Fish:9011",1990,10,28,"MSB 9011-5","JAR11101F","JG","KL","07-16-2025",NA,30,24,291,"control","control_1981-1990",35.28086111,-106.5988056,"cest.botsp","0"
"5194","MSB:Fish:9011",1990,10,28,"MSB 9011-4","JAR11096F","BP","GC","07-16-2025","F",32,23,324,"control","control_1981-1990",35.28086111,-106.5988056,"cest.botsp","0"
"5195","MSB:Fish:9011",1990,10,28,"MSB 9011-2","JAR11102F","JG","GC","07-16-2025",NA,36,31,550,"control","control_1981-1990",35.28086111,-106.5988056,"cest.botsp","0"
"5196","MSB:Fish:9465",1989,2,26,"MSB 9465-1","JAR11536F","EO","KL","07-15-2025","F",38,31,553,"impact","impact_1981-1990",34.917008,-106.675195,"cest.botsp","0"
"5197","MSB:Fish:9465",1989,2,26,"MSB 9465-4","JAR11539F","EO","KL","07-15-2025","F",47,38,1063,"impact","impact_1981-1990",34.917008,-106.675195,"cest.botsp","0"
"5198","MSB:Fish:9465",1989,2,26,"MSB 9465-3","JAR11542F","BP","GC","07-15-2025",NA,39,30,565,"impact","impact_1981-1990",34.917008,-106.675195,"cest.botsp","0"
"5199","MSB:Fish:9465",1989,2,26,"MSB 9465-5","JAR11533F","BP","JG","07-15-2025",NA,39,30,778,"impact","impact_1981-1990",34.917008,-106.675195,"cest.botsp","0"
"5200","MSB:Fish:9465",1989,2,26,"MSB 9465-2","JAR11537F","EO","GC","07-15-2025","F",47,38,1184,"impact","impact_1981-1990",34.917008,-106.675195,"cest.botsp","1"
"5201","MSB:Fish:1078",1939,1,30,"MSB 1078-1","JAR11299F","BP","JG","07-14-2025","F",40,31,647,"impact","impact_1931-1940",35.087167,-106.682164,"myxo.myxid","0"
"5202","MSB:Fish:1078",1939,1,30,"MSB 1078-2","JAR11302F","JG","KL","07-14-2025",NA,41,32,699,"impact","impact_1931-1940",35.087167,-106.682164,"myxo.myxid","0"
"5203","MSB:Fish:1078",1939,1,30,"MSB 1078-3","JAR11305F","BP","KL","07-14-2025",NA,43,35,798,"impact","impact_1931-1940",35.087167,-106.682164,"myxo.myxid","0"
"5204","MSB:Fish:1078",1939,1,30,"MSB 1078-4","JAR11320F","JG","GC","07-14-2025","F",43,37,1027,"impact","impact_1931-1940",35.087167,-106.682164,"myxo.myxid","0"
"5205","MSB:Fish:1078",1939,1,30,"MSB 1078-5","JAR11308F","BP","KL","07-14-2025",NA,39,29,627,"impact","impact_1931-1940",35.087167,-106.682164,"myxo.myxid",NA
"5206","MSB:Fish:1079",1941,9,14,"MSB 1079-5","JAR11311F","JG","KL","07-14-2025",NA,37,29,441,"impact","impact_1941-1950",35.096748,-106.692027,"myxo.myxid","0"
"5207","MSB:Fish:1079",1941,9,14,"MSB 1079-3","JAR11332F","BP","GC","07-14-2025","F",33,25,457,"impact","impact_1941-1950",35.096748,-106.692027,"myxo.myxid","0"
"5208","MSB:Fish:1079",1941,9,14,"MSB 1079-1","JAR11334F","BP","GC","07-14-2025",NA,29,24,231,"impact","impact_1941-1950",35.096748,-106.692027,"myxo.myxid","0"
"5209","MSB:Fish:1079",1941,9,14,"MSB 1079-2","JAR11331F","JG","KL","07-14-2025",NA,35,29,447,"impact","impact_1941-1950",35.096748,-106.692027,"myxo.myxid",NA
"5210","MSB:Fish:1079",1941,9,14,"MSB 1079-4","JAR11333F","BP","GC","07-14-2025","F",44,33,754,"impact","impact_1941-1950",35.096748,-106.692027,"myxo.myxid",NA
"5211","MSB:Fish:1081",1939,3,17,"MSB 1081-5","JAR8835F","BP","EO","07-08-2025","F",28,22,226,"impact","impact_1931-1940",35.072363,-106.668064,"myxo.myxid","0"
"5212","MSB:Fish:1081",1939,3,17,"MSB 1081-4","JAR8832F","JG","KL","07-08-2025","F",27,22,188,"impact","impact_1931-1940",35.072363,-106.668064,"myxo.myxid",NA
"5213","MSB:Fish:1081",1939,3,17,"MSB 1081-2","JAR8836","JG","BP","07-08-2025",NA,29,24,239,"impact","impact_1931-1940",35.072363,-106.668064,"myxo.myxid","0"
"5214","MSB:Fish:1081",1939,3,17,"MSB 1081-1","JAR8837F","BP","BP","07-08-2025","F",43,33,868,"impact","impact_1931-1940",35.072363,-106.668064,"myxo.myxid","0"
"5215","MSB:Fish:1081",1939,3,17,"MSB 1081-3","JAR8834F","BP","JG","07-08-2025",NA,27,21,176,"impact","impact_1931-1940",35.072363,-106.668064,"myxo.myxid","0"
"5216","MSB:Fish:1082",1938,10,18,"MSB 1082-1","JAR8930F","BP","EO","07-09-2025","F",41,32,722,"impact","impact_1931-1940",35.100259,-106.692107,"myxo.myxid","0"
"5217","MSB:Fish:1082",1938,10,18,"MSB 1082-4","JAR8934F","BP","BP","07-09-2025",NA,31,24,264,"impact","impact_1931-1940",35.100259,-106.692107,"myxo.myxid","0"
"5218","MSB:Fish:1082",1938,10,18,"MSB 1082-2","JAR8928F","EO","GC","07-09-2025","F",40,33,627,"impact","impact_1931-1940",35.100259,-106.692107,"myxo.myxid","0"
"5219","MSB:Fish:1082",1938,10,18,"MSB 1082-5","JAR8927F","EO","KL","07-09-2025",NA,25,21,140,"impact","impact_1931-1940",35.100259,-106.692107,"myxo.myxid",NA
"5220","MSB:Fish:1082",1938,10,18,"MSB 1082-3","JAR8929F","EO","KL","07-09-2025","F",34,28,397,"impact","impact_1931-1940",35.100259,-106.692107,"myxo.myxid",NA
"5221","MSB:Fish:1085",1939,5,13,"MSB 1085-5","JAR8935F","JG","GC","07-10-2025","F",50,39,1499,"impact","impact_1931-1940",35.192334,-106.619678,"myxo.myxid","0"
"5222","MSB:Fish:1085",1939,5,13,"MSB 1085-4","JAR8941F","JG","KL","07-10-2025","F",44,36,1060,"impact","impact_1931-1940",35.192334,-106.619678,"myxo.myxid",NA
"5223","MSB:Fish:1085",1939,5,13,"MSB 1085-1","JAR8932F","JG","KL","07-10-2025","F",41,33,809,"impact","impact_1931-1940",35.192334,-106.619678,"myxo.myxid",NA
"5224","MSB:Fish:1085",1939,5,13,"MSB 1085-3","JAR8939F","JG","KL","07-10-2025","F",42,34,861,"impact","impact_1931-1940",35.192334,-106.619678,"myxo.myxid","0"
"5225","MSB:Fish:1085",1939,5,13,"MSB 1085-2","JAR8937F","JG","GC","07-10-2025","M",26,21,147,"impact","impact_1931-1940",35.192334,-106.619678,"myxo.myxid",NA
"5226","MSB:Fish:1086",1939,4,22,"MSB 1086-2","JAR8900F","BP","GC","07-07-2025","F",45,36,994,"impact","impact_1931-1940",35.173111,-106.626066,"myxo.myxid","0"
"5227","MSB:Fish:1086",1939,4,22,"MSB 1086-5","JAR8792F","JG","GC","07-07-2025","F",46,35,1207,"impact","impact_1931-1940",35.173111,-106.626066,"myxo.myxid",NA
"5228","MSB:Fish:1086",1939,4,22,"MSB1086-4","JAR8791F","BP","KL","07-07-2025","F",39,30,752,"impact","impact_1931-1940",35.173111,-106.626066,"myxo.myxid","0"
"5229","MSB:Fish:1086",1939,4,22,"MSB 1086-1","JAR8898F","BP","KL","07-07-2025","F",47,37,1182,"impact","impact_1931-1940",35.173111,-106.626066,"myxo.myxid","0"
"5230","MSB:Fish:1086",1939,4,22,"MSB 1086-3","JAR8902F","BP","KL","07-07-2025",NA,42,35,1023,"impact","impact_1931-1940",35.173111,-106.626066,"myxo.myxid","0"
"5231","MSB:Fish:1089",1939,1,24,"MSB 1089-3","JAR11117F","BP","GC","07-16-2025","F",38,29,552,"impact","impact_1931-1940",35.087167,-106.682164,"myxo.myxid","0"
"5232","MSB:Fish:1089",1939,1,24,"MSB 1089-5","JAR11111F","BP","KL","07-16-2025",NA,35,28,476,"impact","impact_1931-1940",35.087167,-106.682164,"myxo.myxid","0"
"5233","MSB:Fish:1089",1939,1,24,"MSB 1089-1","JAR11112F","BP","KL","07-16-2025","F",40,33,666,"impact","impact_1931-1940",35.087167,-106.682164,"myxo.myxid","0"
"5234","MSB:Fish:1089",1939,1,24,"MSB 1089-4","JAR11114F","BP","KL","07-16-2025","F",40,33,741,"impact","impact_1931-1940",35.087167,-106.682164,"myxo.myxid","0"
"5235","MSB:Fish:1089",1939,1,24,"MSB 1089-2","JAR11109F","BP","GC","07-16-2025",NA,38,30,571,"impact","impact_1931-1940",35.087167,-106.682164,"myxo.myxid","0"
"5236","MSB:Fish:10898",1992,7,9,"MSB 10898-5","JAR11023F","KL","KL","07-28-2025",NA,25,20,139,"control","control_1991-2000",35.211277,-106.611666,"myxo.myxid","0"
"5237","MSB:Fish:10898",1992,7,9,"MSB 10898-4","JAR11046F","KL","KL","07-28-2025","F",31,25,309,"control","control_1991-2000",35.211277,-106.611666,"myxo.myxid",NA
"5238","MSB:Fish:10898",1992,7,9,"MSB 10898-3","JAR11040F","KL","KL","07-28-2025","F",24,19,123,"control","control_1991-2000",35.211277,-106.611666,"myxo.myxid",NA
"5239","MSB:Fish:10898",1992,7,9,"MSB 10898-2","JAR11038F","KL","KL","07-28-2025","M",26,21,118,"control","control_1991-2000",35.211277,-106.611666,"myxo.myxid",NA
"5240","MSB:Fish:10898",1992,7,9,"MSB 10898-1","JAR11039F","KL","KL","07-28-2025","M",22,18,90,"control","control_1991-2000",35.211277,-106.611666,"myxo.myxid",NA
"5241","MSB:Fish:1090",1939,6,9,"MSB 1090-4","JAR11354F","BP","GC","07-10-2025","M",25,19,132,"impact","impact_1931-1940",34.906619,-106.685289,"myxo.myxid",NA
"5242","MSB:Fish:1090",1939,6,9,"MSB 1090-2","JAR11351F","BP","JG","07-10-2025","F",37,30,670,"impact","impact_1931-1940",34.906619,-106.685289,"myxo.myxid",NA
"5243","MSB:Fish:1090",1939,6,9,"MSB 1090-5","JAR11349F","BP","KL","07-10-2025","F",29,24,323,"impact","impact_1931-1940",34.906619,-106.685289,"myxo.myxid",NA
"5244","MSB:Fish:1090",1939,6,9,"MSB 1090-3","JAR11357F","BP","EO","07-10-2025","F",33,25,483,"impact","impact_1931-1940",34.906619,-106.685289,"myxo.myxid",NA
"5245","MSB:Fish:1090",1939,6,9,"MSB 1090-1","JAR11348F","BP","GC","07-10-2025","F",39,30,751,"impact","impact_1931-1940",34.906619,-106.685289,"myxo.myxid",NA
"5246","MSB:Fish:10922",1992,7,9,"MSB 10922-3","JAR11592F","BP","KL","07-18-2025","F",33,25,400,"impact","impact_1991-2000",35.10469444,-106.6916667,"myxo.myxid","0"
"5247","MSB:Fish:10922",1992,7,9,"MSB 10922-5","JAR115843F","BP","GC","07-18-2025","F",30,24,322,"impact","impact_1991-2000",35.10469444,-106.6916667,"myxo.myxid","0"
"5248","MSB:Fish:10922",1992,7,9,"MSB 10922-4","JAR11584F","JG","GC","07-18-2025","F",27,22,141,"impact","impact_1991-2000",35.10469444,-106.6916667,"myxo.myxid",NA
"5249","MSB:Fish:10922",1992,7,9,"MSB 10922-2","JAR11586F","JG","GC","07-18-2025","F",25,20,143,"impact","impact_1991-2000",35.10469444,-106.6916667,"myxo.myxid",NA
"5250","MSB:Fish:10922",1992,7,9,"MSB 10922-1","JAR11589F","JG","KL","07-18-2025","F",30,25,362,"impact","impact_1991-2000",35.10469444,-106.6916667,"myxo.myxid",NA
"5251","MSB:Fish:10944",1992,7,15,"MSB 10944-2","JAR11565F","BP","GC","07-17-2025","F",37,29,751,"impact","impact_1991-2000",35.089293,-106.680842,"myxo.myxid","0"
"5252","MSB:Fish:10944",1992,7,15,"MSB 10944-3","JAR11566F","BP","GC","07-17-2025","F",48,36,1418,"impact","impact_1991-2000",35.089293,-106.680842,"myxo.myxid","0"
"5253","MSB:Fish:10944",1992,7,15,"MSB 10944-4","JAR11564F","BP","KL","07-17-2025","F",34,27,538,"impact","impact_1991-2000",35.089293,-106.680842,"myxo.myxid","0"
"5254","MSB:Fish:10944",1992,7,15,"MSB 10944-5","JAR11567F","BP","KL","07-17-2025","F",35,27,542,"impact","impact_1991-2000",35.089293,-106.680842,"myxo.myxid",NA
"5255","MSB:Fish:10944",1992,7,15,"MSB 10944-1","JAR11568F","BP","GC","07-17-2025","F",43,33,1179,"impact","impact_1991-2000",35.089293,-106.680842,"myxo.myxid",NA
"5256","MSB:Fish:1098",1939,5,13,"MSB 1098-4","JAR8819F","EO","KL","07-07-2025","F",32,25,352,"impact","impact_1931-1940",35.189406,-106.625396,"myxo.myxid","0"
"5257","MSB:Fish:1098",1939,5,13,"MSB 1098-2","JAR8815F","EO","GC","07-07-2025","F",41,33,887,"impact","impact_1931-1940",35.189406,-106.625396,"myxo.myxid","0"
"5258","MSB:Fish:1098",1939,5,13,"MSB 1098-3","JAR8817F","EO","KL","07-07-2025",NA,30,24,257,"impact","impact_1931-1940",35.189406,-106.625396,"myxo.myxid","0"
"5259","MSB:Fish:1098",1939,5,13,"MSB 1098-5","JAR8812F","EO","KL","07-07-2025",NA,41,33,697,"impact","impact_1931-1940",35.189406,-106.625396,"myxo.myxid","0"
"5260","MSB:Fish:1098",1939,5,13,"MSB 1098-1","JAR8814F","EO","KL","07-08-2025","F",46,37,1164,"impact","impact_1931-1940",35.189406,-106.625396,"myxo.myxid","0"
"5261","MSB:Fish:1100",1939,2,26,"MSB 1100-4","JAR8824F","BP","KL","07-08-2025","F",28,24,303,"impact","impact_1931-1940",35.072363,-106.668064,"myxo.myxid","0"
"5262","MSB:Fish:1100",1939,2,26,"MSB 1100-3","JAR8823F","JG","KL","07-08-2025",NA,33,25,326,"impact","impact_1931-1940",35.072363,-106.668064,"myxo.myxid",NA
"5263","MSB:Fish:1100",1939,2,26,"MSB 1100-1","JAR8825F","JG","KL","07-08-2025","F",43,33,679,"impact","impact_1931-1940",35.072363,-106.668064,"myxo.myxid","0"
"5264","MSB:Fish:1100",1939,2,26,"MSB 1100-2","JAR8827F","BP","EO ","07-08-2025","F",28,25,318,"impact","impact_1931-1940",35.072363,-106.668064,"myxo.myxid","0"
"5265","MSB:Fish:1100",1939,2,26,"MSB 1100-5","JAR8829F","JG","KL","07-08-2025",NA,26,23,226,"impact","impact_1931-1940",35.072363,-106.668064,"myxo.myxid","0"
"5266","MSB:Fish:1105",1939,1,20,"MSB 1105-1","JAR11362F","JG","GC","07-10-2025",NA,30,24,202,"impact","impact_1931-1940",35.100259,-106.692107,"myxo.myxid",NA
"5267","MSB:Fish:1105",1939,1,30,"MSB 1105-5","JAR11360F","JG","KL","07-10-2025",NA,36,28,396,"impact","impact_1931-1940",35.100259,-106.692107,"myxo.myxid","0"
"5268","MSB:Fish:1105",1939,1,30,"MSB 1105-3","JAR11361F","JG","KL","07-10-2025",NA,40,36,728,"impact","impact_1931-1940",35.100259,-106.692107,"myxo.myxid","0"
"5269","MSB:Fish:1105",1939,1,30,"MSB 1105-2","JAR11365F","JG","JG","07-10-2025",NA,27,23,158,"impact","impact_1931-1940",35.100259,-106.692107,"myxo.myxid",NA
"5270","MSB:Fish:1105",1939,1,30,"MSB 1105-4","JAR11368F","EO","EO","07-10-2025",NA,40,32,456,"impact","impact_1931-1940",35.100259,-106.692107,"myxo.myxid","0"
"5271","MSB:Fish:11095",1992,7,21,"MSB 11095-1","JAR11015F","KL","KL","07-23-2025",NA,26,21,178,"impact","impact_1991-2000",35.027111,-106.672944,"myxo.myxid",NA
"5272","MSB:Fish:11095",1992,7,21,"MSB 11095-3","JAR11013F","KL","KL","07-23-2025","F",35,28,526,"impact","impact_1991-2000",35.027111,-106.672944,"myxo.myxid","1"
"5273","MSB:Fish:11095",1992,7,21,"MSB 11095-2","JAR11016F","KL","KL","07-23-2025","F",33,27,385,"impact","impact_1991-2000",35.027111,-106.672944,"myxo.myxid","1"
"5274","MSB:Fish:11095",1992,7,21,"MSB 11095-4","JAR11000F","KL","KL","07-23-2025","F",31,25,375,"impact","impact_1991-2000",35.027111,-106.672944,"myxo.myxid","na"
"5275","MSB:Fish:11095",1992,7,21,"MSB 11095-5","JAR11003F","KL","KL","07-23-2025",NA,32,26,460,"impact","impact_1991-2000",35.027111,-106.672944,"myxo.myxid",NA
"5276","MSB:Fish:11126",1992,7,22,"MSB 11126-2","JAR11562F","JG","BP","07-17-2025","F",37,30,634,"impact","impact_1991-2000",34.97052778,-106.6911111,"myxo.myxid",NA
"5277","MSB:Fish:11126",1992,7,22,"MSB 11126-3","JAR11560F","JG","BP","07-17-2025","F",31,25,355,"impact","impact_1991-2000",34.97052778,-106.6911111,"myxo.myxid",NA
"5278","MSB:Fish:11126",1992,7,22,"MSB 11126-1","JAR11561F","EO","EO","07-17-2025","F",45,36,1113,"impact","impact_1991-2000",34.97052778,-106.6911111,"myxo.myxid",NA
"5279","MSB:Fish:11126",1992,7,22,"MSB 11126-4","JAR11559F","JG","GC","07-17-2025","F",40,34,733,"impact","impact_1991-2000",34.97052778,-106.6911111,"myxo.myxid","0"
"5280","MSB:Fish:11126",1992,7,22,"MSB 11126-5","JAR11558F","EO","KL","07-17-2025","M",26,21,179,"impact","impact_1991-2000",34.97052778,-106.6911111,"myxo.myxid","0"
"5281","MSB:Fish:11194",1992,7,24,"MSB 11194-2","JAR11570F","EO","KL","07-17-2025","M",26,22,151,"impact","impact_1991-2000",34.92872222,-106.6818611,"myxo.myxid",NA
"5282","MSB:Fish:11194",1992,7,24,"MSB 11194-3","JAR11569F","EO","GC","07-17-2025",NA,28,22,159,"impact","impact_1991-2000",34.92872222,-106.6818611,"myxo.myxid","0"
"5283","MSB:Fish:11194",1992,7,24,"MSB 11194-5","JAR11572F","EO","KL","07-17-2025",NA,36,29,658,"impact","impact_1991-2000",34.92872222,-106.6818611,"myxo.myxid",NA
"5284","MSB:Fish:11194",1992,7,24,"MSB 11194-4","JAR11571F","EO","EO","07-17-2025","F",35,27,456,"impact","impact_1991-2000",34.92872222,-106.6818611,"myxo.myxid","0"
"5285","MSB:Fish:11194",1992,7,24,"MSB 11194-1","JAR11563F","EO","GC","07-17-2025","F",29,24,333,"impact","impact_1991-2000",34.92872222,-106.6818611,"myxo.myxid",NA
"5286","MSB:Fish:12010",1992,9,28,"MSB 12010-3","JAR11037F","KL","KL","07-28-2025","F",28,23,210,"control","control_1991-2000",35.211416,-106.612833,"myxo.myxid","0"
"5287","MSB:Fish:12010",1992,9,28,"MSB 12010-2","JAR11056F","KL","KL","07-28-2025",NA,27,21.5,211,"control","control_1991-2000",35.211416,-106.612833,"myxo.myxid",NA
"5288","MSB:Fish:12010",1992,9,28,"MSB 12010-1","JAR11057F","KL","KL","07-28-2025","F",36,29,446,"control","control_1991-2000",35.211416,-106.612833,"myxo.myxid","0"
"5289","MSB:Fish:12010",1992,9,28,"MSB 12010-5","JAR11045F","KL","KL","07-28-2025","F",25,20,156,"control","control_1991-2000",35.211416,-106.612833,"myxo.myxid",NA
"5290","MSB:Fish:12010",1992,9,28,"MSB 12010-4","JAR11044F","KL","KL","07-28-2025","F",28,21,210,"control","control_1991-2000",35.211416,-106.612833,"myxo.myxid","0"
"5291","MSB:Fish:12531",1992,11,13,"MSB 12531-1","JAR11267F","EO","GC","07-11-2025",NA,46,38,1030,"control","control_1991-2000",35.380486,-106.502059,"myxo.myxid","0"
"5292","MSB:Fish:12531",1992,11,13,"MSB 12531-4","JAR11265F","EO","KL","07-11-2025",NA,31,25,317,"control","control_1991-2000",35.380486,-106.502059,"myxo.myxid","0"
"5293","MSB:Fish:12531",1992,11,13,"MSB 12531-5","JAR11266F","EO","BP","07-11-2025","F",48,40,1190,"control","control_1991-2000",35.380486,-106.502059,"myxo.myxid","0"
"5294","MSB:Fish:12531",1992,11,13,"MSB 12531-2","JAR11263F","EO","KL","07-11-2025",NA,34,27,414,"control","control_1991-2000",35.380486,-106.502059,"myxo.myxid","0"
"5295","MSB:Fish:12531",1992,11,13,"MSB 12531-3","JAR11264F","EO","KL","07-11-2025","F",35,28,445,"control","control_1991-2000",35.380486,-106.502059,"myxo.myxid","0"
"5296","MSB:Fish:14485",1993,7,13,"MSB 14485-1","JAR11128F","EO","GC","07-17-2025",NA,41,34,760,"impact","impact_1991-2000",34.929964,-106.681431,"myxo.myxid","0"
"5297","MSB:Fish:14485",1993,7,13,"MSB 14485-5","JAR11127F","JG","JG","07-17-2025",NA,24,20,116,"impact","impact_1991-2000",34.929964,-106.681431,"myxo.myxid",NA
"5298","MSB:Fish:14485",1993,7,13,"MSB 14485-4","JAR11129F","EO","GC","07-17-2025","F",30,23,247,"impact","impact_1991-2000",34.929964,-106.681431,"myxo.myxid","0"
"5299","MSB:Fish:14485",1993,7,13,"MSB 14485-3","JAR11557F","EO","KL","07-17-2025","F",37,29,520,"impact","impact_1991-2000",34.929964,-106.681431,"myxo.myxid","0"
"5300","MSB:Fish:14485",1993,7,13,"MSB 14485-2","JAR11130F","JG","GC","07-17-2025","F",43,35,751,"impact","impact_1991-2000",34.929964,-106.681431,"myxo.myxid","0"
"5301","MSB:Fish:18799",1993,8,12,"MSB 18799-5","JAR11578F","BP","KL","07-17-2025","F",30,23,274,"control","control_1991-2000",35.280904,-106.597587,"myxo.myxid","0"
"5302","MSB:Fish:18799",1993,8,12,"MSB 18799-2","JAR11582F","BP","KL","07-17-2025","F",31,25,375,"control","control_1991-2000",35.280904,-106.597587,"myxo.myxid",NA
"5303","MSB:Fish:18799",1993,8,12,"MSB 18799-4","JAR11579F","BP","GC","07-17-2025","F",32,26,344,"control","control_1991-2000",35.280904,-106.597587,"myxo.myxid","0"
"5304","MSB:Fish:18799",1993,8,12,"MSB 18799-3","JAR11580","BP","EO","07-17-2025","F",36,28,509,"control","control_1991-2000",35.280904,-106.597587,"myxo.myxid",NA
"5305","MSB:Fish:18799",1993,8,12,"MSB 18799-1","JAR11581F","BP","KL","07-17-2025","M",29,23,249,"control","control_1991-2000",35.280904,-106.597587,"myxo.myxid","0"
"5306","MSB:Fish:19155",1993,8,4,"MSB 19155-1","JAR11020F","KL","KL","07-23-2025","F",38,30,585,"impact","impact_1991-2000",35.017503,-106.672569,"myxo.myxid","0"
"5307","MSB:Fish:19155",1993,8,4,"MSB 19155-2","JAR11021F","KL","KL","07-23-2025","F",34,28,495,"impact","impact_1991-2000",35.017503,-106.672569,"myxo.myxid",NA
"5308","MSB:Fish:19155",1993,8,4,"MSB 19155-3","JAR11022F","KL","KL","07-23-2025","F",31,26,355,"impact","impact_1991-2000",35.017503,-106.672569,"myxo.myxid","1"
"5309","MSB:Fish:19155",1993,8,4,"MSB 19155-5","JAR11012F","KL","KL","07-23-2025","F",38,32,697,"impact","impact_1991-2000",35.017503,-106.672569,"myxo.myxid","1"
"5310","MSB:Fish:19155",1993,8,4,"MSB 19155-4","JAR11027F","KL","KL","07-23-2025","F",34,28,NA,"impact","impact_1991-2000",35.017503,-106.672569,"myxo.myxid","0"
"5311","MSB:Fish:19170",1993,8,4,"MSB 19170-3","JAR8800F","BP","BP GC","07-07-2025","F",34,26,421,"impact","impact_1991-2000",35.008358,-106.678909,"myxo.myxid","0"
"5312","MSB:Fish:19170",1993,8,4,"MSB 19170-5","JAR8798F","EO","JG","07-07-2025","F",32,25,353,"impact","impact_1991-2000",35.008358,-106.678909,"myxo.myxid","0"
"5313","MSB:Fish:19170",1993,8,4,"MSB 19170-1","JAR8802F","BP","GC","07-07-2025","F",31,24,355,"impact","impact_1991-2000",35.008358,-106.678909,"myxo.myxid","0"
"5314","MSB:Fish:19170",1993,8,4,"MSB 19170-4","JAR8799F","EO","BP","07-07-2025","F",34,27,460,"impact","impact_1991-2000",35.008358,-106.678909,"myxo.myxid","0"
"5315","MSB:Fish:19170",1993,8,4,"MSB 19170-2","JAR8801F","EO","BP KL","07-07-2025",NA,35,27,481,"impact","impact_1991-2000",35.008358,-106.678909,"myxo.myxid","0"
"5316","MSB:Fish:2795",1969,4,2,"MSB 2795-4","JAR8920F","BP","KL","07-09-2025","F",29,24,236,"control","control_1961-1970",35.253452,-106.592892,"myxo.myxid","0"
"5317","MSB:Fish:2795",1969,4,2,"MSB 2795-5","JAR8919F","BP","JG","07-09-2025",NA,25,19,105,"control","control_1961-1970",35.253452,-106.592892,"myxo.myxid",NA
"5318","MSB:Fish:2795",1969,4,2,"MSB 2795-2","JAR8925F","BP","GC","07-09-2025",NA,31,24,325,"control","control_1961-1970",35.253452,-106.592892,"myxo.myxid",NA
"5319","MSB:Fish:2795",1969,4,2,"MSB 2795-1","JAR8932F","BP","JG","07-09-2025",NA,45,35,820,"control","control_1961-1970",35.253452,-106.592892,"myxo.myxid",NA
"5320","MSB:Fish:2795",1969,4,2,"MSB 2795-3","JAR8921F","BP","GC","07-09-2025",NA,46,37,885,"control","control_1961-1970",35.253452,-106.592892,"myxo.myxid","0"
"5321","MSB:Fish:280",1949,10,28,"MSB 280-3","JAR8830F","BP","EO","07-08-2025","F",28,20,184,"impact","impact_1941-1950",35.155761,-106.655157,"myxo.myxid",NA
"5322","MSB:Fish:280",1949,10,28,"MSB 280-4","JAR8828F","JG","JG","07-08-2025",NA,43,35,824,"impact","impact_1941-1950",35.155761,-106.655157,"myxo.myxid","0"
"5323","MSB:Fish:280",1949,10,28,"MSB 280-1","JAR8833F","BP","BP","07-08-2025",NA,33,26,379,"impact","impact_1941-1950",35.155761,-106.655157,"myxo.myxid",NA
"5324","MSB:Fish:280",1949,10,28,"MSB 280-5","JAR8826F","JG","JG","07-08-2025",NA,28,23,238,"impact","impact_1941-1950",35.155761,-106.655157,"myxo.myxid",NA
"5325","MSB:Fish:280",1949,10,28,"MSB 280-2","JAR8831F","JG","KL","07-08-2025","F",42,33,733,"impact","impact_1941-1950",35.155761,-106.655157,"myxo.myxid","0"
"5326","MSB:Fish:285",1961,2,17,"MSB 285-3","JAR11528F","EO","KL","07-15-2025","F",42,34,741,"impact","impact_1961-1970",35.051774,-106.671997,"myxo.myxid",NA
"5327","MSB:Fish:285",1961,2,17,"MSB 285-2","JAR11525F","BP","GC","07-15-2025",NA,32,25,318,"impact","impact_1961-1970",35.051774,-106.671997,"myxo.myxid",NA
"5328","MSB:Fish:285",1961,2,17,"MSB 285-1","JAR11517F","EO","KL","07-15-2025","F",46,37,1064,"impact","impact_1961-1970",35.051774,-106.671997,"myxo.myxid","0"
"5329","MSB:Fish:285",1961,2,17,"MSB 285-4","JAR11530F","BP","KL","07-15-2025","F",34,26,419,"impact","impact_1961-1970",35.051774,-106.671997,"myxo.myxid","0"
"5330","MSB:Fish:285",1961,2,17,"MSB 285-5","JAR11520F","EO","EO","07-15-2025","F",29,23,224,"impact","impact_1961-1970",35.051774,-106.671997,"myxo.myxid","0"
"5331","MSB:Fish:288",1949,12,3,"MSB 288-1","JAR11272F","BP","GC","07-11-2025","F",41,32,695,"impact","impact_1941-1950",35.068939,-106.663683,"myxo.myxid",NA
"5332","MSB:Fish:288",1949,12,3,"MSB 288-4","JAR11269F","BP","BP","07-11-2025",NA,28,22,247,"impact","impact_1941-1950",35.068939,-106.663683,"myxo.myxid","0"
"5333","MSB:Fish:288",1949,12,3,"MSB 288-5","JAR11268F","EO","EO","07-11-2025","F",35,28,413,"impact","impact_1941-1950",35.068939,-106.663683,"myxo.myxid","0"
"5334","MSB:Fish:288",1949,12,3,"MSB 288-3","JAR11270F","EO","KL","07-11-2025","F",49,40,1240,"impact","impact_1941-1950",35.068939,-106.663683,"myxo.myxid",NA
"5335","MSB:Fish:288",1949,12,3,"MSB 288-2","JAR11271F","BP","BP","07-11-2025",NA,30,27,461,"impact","impact_1941-1950",35.068939,-106.663683,"myxo.myxid","0"
"5336","MSB:Fish:292",1961,2,12,"MSB 292-3","JAR11553F","JG","KL","07-16-2025","M",25,21,138,"control","control_1961-1970",35.408152,-106.470544,"myxo.myxid",NA
"5337","MSB:Fish:292",1961,2,12,"MSB 292-1","JAR11556F","BP","KL","07-16-2025","M",31,24,273,"control","control_1961-1970",35.408152,-106.470544,"myxo.myxid","0"
"5338","MSB:Fish:292",1961,2,12,"MSB 292-5","JAR11547F","JG","JG","07-16-2025",NA,25,21,167,"control","control_1961-1970",35.408152,-106.470544,"myxo.myxid",NA
"5339","MSB:Fish:292",1961,2,12,"MSB 292-4","JAR11550F","BP","KL","07-16-2025","F",33,25,342,"control","control_1961-1970",35.408152,-106.470544,"myxo.myxid","0"
"5340","MSB:Fish:292",1961,2,12,"MSB 292-2","JAR11534F","JG","JG","07-16-2025",NA,25,20,132,"control","control_1961-1970",35.408152,-106.470544,"myxo.myxid",NA
"5341","MSB:Fish:305",1949,7,21,"MSB 305-2","JAR8913F","BP","GC","07-09-2025",NA,41,32,810,"impact","impact_1941-1950",35.204443,-106.610046,"myxo.myxid",NA
"5342","MSB:Fish:305",1949,7,21,"MSB 305-3","JAR8915F","BP","KL","07-09-2025","F",39,31,840,"impact","impact_1941-1950",35.204443,-106.610046,"myxo.myxid","0"
"5343","MSB:Fish:305",1949,7,21,"MSB 305-1","JAR8911F","BP","JG","07-09-2025","F",38,30,653,"impact","impact_1941-1950",35.204443,-106.610046,"myxo.myxid","0"
"5344","MSB:Fish:305",1949,7,21,"MSB 305-5","JAR8918F","BP","KL","07-09-2025",NA,41,34,848,"impact","impact_1941-1950",35.204443,-106.610046,"myxo.myxid",NA
"5345","MSB:Fish:305",1949,7,21,"MSB 305-4","JAR8917F","BP","EO","07-09-2025","F",26,21,146,"impact","impact_1941-1950",35.204443,-106.610046,"myxo.myxid","0"
"5346","MSB:Fish:307",1959,2,24,"MSB 307-1","JAR8797F","BP","GC","07-07-2025","F",30,24,257,"impact","impact_1951-1960",34.987044,-106.690293,"myxo.myxid","0"
"5347","MSB:Fish:307",1959,2,24,"MSB 307-2","JAR8796F","JG","KL","07-07-2025","F",31,23,295,"impact","impact_1951-1960",34.987044,-106.690293,"myxo.myxid",NA
"5348","MSB:Fish:307",1959,2,24,"MSB 307-5","JAR8793F","JG","GC","07-07-2025",NA,33,24,304,"impact","impact_1951-1960",34.987044,-106.690293,"myxo.myxid","0"
"5349","MSB:Fish:307",1959,2,24,"MSB 307-4","JAR8794F","BP","KL","07-07-2025","F",31,26,296,"impact","impact_1951-1960",34.987044,-106.690293,"myxo.myxid","0"
"5350","MSB:Fish:307",1959,2,24,"MSB 307-3","JAR8795F","BP","KL","07-07-2025",NA,31,25,277,"impact","impact_1951-1960",34.987044,-106.690293,"myxo.myxid",NA
"5351","MSB:Fish:30771",1996,10,30,"MSB 30771-3","JAR11025F","KL","KL","07-28-2025",NA,39,32,613,"control","control_1991-2000",35.38033333,-106.4990556,"myxo.myxid","0"
"5352","MSB:Fish:30771",1996,10,30,"MSB 30771-2","JAR11024F","KL","KL","07-28-2025",NA,34,27,361,"control","control_1991-2000",35.38033333,-106.4990556,"myxo.myxid","0"
"5353","MSB:Fish:30771",1996,10,30,"MSB 30771-1","JAR11030F","KL","KL","07-28-2025",NA,27,21,182,"control","control_1991-2000",35.38033333,-106.4990556,"myxo.myxid","0"
"5354","MSB:Fish:30771",1996,10,30,"MSB 30771-5","JAR11033F","KL","KL","07-28-2025","M",30,23,241,"control","control_1991-2000",35.38033333,-106.4990556,"myxo.myxid","0"
"5355","MSB:Fish:30771",1996,10,30,"MSB 30771-4","JAR11028F","KL","KL","07-28-2025",NA,26,20,165,"control","control_1991-2000",35.38033333,-106.4990556,"myxo.myxid","0"
"5356","MSB:Fish:315",1949,7,28,"MSB 315-3","JAR11521F","JG","KL","07-15-2025",NA,33,27,445,"impact","impact_1941-1950",35.188761,-106.64706,"myxo.myxid",NA
"5357","MSB:Fish:315",1949,7,28,"MSB 315-2","JAR11524F","BP","KL","07-15-2025","F",38,30,666,"impact","impact_1941-1950",35.188761,-106.64706,"myxo.myxid","0"
"5358","MSB:Fish:315",1949,7,28,"MSB 315-4","JAR11527F","BP","KL","07-15-2025","F",31,24,301,"impact","impact_1941-1950",35.188761,-106.64706,"myxo.myxid",NA
"5359","MSB:Fish:315",1949,7,28,"MSB 315-1","JAR11522F","JG","BP","07-15-2025",NA,38,31,711,"impact","impact_1941-1950",35.188761,-106.64706,"myxo.myxid",NA
"5360","MSB:Fish:315",1949,7,28,"MSB 315-5","JAR11544F","JG","EO","07-15-2025","F",35,28,417,"impact","impact_1941-1950",35.188761,-106.64706,"myxo.myxid","0"
"5361","MSB:Fish:324",1950,10,18,"MSB 324-2","JAR11336F","BP","KL","07-10-2025","F",45,36,1097,"control","control_1941-1950",35.229809,-106.616288,"myxo.myxid",NA
"5362","MSB:Fish:324",1950,10,18,"MSB 324-1","JAR11335F","JG","KL","07-10-2025","F",39,33,691,"control","control_1941-1950",35.229809,-106.616288,"myxo.myxid",NA
"5363","MSB:Fish:324",1950,10,18,"MSB 324-5","JAR11339F","BP","KL","07-10-2025","F",39,31,754,"control","control_1941-1950",35.229809,-106.616288,"myxo.myxid","0"
"5364","MSB:Fish:324",1950,10,18,"MSB 324-4","JAR11338F","BP","GC","07-10-2025",NA,46,36,1172,"control","control_1941-1950",35.229809,-106.616288,"myxo.myxid",NA
"5365","MSB:Fish:324",1950,10,18,"MSB 324-3","JAR11337F","BP","GC","07-10-2025",NA,49,39,1841,"control","control_1941-1950",35.229809,-106.616288,"myxo.myxid",NA
"5366","MSB:Fish:326",1949,7,21,"MSB 326-5","JAR8924F","EO","JG","07-09-2025","F",38,32,628,"impact","impact_1941-1950",35.210652,-106.627124,"myxo.myxid","0"
"5367","MSB:Fish:326",1949,7,21,"MSB 326-4","JAR8933F","EO","KL","07-09-2025","F",33,27,421,"impact","impact_1941-1950",35.210652,-106.627124,"myxo.myxid",NA
"5368","MSB:Fish:326",1949,7,21,"MSB 326-3","JAR8931F","KL","KL","07-09-2025",NA,36,30,581,"impact","impact_1941-1950",35.210652,-106.627124,"myxo.myxid",NA
"5369","MSB:Fish:326",1949,7,21,"MSB 326-2","JAR8926F","KL","GC","07-09-2025","F",34,28,560,"impact","impact_1941-1950",35.210652,-106.627124,"myxo.myxid",NA
"5370","MSB:Fish:326",1949,7,21,"MSB 326-1","JAR8922F","KL","KL","07-09-2025","F",33,27,355,"impact","impact_1941-1950",35.210652,-106.627124,"myxo.myxid","0"
"5371","MSB:Fish:327",1942,2,28,"MSB 327-1","JAR8840F","EO","GC","07-08-2025","F",45,36,927,"control","control_1941-1950",35.37417,-106.49278,"myxo.myxid","0"
"5372","MSB:Fish:327",1942,2,28,"MSB 327-4","JAR8842F","EO","GC","07-08-2025",NA,32,25,257,"control","control_1941-1950",35.37417,-106.49278,"myxo.myxid","0"
"5373","MSB:Fish:327",1942,2,28,"MSB 327-3","JAR8846F","BP","GC","07-08-2025","F",45,36,910,"control","control_1941-1950",35.37417,-106.49278,"myxo.myxid","0"
"5374","MSB:Fish:327",1942,2,28,"MSB 327-2","JAR8903F","EO","JG","07-08-2025",NA,47,38,1118,"control","control_1941-1950",35.37417,-106.49278,"myxo.myxid","0"
"5375","MSB:Fish:327",1942,2,28,"MSB 327-5","JAR8844F","BP","GC","07-08-2025","F",25,20,131,"control","control_1941-1950",35.37417,-106.49278,"myxo.myxid","0"
"5376","MSB:Fish:330",1949,11,5,"MSB 330-1","JAR11350F","EO","JG","07-10-2025",NA,45,36,982,"control","control_1941-1950",35.211994,-106.631125,"myxo.myxid",NA
"5377","MSB:Fish:330",1949,11,5,"MSB 330-3","JAR11356F","EO","GC","07-10-2025",NA,29,23,241,"control","control_1941-1950",35.211994,-106.631125,"myxo.myxid","0"
"5378","MSB:Fish:330",1949,11,5,"MSB 330-4","JAR11353F","JG","BP","07-10-2025",NA,32,26,276,"control","control_1941-1950",35.211994,-106.631125,"myxo.myxid","0"
"5379","MSB:Fish:330",1949,11,5,"MSB 330-5","JAR11369F","JG","EO","07-10-2025","F",26,22,195,"control","control_1941-1950",35.211994,-106.631125,"myxo.myxid",NA
"5380","MSB:Fish:330",1949,11,5,"MSB 330-2","JAR11347F","JG","BP","07-10-2025",NA,34,28,374,"control","control_1941-1950",35.211994,-106.631125,"myxo.myxid","0"
"5381","MSB:Fish:334",1952,5,3,"MSB 334-1","JAR11113F","BP","KL","07-16-2025",NA,33,26,309,"control","control_1951-1960",35.302146,-106.571551,"myxo.myxid","0"
"5382","MSB:Fish:334",1952,5,3,"MSB 334-3","JAR11107F","BP","JG","07-16-2025",NA,30,24,217,"control","control_1951-1960",35.302146,-106.571551,"myxo.myxid","0"
"5383","MSB:Fish:334",1952,5,3,"MSB 334-5","JAR11108F","BP","GC","07-16-2025",NA,27,22,179,"control","control_1951-1960",35.302146,-106.571551,"myxo.myxid","0"
"5384","MSB:Fish:334",1952,5,3,"MSB 334-4","JAR11116F","BP","EO","07-16-2025","F",30,23,233,"control","control_1951-1960",35.302146,-106.571551,"myxo.myxid","0"
"5385","MSB:Fish:334",1952,5,3,"MSB 334-2","JAR11110F","BP","EO","07-16-2025","F",31,25,293,"control","control_1951-1960",35.302146,-106.571551,"myxo.myxid","0"
"5386","MSB:Fish:3391",1965,5,18,"MSB 3391-1","JAR11370F","EO","KL","07-10-2025","F",41,35,794,"control","control_1961-1970",35.383813,-106.481,"myxo.myxid","0"
"5387","MSB:Fish:3391",1965,5,18,"MSB 3391-2","JAR11366F","EO","GC","07-10-2025","M",28,23,188,"control","control_1961-1970",35.383813,-106.481,"myxo.myxid",NA
"5388","MSB:Fish:3391",1965,5,18,"MSB 3391-5","JAR11367F","EO","JG","07-10-2025","F",35,28,522,"control","control_1961-1970",35.383813,-106.481,"myxo.myxid","0"
"5389","MSB:Fish:3391",1965,5,18,"MSB 3391-4","JAR11364F","EO","KL","07-10-2025",NA,33,27,348,"control","control_1961-1970",35.383813,-106.481,"myxo.myxid",NA
"5390","MSB:Fish:3391",1965,5,18,"MSB 3391-3","JAR11363F","EO","EO","07-10-2025","F",31,26,296,"control","control_1961-1970",35.383813,-106.481,"myxo.myxid",NA
"5391","MSB:Fish:3421",1972,6,19,"MSB 3421-1","JAR11296F","EO","KL","07-14-2025","F",36,29,612,"control","control_1971-1980",35.249718,-106.603396,"myxo.myxid",NA
"5392","MSB:Fish:3421",1972,6,19,"MSB 3421-4","JAR11294F","EO","KL","07-14-2025","F",40,33,736,"control","control_1971-1980",35.249718,-106.603396,"myxo.myxid","0"
"5393","MSB:Fish:3421",1972,6,19,"MSB 3421-2","JAR11288F","EO","KL","07-14-2025","F",46,37,1270,"control","control_1971-1980",35.249718,-106.603396,"myxo.myxid",NA
"5394","MSB:Fish:3421",1972,6,19,"MSB 3421-5","JAR11293F","EO","KL","07-14-2025","F",44,36,1076,"control","control_1971-1980",35.249718,-106.603396,"myxo.myxid",NA
"5395","MSB:Fish:3421",1972,6,19,"MSB 3421-3","JAR11291F","EO","KL","07-14-2025","F",42,35,996,"control","control_1971-1980",35.249718,-106.603396,"myxo.myxid",NA
"5396","MSB:Fish:365",1947,9,27,"MSB 365-1","JAR11529F","JG","JG","07-15-2025",NA,39,33,608,"control","control_1941-1950",35.321576,-106.555389,"myxo.myxid",NA
"5397","MSB:Fish:365",1947,9,27,"MSB 365-5","JAR11531F","JG","JG","07-15-2025",NA,32,25,251,"control","control_1941-1950",35.321576,-106.555389,"myxo.myxid",NA
"5398","MSB:Fish:365",1947,9,27,"MSB 365-2","JAR11532F","BP","KL","07-15-2025","F",38,29,390,"control","control_1941-1950",35.321576,-106.555389,"myxo.myxid",NA
"5399","MSB:Fish:365",1947,9,27,"MSB 365-3","JAR11526F","JG","KL","07-15-2025","F",37,29,507,"control","control_1941-1950",35.321576,-106.555389,"myxo.myxid",NA
"5400","MSB:Fish:365",1947,9,27,"MSB 365-4","JAR11523F","BP","KL","07-15-2025",NA,38,30,356,"control","control_1941-1950",35.321576,-106.555389,"myxo.myxid",NA
"5401","MSB:Fish:38942",1997,7,5,"MSB 38942-5","JAR11115F","EO","GC","07-17-2025","F",41,32,883,"control","control_1991-2000",35.28302778,-106.5981389,"myxo.myxid","0"
"5402","MSB:Fish:38942",1997,7,5,"MSB 38942-1","JAR11120F","EO","GC","07-17-2025","F",50,42,2039,"control","control_1991-2000",35.28302778,-106.5981389,"myxo.myxid","0"
"5403","MSB:Fish:38942",1997,7,5,"MSB 38942-2","JAR11119F","EO","KL","07-17-2025","F",47,39,1803,"control","control_1991-2000",35.28302778,-106.5981389,"myxo.myxid","0"
"5404","MSB:Fish:38942",1997,7,5,"MSB 38942-3","JAR11121F","EO","KL","07-17-2025","F",45,38,1685,"control","control_1991-2000",35.28302778,-106.5981389,"myxo.myxid",NA
"5405","MSB:Fish:38942",1997,7,5,"MSB 38942-4","JAR11118F","EO","KL","07-17-2025","F",46,38,1451,"control","control_1991-2000",35.28302778,-106.5981389,"myxo.myxid","0"
"5406","MSB:Fish:39100",1997,10,15,"MSB 39100-1","JAR11577F","BP","JG","07-17-2025",NA,34,26,374,"control","control_1991-2000",35.322164,-106.557448,"myxo.myxid","0"
"5407","MSB:Fish:39100",1997,10,15,"MSB 39100-2","JAR11573F","BP","EO","07-17-2025","F",38,28,500,"control","control_1991-2000",35.322164,-106.557448,"myxo.myxid",NA
"5408","MSB:Fish:39100",1997,10,15,"MSB 39100-4","JAR11575F","BP","GC","07-17-2025","F",34,26,403,"control","control_1991-2000",35.322164,-106.557448,"myxo.myxid","0"
"5409","MSB:Fish:39100",1997,10,15,"MSB 39100-5","JAR11576F","BP","GC","07-17-2025","F",25,19,144,"control","control_1991-2000",35.322164,-106.557448,"myxo.myxid",NA
"5410","MSB:Fish:39100",1997,10,15,"MSB 39100-3","JAR11574F","BP","KL","07-17-2025","M",25,20,167,"control","control_1991-2000",35.322164,-106.557448,"myxo.myxid","0"
"5411","MSB:Fish:3993",1977,9,28,"MSB 3993-4","JAR11626F","BP","GC","07-21-2025","F",29,23,333,"impact","impact_1971-1980",35.136341,-106.685742,"myxo.myxid","0"
"5412","MSB:Fish:3993",1977,9,28,"MSB 3993-1","JAR11623F","JG","GC","07-21-2025",NA,25,20,170,"impact","impact_1971-1980",35.136341,-106.685742,"myxo.myxid","0"
"5413","MSB:Fish:3993",1977,9,28,"MSB 3993-2","JAR11621F","BP","GC","07-21-2025","F",26,20,224,"impact","impact_1971-1980",35.136341,-106.685742,"myxo.myxid","0"
"5414","MSB:Fish:3993",1977,9,28,"MSB 3993-3","JAR11618F","JG","BP","07-21-2025","M",28,21,181,"impact","impact_1971-1980",35.136341,-106.685742,"myxo.myxid","0"
"5415","MSB:Fish:3993",1977,9,28,"MSB 3993-5","JAR11620F","JG","BP","07-21-2025","M",27,21,186,"impact","impact_1971-1980",35.136341,-106.685742,"myxo.myxid","0"
"5416","MSB:Fish:4012",1977,9,28,"MSB 4012-5","JAR11616F","JG","JG","07-21-2025",NA,25,21,169,"impact","impact_1971-1980",35.134932,-106.690783,"myxo.myxid","0"
"5417","MSB:Fish:4012",1977,9,28,"MSB 4012-1","JAR11607F","JG","EO","07-21-2025","F",32,25,365,"impact","impact_1971-1980",35.134932,-106.690783,"myxo.myxid","0"
"5418","MSB:Fish:4012",1977,9,28,"MSB 4012-4","JAR11613F","BP","GC","07-21-2025","F",26,20,178,"impact","impact_1971-1980",35.134932,-106.690783,"myxo.myxid","0"
"5419","MSB:Fish:4012",1977,9,28,"MSB 4012-3","JAR11617F","JG","GC","07-21-2025","F",32,27,303,"impact","impact_1971-1980",35.134932,-106.690783,"myxo.myxid","1"
"5420","MSB:Fish:4012",1977,9,28,"MSB 4012-2","JAR11610F","BP","GC","07-21-2025","F",31,24,316,"impact","impact_1971-1980",35.134932,-106.690783,"myxo.myxid","0"
"5421","MSB:Fish:4056",1978,5,19,"MSB 4056-2","JAR11322F","EO","KL","07-14-2025","F",36,28,566,"control","control_1971-1980",35.253481,-106.591225,"myxo.myxid",NA
"5422","MSB:Fish:4056",1978,5,19,"MSB 4056-3","JAR11318F","EO","JG","07-14-2025","F",37,28,549,"control","control_1971-1980",35.253481,-106.591225,"myxo.myxid",NA
"5423","MSB:Fish:4056",1978,5,19,"MSB 4056-4","JAR11317F","EO","JG","07-14-2025","F",34,28,483,"control","control_1971-1980",35.253481,-106.591225,"myxo.myxid",NA
"5424","MSB:Fish:4056",1978,5,19,"MSB 4056-1","JAR11319F","EO","GC","07-14-2025","F",37,30,644,"control","control_1971-1980",35.253481,-106.591225,"myxo.myxid",NA
"5425","MSB:Fish:4056",1978,5,19,"MSB 4056-5","JAR11321F","EO","GC","07-14-2025","F",34,28,581,"control","control_1971-1980",35.253481,-106.591225,"myxo.myxid","0"
"5426","MSB:Fish:4086",1978,9,29,"MSB 4086-3","JAR11342F","BP","JG","07-11-2025",NA,31,24,340,"control","control_1971-1980",35.380072,-106.499406,"myxo.myxid",NA
"5427","MSB:Fish:4086",1978,9,29,"MSB 4086-5","JAR11340F","BP","GC","07-11-2025","M",29,23,261,"control","control_1971-1980",35.380072,-106.499406,"myxo.myxid","0"
"5428","MSB:Fish:4086",1978,9,29,"MSB 4086-4","JAR11341F","BP","GC","07-11-2025","F",26,19,139,"control","control_1971-1980",35.380072,-106.499406,"myxo.myxid","0"
"5429","MSB:Fish:4086",1978,9,29,"MSB 4086-2","JAR11344F","BP","EO","07-11-2025","F",40,30,701,"control","control_1971-1980",35.380072,-106.499406,"myxo.myxid",NA
"5430","MSB:Fish:4086",1978,9,29,"MSB 4086-1","JAR11345F","BP","KL","07-11-2025","F",41,32,795,"control","control_1971-1980",35.380072,-106.499406,"myxo.myxid","0"
"5431","MSB:Fish:4172",1977,5,10,"MSB 4172-2","JAR11329F","JG","GC","07-14-2025","F",33,29,347,"control","control_1971-1980",35.26637,-106.598674,"myxo.myxid",NA
"5432","MSB:Fish:4172",1977,5,10,"MSB 4172-3","JAR11330F","BP","KL","07-14-2025","F",27,21,170,"control","control_1971-1980",35.26637,-106.598674,"myxo.myxid","0"
"5433","MSB:Fish:4172",1977,5,10,"MSB 4172-4","JAR11327F","BP","GC","07-14-2025","M",27,21,150,"control","control_1971-1980",35.26637,-106.598674,"myxo.myxid","0"
"5434","MSB:Fish:4172",1977,5,10,"MSB 4172-1","JAR11328F","BP","KL","07-14-2025",NA,29,24,252,"control","control_1971-1980",35.26637,-106.598674,"myxo.myxid",NA
"5435","MSB:Fish:4172",1977,5,10,"MSB 4172-5","JAR11326F","JG","JG","07-14-2025",NA,27,21,137,"control","control_1971-1980",35.26637,-106.598674,"myxo.myxid","0"
"5436","MSB:Fish:4176",1978,5,21,"MSB 4176-5","JAR8822F","JG","KL","07-08-2025","F",29,23,368,"control","control_1971-1980",35.253481,-106.591225,"myxo.myxid","0"
"5437","MSB:Fish:4176",1978,5,21,"MSB 4176-1","JAR8821F","BP","JG","07-08-2025","F",38,31,741,"control","control_1971-1980",35.253481,-106.591225,"myxo.myxid","0"
"5438","MSB:Fish:4176",1978,5,21,"MSB 4176-3","JAR8818F","JG","KL","07-08-2025","F",33,26,425,"control","control_1971-1980",35.253481,-106.591225,"myxo.myxid","1"
"5439","MSB:Fish:4176",1978,5,21,"MSB 4176-2","JAR8816F","BP","EO","07-08-2025","F",39,31,798,"control","control_1971-1980",35.253481,-106.591225,"myxo.myxid","0"
"5440","MSB:Fish:4176",1978,5,21,"MSB 4176-4","JAR8820F","BP","JG","07-08-2025","F",38,30,806,"control","control_1971-1980",35.253481,-106.591225,"myxo.myxid","0"
"5441","MSB:Fish:43165",1999,4,21,"MSB 43165-3","JAR11124F","EO","KL","07-17-2025","F",35,27,471,"impact","impact_1991-2000",35.027111,-106.672944,"myxo.myxid","0"
"5442","MSB:Fish:43165",1999,4,21,"MSB 43165-4","JAR11123F","EO","JG GC","07-17-2025","F",38,30,636,"impact","impact_1991-2000",35.027111,-106.672944,"myxo.myxid",NA
"5443","MSB:Fish:43165",1999,4,21,"MSB 43165-2","JAR11125F","EO","EO","07-17-2025","F",38,30,668,"impact","impact_1991-2000",35.027111,-106.672944,"myxo.myxid",NA
"5444","MSB:Fish:43165",1999,4,21,"MSB 43165-1","JAR11126F","EO","GC","07-17-2025","F",33,27,464,"impact","impact_1991-2000",35.027111,-106.672944,"myxo.myxid","0"
"5445","MSB:Fish:43165",1999,4,21,"MSB 43165-5","JAR11122F","EO","KL","07-17-2025","F",40,32,732,"impact","impact_1991-2000",35.027111,-106.672944,"myxo.myxid",NA
"5446","MSB:Fish:43242",1999,7,14,"MSB 43242-5","JAR11026F","KL","KL","07-28-2025",NA,41,33,899,"control","control_1991-2000",35.28302778,-106.5981389,"myxo.myxid","0"
"5447","MSB:Fish:43242",1999,7,14,"MSB 43242-4","JAR11034F","KL","KL","07-28-2025","F",32,25,344,"control","control_1991-2000",35.28302778,-106.5981389,"myxo.myxid","0"
"5448","MSB:Fish:43242",1999,7,14,"MSB 43242-3","JAR11029F","KL","KL","07-28-2025","F",32,25,338,"control","control_1991-2000",35.28302778,-106.5981389,"myxo.myxid","0"
"5449","MSB:Fish:43242",1999,7,14,"MSB 43242-2","JAR11032F","KL","KL","07-28-2025",NA,32,26,416,"control","control_1991-2000",35.28302778,-106.5981389,"myxo.myxid","0"
"5450","MSB:Fish:43242",1999,7,14,"MSB 43242-1","JAR11031F","KL","KL","07-28-2025",NA,29,22,249,"control","control_1991-2000",35.28302778,-106.5981389,"myxo.myxid","0"
"5451","MSB:Fish:43251",1999,7,15,"MSB 43251-2","JAR11011F","KL","KL","07-23-2025","F",37,29,616,"impact","impact_1991-2000",35.089293,-106.680842,"myxo.myxid",NA
"5452","MSB:Fish:43251",1999,7,15,"MSB 43251-1","JAR11014F","KL","KL","07-23-2025",NA,32,26,384,"impact","impact_1991-2000",35.089293,-106.680842,"myxo.myxid",NA
"5453","MSB:Fish:43251",1999,7,15,"MSB 43251-4","JAR11018F","KL","KL","07-23-2025","F",32,25,392,"impact","impact_1991-2000",35.089293,-106.680842,"myxo.myxid",NA
"5454","MSB:Fish:43251",1999,7,15,"MSB 43251-5","JAR11019F","KL","KL","07-23-2025","F",34,27,NA,"impact","impact_1991-2000",35.089293,-106.680842,"myxo.myxid","0"
"5455","MSB:Fish:43251",1999,7,15,"MSB 43251-3","JAR11017F","KL","KL","07-23-2025","F",33,27,379,"impact","impact_1991-2000",35.089293,-106.680842,"myxo.myxid","0"
"5456","MSB:Fish:43370",1999,8,25,"MSB 43370-2","JAR11035F","KL","KL","07-28-2025",NA,28,22,215,"control","control_1991-2000",35.28302778,-106.5981389,"myxo.myxid",NA
"5457","MSB:Fish:43370",1999,8,25,"MSB 43370-3","JAR11036F","KL","KL","07-28-2025",NA,36,29,480,"control","control_1991-2000",35.28302778,-106.5981389,"myxo.myxid",NA
"5458","MSB:Fish:43370",1999,8,25,"MSB 43370-1","JAR11041F","KL","KL","07-28-2025",NA,38,30,NA,"control","control_1991-2000",35.28302778,-106.5981389,"myxo.myxid","1"
"5459","MSB:Fish:43370",1999,8,25,"MSB 43370-5","JAR11043F","KL","KL","07-28-2025","M",30,24,225,"control","control_1991-2000",35.28302778,-106.5981389,"myxo.myxid",NA
"5460","MSB:Fish:43370",1999,8,25,"MSB 43370-4","JAR11042F","KL","KL","07-28-2025",NA,26,20,154,"control","control_1991-2000",35.28302778,-106.5981389,"myxo.myxid",NA
"5461","MSB:Fish:4353",1978,9,8,"MSB 4353-1","JAR11097F","JG","GC","07-16-2025","F",35,29,601,"control","control_1971-1980",35.222784,-106.601974,"myxo.myxid","0"
"5462","MSB:Fish:4353",1978,9,8,"MSB 4353-4","JAR11106F","BP","BP","07-16-2025",NA,25,19,157,"control","control_1971-1980",35.222784,-106.601974,"myxo.myxid","1"
"5463","MSB:Fish:4353",1978,9,8,"MSB 4353-2","JAR11100F","JG","GC","07-16-2025","M",29,24,212,"control","control_1971-1980",35.222784,-106.601974,"myxo.myxid",NA
"5464","MSB:Fish:4353",1978,9,8,"MSB 4353-5","JAR11105F","BP","KL","07-16-2025",NA,25,20,NA,"control","control_1971-1980",35.222784,-106.601974,"myxo.myxid",NA
"5465","MSB:Fish:4353",1978,9,8,"MSB 4353-3","JAR11103F","JG","GC","07-16-2025","M",27,22,151,"control","control_1971-1980",35.222784,-106.601974,"myxo.myxid",NA
"5466","MSB:Fish:4378",1978,9,23,"MSB 4378-3","JAR11554F","JG","KL","07-16-2025","F",38,32,556,"impact","impact_1971-1980",34.905272,-106.685564,"myxo.myxid","1"
"5467","MSB:Fish:4378",1978,9,23,"MSB 4378-5","JAR11545F","BP","GC","07-16-2025","F",36,28,469,"impact","impact_1971-1980",34.905272,-106.685564,"myxo.myxid","0"
"5468","MSB:Fish:4378",1978,9,23,"MSB 4378-3","JAR11546F","BP","KL","07-16-2025","F",42,32,738,"impact","impact_1971-1980",34.905272,-106.685564,"myxo.myxid",NA
"5469","MSB:Fish:4378",1978,9,23,"MSB 4378-2","JAR11551F","BP","JG","07-16-2025","F",38,30,633,"impact","impact_1971-1980",34.905272,-106.685564,"myxo.myxid","0"
"5470","MSB:Fish:4378",1978,9,23,"MSB 4378-1","JAR11548F","BP","KL","07-16-2025","F",37,28,634,"impact","impact_1971-1980",34.905272,-106.685564,"myxo.myxid","0"
"5471","MSB:Fish:438",1978,NA,5,"MSB 4389-1","JAR11516F","JG","GC","07-15-2025",NA,38,31,575,NA,NA,NA,NA,"myxo.myxid",NA
"5472","MSB:Fish:4385",1978,9,6,"MSB 4385-2","JAR8843F","EO","KL","07-08-2025",NA,30,26,273,"impact","impact_1971-1980",34.905272,-106.685564,"myxo.myxid","0"
"5473","MSB:Fish:4385",1978,9,6,"MSB 4385-5","JAR8838F","EO","JG","07-08-2025","F",27,22,197,"impact","impact_1971-1980",34.905272,-106.685564,"myxo.myxid","0"
"5474","MSB:Fish:4385",1978,9,6,"MSB 4385-3","JAR8845F","KL","KL","07-08-2025","F",27,23,204,"impact","impact_1971-1980",34.905272,-106.685564,"myxo.myxid","0"
"5475","MSB:Fish:4385",1978,9,6,"MSB 4385-4","JAR8839","KL","GC","07-08-2025","F",26,22,222,"impact","impact_1971-1980",34.905272,-106.685564,"myxo.myxid",NA
"5476","MSB:Fish:4385",1978,9,6,"MSB 4385-1","JAR8841F","KL","KL","07-08-2025","F",25,21,161,"impact","impact_1971-1980",34.905272,-106.685564,"myxo.myxid",NA
"5477","MSB:Fish:4389",1978,9,5,"MSB 4389-2","JAR11519F","JG","GC","07-15-2025","F",34,28,507,"impact","impact_1971-1980",35.092867,-106.682332,"myxo.myxid","0"
"5478","MSB:Fish:4389",1978,9,5,"MSB 4389-4","JAR11514F","JG","GC","07-15-2025",NA,40,33,716,"impact","impact_1971-1980",35.092867,-106.682332,"myxo.myxid",NA
"5479","MSB:Fish:4389",1978,9,5,"MSB 4389-3","JAR11511F","JG","GC","07-15-2025","M",34,29,461,"impact","impact_1971-1980",35.092867,-106.682332,"myxo.myxid",NA
"5480","MSB:Fish:4389",1978,9,5,"MSB 4389-5","JAR11513F","JG","GC","07-15-2025",NA,38,32,654,"impact","impact_1971-1980",35.092867,-106.682332,"myxo.myxid","0"
"5481","MSB:Fish:4418",1978,8,3,"MSB 4418-1","JAR11292F","BP","GC","07-14-2025","F",43,34,1443,"impact","impact_1971-1980",34.905272,-106.685564,"myxo.myxid",NA
"5482","MSB:Fish:4418",1978,8,3,"MSB 4418-2","JAR11289F","BP","KL","07-14-2025","F",38,30,662,"impact","impact_1971-1980",34.905272,-106.685564,"myxo.myxid","0"
"5483","MSB:Fish:4418",1978,8,3,"MSB 4418-5","JAR11297F","EO","KL","07-14-2025","F",40,33,985,"impact","impact_1971-1980",34.905272,-106.685564,"myxo.myxid",NA
"5484","MSB:Fish:4418",1978,8,3,"MSB 4418-4","JAR11298F","EO","KL","07-14-2025","F",37,30,678,"impact","impact_1971-1980",34.905272,-106.685564,"myxo.myxid","0"
"5485","MSB:Fish:4418",1978,8,3,"MSB 4418-3","JAR11295F","BP","KL","07-14-2025","F",40,31,805,"impact","impact_1971-1980",34.905272,-106.685564,"myxo.myxid","0"
"5486","MSB:Fish:4440",1978,9,5,"MSB 4440-2","JAR11555F","BJG","JG","07-16-2025",NA,28,22,223,"impact","impact_1971-1980",35.090702,-106.684514,"myxo.myxid","0"
"5487","MSB:Fish:4440",1978,9,5,"MSB 4440-1","JAR11552F","BP","JG","07-16-2025",NA,25,20,138,"impact","impact_1971-1980",35.090702,-106.684514,"myxo.myxid","0"
"5488","MSB:Fish:4440",1978,9,5,"MSB 4440-4","JAR11098F","JG","KL","07-16-2025","M",25,21,144,"impact","impact_1971-1980",35.090702,-106.684514,"myxo.myxid",NA
"5489","MSB:Fish:4440",1978,9,5,"MSB 4440-3","JAR11095F","BP","GC","07-16-2025","M",27,20,205,"impact","impact_1971-1980",35.090702,-106.684514,"myxo.myxid","0"
"5490","MSB:Fish:4440",1978,9,5,"MSB 4440-5","JAR11549F","BP","GC","07-16-2025","M",26,20,151,"impact","impact_1971-1980",35.090702,-106.684514,"myxo.myxid","0"
"5491","MSB:Fish:4453",1978,9,5,"MSB 4453-5","JAR8940F","EO","GC","07-10-2025","M",27,22,167,"impact","impact_1971-1980",35.10562,-106.681074,"myxo.myxid","0"
"5492","MSB:Fish:4453",1978,9,5,"MSB 4453-1","JAR11359F","EO","KL","07-10-2025","F",36,30,577,"impact","impact_1971-1980",35.10562,-106.681074,"myxo.myxid",NA
"5493","MSB:Fish:4453",1978,9,5,"MSB 4453-3","JAR8938F","EO","KL","07-10-2025","M",28,22,149,"impact","impact_1971-1980",35.10562,-106.681074,"myxo.myxid","0"
"5494","MSB:Fish:4453",1978,9,5,"MSB 4453-2","JAR8936F","EO ","GC","07-10-2025","F",39,31,742,"impact","impact_1971-1980",35.10562,-106.681074,"myxo.myxid","0"
"5495","MSB:Fish:4453",1978,9,5,"MSB 4453-4","JAR8942F","EO","JG","07-10-2025",NA,26,22,143,"impact","impact_1971-1980",35.10562,-106.681074,"myxo.myxid",NA
"5496","MSB:Fish:4462",1978,6,14,"MSB 4462-1","JAR11541F","BP","BP","07-15-2025",NA,27,22,205,"control","control_1971-1980",35.322164,-106.557448,"myxo.myxid","0"
"5497","MSB:Fish:4462",1978,6,14,"MSB 4462-2","JAR11540F","BP","EO","07-15-2025","F",36,27,517,"control","control_1971-1980",35.322164,-106.557448,"myxo.myxid","0"
"5498","MSB:Fish:4462",1978,6,14,"MSB 4462-5","JAR11535F","BP","GC","07-15-2025","M",26,20,170,"control","control_1971-1980",35.322164,-106.557448,"myxo.myxid",NA
"5499","MSB:Fish:4462",1978,6,14,"MSB 4462-3","JAR11538F","BP","KL","07-15-2025","F",27,20,195,"control","control_1971-1980",35.322164,-106.557448,"myxo.myxid","0"
"5500","MSB:Fish:4462",1978,6,14,"MSB 4462-4","JAR11543F","BP","GC","07-15-2025","M",27,20,197,"control","control_1971-1980",35.322164,-106.557448,"myxo.myxid",NA
"5501","MSB:Fish:4486",1978,9,29,"MSB 4486-1","JAR11274F","JG","KL","07-11-2025","F",29,24,252,"control","control_1971-1980",35.383856,-106.490929,"myxo.myxid","0"
"5502","MSB:Fish:4486",1978,9,29,"MSB 4486-2","JAR11324F","JG","KL","07-11-2025","M",25,20,171,"control","control_1971-1980",35.383856,-106.490929,"myxo.myxid","1"
"5503","MSB:Fish:4486",1978,9,29,"MSB 4486-3","JAR11325F","KL","EO","07-11-2025","F",28,23,227,"control","control_1971-1980",35.383856,-106.490929,"myxo.myxid",NA
"5504","MSB:Fish:4486",1978,9,29,"MSB 4486-4","JAR11323F","KL","KL","07-11-2025",NA,27,22,226,"control","control_1971-1980",35.383856,-106.490929,"myxo.myxid","0"
"5505","MSB:Fish:4486",1978,9,29,"MSB 4486-5","JAR11273F","KL","KL","07-11-2025",NA,25,20,158,"control","control_1971-1980",35.383856,-106.490929,"myxo.myxid","1"
"5506","MSB:Fish:4748",1978,9,5,"MSB 4748-1","JAR8904F","BP","JG","07-09-2025",NA,33,25,374,"impact","impact_1971-1980",35.197227,-106.642667,"myxo.myxid","0"
"5507","MSB:Fish:4748",1978,9,5,"MSB 4748-3","JAR8907F","BP","EO","07-09-2025","F",34,27,362,"impact","impact_1971-1980",35.197227,-106.642667,"myxo.myxid",NA
"5508","MSB:Fish:4748",1978,9,5,"MSB 4748-2","JAR8909F","EO","JG","07-09-2025",NA,36,28,522,"impact","impact_1971-1980",35.197227,-106.642667,"myxo.myxid",NA
"5509","MSB:Fish:4748",1978,9,5,"MSB 4748-5","JAR8905F","BP","GC","07-09-2025",NA,30,24,278,"impact","impact_1971-1980",35.197227,-106.642667,"myxo.myxid","0"
"5510","MSB:Fish:4748",1978,9,5,"MSB 4748-4","JAR8906F","EO","GC","07-09-2025",NA,29,23,213,"impact","impact_1971-1980",35.197227,-106.642667,"myxo.myxid",NA
"5511","MSB:Fish:4750",1978,9,29,"MSB 4750-5","JAR8807F","EO","JG KL","07-07-2025",NA,34,27,447,"control","control_1971-1980",35.385246,-106.478952,"myxo.myxid",NA
"5512","MSB:Fish:4750",1978,9,29,"MSB 4750-3","JAR8809F","EO","GC","07-07-2025","F",44,35,886,"control","control_1971-1980",35.385246,-106.478952,"myxo.myxid",NA
"5513","MSB:Fish:4750",1978,9,29,"MSB 4750-1","JAR8811F","BP","JG GC","07-07-2025","F",40,32,703,"control","control_1971-1980",35.385246,-106.478952,"myxo.myxid","0"
"5514","MSB:Fish:4750",1978,9,29,"MSB 4750-4","JAR8813F","BP","KL","07-07-2025","F",39,31,703,"control","control_1971-1980",35.385246,-106.478952,"myxo.myxid",NA
"5515","MSB:Fish:4750",1978,9,29,"MSB 4750-2","JAR8808F","JG","KL","07-07-2025","F",41,36,1080,"control","control_1971-1980",35.385246,-106.478952,"myxo.myxid","0"
"5516","MSB:Fish:515",1949,11,19,"MSB 515-4","JAR11287F","EO","KL","07-14-2025","F",37,32,1145,"impact","impact_1941-1950",35.20447,-106.610066,"myxo.myxid","0"
"5517","MSB:Fish:515",1949,11,19,"MSB 515-1","JAR11307F","EO","KL","07-14-2025",NA,43,36,964,"impact","impact_1941-1950",35.20447,-106.610066,"myxo.myxid","0"
"5518","MSB:Fish:515",1949,11,19,"MSB 515-3","JAR11290F","EO","GC","07-14-2025","F",39,32,785,"impact","impact_1941-1950",35.20447,-106.610066,"myxo.myxid",NA
"5519","MSB:Fish:515",1949,11,19,"MSB 515-2","JAR11310F","EO","GC","07-14-2025","F",37,30,662,"impact","impact_1941-1950",35.20447,-106.610066,"myxo.myxid","0"
"5520","MSB:Fish:515",1949,11,19,"MSB 515-5","JAR11304F","EO","JG","07-14-2025","F",43,35,1190,"impact","impact_1941-1950",35.20447,-106.610066,"myxo.myxid",NA
"5521","MSB:Fish:5811",1987,9,9,"MSB 5811-4","JAR8806F","EO","KL","07-07-2025","F",34,27,481,"control","control_1981-1990",35.322164,-106.557448,"myxo.myxid",NA
"5522","MSB:Fish:5811",1987,9,9,"MSB 5811-5","JAR8810F","BP","GC","07-07-2025","F",32,26,411,"control","control_1981-1990",35.322164,-106.557448,"myxo.myxid","0"
"5523","MSB:Fish:5811",1987,9,9,"MSB 5811-2","JAR8804F","EO","GC","07-07-2025",NA,41,34,755,"control","control_1981-1990",35.322164,-106.557448,"myxo.myxid","0"
"5524","MSB:Fish:5811",1987,9,9,"MSB 5811-1","JAR8803F","BP","EO GC","07-07-2025","F",39,31,706,"control","control_1981-1990",35.322164,-106.557448,"myxo.myxid","0"
"5525","MSB:Fish:5811",1987,9,9,"MSB 5811-3","JAR8805F","BP","JG KL","07-07-2025",NA,35,27,556,"control","control_1981-1990",35.322164,-106.557448,"myxo.myxid","0"
"5526","MSB:Fish:5822",1987,9,10,"MSB 5822-1","JAR11343F","BP","GC","07-10-2025","F",34,26,358,"impact","impact_1981-1990",34.905272,-106.685564,"myxo.myxid","1"
"5527","MSB:Fish:5822",1987,9,10,"MSB 5822-5","JAR11352F","BP","JG","07-10-2025",NA,29,21,200,"impact","impact_1981-1990",34.905272,-106.685564,"myxo.myxid",NA
"5528","MSB:Fish:5822",1987,9,10,"MSB 5822-2","JAR11346F","BP","GC","07-10-2025","F",36,29,480,"impact","impact_1981-1990",34.905272,-106.685564,"myxo.myxid","0"
"5529","MSB:Fish:5822",1987,9,10,"MSB 5822-4","JAR11355F","JG","JG","07-10-2025",NA,25,20,153,"impact","impact_1981-1990",34.905272,-106.685564,"myxo.myxid","0"
"5530","MSB:Fish:5822",1987,9,10,"MSB 5822-3","JAR11358F","BP","JG","07-10-2025","F",41,32,826,"impact","impact_1981-1990",34.905272,-106.685564,"myxo.myxid",NA
"5531","MSB:Fish:62355",2000,9,14,"MSB 62355-1","JAR11052F","KL","KL","07-28-2025","F",32,25,322,"control","control_1991-2000",35.28373,-106.59878,"myxo.myxid",NA
"5532","MSB:Fish:62355",2000,9,14,"MSB 62355-3","JAR11053F","KL","KL","07-28-2025","F",29,24,210,"control","control_1991-2000",35.28373,-106.59878,"myxo.myxid",NA
"5533","MSB:Fish:62355",2000,9,14,"MSB 62355-2","JAR11055F","KL","KL","07-28-2025",NA,33,26,326,"control","control_1991-2000",35.28373,-106.59878,"myxo.myxid",NA
"5534","MSB:Fish:62355",2000,9,14,"MSB 62355-5","JAR11058F","KL","KL","07-28-2025",NA,25,21,152,"control","control_1991-2000",35.28373,-106.59878,"myxo.myxid",NA
"5535","MSB:Fish:62355",2000,9,14,"MSB 62355-4","JAR11054F","KL","KL","07-28-2025","F",32,25,308,"control","control_1991-2000",35.28373,-106.59878,"myxo.myxid","1"
"5536","MSB:Fish:6300",1988,11,12,"MSB 6300-5","JAR11624F","JG","GC","07-21-2025","F",33,27,377,"impact","impact_1981-1990",35.017903,-106.661847,"myxo.myxid","0"
"5537","MSB:Fish:6300",1988,11,12,"MSB 6300-1","JAR11625F","BP","BP","07-21-2025","M",33,26,347,"impact","impact_1981-1990",35.017903,-106.661847,"myxo.myxid","0"
"5538","MSB:Fish:6300",1988,11,12,"MSB 6300-4","JAR11622F","JG","BP","07-21-2025",NA,33,25,280,"impact","impact_1981-1990",35.017903,-106.661847,"myxo.myxid",NA
"5539","MSB:Fish:6300",1988,11,12,"MSB 6300-3","JAR11627F","BP","EO","07-21-2025","F",33,25,348,"impact","impact_1981-1990",35.017903,-106.661847,"myxo.myxid","0"
"5540","MSB:Fish:6300",1988,11,12,"MSB 6300-2","JAR11619F","JG","GC","07-21-2025","F",34,27,388,"impact","impact_1981-1990",35.017903,-106.661847,"myxo.myxid","0"
"5541","MSB:Fish:6405",1989,10,16,"MSB 6405-4","JAR11312F","BP","GC","07-14-2025","F",37,29,435,"impact","impact_1981-1990",35.089293,-106.680842,"myxo.myxid",NA
"5542","MSB:Fish:6405",1989,10,16,"MSB 6405-2","JAR11315F","JG","EO","07-14-2025","F",37,31,537,"impact","impact_1981-1990",35.089293,-106.680842,"myxo.myxid",NA
"5543","MSB:Fish:6405",1989,10,16,"MSB 6405-3","JAR11313F","JG","GC","07-14-2025","F",33,26,403,"impact","impact_1981-1990",35.089293,-106.680842,"myxo.myxid",NA
"5544","MSB:Fish:6405",1989,10,16,"MSB 6405-1","JAR1131F","BP","KL","07-14-2025","F",32,24,325,"impact","impact_1981-1990",35.089293,-106.680842,"myxo.myxid",NA
"5545","MSB:Fish:6405",1989,10,16,"MSB 6405-5","JAR11314F","JG","JG","07-14-2025",NA,34,27,398,"impact","impact_1981-1990",35.089293,-106.680842,"myxo.myxid",NA
"5546","MSB:Fish:68470",1984,8,15,"MSB 68470-3","JAR11608F","BP","JG","07-18-2025","F",44,33,959,"impact","impact_1981-1990",35.089293,-106.680842,"myxo.myxid","0"
"5547","MSB:Fish:68470",1984,8,15,"MSB 68470-1","JAR11604F","BP","KL","07-18-2025","F",41,31,874,"impact","impact_1981-1990",35.089293,-106.680842,"myxo.myxid",NA
"5548","MSB:Fish:68470",1984,8,15,"MSB 68470-5","JAR11601F","BP","EO","07-18-2025","F",37,29,554,"impact","impact_1981-1990",35.089293,-106.680842,"myxo.myxid",NA
"5549","MSB:Fish:68470",1984,8,15,"MSB 68470-2","JAR11605F","JG","GC","07-18-2025","F",37,30,568,"impact","impact_1981-1990",35.089293,-106.680842,"myxo.myxid","0"
"5550","MSB:Fish:68470",1984,8,15,"MSB 68470-4","JAR11611F","JG","JG","07-18-2025",NA,35,30,521,"impact","impact_1981-1990",35.089293,-106.680842,"myxo.myxid","0"
"5551","MSB:Fish:68483",1984,8,15,"MSB 68483-5","JAR11593F","JG","EO","07-18-2025","F",39,32,596,"impact","impact_1981-1990",35.069907,-106.658878,"myxo.myxid",NA
"5552","MSB:Fish:68483",1984,8,15,"MSB 68483-1","JAR11594F","JG","JG","07-18-2025","F",36,29,526,"impact","impact_1981-1990",35.069907,-106.658878,"myxo.myxid","0"
"5553","MSB:Fish:68483",1984,8,15,"MSB 68483-4","JAR11599","JG","GC","07-18-2025","F",37,30,507,"impact","impact_1981-1990",35.069907,-106.658878,"myxo.myxid",NA
"5554","MSB:Fish:68483",1984,8,15,"MSB 68483-3","JAR11602F","BP","BP","07-18-2025","F",36,29,500,"impact","impact_1981-1990",35.069907,-106.658878,"myxo.myxid","0"
"5555","MSB:Fish:68483",1984,8,15,"MSB 68483-2","JAR11596F","JG","KL","07-18-2025","F",35,29,498,"impact","impact_1981-1990",35.069907,-106.658878,"myxo.myxid","0"
"5556","MSB:Fish:68508",1984,8,15,"MSB 68508-2","JAR11591F","JG","JG","07-21-2025","F",34,27,416,"control","control_1981-1990",35.225523,-106.597651,"myxo.myxid","0"
"5557","MSB:Fish:68508",1984,8,15,"MSB 68508-4","JAR11588F","JG","GC","07-21-2025","F",35,28,587,"control","control_1981-1990",35.225523,-106.597651,"myxo.myxid","0"
"5558","MSB:Fish:68508",1984,8,15,"MSB 68508-5","JAR11587F","BP","JG","07-21-2025","F",33,25,397,"control","control_1981-1990",35.225523,-106.597651,"myxo.myxid",NA
"5559","MSB:Fish:68508",1984,8,15,"MSB 68508-3","JAR11585F","BP","EO","07-21-2025","F",37,28,556,"control","control_1981-1990",35.225523,-106.597651,"myxo.myxid","0"
"5560","MSB:Fish:68508",1984,8,15,"MSB 68508-1","JAR11590F","BP","GC","07-21-2025","F",36,27,487,"control","control_1981-1990",35.225523,-106.597651,"myxo.myxid","0"
"5561","MSB:Fish:68521",1984,8,16,"MSB 68521-5","JAR11597F","BP","JG","07-18-2025","F",32,25,429,"control","control_1981-1990",35.211416,-106.612833,"myxo.myxid","0"
"5562","MSB:Fish:68521",1984,8,16,"MSB 68521-4","JAR11598F","BP","KL","07-18-2025","F",31,24,369,"control","control_1981-1990",35.211416,-106.612833,"myxo.myxid",NA
"5563","MSB:Fish:68521",1984,8,16,"MSB 68521-1","JAR11600F","JG","KL","07-18-2025","F",39,31,597,"control","control_1981-1990",35.211416,-106.612833,"myxo.myxid","0"
"5564","MSB:Fish:68521",1984,8,16,"MSB 68521-3","JAR11595F","JG","BP","07-18-2025","F",39,31,719,"control","control_1981-1990",35.211416,-106.612833,"myxo.myxid",NA
"5565","MSB:Fish:68521",1984,8,16,"MSB 68521-2","JAR11603F","BP","BP","07-18-2025","F",36,27,661,"control","control_1981-1990",35.211416,-106.612833,"myxo.myxid","1"
"5566","MSB:Fish:7208",1989,11,4,"MSB 7208-3","JAR11518F","BP","GC","07-14-2025",NA,32,25,345,"impact","impact_1981-1990",35.205042,-106.609081,"myxo.myxid","0"
"5567","MSB:Fish:7208",1989,11,4,"MSB 7208-2","JAR11515F","EO","JG","07-14-2025",NA,38,31,650,"impact","impact_1981-1990",35.205042,-106.609081,"myxo.myxid","0"
"5568","MSB:Fish:7208",1989,11,4,"MSB 7208-5","JAR11509F","BP","GC","07-14-2025","F",34,25,381,"impact","impact_1981-1990",35.205042,-106.609081,"myxo.myxid","0"
"5569","MSB:Fish:7208",1989,11,4,"MSB 7208-1","JAR11510F","BP","KL","07-14-2025","F",36,26,645,"impact","impact_1981-1990",35.205042,-106.609081,"myxo.myxid","0"
"5570","MSB:Fish:7208",1989,11,4,"MSB 7208-4","JAR11512F","EO","GC","07-14-2025","F",37,29,482,"impact","impact_1981-1990",35.205042,-106.609081,"myxo.myxid","0"
"5571","MSB:Fish:7239",1989,11,12,"MSB 7230-1","JAR11606F","JG","GC","07-21-2025","F",30,23,279,"impact","impact_1981-1990",34.994298,-106.678945,"myxo.myxid",NA
"5572","MSB:Fish:7239",1989,11,12,"MSB 7239-4","JAR11615F","BP","EO","07-21-2025","F",29,22,268,"impact","impact_1981-1990",34.994298,-106.678945,"myxo.myxid","0"
"5573","MSB:Fish:7239",1989,11,12,"MSB 7239-2","JAR11612F","BP","JG","07-21-2025",NA,36,27,500,"impact","impact_1981-1990",34.994298,-106.678945,"myxo.myxid","0"
"5574","MSB:Fish:7239",1989,11,12,"MSB 7239-3","JAR11609F","JG","GC","07-21-2025",NA,27,22,204,"impact","impact_1981-1990",34.994298,-106.678945,"myxo.myxid",NA
"5575","MSB:Fish:7239",1989,11,12,"MSB 7239-5","JAR11614F","JG","EO","07-21-2025","F",30,24,281,"impact","impact_1981-1990",34.994298,-106.678945,"myxo.myxid","0"
"5576","MSB:Fish:73719",2002,9,16,"MSB 73719-4","JAR11050F","KL","KL","07-28-2025","F",38,31,612,"control","control_2001-2010",35.322164,-106.557448,"myxo.myxid","0"
"5577","MSB:Fish:73719",2002,9,16,"MSB 73719-5","JAR11051F","KL","KL","07-28-2025",NA,36,29,495,"control","control_2001-2010",35.322164,-106.557448,"myxo.myxid",NA
"5578","MSB:Fish:73719",2002,9,16,"MSB 73719-3","JAR11049F","KL","KL","07-28-2025","F",40,32,748,"control","control_2001-2010",35.322164,-106.557448,"myxo.myxid",NA
"5579","MSB:Fish:73719",2002,9,16,"MSB 73719-2","JAR11048F","KL","KL","07-28-2025","F",41,34,824,"control","control_2001-2010",35.322164,-106.557448,"myxo.myxid",NA
"5580","MSB:Fish:73719",2002,9,16,"MSB 73719-1","JAR11047F","KL","KL","07-28-2025",NA,37,30,488,"control","control_2001-2010",35.322164,-106.557448,"myxo.myxid","0"
"5581","MSB:Fish:7971",1990,10,22,"MSB 7971-2","JAR8910F","BP","EO","07-09-2025","F",29,24,264,"impact","impact_1981-1990",35.089293,-106.680842,"myxo.myxid",NA
"5582","MSB:Fish:7971",1990,10,22,"MSB 7971-1","JAR8912F","EO","KL","07-09-2025","F",38,30,560,"impact","impact_1981-1990",35.089293,-106.680842,"myxo.myxid","0"
"5583","MSB:Fish:7971",1990,10,22,"MSB 7971-3","JAR8908F","EO","BP","07-09-2025","F",33,25,370,"impact","impact_1981-1990",35.089293,-106.680842,"myxo.myxid","1"
"5584","MSB:Fish:7971",1990,10,22,"MSB 7971-5","JAR8916F","EO","BP","07-09-2025","F",28,21,207,"impact","impact_1981-1990",35.089293,-106.680842,"myxo.myxid","1"
"5585","MSB:Fish:7971",1990,10,22,"MSB 7971-4","JAR8914F","BP","GC","07-09-2025",NA,26,21,155,"impact","impact_1981-1990",35.089293,-106.680842,"myxo.myxid",NA
"5586","MSB:Fish:9004",1998,10,28,"MSB 9004-5","JAR11300F","JG","BP","07-14-2025","F",34,28,428,"impact","impact_1981-1990",35.196977,-106.642444,"myxo.myxid","0"
"5587","MSB:Fish:9004",1990,10,28,"MSB 9004-1","JAR11303F","BP","BP","07-14-2025",NA,33,27,388,"impact","impact_1981-1990",35.196977,-106.642444,"myxo.myxid","0"
"5588","MSB:Fish:9004",1990,10,28,"MSB 9004-4","JAR11301F","JG","GC","07-14-2025",NA,34,28,405,"impact","impact_1981-1990",35.196977,-106.642444,"myxo.myxid","0"
"5589","MSB:Fish:9004",1990,10,28,"MSB 9004-2","JAR11306F","JG","KL","07-14-2025",NA,32,25,351,"impact","impact_1981-1990",35.196977,-106.642444,"myxo.myxid",NA
"5590","MSB:Fish:9004",1990,10,28,"MSB 9004-3","JAR11309F","JG","KL","07-14-2025","F",40,32,595,"impact","impact_1981-1990",35.196977,-106.642444,"myxo.myxid","0"
"5591","MSB:Fish:9011",1990,10,28,"MSB 9011-1","JAR11099F","JG","GC","07-16-2025",NA,36,30,481,"control","control_1981-1990",35.28086111,-106.5988056,"myxo.myxid","1"
"5592","MSB:Fish:9011",1990,10,28,"MSB 9011-3","JAR11104F","JG","JG","07-16-2025",NA,35,27,423,"control","control_1981-1990",35.28086111,-106.5988056,"myxo.myxid","0"
"5593","MSB:Fish:9011",1990,10,28,"MSB 9011-5","JAR11101F","JG","KL","07-16-2025",NA,30,24,291,"control","control_1981-1990",35.28086111,-106.5988056,"myxo.myxid","0"
"5594","MSB:Fish:9011",1990,10,28,"MSB 9011-4","JAR11096F","BP","GC","07-16-2025","F",32,23,324,"control","control_1981-1990",35.28086111,-106.5988056,"myxo.myxid","1"
"5595","MSB:Fish:9011",1990,10,28,"MSB 9011-2","JAR11102F","JG","GC","07-16-2025",NA,36,31,550,"control","control_1981-1990",35.28086111,-106.5988056,"myxo.myxid","0"
"5596","MSB:Fish:9465",1989,2,26,"MSB 9465-1","JAR11536F","EO","KL","07-15-2025","F",38,31,553,"impact","impact_1981-1990",34.917008,-106.675195,"myxo.myxid","0"
"5597","MSB:Fish:9465",1989,2,26,"MSB 9465-4","JAR11539F","EO","KL","07-15-2025","F",47,38,1063,"impact","impact_1981-1990",34.917008,-106.675195,"myxo.myxid","0"
"5598","MSB:Fish:9465",1989,2,26,"MSB 9465-3","JAR11542F","BP","GC","07-15-2025",NA,39,30,565,"impact","impact_1981-1990",34.917008,-106.675195,"myxo.myxid",NA
"5599","MSB:Fish:9465",1989,2,26,"MSB 9465-5","JAR11533F","BP","JG","07-15-2025",NA,39,30,778,"impact","impact_1981-1990",34.917008,-106.675195,"myxo.myxid",NA
"5600","MSB:Fish:9465",1989,2,26,"MSB 9465-2","JAR11537F","EO","GC","07-15-2025","F",47,38,1184,"impact","impact_1981-1990",34.917008,-106.675195,"myxo.myxid","0"
"5601","MSB:Fish:1078",1939,1,30,"MSB 1078-1","JAR11299F","BP","JG","07-14-2025","F",40,31,647,"impact","impact_1931-1940",35.087167,-106.682164,"myxo.g","0"
"5602","MSB:Fish:1078",1939,1,30,"MSB 1078-2","JAR11302F","JG","KL","07-14-2025",NA,41,32,699,"impact","impact_1931-1940",35.087167,-106.682164,"myxo.g","0"
"5603","MSB:Fish:1078",1939,1,30,"MSB 1078-3","JAR11305F","BP","KL","07-14-2025",NA,43,35,798,"impact","impact_1931-1940",35.087167,-106.682164,"myxo.g","0"
"5604","MSB:Fish:1078",1939,1,30,"MSB 1078-4","JAR11320F","JG","GC","07-14-2025","F",43,37,1027,"impact","impact_1931-1940",35.087167,-106.682164,"myxo.g","0"
"5605","MSB:Fish:1078",1939,1,30,"MSB 1078-5","JAR11308F","BP","KL","07-14-2025",NA,39,29,627,"impact","impact_1931-1940",35.087167,-106.682164,"myxo.g","0"
"5606","MSB:Fish:1079",1941,9,14,"MSB 1079-5","JAR11311F","JG","KL","07-14-2025",NA,37,29,441,"impact","impact_1941-1950",35.096748,-106.692027,"myxo.g","0"
"5607","MSB:Fish:1079",1941,9,14,"MSB 1079-3","JAR11332F","BP","GC","07-14-2025","F",33,25,457,"impact","impact_1941-1950",35.096748,-106.692027,"myxo.g","0"
"5608","MSB:Fish:1079",1941,9,14,"MSB 1079-1","JAR11334F","BP","GC","07-14-2025",NA,29,24,231,"impact","impact_1941-1950",35.096748,-106.692027,"myxo.g","0"
"5609","MSB:Fish:1079",1941,9,14,"MSB 1079-2","JAR11331F","JG","KL","07-14-2025",NA,35,29,447,"impact","impact_1941-1950",35.096748,-106.692027,"myxo.g","0"
"5610","MSB:Fish:1079",1941,9,14,"MSB 1079-4","JAR11333F","BP","GC","07-14-2025","F",44,33,754,"impact","impact_1941-1950",35.096748,-106.692027,"myxo.g","0"
"5611","MSB:Fish:1081",1939,3,17,"MSB 1081-5","JAR8835F","BP","EO","07-08-2025","F",28,22,226,"impact","impact_1931-1940",35.072363,-106.668064,"myxo.g","0"
"5612","MSB:Fish:1081",1939,3,17,"MSB 1081-4","JAR8832F","JG","KL","07-08-2025","F",27,22,188,"impact","impact_1931-1940",35.072363,-106.668064,"myxo.g","0"
"5613","MSB:Fish:1081",1939,3,17,"MSB 1081-2","JAR8836","JG","BP","07-08-2025",NA,29,24,239,"impact","impact_1931-1940",35.072363,-106.668064,"myxo.g","0"
"5614","MSB:Fish:1081",1939,3,17,"MSB 1081-1","JAR8837F","BP","BP","07-08-2025","F",43,33,868,"impact","impact_1931-1940",35.072363,-106.668064,"myxo.g","0"
"5615","MSB:Fish:1081",1939,3,17,"MSB 1081-3","JAR8834F","BP","JG","07-08-2025",NA,27,21,176,"impact","impact_1931-1940",35.072363,-106.668064,"myxo.g","0"
"5616","MSB:Fish:1082",1938,10,18,"MSB 1082-1","JAR8930F","BP","EO","07-09-2025","F",41,32,722,"impact","impact_1931-1940",35.100259,-106.692107,"myxo.g","0"
"5617","MSB:Fish:1082",1938,10,18,"MSB 1082-4","JAR8934F","BP","BP","07-09-2025",NA,31,24,264,"impact","impact_1931-1940",35.100259,-106.692107,"myxo.g","0"
"5618","MSB:Fish:1082",1938,10,18,"MSB 1082-2","JAR8928F","EO","GC","07-09-2025","F",40,33,627,"impact","impact_1931-1940",35.100259,-106.692107,"myxo.g","0"
"5619","MSB:Fish:1082",1938,10,18,"MSB 1082-5","JAR8927F","EO","KL","07-09-2025",NA,25,21,140,"impact","impact_1931-1940",35.100259,-106.692107,"myxo.g","0"
"5620","MSB:Fish:1082",1938,10,18,"MSB 1082-3","JAR8929F","EO","KL","07-09-2025","F",34,28,397,"impact","impact_1931-1940",35.100259,-106.692107,"myxo.g","0"
"5621","MSB:Fish:1085",1939,5,13,"MSB 1085-5","JAR8935F","JG","GC","07-10-2025","F",50,39,1499,"impact","impact_1931-1940",35.192334,-106.619678,"myxo.g","0"
"5622","MSB:Fish:1085",1939,5,13,"MSB 1085-4","JAR8941F","JG","KL","07-10-2025","F",44,36,1060,"impact","impact_1931-1940",35.192334,-106.619678,"myxo.g","0"
"5623","MSB:Fish:1085",1939,5,13,"MSB 1085-1","JAR8932F","JG","KL","07-10-2025","F",41,33,809,"impact","impact_1931-1940",35.192334,-106.619678,"myxo.g","0"
"5624","MSB:Fish:1085",1939,5,13,"MSB 1085-3","JAR8939F","JG","KL","07-10-2025","F",42,34,861,"impact","impact_1931-1940",35.192334,-106.619678,"myxo.g","0"
"5625","MSB:Fish:1085",1939,5,13,"MSB 1085-2","JAR8937F","JG","GC","07-10-2025","M",26,21,147,"impact","impact_1931-1940",35.192334,-106.619678,"myxo.g","0"
"5626","MSB:Fish:1086",1939,4,22,"MSB 1086-2","JAR8900F","BP","GC","07-07-2025","F",45,36,994,"impact","impact_1931-1940",35.173111,-106.626066,"myxo.g","0"
"5627","MSB:Fish:1086",1939,4,22,"MSB 1086-5","JAR8792F","JG","GC","07-07-2025","F",46,35,1207,"impact","impact_1931-1940",35.173111,-106.626066,"myxo.g","0"
"5628","MSB:Fish:1086",1939,4,22,"MSB1086-4","JAR8791F","BP","KL","07-07-2025","F",39,30,752,"impact","impact_1931-1940",35.173111,-106.626066,"myxo.g","0"
"5629","MSB:Fish:1086",1939,4,22,"MSB 1086-1","JAR8898F","BP","KL","07-07-2025","F",47,37,1182,"impact","impact_1931-1940",35.173111,-106.626066,"myxo.g","0"
"5630","MSB:Fish:1086",1939,4,22,"MSB 1086-3","JAR8902F","BP","KL","07-07-2025",NA,42,35,1023,"impact","impact_1931-1940",35.173111,-106.626066,"myxo.g","0"
"5631","MSB:Fish:1089",1939,1,24,"MSB 1089-3","JAR11117F","BP","GC","07-16-2025","F",38,29,552,"impact","impact_1931-1940",35.087167,-106.682164,"myxo.g","0"
"5632","MSB:Fish:1089",1939,1,24,"MSB 1089-5","JAR11111F","BP","KL","07-16-2025",NA,35,28,476,"impact","impact_1931-1940",35.087167,-106.682164,"myxo.g","0"
"5633","MSB:Fish:1089",1939,1,24,"MSB 1089-1","JAR11112F","BP","KL","07-16-2025","F",40,33,666,"impact","impact_1931-1940",35.087167,-106.682164,"myxo.g","0"
"5634","MSB:Fish:1089",1939,1,24,"MSB 1089-4","JAR11114F","BP","KL","07-16-2025","F",40,33,741,"impact","impact_1931-1940",35.087167,-106.682164,"myxo.g","0"
"5635","MSB:Fish:1089",1939,1,24,"MSB 1089-2","JAR11109F","BP","GC","07-16-2025",NA,38,30,571,"impact","impact_1931-1940",35.087167,-106.682164,"myxo.g","0"
"5636","MSB:Fish:10898",1992,7,9,"MSB 10898-5","JAR11023F","KL","KL","07-28-2025",NA,25,20,139,"control","control_1991-2000",35.211277,-106.611666,"myxo.g","0"
"5637","MSB:Fish:10898",1992,7,9,"MSB 10898-4","JAR11046F","KL","KL","07-28-2025","F",31,25,309,"control","control_1991-2000",35.211277,-106.611666,"myxo.g","0"
"5638","MSB:Fish:10898",1992,7,9,"MSB 10898-3","JAR11040F","KL","KL","07-28-2025","F",24,19,123,"control","control_1991-2000",35.211277,-106.611666,"myxo.g","0"
"5639","MSB:Fish:10898",1992,7,9,"MSB 10898-2","JAR11038F","KL","KL","07-28-2025","M",26,21,118,"control","control_1991-2000",35.211277,-106.611666,"myxo.g","0"
"5640","MSB:Fish:10898",1992,7,9,"MSB 10898-1","JAR11039F","KL","KL","07-28-2025","M",22,18,90,"control","control_1991-2000",35.211277,-106.611666,"myxo.g","0"
"5641","MSB:Fish:1090",1939,6,9,"MSB 1090-4","JAR11354F","BP","GC","07-10-2025","M",25,19,132,"impact","impact_1931-1940",34.906619,-106.685289,"myxo.g","0"
"5642","MSB:Fish:1090",1939,6,9,"MSB 1090-2","JAR11351F","BP","JG","07-10-2025","F",37,30,670,"impact","impact_1931-1940",34.906619,-106.685289,"myxo.g","0"
"5643","MSB:Fish:1090",1939,6,9,"MSB 1090-5","JAR11349F","BP","KL","07-10-2025","F",29,24,323,"impact","impact_1931-1940",34.906619,-106.685289,"myxo.g","0"
"5644","MSB:Fish:1090",1939,6,9,"MSB 1090-3","JAR11357F","BP","EO","07-10-2025","F",33,25,483,"impact","impact_1931-1940",34.906619,-106.685289,"myxo.g","0"
"5645","MSB:Fish:1090",1939,6,9,"MSB 1090-1","JAR11348F","BP","GC","07-10-2025","F",39,30,751,"impact","impact_1931-1940",34.906619,-106.685289,"myxo.g","0"
"5646","MSB:Fish:10922",1992,7,9,"MSB 10922-3","JAR11592F","BP","KL","07-18-2025","F",33,25,400,"impact","impact_1991-2000",35.10469444,-106.6916667,"myxo.g","0"
"5647","MSB:Fish:10922",1992,7,9,"MSB 10922-5","JAR115843F","BP","GC","07-18-2025","F",30,24,322,"impact","impact_1991-2000",35.10469444,-106.6916667,"myxo.g","0"
"5648","MSB:Fish:10922",1992,7,9,"MSB 10922-4","JAR11584F","JG","GC","07-18-2025","F",27,22,141,"impact","impact_1991-2000",35.10469444,-106.6916667,"myxo.g","0"
"5649","MSB:Fish:10922",1992,7,9,"MSB 10922-2","JAR11586F","JG","GC","07-18-2025","F",25,20,143,"impact","impact_1991-2000",35.10469444,-106.6916667,"myxo.g","0"
"5650","MSB:Fish:10922",1992,7,9,"MSB 10922-1","JAR11589F","JG","KL","07-18-2025","F",30,25,362,"impact","impact_1991-2000",35.10469444,-106.6916667,"myxo.g","0"
"5651","MSB:Fish:10944",1992,7,15,"MSB 10944-2","JAR11565F","BP","GC","07-17-2025","F",37,29,751,"impact","impact_1991-2000",35.089293,-106.680842,"myxo.g","0"
"5652","MSB:Fish:10944",1992,7,15,"MSB 10944-3","JAR11566F","BP","GC","07-17-2025","F",48,36,1418,"impact","impact_1991-2000",35.089293,-106.680842,"myxo.g","0"
"5653","MSB:Fish:10944",1992,7,15,"MSB 10944-4","JAR11564F","BP","KL","07-17-2025","F",34,27,538,"impact","impact_1991-2000",35.089293,-106.680842,"myxo.g","0"
"5654","MSB:Fish:10944",1992,7,15,"MSB 10944-5","JAR11567F","BP","KL","07-17-2025","F",35,27,542,"impact","impact_1991-2000",35.089293,-106.680842,"myxo.g","0"
"5655","MSB:Fish:10944",1992,7,15,"MSB 10944-1","JAR11568F","BP","GC","07-17-2025","F",43,33,1179,"impact","impact_1991-2000",35.089293,-106.680842,"myxo.g","0"
"5656","MSB:Fish:1098",1939,5,13,"MSB 1098-4","JAR8819F","EO","KL","07-07-2025","F",32,25,352,"impact","impact_1931-1940",35.189406,-106.625396,"myxo.g","0"
"5657","MSB:Fish:1098",1939,5,13,"MSB 1098-2","JAR8815F","EO","GC","07-07-2025","F",41,33,887,"impact","impact_1931-1940",35.189406,-106.625396,"myxo.g","0"
"5658","MSB:Fish:1098",1939,5,13,"MSB 1098-3","JAR8817F","EO","KL","07-07-2025",NA,30,24,257,"impact","impact_1931-1940",35.189406,-106.625396,"myxo.g","0"
"5659","MSB:Fish:1098",1939,5,13,"MSB 1098-5","JAR8812F","EO","KL","07-07-2025",NA,41,33,697,"impact","impact_1931-1940",35.189406,-106.625396,"myxo.g","0"
"5660","MSB:Fish:1098",1939,5,13,"MSB 1098-1","JAR8814F","EO","KL","07-08-2025","F",46,37,1164,"impact","impact_1931-1940",35.189406,-106.625396,"myxo.g","0"
"5661","MSB:Fish:1100",1939,2,26,"MSB 1100-4","JAR8824F","BP","KL","07-08-2025","F",28,24,303,"impact","impact_1931-1940",35.072363,-106.668064,"myxo.g","0"
"5662","MSB:Fish:1100",1939,2,26,"MSB 1100-3","JAR8823F","JG","KL","07-08-2025",NA,33,25,326,"impact","impact_1931-1940",35.072363,-106.668064,"myxo.g","0"
"5663","MSB:Fish:1100",1939,2,26,"MSB 1100-1","JAR8825F","JG","KL","07-08-2025","F",43,33,679,"impact","impact_1931-1940",35.072363,-106.668064,"myxo.g","0"
"5664","MSB:Fish:1100",1939,2,26,"MSB 1100-2","JAR8827F","BP","EO ","07-08-2025","F",28,25,318,"impact","impact_1931-1940",35.072363,-106.668064,"myxo.g","0"
"5665","MSB:Fish:1100",1939,2,26,"MSB 1100-5","JAR8829F","JG","KL","07-08-2025",NA,26,23,226,"impact","impact_1931-1940",35.072363,-106.668064,"myxo.g","0"
"5666","MSB:Fish:1105",1939,1,20,"MSB 1105-1","JAR11362F","JG","GC","07-10-2025",NA,30,24,202,"impact","impact_1931-1940",35.100259,-106.692107,"myxo.g","0"
"5667","MSB:Fish:1105",1939,1,30,"MSB 1105-5","JAR11360F","JG","KL","07-10-2025",NA,36,28,396,"impact","impact_1931-1940",35.100259,-106.692107,"myxo.g","0"
"5668","MSB:Fish:1105",1939,1,30,"MSB 1105-3","JAR11361F","JG","KL","07-10-2025",NA,40,36,728,"impact","impact_1931-1940",35.100259,-106.692107,"myxo.g","0"
"5669","MSB:Fish:1105",1939,1,30,"MSB 1105-2","JAR11365F","JG","JG","07-10-2025",NA,27,23,158,"impact","impact_1931-1940",35.100259,-106.692107,"myxo.g","0"
"5670","MSB:Fish:1105",1939,1,30,"MSB 1105-4","JAR11368F","EO","EO","07-10-2025",NA,40,32,456,"impact","impact_1931-1940",35.100259,-106.692107,"myxo.g","0"
"5671","MSB:Fish:11095",1992,7,21,"MSB 11095-1","JAR11015F","KL","KL","07-23-2025",NA,26,21,178,"impact","impact_1991-2000",35.027111,-106.672944,"myxo.g","0"
"5672","MSB:Fish:11095",1992,7,21,"MSB 11095-3","JAR11013F","KL","KL","07-23-2025","F",35,28,526,"impact","impact_1991-2000",35.027111,-106.672944,"myxo.g","0"
"5673","MSB:Fish:11095",1992,7,21,"MSB 11095-2","JAR11016F","KL","KL","07-23-2025","F",33,27,385,"impact","impact_1991-2000",35.027111,-106.672944,"myxo.g","0"
"5674","MSB:Fish:11095",1992,7,21,"MSB 11095-4","JAR11000F","KL","KL","07-23-2025","F",31,25,375,"impact","impact_1991-2000",35.027111,-106.672944,"myxo.g","0"
"5675","MSB:Fish:11095",1992,7,21,"MSB 11095-5","JAR11003F","KL","KL","07-23-2025",NA,32,26,460,"impact","impact_1991-2000",35.027111,-106.672944,"myxo.g","0"
"5676","MSB:Fish:11126",1992,7,22,"MSB 11126-2","JAR11562F","JG","BP","07-17-2025","F",37,30,634,"impact","impact_1991-2000",34.97052778,-106.6911111,"myxo.g","0"
"5677","MSB:Fish:11126",1992,7,22,"MSB 11126-3","JAR11560F","JG","BP","07-17-2025","F",31,25,355,"impact","impact_1991-2000",34.97052778,-106.6911111,"myxo.g","0"
"5678","MSB:Fish:11126",1992,7,22,"MSB 11126-1","JAR11561F","EO","EO","07-17-2025","F",45,36,1113,"impact","impact_1991-2000",34.97052778,-106.6911111,"myxo.g","0"
"5679","MSB:Fish:11126",1992,7,22,"MSB 11126-4","JAR11559F","JG","GC","07-17-2025","F",40,34,733,"impact","impact_1991-2000",34.97052778,-106.6911111,"myxo.g","0"
"5680","MSB:Fish:11126",1992,7,22,"MSB 11126-5","JAR11558F","EO","KL","07-17-2025","M",26,21,179,"impact","impact_1991-2000",34.97052778,-106.6911111,"myxo.g","0"
"5681","MSB:Fish:11194",1992,7,24,"MSB 11194-2","JAR11570F","EO","KL","07-17-2025","M",26,22,151,"impact","impact_1991-2000",34.92872222,-106.6818611,"myxo.g","2"
"5682","MSB:Fish:11194",1992,7,24,"MSB 11194-3","JAR11569F","EO","GC","07-17-2025",NA,28,22,159,"impact","impact_1991-2000",34.92872222,-106.6818611,"myxo.g","0"
"5683","MSB:Fish:11194",1992,7,24,"MSB 11194-5","JAR11572F","EO","KL","07-17-2025",NA,36,29,658,"impact","impact_1991-2000",34.92872222,-106.6818611,"myxo.g","0"
"5684","MSB:Fish:11194",1992,7,24,"MSB 11194-4","JAR11571F","EO","EO","07-17-2025","F",35,27,456,"impact","impact_1991-2000",34.92872222,-106.6818611,"myxo.g","0"
"5685","MSB:Fish:11194",1992,7,24,"MSB 11194-1","JAR11563F","EO","GC","07-17-2025","F",29,24,333,"impact","impact_1991-2000",34.92872222,-106.6818611,"myxo.g","0"
"5686","MSB:Fish:12010",1992,9,28,"MSB 12010-3","JAR11037F","KL","KL","07-28-2025","F",28,23,210,"control","control_1991-2000",35.211416,-106.612833,"myxo.g","0"
"5687","MSB:Fish:12010",1992,9,28,"MSB 12010-2","JAR11056F","KL","KL","07-28-2025",NA,27,21.5,211,"control","control_1991-2000",35.211416,-106.612833,"myxo.g","0"
"5688","MSB:Fish:12010",1992,9,28,"MSB 12010-1","JAR11057F","KL","KL","07-28-2025","F",36,29,446,"control","control_1991-2000",35.211416,-106.612833,"myxo.g","0"
"5689","MSB:Fish:12010",1992,9,28,"MSB 12010-5","JAR11045F","KL","KL","07-28-2025","F",25,20,156,"control","control_1991-2000",35.211416,-106.612833,"myxo.g","0"
"5690","MSB:Fish:12010",1992,9,28,"MSB 12010-4","JAR11044F","KL","KL","07-28-2025","F",28,21,210,"control","control_1991-2000",35.211416,-106.612833,"myxo.g","0"
"5691","MSB:Fish:12531",1992,11,13,"MSB 12531-1","JAR11267F","EO","GC","07-11-2025",NA,46,38,1030,"control","control_1991-2000",35.380486,-106.502059,"myxo.g","0"
"5692","MSB:Fish:12531",1992,11,13,"MSB 12531-4","JAR11265F","EO","KL","07-11-2025",NA,31,25,317,"control","control_1991-2000",35.380486,-106.502059,"myxo.g","0"
"5693","MSB:Fish:12531",1992,11,13,"MSB 12531-5","JAR11266F","EO","BP","07-11-2025","F",48,40,1190,"control","control_1991-2000",35.380486,-106.502059,"myxo.g","0"
"5694","MSB:Fish:12531",1992,11,13,"MSB 12531-2","JAR11263F","EO","KL","07-11-2025",NA,34,27,414,"control","control_1991-2000",35.380486,-106.502059,"myxo.g","2"
"5695","MSB:Fish:12531",1992,11,13,"MSB 12531-3","JAR11264F","EO","KL","07-11-2025","F",35,28,445,"control","control_1991-2000",35.380486,-106.502059,"myxo.g","0"
"5696","MSB:Fish:14485",1993,7,13,"MSB 14485-1","JAR11128F","EO","GC","07-17-2025",NA,41,34,760,"impact","impact_1991-2000",34.929964,-106.681431,"myxo.g","0"
"5697","MSB:Fish:14485",1993,7,13,"MSB 14485-5","JAR11127F","JG","JG","07-17-2025",NA,24,20,116,"impact","impact_1991-2000",34.929964,-106.681431,"myxo.g","0"
"5698","MSB:Fish:14485",1993,7,13,"MSB 14485-4","JAR11129F","EO","GC","07-17-2025","F",30,23,247,"impact","impact_1991-2000",34.929964,-106.681431,"myxo.g","0"
"5699","MSB:Fish:14485",1993,7,13,"MSB 14485-3","JAR11557F","EO","KL","07-17-2025","F",37,29,520,"impact","impact_1991-2000",34.929964,-106.681431,"myxo.g","0"
"5700","MSB:Fish:14485",1993,7,13,"MSB 14485-2","JAR11130F","JG","GC","07-17-2025","F",43,35,751,"impact","impact_1991-2000",34.929964,-106.681431,"myxo.g","0"
"5701","MSB:Fish:18799",1993,8,12,"MSB 18799-5","JAR11578F","BP","KL","07-17-2025","F",30,23,274,"control","control_1991-2000",35.280904,-106.597587,"myxo.g","0"
"5702","MSB:Fish:18799",1993,8,12,"MSB 18799-2","JAR11582F","BP","KL","07-17-2025","F",31,25,375,"control","control_1991-2000",35.280904,-106.597587,"myxo.g","0"
"5703","MSB:Fish:18799",1993,8,12,"MSB 18799-4","JAR11579F","BP","GC","07-17-2025","F",32,26,344,"control","control_1991-2000",35.280904,-106.597587,"myxo.g","0"
"5704","MSB:Fish:18799",1993,8,12,"MSB 18799-3","JAR11580","BP","EO","07-17-2025","F",36,28,509,"control","control_1991-2000",35.280904,-106.597587,"myxo.g","0"
"5705","MSB:Fish:18799",1993,8,12,"MSB 18799-1","JAR11581F","BP","KL","07-17-2025","M",29,23,249,"control","control_1991-2000",35.280904,-106.597587,"myxo.g","0"
"5706","MSB:Fish:19155",1993,8,4,"MSB 19155-1","JAR11020F","KL","KL","07-23-2025","F",38,30,585,"impact","impact_1991-2000",35.017503,-106.672569,"myxo.g","0"
"5707","MSB:Fish:19155",1993,8,4,"MSB 19155-2","JAR11021F","KL","KL","07-23-2025","F",34,28,495,"impact","impact_1991-2000",35.017503,-106.672569,"myxo.g","0"
"5708","MSB:Fish:19155",1993,8,4,"MSB 19155-3","JAR11022F","KL","KL","07-23-2025","F",31,26,355,"impact","impact_1991-2000",35.017503,-106.672569,"myxo.g","0"
"5709","MSB:Fish:19155",1993,8,4,"MSB 19155-5","JAR11012F","KL","KL","07-23-2025","F",38,32,697,"impact","impact_1991-2000",35.017503,-106.672569,"myxo.g","0"
"5710","MSB:Fish:19155",1993,8,4,"MSB 19155-4","JAR11027F","KL","KL","07-23-2025","F",34,28,NA,"impact","impact_1991-2000",35.017503,-106.672569,"myxo.g","0"
"5711","MSB:Fish:19170",1993,8,4,"MSB 19170-3","JAR8800F","BP","BP GC","07-07-2025","F",34,26,421,"impact","impact_1991-2000",35.008358,-106.678909,"myxo.g","0"
"5712","MSB:Fish:19170",1993,8,4,"MSB 19170-5","JAR8798F","EO","JG","07-07-2025","F",32,25,353,"impact","impact_1991-2000",35.008358,-106.678909,"myxo.g","0"
"5713","MSB:Fish:19170",1993,8,4,"MSB 19170-1","JAR8802F","BP","GC","07-07-2025","F",31,24,355,"impact","impact_1991-2000",35.008358,-106.678909,"myxo.g","0"
"5714","MSB:Fish:19170",1993,8,4,"MSB 19170-4","JAR8799F","EO","BP","07-07-2025","F",34,27,460,"impact","impact_1991-2000",35.008358,-106.678909,"myxo.g","0"
"5715","MSB:Fish:19170",1993,8,4,"MSB 19170-2","JAR8801F","EO","BP KL","07-07-2025",NA,35,27,481,"impact","impact_1991-2000",35.008358,-106.678909,"myxo.g","0"
"5716","MSB:Fish:2795",1969,4,2,"MSB 2795-4","JAR8920F","BP","KL","07-09-2025","F",29,24,236,"control","control_1961-1970",35.253452,-106.592892,"myxo.g","0"
"5717","MSB:Fish:2795",1969,4,2,"MSB 2795-5","JAR8919F","BP","JG","07-09-2025",NA,25,19,105,"control","control_1961-1970",35.253452,-106.592892,"myxo.g","0"
"5718","MSB:Fish:2795",1969,4,2,"MSB 2795-2","JAR8925F","BP","GC","07-09-2025",NA,31,24,325,"control","control_1961-1970",35.253452,-106.592892,"myxo.g","0"
"5719","MSB:Fish:2795",1969,4,2,"MSB 2795-1","JAR8932F","BP","JG","07-09-2025",NA,45,35,820,"control","control_1961-1970",35.253452,-106.592892,"myxo.g","0"
"5720","MSB:Fish:2795",1969,4,2,"MSB 2795-3","JAR8921F","BP","GC","07-09-2025",NA,46,37,885,"control","control_1961-1970",35.253452,-106.592892,"myxo.g","0"
"5721","MSB:Fish:280",1949,10,28,"MSB 280-3","JAR8830F","BP","EO","07-08-2025","F",28,20,184,"impact","impact_1941-1950",35.155761,-106.655157,"myxo.g","0"
"5722","MSB:Fish:280",1949,10,28,"MSB 280-4","JAR8828F","JG","JG","07-08-2025",NA,43,35,824,"impact","impact_1941-1950",35.155761,-106.655157,"myxo.g","0"
"5723","MSB:Fish:280",1949,10,28,"MSB 280-1","JAR8833F","BP","BP","07-08-2025",NA,33,26,379,"impact","impact_1941-1950",35.155761,-106.655157,"myxo.g","0"
"5724","MSB:Fish:280",1949,10,28,"MSB 280-5","JAR8826F","JG","JG","07-08-2025",NA,28,23,238,"impact","impact_1941-1950",35.155761,-106.655157,"myxo.g","0"
"5725","MSB:Fish:280",1949,10,28,"MSB 280-2","JAR8831F","JG","KL","07-08-2025","F",42,33,733,"impact","impact_1941-1950",35.155761,-106.655157,"myxo.g","0"
"5726","MSB:Fish:285",1961,2,17,"MSB 285-3","JAR11528F","EO","KL","07-15-2025","F",42,34,741,"impact","impact_1961-1970",35.051774,-106.671997,"myxo.g","0"
"5727","MSB:Fish:285",1961,2,17,"MSB 285-2","JAR11525F","BP","GC","07-15-2025",NA,32,25,318,"impact","impact_1961-1970",35.051774,-106.671997,"myxo.g","0"
"5728","MSB:Fish:285",1961,2,17,"MSB 285-1","JAR11517F","EO","KL","07-15-2025","F",46,37,1064,"impact","impact_1961-1970",35.051774,-106.671997,"myxo.g","0"
"5729","MSB:Fish:285",1961,2,17,"MSB 285-4","JAR11530F","BP","KL","07-15-2025","F",34,26,419,"impact","impact_1961-1970",35.051774,-106.671997,"myxo.g","0"
"5730","MSB:Fish:285",1961,2,17,"MSB 285-5","JAR11520F","EO","EO","07-15-2025","F",29,23,224,"impact","impact_1961-1970",35.051774,-106.671997,"myxo.g","0"
"5731","MSB:Fish:288",1949,12,3,"MSB 288-1","JAR11272F","BP","GC","07-11-2025","F",41,32,695,"impact","impact_1941-1950",35.068939,-106.663683,"myxo.g","0"
"5732","MSB:Fish:288",1949,12,3,"MSB 288-4","JAR11269F","BP","BP","07-11-2025",NA,28,22,247,"impact","impact_1941-1950",35.068939,-106.663683,"myxo.g","0"
"5733","MSB:Fish:288",1949,12,3,"MSB 288-5","JAR11268F","EO","EO","07-11-2025","F",35,28,413,"impact","impact_1941-1950",35.068939,-106.663683,"myxo.g","0"
"5734","MSB:Fish:288",1949,12,3,"MSB 288-3","JAR11270F","EO","KL","07-11-2025","F",49,40,1240,"impact","impact_1941-1950",35.068939,-106.663683,"myxo.g","0"
"5735","MSB:Fish:288",1949,12,3,"MSB 288-2","JAR11271F","BP","BP","07-11-2025",NA,30,27,461,"impact","impact_1941-1950",35.068939,-106.663683,"myxo.g","0"
"5736","MSB:Fish:292",1961,2,12,"MSB 292-3","JAR11553F","JG","KL","07-16-2025","M",25,21,138,"control","control_1961-1970",35.408152,-106.470544,"myxo.g","0"
"5737","MSB:Fish:292",1961,2,12,"MSB 292-1","JAR11556F","BP","KL","07-16-2025","M",31,24,273,"control","control_1961-1970",35.408152,-106.470544,"myxo.g","0"
"5738","MSB:Fish:292",1961,2,12,"MSB 292-5","JAR11547F","JG","JG","07-16-2025",NA,25,21,167,"control","control_1961-1970",35.408152,-106.470544,"myxo.g","0"
"5739","MSB:Fish:292",1961,2,12,"MSB 292-4","JAR11550F","BP","KL","07-16-2025","F",33,25,342,"control","control_1961-1970",35.408152,-106.470544,"myxo.g","0"
"5740","MSB:Fish:292",1961,2,12,"MSB 292-2","JAR11534F","JG","JG","07-16-2025",NA,25,20,132,"control","control_1961-1970",35.408152,-106.470544,"myxo.g","0"
"5741","MSB:Fish:305",1949,7,21,"MSB 305-2","JAR8913F","BP","GC","07-09-2025",NA,41,32,810,"impact","impact_1941-1950",35.204443,-106.610046,"myxo.g","0"
"5742","MSB:Fish:305",1949,7,21,"MSB 305-3","JAR8915F","BP","KL","07-09-2025","F",39,31,840,"impact","impact_1941-1950",35.204443,-106.610046,"myxo.g","0"
"5743","MSB:Fish:305",1949,7,21,"MSB 305-1","JAR8911F","BP","JG","07-09-2025","F",38,30,653,"impact","impact_1941-1950",35.204443,-106.610046,"myxo.g","0"
"5744","MSB:Fish:305",1949,7,21,"MSB 305-5","JAR8918F","BP","KL","07-09-2025",NA,41,34,848,"impact","impact_1941-1950",35.204443,-106.610046,"myxo.g","0"
"5745","MSB:Fish:305",1949,7,21,"MSB 305-4","JAR8917F","BP","EO","07-09-2025","F",26,21,146,"impact","impact_1941-1950",35.204443,-106.610046,"myxo.g","0"
"5746","MSB:Fish:307",1959,2,24,"MSB 307-1","JAR8797F","BP","GC","07-07-2025","F",30,24,257,"impact","impact_1951-1960",34.987044,-106.690293,"myxo.g","0"
"5747","MSB:Fish:307",1959,2,24,"MSB 307-2","JAR8796F","JG","KL","07-07-2025","F",31,23,295,"impact","impact_1951-1960",34.987044,-106.690293,"myxo.g","0"
"5748","MSB:Fish:307",1959,2,24,"MSB 307-5","JAR8793F","JG","GC","07-07-2025",NA,33,24,304,"impact","impact_1951-1960",34.987044,-106.690293,"myxo.g","0"
"5749","MSB:Fish:307",1959,2,24,"MSB 307-4","JAR8794F","BP","KL","07-07-2025","F",31,26,296,"impact","impact_1951-1960",34.987044,-106.690293,"myxo.g","0"
"5750","MSB:Fish:307",1959,2,24,"MSB 307-3","JAR8795F","BP","KL","07-07-2025",NA,31,25,277,"impact","impact_1951-1960",34.987044,-106.690293,"myxo.g","0"
"5751","MSB:Fish:30771",1996,10,30,"MSB 30771-3","JAR11025F","KL","KL","07-28-2025",NA,39,32,613,"control","control_1991-2000",35.38033333,-106.4990556,"myxo.g","0"
"5752","MSB:Fish:30771",1996,10,30,"MSB 30771-2","JAR11024F","KL","KL","07-28-2025",NA,34,27,361,"control","control_1991-2000",35.38033333,-106.4990556,"myxo.g","0"
"5753","MSB:Fish:30771",1996,10,30,"MSB 30771-1","JAR11030F","KL","KL","07-28-2025",NA,27,21,182,"control","control_1991-2000",35.38033333,-106.4990556,"myxo.g","0"
"5754","MSB:Fish:30771",1996,10,30,"MSB 30771-5","JAR11033F","KL","KL","07-28-2025","M",30,23,241,"control","control_1991-2000",35.38033333,-106.4990556,"myxo.g","0"
"5755","MSB:Fish:30771",1996,10,30,"MSB 30771-4","JAR11028F","KL","KL","07-28-2025",NA,26,20,165,"control","control_1991-2000",35.38033333,-106.4990556,"myxo.g","0"
"5756","MSB:Fish:315",1949,7,28,"MSB 315-3","JAR11521F","JG","KL","07-15-2025",NA,33,27,445,"impact","impact_1941-1950",35.188761,-106.64706,"myxo.g","0"
"5757","MSB:Fish:315",1949,7,28,"MSB 315-2","JAR11524F","BP","KL","07-15-2025","F",38,30,666,"impact","impact_1941-1950",35.188761,-106.64706,"myxo.g","0"
"5758","MSB:Fish:315",1949,7,28,"MSB 315-4","JAR11527F","BP","KL","07-15-2025","F",31,24,301,"impact","impact_1941-1950",35.188761,-106.64706,"myxo.g","0"
"5759","MSB:Fish:315",1949,7,28,"MSB 315-1","JAR11522F","JG","BP","07-15-2025",NA,38,31,711,"impact","impact_1941-1950",35.188761,-106.64706,"myxo.g","0"
"5760","MSB:Fish:315",1949,7,28,"MSB 315-5","JAR11544F","JG","EO","07-15-2025","F",35,28,417,"impact","impact_1941-1950",35.188761,-106.64706,"myxo.g","0"
"5761","MSB:Fish:324",1950,10,18,"MSB 324-2","JAR11336F","BP","KL","07-10-2025","F",45,36,1097,"control","control_1941-1950",35.229809,-106.616288,"myxo.g","0"
"5762","MSB:Fish:324",1950,10,18,"MSB 324-1","JAR11335F","JG","KL","07-10-2025","F",39,33,691,"control","control_1941-1950",35.229809,-106.616288,"myxo.g","0"
"5763","MSB:Fish:324",1950,10,18,"MSB 324-5","JAR11339F","BP","KL","07-10-2025","F",39,31,754,"control","control_1941-1950",35.229809,-106.616288,"myxo.g","0"
"5764","MSB:Fish:324",1950,10,18,"MSB 324-4","JAR11338F","BP","GC","07-10-2025",NA,46,36,1172,"control","control_1941-1950",35.229809,-106.616288,"myxo.g","0"
"5765","MSB:Fish:324",1950,10,18,"MSB 324-3","JAR11337F","BP","GC","07-10-2025",NA,49,39,1841,"control","control_1941-1950",35.229809,-106.616288,"myxo.g","0"
"5766","MSB:Fish:326",1949,7,21,"MSB 326-5","JAR8924F","EO","JG","07-09-2025","F",38,32,628,"impact","impact_1941-1950",35.210652,-106.627124,"myxo.g","0"
"5767","MSB:Fish:326",1949,7,21,"MSB 326-4","JAR8933F","EO","KL","07-09-2025","F",33,27,421,"impact","impact_1941-1950",35.210652,-106.627124,"myxo.g","0"
"5768","MSB:Fish:326",1949,7,21,"MSB 326-3","JAR8931F","KL","KL","07-09-2025",NA,36,30,581,"impact","impact_1941-1950",35.210652,-106.627124,"myxo.g","0"
"5769","MSB:Fish:326",1949,7,21,"MSB 326-2","JAR8926F","KL","GC","07-09-2025","F",34,28,560,"impact","impact_1941-1950",35.210652,-106.627124,"myxo.g","0"
"5770","MSB:Fish:326",1949,7,21,"MSB 326-1","JAR8922F","KL","KL","07-09-2025","F",33,27,355,"impact","impact_1941-1950",35.210652,-106.627124,"myxo.g","0"
"5771","MSB:Fish:327",1942,2,28,"MSB 327-1","JAR8840F","EO","GC","07-08-2025","F",45,36,927,"control","control_1941-1950",35.37417,-106.49278,"myxo.g","0"
"5772","MSB:Fish:327",1942,2,28,"MSB 327-4","JAR8842F","EO","GC","07-08-2025",NA,32,25,257,"control","control_1941-1950",35.37417,-106.49278,"myxo.g","0"
"5773","MSB:Fish:327",1942,2,28,"MSB 327-3","JAR8846F","BP","GC","07-08-2025","F",45,36,910,"control","control_1941-1950",35.37417,-106.49278,"myxo.g","0"
"5774","MSB:Fish:327",1942,2,28,"MSB 327-2","JAR8903F","EO","JG","07-08-2025",NA,47,38,1118,"control","control_1941-1950",35.37417,-106.49278,"myxo.g","0"
"5775","MSB:Fish:327",1942,2,28,"MSB 327-5","JAR8844F","BP","GC","07-08-2025","F",25,20,131,"control","control_1941-1950",35.37417,-106.49278,"myxo.g","0"
"5776","MSB:Fish:330",1949,11,5,"MSB 330-1","JAR11350F","EO","JG","07-10-2025",NA,45,36,982,"control","control_1941-1950",35.211994,-106.631125,"myxo.g","0"
"5777","MSB:Fish:330",1949,11,5,"MSB 330-3","JAR11356F","EO","GC","07-10-2025",NA,29,23,241,"control","control_1941-1950",35.211994,-106.631125,"myxo.g","0"
"5778","MSB:Fish:330",1949,11,5,"MSB 330-4","JAR11353F","JG","BP","07-10-2025",NA,32,26,276,"control","control_1941-1950",35.211994,-106.631125,"myxo.g","0"
"5779","MSB:Fish:330",1949,11,5,"MSB 330-5","JAR11369F","JG","EO","07-10-2025","F",26,22,195,"control","control_1941-1950",35.211994,-106.631125,"myxo.g","0"
"5780","MSB:Fish:330",1949,11,5,"MSB 330-2","JAR11347F","JG","BP","07-10-2025",NA,34,28,374,"control","control_1941-1950",35.211994,-106.631125,"myxo.g","0"
"5781","MSB:Fish:334",1952,5,3,"MSB 334-1","JAR11113F","BP","KL","07-16-2025",NA,33,26,309,"control","control_1951-1960",35.302146,-106.571551,"myxo.g","0"
"5782","MSB:Fish:334",1952,5,3,"MSB 334-3","JAR11107F","BP","JG","07-16-2025",NA,30,24,217,"control","control_1951-1960",35.302146,-106.571551,"myxo.g","0"
"5783","MSB:Fish:334",1952,5,3,"MSB 334-5","JAR11108F","BP","GC","07-16-2025",NA,27,22,179,"control","control_1951-1960",35.302146,-106.571551,"myxo.g","0"
"5784","MSB:Fish:334",1952,5,3,"MSB 334-4","JAR11116F","BP","EO","07-16-2025","F",30,23,233,"control","control_1951-1960",35.302146,-106.571551,"myxo.g","0"
"5785","MSB:Fish:334",1952,5,3,"MSB 334-2","JAR11110F","BP","EO","07-16-2025","F",31,25,293,"control","control_1951-1960",35.302146,-106.571551,"myxo.g","0"
"5786","MSB:Fish:3391",1965,5,18,"MSB 3391-1","JAR11370F","EO","KL","07-10-2025","F",41,35,794,"control","control_1961-1970",35.383813,-106.481,"myxo.g","0"
"5787","MSB:Fish:3391",1965,5,18,"MSB 3391-2","JAR11366F","EO","GC","07-10-2025","M",28,23,188,"control","control_1961-1970",35.383813,-106.481,"myxo.g","0"
"5788","MSB:Fish:3391",1965,5,18,"MSB 3391-5","JAR11367F","EO","JG","07-10-2025","F",35,28,522,"control","control_1961-1970",35.383813,-106.481,"myxo.g","0"
"5789","MSB:Fish:3391",1965,5,18,"MSB 3391-4","JAR11364F","EO","KL","07-10-2025",NA,33,27,348,"control","control_1961-1970",35.383813,-106.481,"myxo.g","0"
"5790","MSB:Fish:3391",1965,5,18,"MSB 3391-3","JAR11363F","EO","EO","07-10-2025","F",31,26,296,"control","control_1961-1970",35.383813,-106.481,"myxo.g","0"
"5791","MSB:Fish:3421",1972,6,19,"MSB 3421-1","JAR11296F","EO","KL","07-14-2025","F",36,29,612,"control","control_1971-1980",35.249718,-106.603396,"myxo.g","0"
"5792","MSB:Fish:3421",1972,6,19,"MSB 3421-4","JAR11294F","EO","KL","07-14-2025","F",40,33,736,"control","control_1971-1980",35.249718,-106.603396,"myxo.g","0"
"5793","MSB:Fish:3421",1972,6,19,"MSB 3421-2","JAR11288F","EO","KL","07-14-2025","F",46,37,1270,"control","control_1971-1980",35.249718,-106.603396,"myxo.g","0"
"5794","MSB:Fish:3421",1972,6,19,"MSB 3421-5","JAR11293F","EO","KL","07-14-2025","F",44,36,1076,"control","control_1971-1980",35.249718,-106.603396,"myxo.g","0"
"5795","MSB:Fish:3421",1972,6,19,"MSB 3421-3","JAR11291F","EO","KL","07-14-2025","F",42,35,996,"control","control_1971-1980",35.249718,-106.603396,"myxo.g","0"
"5796","MSB:Fish:365",1947,9,27,"MSB 365-1","JAR11529F","JG","JG","07-15-2025",NA,39,33,608,"control","control_1941-1950",35.321576,-106.555389,"myxo.g","0"
"5797","MSB:Fish:365",1947,9,27,"MSB 365-5","JAR11531F","JG","JG","07-15-2025",NA,32,25,251,"control","control_1941-1950",35.321576,-106.555389,"myxo.g","0"
"5798","MSB:Fish:365",1947,9,27,"MSB 365-2","JAR11532F","BP","KL","07-15-2025","F",38,29,390,"control","control_1941-1950",35.321576,-106.555389,"myxo.g","0"
"5799","MSB:Fish:365",1947,9,27,"MSB 365-3","JAR11526F","JG","KL","07-15-2025","F",37,29,507,"control","control_1941-1950",35.321576,-106.555389,"myxo.g","0"
"5800","MSB:Fish:365",1947,9,27,"MSB 365-4","JAR11523F","BP","KL","07-15-2025",NA,38,30,356,"control","control_1941-1950",35.321576,-106.555389,"myxo.g","0"
"5801","MSB:Fish:38942",1997,7,5,"MSB 38942-5","JAR11115F","EO","GC","07-17-2025","F",41,32,883,"control","control_1991-2000",35.28302778,-106.5981389,"myxo.g","0"
"5802","MSB:Fish:38942",1997,7,5,"MSB 38942-1","JAR11120F","EO","GC","07-17-2025","F",50,42,2039,"control","control_1991-2000",35.28302778,-106.5981389,"myxo.g","0"
"5803","MSB:Fish:38942",1997,7,5,"MSB 38942-2","JAR11119F","EO","KL","07-17-2025","F",47,39,1803,"control","control_1991-2000",35.28302778,-106.5981389,"myxo.g","0"
"5804","MSB:Fish:38942",1997,7,5,"MSB 38942-3","JAR11121F","EO","KL","07-17-2025","F",45,38,1685,"control","control_1991-2000",35.28302778,-106.5981389,"myxo.g","0"
"5805","MSB:Fish:38942",1997,7,5,"MSB 38942-4","JAR11118F","EO","KL","07-17-2025","F",46,38,1451,"control","control_1991-2000",35.28302778,-106.5981389,"myxo.g","0"
"5806","MSB:Fish:39100",1997,10,15,"MSB 39100-1","JAR11577F","BP","JG","07-17-2025",NA,34,26,374,"control","control_1991-2000",35.322164,-106.557448,"myxo.g","0"
"5807","MSB:Fish:39100",1997,10,15,"MSB 39100-2","JAR11573F","BP","EO","07-17-2025","F",38,28,500,"control","control_1991-2000",35.322164,-106.557448,"myxo.g","0"
"5808","MSB:Fish:39100",1997,10,15,"MSB 39100-4","JAR11575F","BP","GC","07-17-2025","F",34,26,403,"control","control_1991-2000",35.322164,-106.557448,"myxo.g","0"
"5809","MSB:Fish:39100",1997,10,15,"MSB 39100-5","JAR11576F","BP","GC","07-17-2025","F",25,19,144,"control","control_1991-2000",35.322164,-106.557448,"myxo.g","0"
"5810","MSB:Fish:39100",1997,10,15,"MSB 39100-3","JAR11574F","BP","KL","07-17-2025","M",25,20,167,"control","control_1991-2000",35.322164,-106.557448,"myxo.g","0"
"5811","MSB:Fish:3993",1977,9,28,"MSB 3993-4","JAR11626F","BP","GC","07-21-2025","F",29,23,333,"impact","impact_1971-1980",35.136341,-106.685742,"myxo.g","0"
"5812","MSB:Fish:3993",1977,9,28,"MSB 3993-1","JAR11623F","JG","GC","07-21-2025",NA,25,20,170,"impact","impact_1971-1980",35.136341,-106.685742,"myxo.g","0"
"5813","MSB:Fish:3993",1977,9,28,"MSB 3993-2","JAR11621F","BP","GC","07-21-2025","F",26,20,224,"impact","impact_1971-1980",35.136341,-106.685742,"myxo.g","0"
"5814","MSB:Fish:3993",1977,9,28,"MSB 3993-3","JAR11618F","JG","BP","07-21-2025","M",28,21,181,"impact","impact_1971-1980",35.136341,-106.685742,"myxo.g","0"
"5815","MSB:Fish:3993",1977,9,28,"MSB 3993-5","JAR11620F","JG","BP","07-21-2025","M",27,21,186,"impact","impact_1971-1980",35.136341,-106.685742,"myxo.g","0"
"5816","MSB:Fish:4012",1977,9,28,"MSB 4012-5","JAR11616F","JG","JG","07-21-2025",NA,25,21,169,"impact","impact_1971-1980",35.134932,-106.690783,"myxo.g","0"
"5817","MSB:Fish:4012",1977,9,28,"MSB 4012-1","JAR11607F","JG","EO","07-21-2025","F",32,25,365,"impact","impact_1971-1980",35.134932,-106.690783,"myxo.g","0"
"5818","MSB:Fish:4012",1977,9,28,"MSB 4012-4","JAR11613F","BP","GC","07-21-2025","F",26,20,178,"impact","impact_1971-1980",35.134932,-106.690783,"myxo.g","0"
"5819","MSB:Fish:4012",1977,9,28,"MSB 4012-3","JAR11617F","JG","GC","07-21-2025","F",32,27,303,"impact","impact_1971-1980",35.134932,-106.690783,"myxo.g","0"
"5820","MSB:Fish:4012",1977,9,28,"MSB 4012-2","JAR11610F","BP","GC","07-21-2025","F",31,24,316,"impact","impact_1971-1980",35.134932,-106.690783,"myxo.g","0"
"5821","MSB:Fish:4056",1978,5,19,"MSB 4056-2","JAR11322F","EO","KL","07-14-2025","F",36,28,566,"control","control_1971-1980",35.253481,-106.591225,"myxo.g","0"
"5822","MSB:Fish:4056",1978,5,19,"MSB 4056-3","JAR11318F","EO","JG","07-14-2025","F",37,28,549,"control","control_1971-1980",35.253481,-106.591225,"myxo.g","0"
"5823","MSB:Fish:4056",1978,5,19,"MSB 4056-4","JAR11317F","EO","JG","07-14-2025","F",34,28,483,"control","control_1971-1980",35.253481,-106.591225,"myxo.g","0"
"5824","MSB:Fish:4056",1978,5,19,"MSB 4056-1","JAR11319F","EO","GC","07-14-2025","F",37,30,644,"control","control_1971-1980",35.253481,-106.591225,"myxo.g","0"
"5825","MSB:Fish:4056",1978,5,19,"MSB 4056-5","JAR11321F","EO","GC","07-14-2025","F",34,28,581,"control","control_1971-1980",35.253481,-106.591225,"myxo.g","0"
"5826","MSB:Fish:4086",1978,9,29,"MSB 4086-3","JAR11342F","BP","JG","07-11-2025",NA,31,24,340,"control","control_1971-1980",35.380072,-106.499406,"myxo.g","0"
"5827","MSB:Fish:4086",1978,9,29,"MSB 4086-5","JAR11340F","BP","GC","07-11-2025","M",29,23,261,"control","control_1971-1980",35.380072,-106.499406,"myxo.g","0"
"5828","MSB:Fish:4086",1978,9,29,"MSB 4086-4","JAR11341F","BP","GC","07-11-2025","F",26,19,139,"control","control_1971-1980",35.380072,-106.499406,"myxo.g","0"
"5829","MSB:Fish:4086",1978,9,29,"MSB 4086-2","JAR11344F","BP","EO","07-11-2025","F",40,30,701,"control","control_1971-1980",35.380072,-106.499406,"myxo.g","0"
"5830","MSB:Fish:4086",1978,9,29,"MSB 4086-1","JAR11345F","BP","KL","07-11-2025","F",41,32,795,"control","control_1971-1980",35.380072,-106.499406,"myxo.g","0"
"5831","MSB:Fish:4172",1977,5,10,"MSB 4172-2","JAR11329F","JG","GC","07-14-2025","F",33,29,347,"control","control_1971-1980",35.26637,-106.598674,"myxo.g","0"
"5832","MSB:Fish:4172",1977,5,10,"MSB 4172-3","JAR11330F","BP","KL","07-14-2025","F",27,21,170,"control","control_1971-1980",35.26637,-106.598674,"myxo.g","0"
"5833","MSB:Fish:4172",1977,5,10,"MSB 4172-4","JAR11327F","BP","GC","07-14-2025","M",27,21,150,"control","control_1971-1980",35.26637,-106.598674,"myxo.g","0"
"5834","MSB:Fish:4172",1977,5,10,"MSB 4172-1","JAR11328F","BP","KL","07-14-2025",NA,29,24,252,"control","control_1971-1980",35.26637,-106.598674,"myxo.g","0"
"5835","MSB:Fish:4172",1977,5,10,"MSB 4172-5","JAR11326F","JG","JG","07-14-2025",NA,27,21,137,"control","control_1971-1980",35.26637,-106.598674,"myxo.g","0"
"5836","MSB:Fish:4176",1978,5,21,"MSB 4176-5","JAR8822F","JG","KL","07-08-2025","F",29,23,368,"control","control_1971-1980",35.253481,-106.591225,"myxo.g","0"
"5837","MSB:Fish:4176",1978,5,21,"MSB 4176-1","JAR8821F","BP","JG","07-08-2025","F",38,31,741,"control","control_1971-1980",35.253481,-106.591225,"myxo.g","0"
"5838","MSB:Fish:4176",1978,5,21,"MSB 4176-3","JAR8818F","JG","KL","07-08-2025","F",33,26,425,"control","control_1971-1980",35.253481,-106.591225,"myxo.g","0"
"5839","MSB:Fish:4176",1978,5,21,"MSB 4176-2","JAR8816F","BP","EO","07-08-2025","F",39,31,798,"control","control_1971-1980",35.253481,-106.591225,"myxo.g","0"
"5840","MSB:Fish:4176",1978,5,21,"MSB 4176-4","JAR8820F","BP","JG","07-08-2025","F",38,30,806,"control","control_1971-1980",35.253481,-106.591225,"myxo.g","0"
"5841","MSB:Fish:43165",1999,4,21,"MSB 43165-3","JAR11124F","EO","KL","07-17-2025","F",35,27,471,"impact","impact_1991-2000",35.027111,-106.672944,"myxo.g","0"
"5842","MSB:Fish:43165",1999,4,21,"MSB 43165-4","JAR11123F","EO","JG GC","07-17-2025","F",38,30,636,"impact","impact_1991-2000",35.027111,-106.672944,"myxo.g","0"
"5843","MSB:Fish:43165",1999,4,21,"MSB 43165-2","JAR11125F","EO","EO","07-17-2025","F",38,30,668,"impact","impact_1991-2000",35.027111,-106.672944,"myxo.g","0"
"5844","MSB:Fish:43165",1999,4,21,"MSB 43165-1","JAR11126F","EO","GC","07-17-2025","F",33,27,464,"impact","impact_1991-2000",35.027111,-106.672944,"myxo.g","0"
"5845","MSB:Fish:43165",1999,4,21,"MSB 43165-5","JAR11122F","EO","KL","07-17-2025","F",40,32,732,"impact","impact_1991-2000",35.027111,-106.672944,"myxo.g","0"
"5846","MSB:Fish:43242",1999,7,14,"MSB 43242-5","JAR11026F","KL","KL","07-28-2025",NA,41,33,899,"control","control_1991-2000",35.28302778,-106.5981389,"myxo.g","0"
"5847","MSB:Fish:43242",1999,7,14,"MSB 43242-4","JAR11034F","KL","KL","07-28-2025","F",32,25,344,"control","control_1991-2000",35.28302778,-106.5981389,"myxo.g","0"
"5848","MSB:Fish:43242",1999,7,14,"MSB 43242-3","JAR11029F","KL","KL","07-28-2025","F",32,25,338,"control","control_1991-2000",35.28302778,-106.5981389,"myxo.g","0"
"5849","MSB:Fish:43242",1999,7,14,"MSB 43242-2","JAR11032F","KL","KL","07-28-2025",NA,32,26,416,"control","control_1991-2000",35.28302778,-106.5981389,"myxo.g","0"
"5850","MSB:Fish:43242",1999,7,14,"MSB 43242-1","JAR11031F","KL","KL","07-28-2025",NA,29,22,249,"control","control_1991-2000",35.28302778,-106.5981389,"myxo.g","0"
"5851","MSB:Fish:43251",1999,7,15,"MSB 43251-2","JAR11011F","KL","KL","07-23-2025","F",37,29,616,"impact","impact_1991-2000",35.089293,-106.680842,"myxo.g","0"
"5852","MSB:Fish:43251",1999,7,15,"MSB 43251-1","JAR11014F","KL","KL","07-23-2025",NA,32,26,384,"impact","impact_1991-2000",35.089293,-106.680842,"myxo.g","0"
"5853","MSB:Fish:43251",1999,7,15,"MSB 43251-4","JAR11018F","KL","KL","07-23-2025","F",32,25,392,"impact","impact_1991-2000",35.089293,-106.680842,"myxo.g","0"
"5854","MSB:Fish:43251",1999,7,15,"MSB 43251-5","JAR11019F","KL","KL","07-23-2025","F",34,27,NA,"impact","impact_1991-2000",35.089293,-106.680842,"myxo.g","0"
"5855","MSB:Fish:43251",1999,7,15,"MSB 43251-3","JAR11017F","KL","KL","07-23-2025","F",33,27,379,"impact","impact_1991-2000",35.089293,-106.680842,"myxo.g","0"
"5856","MSB:Fish:43370",1999,8,25,"MSB 43370-2","JAR11035F","KL","KL","07-28-2025",NA,28,22,215,"control","control_1991-2000",35.28302778,-106.5981389,"myxo.g","0"
"5857","MSB:Fish:43370",1999,8,25,"MSB 43370-3","JAR11036F","KL","KL","07-28-2025",NA,36,29,480,"control","control_1991-2000",35.28302778,-106.5981389,"myxo.g","0"
"5858","MSB:Fish:43370",1999,8,25,"MSB 43370-1","JAR11041F","KL","KL","07-28-2025",NA,38,30,NA,"control","control_1991-2000",35.28302778,-106.5981389,"myxo.g","0"
"5859","MSB:Fish:43370",1999,8,25,"MSB 43370-5","JAR11043F","KL","KL","07-28-2025","M",30,24,225,"control","control_1991-2000",35.28302778,-106.5981389,"myxo.g","0"
"5860","MSB:Fish:43370",1999,8,25,"MSB 43370-4","JAR11042F","KL","KL","07-28-2025",NA,26,20,154,"control","control_1991-2000",35.28302778,-106.5981389,"myxo.g","0"
"5861","MSB:Fish:4353",1978,9,8,"MSB 4353-1","JAR11097F","JG","GC","07-16-2025","F",35,29,601,"control","control_1971-1980",35.222784,-106.601974,"myxo.g","0"
"5862","MSB:Fish:4353",1978,9,8,"MSB 4353-4","JAR11106F","BP","BP","07-16-2025",NA,25,19,157,"control","control_1971-1980",35.222784,-106.601974,"myxo.g","0"
"5863","MSB:Fish:4353",1978,9,8,"MSB 4353-2","JAR11100F","JG","GC","07-16-2025","M",29,24,212,"control","control_1971-1980",35.222784,-106.601974,"myxo.g","0"
"5864","MSB:Fish:4353",1978,9,8,"MSB 4353-5","JAR11105F","BP","KL","07-16-2025",NA,25,20,NA,"control","control_1971-1980",35.222784,-106.601974,"myxo.g","0"
"5865","MSB:Fish:4353",1978,9,8,"MSB 4353-3","JAR11103F","JG","GC","07-16-2025","M",27,22,151,"control","control_1971-1980",35.222784,-106.601974,"myxo.g","0"
"5866","MSB:Fish:4378",1978,9,23,"MSB 4378-3","JAR11554F","JG","KL","07-16-2025","F",38,32,556,"impact","impact_1971-1980",34.905272,-106.685564,"myxo.g","0"
"5867","MSB:Fish:4378",1978,9,23,"MSB 4378-5","JAR11545F","BP","GC","07-16-2025","F",36,28,469,"impact","impact_1971-1980",34.905272,-106.685564,"myxo.g","0"
"5868","MSB:Fish:4378",1978,9,23,"MSB 4378-3","JAR11546F","BP","KL","07-16-2025","F",42,32,738,"impact","impact_1971-1980",34.905272,-106.685564,"myxo.g","0"
"5869","MSB:Fish:4378",1978,9,23,"MSB 4378-2","JAR11551F","BP","JG","07-16-2025","F",38,30,633,"impact","impact_1971-1980",34.905272,-106.685564,"myxo.g","0"
"5870","MSB:Fish:4378",1978,9,23,"MSB 4378-1","JAR11548F","BP","KL","07-16-2025","F",37,28,634,"impact","impact_1971-1980",34.905272,-106.685564,"myxo.g","0"
"5871","MSB:Fish:438",1978,NA,5,"MSB 4389-1","JAR11516F","JG","GC","07-15-2025",NA,38,31,575,NA,NA,NA,NA,"myxo.g","0"
"5872","MSB:Fish:4385",1978,9,6,"MSB 4385-2","JAR8843F","EO","KL","07-08-2025",NA,30,26,273,"impact","impact_1971-1980",34.905272,-106.685564,"myxo.g","0"
"5873","MSB:Fish:4385",1978,9,6,"MSB 4385-5","JAR8838F","EO","JG","07-08-2025","F",27,22,197,"impact","impact_1971-1980",34.905272,-106.685564,"myxo.g","0"
"5874","MSB:Fish:4385",1978,9,6,"MSB 4385-3","JAR8845F","KL","KL","07-08-2025","F",27,23,204,"impact","impact_1971-1980",34.905272,-106.685564,"myxo.g","0"
"5875","MSB:Fish:4385",1978,9,6,"MSB 4385-4","JAR8839","KL","GC","07-08-2025","F",26,22,222,"impact","impact_1971-1980",34.905272,-106.685564,"myxo.g","0"
"5876","MSB:Fish:4385",1978,9,6,"MSB 4385-1","JAR8841F","KL","KL","07-08-2025","F",25,21,161,"impact","impact_1971-1980",34.905272,-106.685564,"myxo.g","0"
"5877","MSB:Fish:4389",1978,9,5,"MSB 4389-2","JAR11519F","JG","GC","07-15-2025","F",34,28,507,"impact","impact_1971-1980",35.092867,-106.682332,"myxo.g","0"
"5878","MSB:Fish:4389",1978,9,5,"MSB 4389-4","JAR11514F","JG","GC","07-15-2025",NA,40,33,716,"impact","impact_1971-1980",35.092867,-106.682332,"myxo.g","0"
"5879","MSB:Fish:4389",1978,9,5,"MSB 4389-3","JAR11511F","JG","GC","07-15-2025","M",34,29,461,"impact","impact_1971-1980",35.092867,-106.682332,"myxo.g","0"
"5880","MSB:Fish:4389",1978,9,5,"MSB 4389-5","JAR11513F","JG","GC","07-15-2025",NA,38,32,654,"impact","impact_1971-1980",35.092867,-106.682332,"myxo.g","0"
"5881","MSB:Fish:4418",1978,8,3,"MSB 4418-1","JAR11292F","BP","GC","07-14-2025","F",43,34,1443,"impact","impact_1971-1980",34.905272,-106.685564,"myxo.g","0"
"5882","MSB:Fish:4418",1978,8,3,"MSB 4418-2","JAR11289F","BP","KL","07-14-2025","F",38,30,662,"impact","impact_1971-1980",34.905272,-106.685564,"myxo.g","0"
"5883","MSB:Fish:4418",1978,8,3,"MSB 4418-5","JAR11297F","EO","KL","07-14-2025","F",40,33,985,"impact","impact_1971-1980",34.905272,-106.685564,"myxo.g","0"
"5884","MSB:Fish:4418",1978,8,3,"MSB 4418-4","JAR11298F","EO","KL","07-14-2025","F",37,30,678,"impact","impact_1971-1980",34.905272,-106.685564,"myxo.g","0"
"5885","MSB:Fish:4418",1978,8,3,"MSB 4418-3","JAR11295F","BP","KL","07-14-2025","F",40,31,805,"impact","impact_1971-1980",34.905272,-106.685564,"myxo.g","0"
"5886","MSB:Fish:4440",1978,9,5,"MSB 4440-2","JAR11555F","BJG","JG","07-16-2025",NA,28,22,223,"impact","impact_1971-1980",35.090702,-106.684514,"myxo.g","0"
"5887","MSB:Fish:4440",1978,9,5,"MSB 4440-1","JAR11552F","BP","JG","07-16-2025",NA,25,20,138,"impact","impact_1971-1980",35.090702,-106.684514,"myxo.g","0"
"5888","MSB:Fish:4440",1978,9,5,"MSB 4440-4","JAR11098F","JG","KL","07-16-2025","M",25,21,144,"impact","impact_1971-1980",35.090702,-106.684514,"myxo.g","0"
"5889","MSB:Fish:4440",1978,9,5,"MSB 4440-3","JAR11095F","BP","GC","07-16-2025","M",27,20,205,"impact","impact_1971-1980",35.090702,-106.684514,"myxo.g","0"
"5890","MSB:Fish:4440",1978,9,5,"MSB 4440-5","JAR11549F","BP","GC","07-16-2025","M",26,20,151,"impact","impact_1971-1980",35.090702,-106.684514,"myxo.g","0"
"5891","MSB:Fish:4453",1978,9,5,"MSB 4453-5","JAR8940F","EO","GC","07-10-2025","M",27,22,167,"impact","impact_1971-1980",35.10562,-106.681074,"myxo.g","0"
"5892","MSB:Fish:4453",1978,9,5,"MSB 4453-1","JAR11359F","EO","KL","07-10-2025","F",36,30,577,"impact","impact_1971-1980",35.10562,-106.681074,"myxo.g","0"
"5893","MSB:Fish:4453",1978,9,5,"MSB 4453-3","JAR8938F","EO","KL","07-10-2025","M",28,22,149,"impact","impact_1971-1980",35.10562,-106.681074,"myxo.g","0"
"5894","MSB:Fish:4453",1978,9,5,"MSB 4453-2","JAR8936F","EO ","GC","07-10-2025","F",39,31,742,"impact","impact_1971-1980",35.10562,-106.681074,"myxo.g","0"
"5895","MSB:Fish:4453",1978,9,5,"MSB 4453-4","JAR8942F","EO","JG","07-10-2025",NA,26,22,143,"impact","impact_1971-1980",35.10562,-106.681074,"myxo.g","0"
"5896","MSB:Fish:4462",1978,6,14,"MSB 4462-1","JAR11541F","BP","BP","07-15-2025",NA,27,22,205,"control","control_1971-1980",35.322164,-106.557448,"myxo.g","0"
"5897","MSB:Fish:4462",1978,6,14,"MSB 4462-2","JAR11540F","BP","EO","07-15-2025","F",36,27,517,"control","control_1971-1980",35.322164,-106.557448,"myxo.g","0"
"5898","MSB:Fish:4462",1978,6,14,"MSB 4462-5","JAR11535F","BP","GC","07-15-2025","M",26,20,170,"control","control_1971-1980",35.322164,-106.557448,"myxo.g","0"
"5899","MSB:Fish:4462",1978,6,14,"MSB 4462-3","JAR11538F","BP","KL","07-15-2025","F",27,20,195,"control","control_1971-1980",35.322164,-106.557448,"myxo.g","0"
"5900","MSB:Fish:4462",1978,6,14,"MSB 4462-4","JAR11543F","BP","GC","07-15-2025","M",27,20,197,"control","control_1971-1980",35.322164,-106.557448,"myxo.g","0"
"5901","MSB:Fish:4486",1978,9,29,"MSB 4486-1","JAR11274F","JG","KL","07-11-2025","F",29,24,252,"control","control_1971-1980",35.383856,-106.490929,"myxo.g","0"
"5902","MSB:Fish:4486",1978,9,29,"MSB 4486-2","JAR11324F","JG","KL","07-11-2025","M",25,20,171,"control","control_1971-1980",35.383856,-106.490929,"myxo.g","0"
"5903","MSB:Fish:4486",1978,9,29,"MSB 4486-3","JAR11325F","KL","EO","07-11-2025","F",28,23,227,"control","control_1971-1980",35.383856,-106.490929,"myxo.g","0"
"5904","MSB:Fish:4486",1978,9,29,"MSB 4486-4","JAR11323F","KL","KL","07-11-2025",NA,27,22,226,"control","control_1971-1980",35.383856,-106.490929,"myxo.g","0"
"5905","MSB:Fish:4486",1978,9,29,"MSB 4486-5","JAR11273F","KL","KL","07-11-2025",NA,25,20,158,"control","control_1971-1980",35.383856,-106.490929,"myxo.g","0"
"5906","MSB:Fish:4748",1978,9,5,"MSB 4748-1","JAR8904F","BP","JG","07-09-2025",NA,33,25,374,"impact","impact_1971-1980",35.197227,-106.642667,"myxo.g","0"
"5907","MSB:Fish:4748",1978,9,5,"MSB 4748-3","JAR8907F","BP","EO","07-09-2025","F",34,27,362,"impact","impact_1971-1980",35.197227,-106.642667,"myxo.g","0"
"5908","MSB:Fish:4748",1978,9,5,"MSB 4748-2","JAR8909F","EO","JG","07-09-2025",NA,36,28,522,"impact","impact_1971-1980",35.197227,-106.642667,"myxo.g","0"
"5909","MSB:Fish:4748",1978,9,5,"MSB 4748-5","JAR8905F","BP","GC","07-09-2025",NA,30,24,278,"impact","impact_1971-1980",35.197227,-106.642667,"myxo.g","0"
"5910","MSB:Fish:4748",1978,9,5,"MSB 4748-4","JAR8906F","EO","GC","07-09-2025",NA,29,23,213,"impact","impact_1971-1980",35.197227,-106.642667,"myxo.g","0"
"5911","MSB:Fish:4750",1978,9,29,"MSB 4750-5","JAR8807F","EO","JG KL","07-07-2025",NA,34,27,447,"control","control_1971-1980",35.385246,-106.478952,"myxo.g","0"
"5912","MSB:Fish:4750",1978,9,29,"MSB 4750-3","JAR8809F","EO","GC","07-07-2025","F",44,35,886,"control","control_1971-1980",35.385246,-106.478952,"myxo.g","0"
"5913","MSB:Fish:4750",1978,9,29,"MSB 4750-1","JAR8811F","BP","JG GC","07-07-2025","F",40,32,703,"control","control_1971-1980",35.385246,-106.478952,"myxo.g","0"
"5914","MSB:Fish:4750",1978,9,29,"MSB 4750-4","JAR8813F","BP","KL","07-07-2025","F",39,31,703,"control","control_1971-1980",35.385246,-106.478952,"myxo.g","0"
"5915","MSB:Fish:4750",1978,9,29,"MSB 4750-2","JAR8808F","JG","KL","07-07-2025","F",41,36,1080,"control","control_1971-1980",35.385246,-106.478952,"myxo.g","0"
"5916","MSB:Fish:515",1949,11,19,"MSB 515-4","JAR11287F","EO","KL","07-14-2025","F",37,32,1145,"impact","impact_1941-1950",35.20447,-106.610066,"myxo.g","0"
"5917","MSB:Fish:515",1949,11,19,"MSB 515-1","JAR11307F","EO","KL","07-14-2025",NA,43,36,964,"impact","impact_1941-1950",35.20447,-106.610066,"myxo.g","0"
"5918","MSB:Fish:515",1949,11,19,"MSB 515-3","JAR11290F","EO","GC","07-14-2025","F",39,32,785,"impact","impact_1941-1950",35.20447,-106.610066,"myxo.g","0"
"5919","MSB:Fish:515",1949,11,19,"MSB 515-2","JAR11310F","EO","GC","07-14-2025","F",37,30,662,"impact","impact_1941-1950",35.20447,-106.610066,"myxo.g",NA
"5920","MSB:Fish:515",1949,11,19,"MSB 515-5","JAR11304F","EO","JG","07-14-2025","F",43,35,1190,"impact","impact_1941-1950",35.20447,-106.610066,"myxo.g","0"
"5921","MSB:Fish:5811",1987,9,9,"MSB 5811-4","JAR8806F","EO","KL","07-07-2025","F",34,27,481,"control","control_1981-1990",35.322164,-106.557448,"myxo.g","0"
"5922","MSB:Fish:5811",1987,9,9,"MSB 5811-5","JAR8810F","BP","GC","07-07-2025","F",32,26,411,"control","control_1981-1990",35.322164,-106.557448,"myxo.g","0"
"5923","MSB:Fish:5811",1987,9,9,"MSB 5811-2","JAR8804F","EO","GC","07-07-2025",NA,41,34,755,"control","control_1981-1990",35.322164,-106.557448,"myxo.g","0"
"5924","MSB:Fish:5811",1987,9,9,"MSB 5811-1","JAR8803F","BP","EO GC","07-07-2025","F",39,31,706,"control","control_1981-1990",35.322164,-106.557448,"myxo.g","0"
"5925","MSB:Fish:5811",1987,9,9,"MSB 5811-3","JAR8805F","BP","JG KL","07-07-2025",NA,35,27,556,"control","control_1981-1990",35.322164,-106.557448,"myxo.g","0"
"5926","MSB:Fish:5822",1987,9,10,"MSB 5822-1","JAR11343F","BP","GC","07-10-2025","F",34,26,358,"impact","impact_1981-1990",34.905272,-106.685564,"myxo.g","0"
"5927","MSB:Fish:5822",1987,9,10,"MSB 5822-5","JAR11352F","BP","JG","07-10-2025",NA,29,21,200,"impact","impact_1981-1990",34.905272,-106.685564,"myxo.g","0"
"5928","MSB:Fish:5822",1987,9,10,"MSB 5822-2","JAR11346F","BP","GC","07-10-2025","F",36,29,480,"impact","impact_1981-1990",34.905272,-106.685564,"myxo.g","0"
"5929","MSB:Fish:5822",1987,9,10,"MSB 5822-4","JAR11355F","JG","JG","07-10-2025",NA,25,20,153,"impact","impact_1981-1990",34.905272,-106.685564,"myxo.g","0"
"5930","MSB:Fish:5822",1987,9,10,"MSB 5822-3","JAR11358F","BP","JG","07-10-2025","F",41,32,826,"impact","impact_1981-1990",34.905272,-106.685564,"myxo.g","0"
"5931","MSB:Fish:62355",2000,9,14,"MSB 62355-1","JAR11052F","KL","KL","07-28-2025","F",32,25,322,"control","control_1991-2000",35.28373,-106.59878,"myxo.g","0"
"5932","MSB:Fish:62355",2000,9,14,"MSB 62355-3","JAR11053F","KL","KL","07-28-2025","F",29,24,210,"control","control_1991-2000",35.28373,-106.59878,"myxo.g","0"
"5933","MSB:Fish:62355",2000,9,14,"MSB 62355-2","JAR11055F","KL","KL","07-28-2025",NA,33,26,326,"control","control_1991-2000",35.28373,-106.59878,"myxo.g","0"
"5934","MSB:Fish:62355",2000,9,14,"MSB 62355-5","JAR11058F","KL","KL","07-28-2025",NA,25,21,152,"control","control_1991-2000",35.28373,-106.59878,"myxo.g","0"
"5935","MSB:Fish:62355",2000,9,14,"MSB 62355-4","JAR11054F","KL","KL","07-28-2025","F",32,25,308,"control","control_1991-2000",35.28373,-106.59878,"myxo.g","0"
"5936","MSB:Fish:6300",1988,11,12,"MSB 6300-5","JAR11624F","JG","GC","07-21-2025","F",33,27,377,"impact","impact_1981-1990",35.017903,-106.661847,"myxo.g","0"
"5937","MSB:Fish:6300",1988,11,12,"MSB 6300-1","JAR11625F","BP","BP","07-21-2025","M",33,26,347,"impact","impact_1981-1990",35.017903,-106.661847,"myxo.g","2"
"5938","MSB:Fish:6300",1988,11,12,"MSB 6300-4","JAR11622F","JG","BP","07-21-2025",NA,33,25,280,"impact","impact_1981-1990",35.017903,-106.661847,"myxo.g","0"
"5939","MSB:Fish:6300",1988,11,12,"MSB 6300-3","JAR11627F","BP","EO","07-21-2025","F",33,25,348,"impact","impact_1981-1990",35.017903,-106.661847,"myxo.g","0"
"5940","MSB:Fish:6300",1988,11,12,"MSB 6300-2","JAR11619F","JG","GC","07-21-2025","F",34,27,388,"impact","impact_1981-1990",35.017903,-106.661847,"myxo.g","0"
"5941","MSB:Fish:6405",1989,10,16,"MSB 6405-4","JAR11312F","BP","GC","07-14-2025","F",37,29,435,"impact","impact_1981-1990",35.089293,-106.680842,"myxo.g","0"
"5942","MSB:Fish:6405",1989,10,16,"MSB 6405-2","JAR11315F","JG","EO","07-14-2025","F",37,31,537,"impact","impact_1981-1990",35.089293,-106.680842,"myxo.g","0"
"5943","MSB:Fish:6405",1989,10,16,"MSB 6405-3","JAR11313F","JG","GC","07-14-2025","F",33,26,403,"impact","impact_1981-1990",35.089293,-106.680842,"myxo.g","0"
"5944","MSB:Fish:6405",1989,10,16,"MSB 6405-1","JAR1131F","BP","KL","07-14-2025","F",32,24,325,"impact","impact_1981-1990",35.089293,-106.680842,"myxo.g","0"
"5945","MSB:Fish:6405",1989,10,16,"MSB 6405-5","JAR11314F","JG","JG","07-14-2025",NA,34,27,398,"impact","impact_1981-1990",35.089293,-106.680842,"myxo.g","0"
"5946","MSB:Fish:68470",1984,8,15,"MSB 68470-3","JAR11608F","BP","JG","07-18-2025","F",44,33,959,"impact","impact_1981-1990",35.089293,-106.680842,"myxo.g","0"
"5947","MSB:Fish:68470",1984,8,15,"MSB 68470-1","JAR11604F","BP","KL","07-18-2025","F",41,31,874,"impact","impact_1981-1990",35.089293,-106.680842,"myxo.g","0"
"5948","MSB:Fish:68470",1984,8,15,"MSB 68470-5","JAR11601F","BP","EO","07-18-2025","F",37,29,554,"impact","impact_1981-1990",35.089293,-106.680842,"myxo.g","0"
"5949","MSB:Fish:68470",1984,8,15,"MSB 68470-2","JAR11605F","JG","GC","07-18-2025","F",37,30,568,"impact","impact_1981-1990",35.089293,-106.680842,"myxo.g","0"
"5950","MSB:Fish:68470",1984,8,15,"MSB 68470-4","JAR11611F","JG","JG","07-18-2025",NA,35,30,521,"impact","impact_1981-1990",35.089293,-106.680842,"myxo.g","0"
"5951","MSB:Fish:68483",1984,8,15,"MSB 68483-5","JAR11593F","JG","EO","07-18-2025","F",39,32,596,"impact","impact_1981-1990",35.069907,-106.658878,"myxo.g","0"
"5952","MSB:Fish:68483",1984,8,15,"MSB 68483-1","JAR11594F","JG","JG","07-18-2025","F",36,29,526,"impact","impact_1981-1990",35.069907,-106.658878,"myxo.g","0"
"5953","MSB:Fish:68483",1984,8,15,"MSB 68483-4","JAR11599","JG","GC","07-18-2025","F",37,30,507,"impact","impact_1981-1990",35.069907,-106.658878,"myxo.g","0"
"5954","MSB:Fish:68483",1984,8,15,"MSB 68483-3","JAR11602F","BP","BP","07-18-2025","F",36,29,500,"impact","impact_1981-1990",35.069907,-106.658878,"myxo.g","0"
"5955","MSB:Fish:68483",1984,8,15,"MSB 68483-2","JAR11596F","JG","KL","07-18-2025","F",35,29,498,"impact","impact_1981-1990",35.069907,-106.658878,"myxo.g","0"
"5956","MSB:Fish:68508",1984,8,15,"MSB 68508-2","JAR11591F","JG","JG","07-21-2025","F",34,27,416,"control","control_1981-1990",35.225523,-106.597651,"myxo.g","0"
"5957","MSB:Fish:68508",1984,8,15,"MSB 68508-4","JAR11588F","JG","GC","07-21-2025","F",35,28,587,"control","control_1981-1990",35.225523,-106.597651,"myxo.g","0"
"5958","MSB:Fish:68508",1984,8,15,"MSB 68508-5","JAR11587F","BP","JG","07-21-2025","F",33,25,397,"control","control_1981-1990",35.225523,-106.597651,"myxo.g","0"
"5959","MSB:Fish:68508",1984,8,15,"MSB 68508-3","JAR11585F","BP","EO","07-21-2025","F",37,28,556,"control","control_1981-1990",35.225523,-106.597651,"myxo.g","0"
"5960","MSB:Fish:68508",1984,8,15,"MSB 68508-1","JAR11590F","BP","GC","07-21-2025","F",36,27,487,"control","control_1981-1990",35.225523,-106.597651,"myxo.g","0"
"5961","MSB:Fish:68521",1984,8,16,"MSB 68521-5","JAR11597F","BP","JG","07-18-2025","F",32,25,429,"control","control_1981-1990",35.211416,-106.612833,"myxo.g","0"
"5962","MSB:Fish:68521",1984,8,16,"MSB 68521-4","JAR11598F","BP","KL","07-18-2025","F",31,24,369,"control","control_1981-1990",35.211416,-106.612833,"myxo.g","0"
"5963","MSB:Fish:68521",1984,8,16,"MSB 68521-1","JAR11600F","JG","KL","07-18-2025","F",39,31,597,"control","control_1981-1990",35.211416,-106.612833,"myxo.g","0"
"5964","MSB:Fish:68521",1984,8,16,"MSB 68521-3","JAR11595F","JG","BP","07-18-2025","F",39,31,719,"control","control_1981-1990",35.211416,-106.612833,"myxo.g","0"
"5965","MSB:Fish:68521",1984,8,16,"MSB 68521-2","JAR11603F","BP","BP","07-18-2025","F",36,27,661,"control","control_1981-1990",35.211416,-106.612833,"myxo.g","0"
"5966","MSB:Fish:7208",1989,11,4,"MSB 7208-3","JAR11518F","BP","GC","07-14-2025",NA,32,25,345,"impact","impact_1981-1990",35.205042,-106.609081,"myxo.g","0"
"5967","MSB:Fish:7208",1989,11,4,"MSB 7208-2","JAR11515F","EO","JG","07-14-2025",NA,38,31,650,"impact","impact_1981-1990",35.205042,-106.609081,"myxo.g","0"
"5968","MSB:Fish:7208",1989,11,4,"MSB 7208-5","JAR11509F","BP","GC","07-14-2025","F",34,25,381,"impact","impact_1981-1990",35.205042,-106.609081,"myxo.g","0"
"5969","MSB:Fish:7208",1989,11,4,"MSB 7208-1","JAR11510F","BP","KL","07-14-2025","F",36,26,645,"impact","impact_1981-1990",35.205042,-106.609081,"myxo.g","0"
"5970","MSB:Fish:7208",1989,11,4,"MSB 7208-4","JAR11512F","EO","GC","07-14-2025","F",37,29,482,"impact","impact_1981-1990",35.205042,-106.609081,"myxo.g","0"
"5971","MSB:Fish:7239",1989,11,12,"MSB 7230-1","JAR11606F","JG","GC","07-21-2025","F",30,23,279,"impact","impact_1981-1990",34.994298,-106.678945,"myxo.g","0"
"5972","MSB:Fish:7239",1989,11,12,"MSB 7239-4","JAR11615F","BP","EO","07-21-2025","F",29,22,268,"impact","impact_1981-1990",34.994298,-106.678945,"myxo.g","2"
"5973","MSB:Fish:7239",1989,11,12,"MSB 7239-2","JAR11612F","BP","JG","07-21-2025",NA,36,27,500,"impact","impact_1981-1990",34.994298,-106.678945,"myxo.g","0"
"5974","MSB:Fish:7239",1989,11,12,"MSB 7239-3","JAR11609F","JG","GC","07-21-2025",NA,27,22,204,"impact","impact_1981-1990",34.994298,-106.678945,"myxo.g","0"
"5975","MSB:Fish:7239",1989,11,12,"MSB 7239-5","JAR11614F","JG","EO","07-21-2025","F",30,24,281,"impact","impact_1981-1990",34.994298,-106.678945,"myxo.g","0"
"5976","MSB:Fish:73719",2002,9,16,"MSB 73719-4","JAR11050F","KL","KL","07-28-2025","F",38,31,612,"control","control_2001-2010",35.322164,-106.557448,"myxo.g","0"
"5977","MSB:Fish:73719",2002,9,16,"MSB 73719-5","JAR11051F","KL","KL","07-28-2025",NA,36,29,495,"control","control_2001-2010",35.322164,-106.557448,"myxo.g","0"
"5978","MSB:Fish:73719",2002,9,16,"MSB 73719-3","JAR11049F","KL","KL","07-28-2025","F",40,32,748,"control","control_2001-2010",35.322164,-106.557448,"myxo.g","0"
"5979","MSB:Fish:73719",2002,9,16,"MSB 73719-2","JAR11048F","KL","KL","07-28-2025","F",41,34,824,"control","control_2001-2010",35.322164,-106.557448,"myxo.g","0"
"5980","MSB:Fish:73719",2002,9,16,"MSB 73719-1","JAR11047F","KL","KL","07-28-2025",NA,37,30,488,"control","control_2001-2010",35.322164,-106.557448,"myxo.g","0"
"5981","MSB:Fish:7971",1990,10,22,"MSB 7971-2","JAR8910F","BP","EO","07-09-2025","F",29,24,264,"impact","impact_1981-1990",35.089293,-106.680842,"myxo.g","0"
"5982","MSB:Fish:7971",1990,10,22,"MSB 7971-1","JAR8912F","EO","KL","07-09-2025","F",38,30,560,"impact","impact_1981-1990",35.089293,-106.680842,"myxo.g","0"
"5983","MSB:Fish:7971",1990,10,22,"MSB 7971-3","JAR8908F","EO","BP","07-09-2025","F",33,25,370,"impact","impact_1981-1990",35.089293,-106.680842,"myxo.g","0"
"5984","MSB:Fish:7971",1990,10,22,"MSB 7971-5","JAR8916F","EO","BP","07-09-2025","F",28,21,207,"impact","impact_1981-1990",35.089293,-106.680842,"myxo.g","0"
"5985","MSB:Fish:7971",1990,10,22,"MSB 7971-4","JAR8914F","BP","GC","07-09-2025",NA,26,21,155,"impact","impact_1981-1990",35.089293,-106.680842,"myxo.g","0"
"5986","MSB:Fish:9004",1998,10,28,"MSB 9004-5","JAR11300F","JG","BP","07-14-2025","F",34,28,428,"impact","impact_1981-1990",35.196977,-106.642444,"myxo.g","0"
"5987","MSB:Fish:9004",1990,10,28,"MSB 9004-1","JAR11303F","BP","BP","07-14-2025",NA,33,27,388,"impact","impact_1981-1990",35.196977,-106.642444,"myxo.g","0"
"5988","MSB:Fish:9004",1990,10,28,"MSB 9004-4","JAR11301F","JG","GC","07-14-2025",NA,34,28,405,"impact","impact_1981-1990",35.196977,-106.642444,"myxo.g","0"
"5989","MSB:Fish:9004",1990,10,28,"MSB 9004-2","JAR11306F","JG","KL","07-14-2025",NA,32,25,351,"impact","impact_1981-1990",35.196977,-106.642444,"myxo.g","0"
"5990","MSB:Fish:9004",1990,10,28,"MSB 9004-3","JAR11309F","JG","KL","07-14-2025","F",40,32,595,"impact","impact_1981-1990",35.196977,-106.642444,"myxo.g","0"
"5991","MSB:Fish:9011",1990,10,28,"MSB 9011-1","JAR11099F","JG","GC","07-16-2025",NA,36,30,481,"control","control_1981-1990",35.28086111,-106.5988056,"myxo.g","0"
"5992","MSB:Fish:9011",1990,10,28,"MSB 9011-3","JAR11104F","JG","JG","07-16-2025",NA,35,27,423,"control","control_1981-1990",35.28086111,-106.5988056,"myxo.g","0"
"5993","MSB:Fish:9011",1990,10,28,"MSB 9011-5","JAR11101F","JG","KL","07-16-2025",NA,30,24,291,"control","control_1981-1990",35.28086111,-106.5988056,"myxo.g","0"
"5994","MSB:Fish:9011",1990,10,28,"MSB 9011-4","JAR11096F","BP","GC","07-16-2025","F",32,23,324,"control","control_1981-1990",35.28086111,-106.5988056,"myxo.g","0"
"5995","MSB:Fish:9011",1990,10,28,"MSB 9011-2","JAR11102F","JG","GC","07-16-2025",NA,36,31,550,"control","control_1981-1990",35.28086111,-106.5988056,"myxo.g","0"
"5996","MSB:Fish:9465",1989,2,26,"MSB 9465-1","JAR11536F","EO","KL","07-15-2025","F",38,31,553,"impact","impact_1981-1990",34.917008,-106.675195,"myxo.g","0"
"5997","MSB:Fish:9465",1989,2,26,"MSB 9465-4","JAR11539F","EO","KL","07-15-2025","F",47,38,1063,"impact","impact_1981-1990",34.917008,-106.675195,"myxo.g","0"
"5998","MSB:Fish:9465",1989,2,26,"MSB 9465-3","JAR11542F","BP","GC","07-15-2025",NA,39,30,565,"impact","impact_1981-1990",34.917008,-106.675195,"myxo.g","0"
"5999","MSB:Fish:9465",1989,2,26,"MSB 9465-5","JAR11533F","BP","JG","07-15-2025",NA,39,30,778,"impact","impact_1981-1990",34.917008,-106.675195,"myxo.g","0"
"6000","MSB:Fish:9465",1989,2,26,"MSB 9465-2","JAR11537F","EO","GC","07-15-2025","F",47,38,1184,"impact","impact_1981-1990",34.917008,-106.675195,"myxo.g","0"
