"","CatalogNumber","YearCollected","MonthCollected","DayCollected","IndividualFishID","FishBarcode","Dissector","Examiner","DissectionDate","Sex","TotalLength_mm","StandardLength_mm","Weight_mg","CI","combo","Latitude","Longitude","psite_spp","psite_count"
"1","MSB:Fish:1129",1959,2,20,"MSB 1129-5","JAR8672F","JG","CW","06-20-2025",NA,40,32,383,"control","control_1951-1960",35.350556,-106.535497,"cope.imler",0
"2","MSB:Fish:1129",1959,2,20,"MSB 1129-2","JAR8674F","EO","CLW","06-20-2025",NA,46,34,697,"control","control_1951-1960",35.350556,-106.535497,"cope.imler",0
"3","MSB:Fish:1129",1959,2,20,"MSB 1129-1","JAR8668F","JG","KL","06-20-2025",NA,41,33,519,"control","control_1951-1960",35.350556,-106.535497,"cope.imler",0
"4","MSB:Fish:1129",1959,2,20,"MSB 1129-4","JAR8671F","EO","JG KL","06-20-2025",NA,41,31,580,"control","control_1951-1960",35.350556,-106.535497,"cope.imler",0
"5","MSB:Fish:1129",1959,2,20,"MSB 1129-3","JAR8673F","JG","CW","06-20-2025",NA,43,36,659,"control","control_1951-1960",35.350556,-106.535497,"cope.imler",0
"6","MSB:Fish:1130",1949,10,29,"MSB 1130-5","JAR8701F","EO","KL","06-24-2025",NA,57,48,2022,"impact","impact_1941-1950",34.87537,-106.717837,"cope.imler",0
"7","MSB:Fish:1130",1949,10,29,"MSB 1130-3","JAR8697F","JG","JG CW","06-24-2025",NA,61,49,1811,"impact","impact_1941-1950",34.87537,-106.717837,"cope.imler",0
"8","MSB:Fish:1130",1949,10,29,"MSB 1130-4","JAR8699F","BP","CLW","06-24-2025",NA,62,47,2068,"impact","impact_1941-1950",34.87537,-106.717837,"cope.imler",0
"9","MSB:Fish:1130",1949,10,29,"MSB 1130-1","JAR8690F","JG","JG KL","06-24-2025",FALSE,71,58,3286,"impact","impact_1941-1950",34.87537,-106.717837,"cope.imler",0
"10","MSB:Fish:1130",1949,10,29,"MSB 1130-2","JAR8695F","BP","KL","06-24-2025",FALSE,68,54,3151,"impact","impact_1941-1950",34.87537,-106.717837,"cope.imler",0
"11","MSB:Fish:1131",1959,2,24,"MSB 1131-5","JAR8682F","BP","KL","06-23-2025",NA,53,44,1289,"impact","impact_1951-1960",34.987044,-106.690293,"cope.imler",0
"12","MSB:Fish:1131",1959,2,24,"MSB 1131-2","JAR8689F","EO","CW","06-23-2025",NA,60,47,1798,"impact","impact_1951-1960",34.987044,-106.690293,"cope.imler",0
"13","MSB:Fish:1131",1959,2,24,"MSB 1131-3","JAR8693F","BP","CW","06-23-2025",FALSE,54,44,1280,"impact","impact_1951-1960",34.987044,-106.690293,"cope.imler",0
"14","MSB:Fish:1131",1959,2,24,"MSB 1131-4","JAR8680F","EO","KL","06-23-2025",NA,52,43,1316,"impact","impact_1951-1960",34.987044,-106.690293,"cope.imler",0
"15","MSB:Fish:1131",1959,2,24,"MSB 1131-2","JAR8691F","JG","CLW","06-23-2025",NA,63,51,1849,"impact","impact_1951-1960",34.987044,-106.690293,"cope.imler",0
"16","MSB:Fish:1132",1947,10,25,"MSB 1132-1","JAR8684F","JG","CW","06-23-2025",NA,71,58,3310,"control","control_1941-1950",35.380629,-106.503529,"cope.imler",0
"17","MSB:Fish:1132",1947,10,25,"MSB 1132-4","JAR8694F","JG","KL","06-23-2025",NA,63,54,2744,"control","control_1941-1950",35.380629,-106.503529,"cope.imler",0
"18","MSB:Fish:1132",2947,10,25,"MSB 1132-5","JAR8692F","JG","CW","06-23-2025",NA,61,49,1975,"control","control_1941-1950",35.380629,-106.503529,"cope.imler",0
"19","MSB:Fish:1132",1947,10,25,"MSB 1132-3","JAR8688F","JG","CLW","06-23-2025",NA,77,64,4621,"control","control_1941-1950",35.380629,-106.503529,"cope.imler",0
"20","MSB:Fish:1132",1947,10,25,"MSB 1132-2","JAR8686F","JG","CW","06-23-2025",NA,73,62,3934,"control","control_1941-1950",35.380629,-106.503529,"cope.imler",0
"21","MSB:Fish:1149",1939,2,26,"MSB 1149-1","JAR8871F","JG","GC","07-02-2025",NA,55,45,1360,"impact","impact_1931-1940",35.100259,-106.692107,"cope.imler",0
"22","MSB:Fish:1149",1939,2,26,"MSB 1149-5","JAR8872F","EO","KL","07-02-2025",FALSE,76,57,3276,"impact","impact_1931-1940",35.100259,-106.692107,"cope.imler",0
"23","MSB:Fish:1149",1939,2,26,"MSB 1149-3","JAR8875F","EO","EO KL","07-02-2025",NA,61,47,1795,"impact","impact_1931-1940",35.100259,-106.692107,"cope.imler",0
"24","MSB:Fish:1149",1939,2,26,"MSB 1149-4","JAR8877F","JG","CW","07-02-2025",NA,57,45,1435,"impact","impact_1931-1940",35.100259,-106.692107,"cope.imler",0
"25","MSB:Fish:1149",1939,2,26,"MSB 1149-2","JAR8873F","JG","GC","07-02-2025",FALSE,64,52,2298,"impact","impact_1931-1940",35.100259,-106.692107,"cope.imler",0
"26","MSB:Fish:1150",1939,6,9,"MSB 1150-3","JAR8712F","BP","CW","06-24-2025",FALSE,71,54,4462,"impact","impact_1931-1940",34.906619,-106.685289,"cope.imler",0
"27","MSB:Fish:1150",1939,6,9,"MSB 1150-1","JAR8708F","BP","KL","06-24-2025",NA,63,50,2550,"impact","impact_1931-1940",34.906619,-106.685289,"cope.imler",0
"28","MSB:Fish:1150",1939,6,9,"MSB 1150-2","JAR8714F","JG","CLW","06-24-2025",FALSE,72,61,4536,"impact","impact_1931-1940",34.906619,-106.685289,"cope.imler",0
"29","MSB:Fish:1150",1939,6,9,"MSB 1150-5","JAR8710F","BP","CW","06-24-2025",FALSE,60,49,2576,"impact","impact_1931-1940",34.906619,-106.685289,"cope.imler",0
"30","MSB:Fish:1150",1939,6,9,"MSB 1150-4","JAR8716F","JG","KL","06-24-2025",FALSE,65,53,3213,"impact","impact_1931-1940",34.906619,-106.685289,"cope.imler",0
"31","MSB:Fish:1154",1949,10,21,"MSB 1154-4","JAR8770F","EO","CW","06-30-2025",NA,54,43,1207,"impact","impact_1941-1950",34.929201,-106.681499,"cope.imler",0
"32","MSB:Fish:1154",1949,10,21,"MSB 1154-2","JAR8773F","EO","KL","06-30-2025",FALSE,66,52,2229,"impact","impact_1941-1950",34.929201,-106.681499,"cope.imler",0
"33","MSB:Fish:1154",1949,10,21,"MSB 1154-3","JAR8768","BP","BP","06-30-2025",NA,60,48,1790,"impact","impact_1941-1950",34.929201,-106.681499,"cope.imler",0
"34","MSB:Fish:1154",1949,10,21,"MSB 1154-5","JAR8772F","BP","BP","06-30-2025",FALSE,44,34,644,"impact","impact_1941-1950",34.929201,-106.681499,"cope.imler",0
"35","MSB:Fish:1154",1949,10,21,"MSB 1154-1","JAR8771F","BP","EO GC CW","06-30-2025",NA,65,51,2430,"impact","impact_1941-1950",34.929201,-106.681499,"cope.imler",0
"36","MSB:Fish:1155",1943,6,23,"MSB 1155-3","JAR8685F","BP","CW","06-23-2025",NA,69,56,3145,"control","control_1941-1950",35.322418,-106.557971,"cope.imler",0
"37","MSB:Fish:1155",1943,6,23,"MSB 1155-4","JAR8683F","EO","BP KL","06-23-2025",FALSE,54,45,1684,"control","control_1941-1950",35.322418,-106.557971,"cope.imler",0
"38","MSB:Fish:1155",2943,6,23,"MSB1155-1","JAR8679F","BP","BP CW KL","06-23-2025",NA,62,50,2170,"control","control_1941-1950",35.322418,-106.557971,"cope.imler",0
"39","MSB:Fish:1155",1943,6,23,"MSB 1155-5","JAR8687F","EO","KL","06-23-2025",NA,53,45,1706,"control","control_1941-1950",35.322418,-106.557971,"cope.imler",0
"40","MSB:Fish:1155",1943,6,23,"MSB 1155-2","JAR8681F","EO","KL","06-23-2025",NA,63,50,2536,"control","control_1941-1950",35.322418,-106.557971,"cope.imler",0
"41","MSB:Fish:1160",1939,1,28,"MSB 1160-3","JAR8784F","JG","CW","07-01-2025",NA,51,42,1253,"impact","impact_1931-1940",35.100259,-106.692107,"cope.imler",0
"42","MSB:Fish:1160",1939,1,28,"MSB 1160-2","JAR8779","JG","EO GC","07-01-2025",NA,48,38,800,"impact","impact_1931-1940",35.100259,-106.692107,"cope.imler",0
"43","MSB:Fish:1160",1939,1,28,"MSB 1160-1","JAR8781F","JG","GC","07-01-2025",NA,51,43,1112,"impact","impact_1931-1940",35.100259,-106.692107,"cope.imler",0
"44","MSB:Fish:1160",1939,1,28,"MSB 1160-4","JAR8780F","JG","GC","07-01-2025",FALSE,50,41,1020,"impact","impact_1931-1940",35.100259,-106.692107,"cope.imler",0
"45","MSB:Fish:1160",1939,1,28,"MSB 1160-5","JAR8782F","EO","GC","07-01-2025",NA,51,40,1021,"impact","impact_1931-1940",35.100259,-106.692107,"cope.imler",0
"46","MSB:Fish:19389",1994,5,27,"MSB 19389-1","JAR8874F","JG","JG","07-02-2025",FALSE,56,44,1941,"control","control_1991-2000",35.322164,-106.557448,"cope.imler",0
"47","MSB:Fish:19389",1994,5,27,"MSB 19389-2","JAR8862F","EO","KL","07-02-2025",NA,52,40,1391,"control","control_1991-2000",35.322164,-106.557448,"cope.imler",0
"48","MSB:Fish:19389",1994,5,27,"MSB 19389-5","JAR8878F","BP","CW","07-02-2025",NA,44,35,909,"control","control_1991-2000",35.322164,-106.557448,"cope.imler",0
"49","MSB:Fish:19389",1994,5,27,"MSB 19389-4","JAR8858F","EO","GC","07-02-2025",NA,48,38,1096,"control","control_1991-2000",35.322164,-106.557448,"cope.imler",0
"50","MSB:Fish:19389",1994,5,27,"MSB 19389-3","JAR8876F","JG","KL","07-02-2025",FALSE,55,46,2190,"control","control_1991-2000",35.322164,-106.557448,"cope.imler",0
"51","MSB:Fish:19537",1994,9,16,"MSB 19537-3","JAR8635F","EO","CLW","06-20-2025",NA,59,46,1370,"impact","impact_1991-2000",34.85683333,-106.7208056,"cope.imler",0
"52","MSB:Fish:19537",1994,9,16,"MSB 19537-2","JAR8664F","EO","CW","06-16-2025",NA,58,46,1650,"impact","impact_1991-2000",34.85683333,-106.7208056,"cope.imler",0
"53","MSB:Fish:19537",1994,9,16,"MSB 19537-1","JAR8632F","JG","KL","06-16-2025",NA,54,48,1824,"impact","impact_1991-2000",34.85683333,-106.7208056,"cope.imler",0
"54","MSB:Fish:19537",1994,9,16,"MSB 19537-4","JAR8638F","JG","CLW","06-16-2025",NA,53,44,1183,"impact","impact_1991-2000",34.85683333,-106.7208056,"cope.imler",0
"55","MSB:Fish:19537",1994,9,16,"MSB 19537-5","JAR8637F","EO","CW","06-16-2025",NA,47,38,760,"impact","impact_1991-2000",34.85683333,-106.7208056,"cope.imler",0
"56","MSB:Fish:19688",1994,10,10,"MSB 19688-2","JAR8863F","BP","JG CW","07-02-2025",NA,57,44,1805,"impact","impact_1991-2000",34.85683333,-106.7208056,"cope.imler",0
"57","MSB:Fish:19688",1994,10,10,"MSB 19688-4","JAR8867F","BP","CW","07-02-2025",NA,58,46,1810,"impact","impact_1991-2000",34.85683333,-106.7208056,"cope.imler",0
"58","MSB:Fish:19688",1994,10,10,"MSB 19688-5","JAR8869F","BP","KL","07-02-2025",NA,48,38,993,"impact","impact_1991-2000",34.85683333,-106.7208056,"cope.imler",0
"59","MSB:Fish:19688",1994,10,10,"MSB 19688-1","JAR8886F","BP","JG CW","07-02-2025",NA,65,51,2667,"impact","impact_1991-2000",34.85683333,-106.7208056,"cope.imler",0
"60","MSB:Fish:19688",1994,10,10,"MSB 19688-3","JAR8865F","BP","KL","07-02-2025",FALSE,56,45,2032,"impact","impact_1991-2000",34.85683333,-106.7208056,"cope.imler",0
"61","MSB:Fish:20390",1994,8,11,"MSB 20390-2","JAR8881F","JG","GC","07-02-2025",NA,40,36,923,"impact","impact_1991-2000",34.85683333,-106.7208056,"cope.imler",0
"62","MSB:Fish:20390",1994,8,11,"MSB 20390-3","JAR8880F","JG","EO","07-02-2025",NA,41,33,528,"impact","impact_1991-2000",34.85683333,-106.7208056,"cope.imler",0
"63","MSB:Fish:20390",1994,8,11,"MSB 20390-1","JAR8883F","JG","JG","07-02-2025",NA,53,41,1467,"impact","impact_1991-2000",34.85683333,-106.7208056,"cope.imler",0
"64","MSB:Fish:20390",1994,8,11,"MSB 20390-4","JAR8882F","JG","BP","07-02-2025",NA,49,38,968,"impact","impact_1991-2000",34.85683333,-106.7208056,"cope.imler",0
"65","MSB:Fish:20390",1994,8,11,"MSB 20390-5","JAR8884F","JG","CW","07-02-2025",NA,49,40,1145,"impact","impact_1991-2000",34.85683333,-106.7208056,"cope.imler",0
"66","MSB:Fish:20526",1994,7,27,"MSB 20526-5","JAR8666F","EO","CW","06-20-2025",NA,37,29,510,"impact","impact_1991-2000",34.905272,-106.685564,"cope.imler",0
"67","MSB:Fish:20526",1994,7,27,"MSB 20526-4","JAR8669F","BP","CLW","06-20-2025",NA,34,26,375,"impact","impact_1991-2000",34.905272,-106.685564,"cope.imler",0
"68","MSB:Fish:20526",1994,7,27,"MSB 20526-2","JAR8665F","BP","CW","06-20-2025",NA,37,29,507,"impact","impact_1991-2000",34.905272,-106.685564,"cope.imler",0
"69","MSB:Fish:20526",1994,7,27,"MSB 20526-3","JAR8667F","EO","CLW","06-20-2025",NA,38,30,599,"impact","impact_1991-2000",34.905272,-106.685564,"cope.imler",0
"70","MSB:Fish:20526",1994,7,27,"MSB 20526-1","JAR8647F","EO","KL","06-20-2025",NA,53,44,1498,"impact","impact_1991-2000",34.905272,-106.685564,"cope.imler",0
"71","MSB:Fish:25010",1995,8,2,"MSB 25010-2","JAR8650F","JG","KL","06-16-2025",NA,37,30,475,"control","control_1991-2000",35.28302778,-106.5981389,"cope.imler",0
"72","MSB:Fish:25010",1995,8,2,"MSB 25010-3","JAR8649F","EO","KL","06-16-2025",NA,39,31,531,"control","control_1991-2000",35.28302778,-106.5981389,"cope.imler",0
"73","MSB:Fish:25010",1995,8,2,"MSB 25010-4","JAR8652F","JG","JG CLW","06-16-2025",NA,35,28,503,"control","control_1991-2000",35.28302778,-106.5981389,"cope.imler",0
"74","MSB:Fish:25010",1995,8,2,"MSB 25010-1","JAR8629F","EO","CW","06-16-2025",NA,43,32,743,"control","control_1991-2000",35.28302778,-106.5981389,"cope.imler",0
"75","MSB:Fish:25010",1995,8,2,"MSB 25010-5","JAR8651F","EO","KL","06-16-2025",NA,38,30,494,"control","control_1991-2000",35.28302778,-106.5981389,"cope.imler",0
"76","MSB:Fish:25023",1995,8,2,"MSB 25023-3","JAR8723F","EO","CW","06-25-2025",NA,38,29,422,"impact","impact_1991-2000",35.089293,-106.680842,"cope.imler",0
"77","MSB:Fish:25023",1995,8,2,"MSB 25023-5","JAR8719F","EO","KL","06-25-2025",NA,40,31,571,"impact","impact_1991-2000",35.089293,-106.680842,"cope.imler",0
"78","MSB:Fish:25023",1995,8,2,"MSB 25023-1","JAR8720F","EO","JG EO KL","06-25-2025",NA,39,30,586,"impact","impact_1991-2000",35.089293,-106.680842,"cope.imler",0
"79","MSB:Fish:25023",1995,8,2,"MSB 25023-2","JAR8725F","EO","KL","06-25-2025",NA,36,29,560,"impact","impact_1991-2000",35.089293,-106.680842,"cope.imler",0
"80","MSB:Fish:25023",1995,8,2,"MSB 25023-4","JAR8721F","EO","CW","06-25-2025",NA,37,29,524,"impact","impact_1991-2000",35.089293,-106.680842,"cope.imler",0
"81","MSB:Fish:30075",1996,4,10,"MSB 30075-4","JAR8775F","EO","GC","06-30-2025",NA,63,49,2305,"impact","impact_1991-2000",35.13539167,-106.6684167,"cope.imler",0
"82","MSB:Fish:30075",1996,4,10,"MSB 30075-5","JAR8776","EO","EO KL ","06-30-2025",FALSE,68,54,3090,"impact","impact_1991-2000",35.13539167,-106.6684167,"cope.imler",0
"83","MSB:Fish:30075",1996,4,10,"MSB 30075-3","JAR8774F","JG","GC","06-30-2025",NA,57,46,1641,"impact","impact_1991-2000",35.13539167,-106.6684167,"cope.imler",0
"84","MSB:Fish:30075",1996,4,10,"MSB 30075-1","JAR8777F","JG","KL","06-30-2025",FALSE,55,45,1416,"impact","impact_1991-2000",35.13539167,-106.6684167,"cope.imler",0
"85","MSB:Fish:30075",1996,4,10,"MSB 30075-2","JAR8778F","EO","CW","06-30-2025",NA,70,57,3072,"impact","impact_1991-2000",35.13539167,-106.6684167,"cope.imler",0
"86","MSB:Fish:30282",1996,5,16,"MSB 30282-2","JAR8653F","EO","CW","06-23-2025",NA,64,50,2621,"control","control_1991-2000",35.322164,-106.557448,"cope.imler",0
"87","MSB:Fish:30282",1996,5,16,"MSB 20282-5","JAR8655F","JG","CLW","06-23-2025",NA,72,59,3808,"control","control_1991-2000",35.322164,-106.557448,"cope.imler",0
"88","MSB:Fish:30282",1996,5,16,"MSB 30282-1","JAR8654F","JG","CLW","06-23-2025",NA,58,49,2054,"control","control_1991-2000",35.322164,-106.557448,"cope.imler",0
"89","MSB:Fish:30282",1996,5,16,"MSB 30282-3","JAR8656F","EO","KL","06-23-2025",NA,71,56,3863,"control","control_1991-2000",35.322164,-106.557448,"cope.imler",0
"90","MSB:Fish:30282",1996,5,16,"MSB 30282-4","JAR8658F","BP","JG KL","06-23-2025",FALSE,58,46,1814,"control","control_1991-2000",35.322164,-106.557448,"cope.imler",0
"91","MSB:Fish:30410",1996,6,28,"MSB 30410-2","JAR8742F","BP","CW","06-25-2025",FALSE,66,53,3676,"impact","impact_1991-2000",34.85683333,-106.7208056,"cope.imler",0
"92","MSB:Fish:30410",1996,6,28,"MSB 30410-3","JAR8740F","BP","KL","06-25-2025",FALSE,74,59,4025,"impact","impact_1991-2000",34.85683333,-106.7208056,"cope.imler",0
"93","MSB:Fish:30410",1996,6,28,"MSB 30410-5","JAR8743F","BP","BP CW ","06-25-2025",NA,69,58,2424,"impact","impact_1991-2000",34.85683333,-106.7208056,"cope.imler",0
"94","MSB:Fish:30410",1996,6,28,"MSB 30410-1","JAR8736F","BP","CLW","06-25-2025",FALSE,72,59,NA,"impact","impact_1991-2000",34.85683333,-106.7208056,"cope.imler",0
"95","MSB:Fish:30410",1996,6,28,"MSB 30410-4","JAR8738F","JG","CLW","06-25-2025",FALSE,75,61,4376,"impact","impact_1991-2000",34.85683333,-106.7208056,"cope.imler",0
"96","MSB:Fish:30810",1996,2,7,"MSB 30810-3","JAR8737F","EO","KL","06-25-2026",FALSE,55,43,1306,"impact","impact_1991-2000",35.089293,-106.680842,"cope.imler",0
"97","MSB:Fish:30810",1996,2,7,"MSB 30810-2","JAR8735F","BP","JG KL","06-25-2025",FALSE,59,48,1673,"impact","impact_1991-2000",35.089293,-106.680842,"cope.imler",0
"98","MSB:Fish:30810",1996,2,7,"MSB 30810-4","JAR8739F","BP","CW","06-25-2026",NA,66,52,2148,"impact","impact_1991-2000",35.089293,-106.680842,"cope.imler",0
"99","MSB:Fish:30810",1996,2,7,"MSB 30910-1","JAR8734F","EO","CW","06-25-2025",NA,68,54,2437,"impact","impact_1991-2000",35.089293,-106.680842,"cope.imler",0
"100","MSB:Fish:30810",1996,2,7,"MSB 30810-5","JAR8741F","BP","CW","06-25-2025",NA,63,52,2142,"impact","impact_1991-2000",35.089293,-106.680842,"cope.imler",0
"101","MSB:Fish:39103",1997,10,15,"MSB 39103-1","JAR8670F","BP","JG KL","06-23-2025",NA,57,53,2560,"control","control_1991-2000",35.28302778,-106.5981389,"cope.imler",0
"102","MSB:Fish:39103",1997,10,15,"MSB 39103-3","JAR8675F","BP","KL","06-23-2025",NA,61,47,2132,"control","control_1991-2000",35.28302778,-106.5981389,"cope.imler",0
"103","MSB:Fish:39103",1997,10,15,"MSB 39103-5","JAR8678F","EO","CW","06-23-2025",NA,60,47,2006,"control","control_1991-2000",35.28302778,-106.5981389,"cope.imler",0
"104","MSB:Fish:39103",2997,10,15,"MSB 39103-4","JAR8676F","EO","EO CLW","06-23-2025",NA,69,54,3110,"control","control_1991-2000",35.28302778,-106.5981389,"cope.imler",0
"105","MSB:Fish:39103",1997,10,15,"MSB 39103-2","JAR8677F","JG","KL","06-23-2025",NA,69,56,3012,"control","control_1991-2000",35.28302778,-106.5981389,"cope.imler",0
"106","MSB:Fish:3966",1977,9,28,"MSB 3966-5","JAR8879F","JG","CW","07-02-2025",NA,51,41,1353,"impact","impact_1971-1980",35.134883,-106.690838,"cope.imler",0
"107","MSB:Fish:3966",1977,9,28,"MSB 3966-3","JAR8894F","JG","GC","07-02-2025",NA,50,39,1164,"impact","impact_1971-1980",35.134883,-106.690838,"cope.imler",0
"108","MSB:Fish:3966",1977,9,28,"MSB 3966-1","JAR8888F","JG","KL","07-02-2025",NA,55,44,1530,"impact","impact_1971-1980",35.134883,-106.690838,"cope.imler",0
"109","MSB:Fish:3966",1977,9,28,"MSB 3966-4","JAR8885F","JG","GC","07-02-2025",NA,57,47,2076,"impact","impact_1971-1980",35.134883,-106.690838,"cope.imler",0
"110","MSB:Fish:3966",1977,9,28,"MSB 3966-2","JAR8892F","JG","CW","07-02-2025",NA,38,30,477,"impact","impact_1971-1980",35.134883,-106.690838,"cope.imler",0
"111","MSB:Fish:4096",1978,9,5,"MSB 4096-1","JAR8718F","BP","KL","06-24-2025",NA,44,36,1043,"impact","impact_1971-1980",35.10625,-106.692633,"cope.imler",0
"112","MSB:Fish:4096",1978,9,5,"MSB 4096-5","JAR8715F","BP","KL","06-24-2025",NA,41,33,774,"impact","impact_1971-1980",35.10625,-106.692633,"cope.imler",0
"113","MSB:Fish:4096",1978,9,5,"MSB 4096-3","JAR8713F","BP","EO CW","06-24-2025",FALSE,49,39,1118,"impact","impact_1971-1980",35.10625,-106.692633,"cope.imler",0
"114","MSB:Fish:4096",1978,9,5,"MSB 4096-4","JAR8717F","EO","CW","06-24-2025",NA,45,35,856,"impact","impact_1971-1980",35.10625,-106.692633,"cope.imler",0
"115","MSB:Fish:4096",1978,9,5,"MSB 4096-2","JAR8711F","EO","CW","06-24-2025",NA,44,34,903,"impact","impact_1971-1980",35.10625,-106.692633,"cope.imler",0
"116","MSB:Fish:4161",1977,8,5,"MSB 4161-3","JAR8700F","BP","CW","06-24-2025",NA,39,29,511,"impact","impact_1971-1980",34.905272,-106.685564,"cope.imler",0
"117","MSB:Fish:4161",1977,8,5,"MSB 4161-4","JAR8702F","JG","CLW","06-24-2025",NA,41,31,632,"impact","impact_1971-1980",34.905272,-106.685564,"cope.imler",0
"118","MSB:Fish:4161",1977,8,5,"MSB 4161-5","JAR8703F","JG","CLW","06-24-2025",NA,36,29,444,"impact","impact_1971-1980",34.905272,-106.685564,"cope.imler",0
"119","MSB:Fish:4161",1977,8,5,"MSB 4161-1","JAR8696F","JG","KL","06-24-2025",NA,53,43,1166,"impact","impact_1971-1980",34.905272,-106.685564,"cope.imler",0
"120","MSB:Fish:4161",1977,8,5,"MSB 4161-2","JAR8698F","JG","JG KL","06-24-2025",NA,44,35,753,"impact","impact_1971-1980",34.905272,-106.685564,"cope.imler",0
"121","MSB:Fish:4206",1978,9,8,"MSB 4206-3","JAR8847F","EO","KL","07-01-2025",NA,39,30,567,"control","control_1971-1980",35.256141,-106.596281,"cope.imler",0
"122","MSB:Fish:4206",1978,9,8,"MSB 4206-1","JAR8848F","EO","JG KL","07-01-2025",NA,43,33,739,"control","control_1971-1980",35.256141,-106.596281,"cope.imler",0
"123","MSB:Fish:4206",1978,9,8,"MSB 4206-4","JAR8852F","EO","GC","07-01-2025",NA,37,29,503,"control","control_1971-1980",35.256141,-106.596281,"cope.imler",0
"124","MSB:Fish:4206",1978,9,8,"MSB 4206-2","JAR8850F","EO","CW","07-01-2025",NA,40,31,665,"control","control_1971-1980",35.256141,-106.596281,"cope.imler",0
"125","MSB:Fish:4206",1978,9,8,"MSB 4206-5","JAR8854F","EO","JG KL","07-01-2025",NA,36,29,433,"control","control_1971-1980",35.256141,-106.596281,"cope.imler",0
"126","MSB:Fish:43490",1999,10,11,"MSB 43490-1","JAR8745F","BP","CW","06-26-2025",NA,72,57,3244,"control","control_1991-2000",35.28302778,-106.5981389,"cope.imler",0
"127","MSB:Fish:43490",1999,10,11,"MSB 43490-3","JAR8749F","BP","CLW","06-26-2025",FALSE,61,49,2200,"control","control_1991-2000",35.28302778,-106.5981389,"cope.imler",0
"128","MSB:Fish:43490",1999,10,11,"MSB 43490-5","JAR8746F","BP","CLW","06-26-2025",FALSE,60,51,2094,"control","control_1991-2000",35.28302778,-106.5981389,"cope.imler",0
"129","MSB:Fish:43490",1999,10,11,"MSB 43490-2","JAR8747F","JG","CLW","06-26-2025",NA,61,55,2713,"control","control_1991-2000",35.28302778,-106.5981389,"cope.imler",0
"130","MSB:Fish:43490",1999,10,11,"MSB 43490-4","JAR8744F","JG","EO CLW","06-26-2025",FALSE,67,54,2031,"control","control_1991-2000",35.28302778,-106.5981389,"cope.imler",0
"131","MSB:Fish:4384",1978,9,23,"MSB 4384-3","JAR8748F","BP","KL","06-30-2025",FALSE,55,44,1919,"impact","impact_1971-1980",34.905272,-106.685564,"cope.imler",0
"132","MSB:Fish:4384",1978,9,23,"MSB 4384-4","JAR8752F","EO","GC","06-30-2025",NA,63,49,2458,"impact","impact_1971-1980",34.905272,-106.685564,"cope.imler",0
"133","MSB:Fish:4384",1978,9,23,"MSB 4384-2","JAR8757F","EO","CW","06-30-2025",NA,64,49,2390,"impact","impact_1971-1980",34.905272,-106.685564,"cope.imler",0
"134","MSB:Fish:4384",1978,9,23,"MSB 4384-1","JAR8750F","BP","CW","06-30-2025",NA,67,55,3024,"impact","impact_1971-1980",34.905272,-106.685564,"cope.imler",0
"135","MSB:Fish:4384",1978,9,23,"MSB 4384-5","JAR8756F","BP","KL","06-30-2025",NA,63,51,2594,"impact","impact_1971-1980",34.905272,-106.685564,"cope.imler",0
"136","MSB:Fish:4423",1978,8,3,"MSB 4423-4","JAR8724F","BP","KL","06-30-2025",NA,44,36,880,"impact","impact_1971-1980",34.905272,-106.685564,"cope.imler",0
"137","MSB:Fish:4423",1978,8,3,"MSB 4423-1","JAR8758F","EO","GC","06-30-2025",NA,46,37,1128,"impact","impact_1971-1980",34.905272,-106.685564,"cope.imler",0
"138","MSB:Fish:4423",1978,8,3,"MSB 4423-2","JAR8754F","BP","CW","06-30-2025",NA,49,38,1164,"impact","impact_1971-1980",34.905272,-106.685564,"cope.imler",0
"139","MSB:Fish:4423",1978,8,3,"MSB 4423-5","JAR8751F","EO","CW","06-30-2025",NA,42,33,832,"impact","impact_1971-1980",34.905272,-106.685564,"cope.imler",0
"140","MSB:Fish:4423",1978,8,3,"MSB 4423-3","JAR8726F","EO","KL","06-30-2025",NA,47,37,1155,"impact","impact_1971-1980",34.905272,-106.685564,"cope.imler",0
"141","MSB:Fish:4432",1978,9,8,"MSB 4432-3","JAR8727F","BP","CW","06-30-2025",NA,39,31,570,"control","control_1971-1980",35.239638,-106.587548,"cope.imler",0
"142","MSB:Fish:4432",1978,9,8,"MSB 4432-1","JAR8759F","BP","JG","06-30-2025",NA,39,30,568,"control","control_1971-1980",35.239638,-106.587548,"cope.imler",0
"143","MSB:Fish:4432",1978,9,8,"MSB 4432-5","JAR8753F","BP","JG GC","06-30-2025",NA,35,26,360,"control","control_1971-1980",35.239638,-106.587548,"cope.imler",0
"144","MSB:Fish:4432",1978,9,8,"MSB 4432-4","JAR8729F","EO","CW","06-30-2025",NA,39,29,548,"control","control_1971-1980",35.239638,-106.587548,"cope.imler",0
"145","MSB:Fish:4432",1978,9,8,"MSB 4432-2","JAR8722F","EO","EO GC","06-30-2025",NA,52,42,1431,"control","control_1971-1980",35.239638,-106.587548,"cope.imler",0
"146","MSB:Fish:4487",1978,9,29,"MSB 4487-1","JAR8887F","EO","GC","07-03-2025",NA,47,37,1143,"control","control_1971-1980",35.383856,-106.490929,"cope.imler",0
"147","MSB:Fish:4487",1978,9,29,"MSB 4487-5","JAR8890F","EO","JG GC","07-03-2025",NA,38,30,543,"control","control_1971-1980",35.383856,-106.490929,"cope.imler",0
"148","MSB:Fish:4487",1978,9,29,"MSB 4487-3","JAR8889F","EO","KL","07-03-2025",NA,46,35,1166,"control","control_1971-1980",35.383856,-106.490929,"cope.imler",0
"149","MSB:Fish:4487",1978,9,29,"MSB 4487-4","JAR8891F","BP","GC","07-03-2025",NA,36,27,481,"control","control_1971-1980",35.383856,-106.490929,"cope.imler",0
"150","MSB:Fish:4487",1978,9,29,"MSB 4487-2","JAR8893F","BP","GC","07-03-2025",NA,49,38,1354,"control","control_1971-1980",35.383856,-106.490929,"cope.imler",0
"151","MSB:Fish:4984",1978,9,5,"MSB 4984-3","JAR8640F","EO","CLW","06-23-2025",NA,38,29,504,"impact","impact_1971-1980",35.196977,-106.642444,"cope.imler",0
"152","MSB:Fish:4984",1978,9,5,"MSB 4984-4","JAR8642F","JG","KL","06-23-2025",NA,32,25,338,"impact","impact_1971-1980",35.196977,-106.642444,"cope.imler",0
"153","MSB:Fish:4984",1978,9,5,"MSB 4984-5","JAR8644F","BP","CW","06-23-2025",NA,32,24,341,"impact","impact_1971-1980",35.196977,-106.642444,"cope.imler",0
"154","MSB:Fish:4984",1978,9,5,"MSB 4984-2","JAR8662F","BP","CLW","06-23-2025",NA,38,30,541,"impact","impact_1971-1980",35.196977,-106.642444,"cope.imler",0
"155","MSB:Fish:4984",1978,9,5,"MSB 4984-1","JAR8660F","EO","CLW","06-23-2025",NA,39,30,621,"impact","impact_1971-1980",35.196977,-106.642444,"cope.imler",0
"156","MSB:Fish:4987",1977,7,6,"MSB 4987-5","JAR8788F","JG","GC","07-01-2025",NA,40,33,672,"control","control_1971-1980",35.232431,-106.594272,"cope.imler",0
"157","MSB:Fish:4987",1977,7,6,"MSB 4987-1","JAR8849F","JG","KL","07-01-2025",NA,52,40,1450,"control","control_1971-1980",35.232431,-106.594272,"cope.imler",0
"158","MSB:Fish:4987",1977,7,6,"MSB 4987-3","JAR8851F","JG","KL","07-01-2025",NA,47,37,1297,"control","control_1971-1980",35.232431,-106.594272,"cope.imler",0
"159","MSB:Fish:4987",1977,7,6,"MSB 4987-2","JAR8790F","EO","JG KL","07-01-2025",NA,54,44,1436,"control","control_1971-1980",35.232431,-106.594272,"cope.imler",0
"160","MSB:Fish:4987",1977,7,6,"MSB 4987-4","JAR8853F","EO","BP","07-01-2025",NA,47,37,1163,"control","control_1971-1980",35.232431,-106.594272,"cope.imler",0
"161","MSB:Fish:49970",1994,5,5,"MSB 49970-1","JAR8641F","EO","CLW","06-20-2025",NA,66,52,2386,"control","control_1991-2000",35.28302778,-106.5981389,"cope.imler",0
"162","MSB:Fish:49970",1994,5,5,"MSB 49970-5","JAR8646F","EO","EO KL","06-20-2025",NA,64,51,2231,"control","control_1991-2000",35.28302778,-106.5981389,"cope.imler",0
"163","MSB:Fish:49970",1994,5,5,"MSB 49970-3","JAR8645F","EO","KL BP CW","06-20-2025",NA,69,55,2817,"control","control_1991-2000",35.28302778,-106.5981389,"cope.imler",1
"164","MSB:Fish:49970",1994,5,5,"MSB 49970-4","JAR8648F","JG","KL","06-20-2025",FALSE,65,53,2749,"control","control_1991-2000",35.28302778,-106.5981389,"cope.imler",0
"165","MSB:Fish:49970",1994,5,5,"MSB 49970-2","JAR8643F","JG","CW JG","06-20-2025",NA,63,52,2230,"control","control_1991-2000",35.28302778,-106.5981389,"cope.imler",0
"166","MSB:Fish:5263",1986,8,12,"MSB 5263-1","JAR8856F","BP","GC","07-02-2025",NA,36,29,497,"control","control_1981-1990",35.28302778,-106.5981389,"cope.imler",0
"167","MSB:Fish:5263",1986,8,12,"MSB 5263-4","JAR8857F","BP","KL","07-02-2025",NA,35,27,407,"control","control_1981-1990",35.28302778,-106.5981389,"cope.imler",0
"168","MSB:Fish:5263",1986,8,12,"MSB 5263-2","JAR8861F","BP","CW","07-02-2025",NA,36,29,462,"control","control_1981-1990",35.28302778,-106.5981389,"cope.imler",0
"169","MSB:Fish:5263",1986,8,12,"MSB 5263-3","JAR8855F","BP","CW","07-02-2025",NA,35,31,653,"control","control_1981-1990",35.28302778,-106.5981389,"cope.imler",0
"170","MSB:Fish:5263",1986,8,12,"MSB 5263-5","JAR8859F","BP","BP EO","07-02-2025",NA,36,29,444,"control","control_1981-1990",35.28302778,-106.5981389,"cope.imler",0
"171","MSB:Fish:5814",1987,9,10,"MSB 5814-1","JAR8631F","KL","KL","06-16-2025",NA,66,52,2223,"impact","impact_1981-1990",34.905272,-106.685564,"cope.imler",0
"172","MSB:Fish:5814",1987,9,10,"MSB 5814-2","JAR8634F","JG","CW","06-17-2025",NA,55,47,1856,"impact","impact_1981-1990",34.905272,-106.685564,"cope.imler",0
"173","MSB:Fish:5814",1987,9,10,"MSB 5814-3","JAR8630F","EO","CLW CW","06-18-2025",NA,67,52,2759,"impact","impact_1981-1990",34.905272,-106.685564,"cope.imler",0
"174","MSB:Fish:5814",1987,9,10,"MSB 5814-5","JAR8636F","JG","KL","06-19-2025",NA,85,68,5700,"impact","impact_1981-1990",34.905272,-106.685564,"cope.imler",0
"175","MSB:Fish:5814",1987,9,10,"MSB 5814-4","JAR8633F","EO","KL","06-16-2025",NA,52,41,1282,"impact","impact_1981-1990",34.905272,-106.685564,"cope.imler",0
"176","MSB:Fish:5825",1987,9,10,"MSB 5825-4","JAR8663F","BP","EO CW","06-18-2025",NA,63,49,2591,"impact","impact_1981-1990",34.875039,-106.717581,"cope.imler",0
"177","MSB:Fish:5825",1987,9,10,"MSB 5825-3","JAR8661F","BP","CLW KL","06-18-2025",NA,77,62,4671,"impact","impact_1981-1990",34.875039,-106.717581,"cope.imler",0
"178","MSB:Fish:5825",1987,9,10,"MSB 5825-5","JAR8639F","BP","CW","06-18-2025",NA,52,42,1542,"impact","impact_1981-1990",34.875039,-106.717581,"cope.imler",0
"179","MSB:Fish:5825",1987,9,10,"MSB 5825-2","JAR8659F","BP","CW","06-18-2025",NA,54,42,1606,"impact","impact_1981-1990",34.875039,-106.717581,"cope.imler",0
"180","MSB:Fish:5825",1987,9,10,"MSB 5825-1","JAR8657F","BP","BP KL","06-18-2025",FALSE,59,47,2305,"impact","impact_1981-1990",34.875039,-106.717581,"cope.imler",0
"181","MSB:Fish:68463",1984,8,15,"MSB 68463-1","JAR8864F","BP","GC","07-02-2025",NA,37,30,505,"impact","impact_1981-1990",35.089293,-106.680842,"cope.imler",0
"182","MSB:Fish:68463",1984,8,15,"MSB 68463-4","JAR8870F","BP","CW","07-02-2025",NA,42,34,485,"impact","impact_1981-1990",35.089293,-106.680842,"cope.imler",0
"183","MSB:Fish:68463",1984,8,15,"MSB 68463-3","JAR8868F","BP","CW","07-02-2025",NA,36,27,313,"impact","impact_1981-1990",35.089293,-106.680842,"cope.imler",0
"184","MSB:Fish:68463",1984,8,15,"MSB 68463-5","JAR8860F","BP","GC","07-02-2025",NA,35,27,398,"impact","impact_1981-1990",35.089293,-106.680842,"cope.imler",0
"185","MSB:Fish:68463",1984,8,15,"MSB 68463-2","JAR8866F","BP","CW","07-02-2025",NA,48,37,950,"impact","impact_1981-1990",35.089293,-106.680842,"cope.imler",0
"186","MSB:Fish:68501",1984,8,15,"MSB 68501-4","JAR8787F","JG","CW","07-01-2025",NA,79,64,4731,"control","control_1981-1990",35.225523,-106.597651,"cope.imler",0
"187","MSB:Fish:68501",1984,8,15,"MSB 68501-3","JAR8785F","JG","KL","07-01-2025",NA,36,29,472,"control","control_1981-1990",35.225523,-106.597651,"cope.imler",0
"188","MSB:Fish:68501",1984,8,15,"MSB 68501-5","JAR8789F","JG","CW","07-01-2025",NA,72,60,3973,"control","control_1981-1990",35.225523,-106.597651,"cope.imler",0
"189","MSB:Fish:68501",1984,8,15,"MSB 68501-2","JAR8783F","JG","KL","07-01-2025",NA,37,29,513,"control","control_1981-1990",35.225523,-106.597651,"cope.imler",0
"190","MSB:Fish:68501",1984,8,15,"MSB 68501-1","JAR8786F","JG","GC","07-01-2025",NA,35,26,349,"control","control_1981-1990",35.225523,-106.597651,"cope.imler",0
"191","MSB:Fish:68513",1984,8,16,"MSB 68513-4","JAR8896F","EO","CW","07-03-2025",NA,41,32,638,"control","control_1981-1990",35.211416,-106.612833,"cope.imler",0
"192","MSB:Fish:68513",1984,8,16,"MSB 68513-2","JAR8897F","EO","KL","07-03-2025",NA,47,36,941,"control","control_1981-1990",35.211416,-106.612833,"cope.imler",0
"193","MSB:Fish:68513",1984,8,16,"MSB 68513-1","JAR8895F","BP","GC","07-03-2025",NA,44,34,769,"control","control_1981-1990",35.211416,-106.612833,"cope.imler",0
"194","MSB:Fish:68513",1984,8,16,"MSB 68513-5","JAR8901F","EO","BP","07-03-2025",NA,40,31,606,"control","control_1981-1990",35.211416,-106.612833,"cope.imler",0
"195","MSB:Fish:68513",1984,8,16,"MSB 68513-3","JAR8899F","BP","CW","07-03-2025",NA,37,27,397,"control","control_1981-1990",35.211416,-106.612833,"cope.imler",0
"196","MSB:Fish:68528",1984,8,16,"MSB 68528-1","JAR8731F","EO","KL","06-25-2025",NA,69,55,3206,"control","control_1981-1990",35.322164,-106.557448,"cope.imler",0
"197","MSB:Fish:68528",1984,8,16,"MSB 68528-5","JAR8733F","BP","CLW","06-25-2025",NA,47,37,1014,"control","control_1981-1990",35.322164,-106.557448,"cope.imler",0
"198","MSB:Fish:68528",1984,8,16,"MSB 68528-2","JAR8728F","EO","KL","06-25-2025",FALSE,72,57,2986,"control","control_1981-1990",35.322164,-106.557448,"cope.imler",0
"199","MSB:Fish:68528",1984,8,16,"MSB 68528-3","JAR8732F","BP","JG CW","06-25-2025",NA,67,53,2767,"control","control_1981-1990",35.322164,-106.557448,"cope.imler",0
"200","MSB:Fish:68528",1984,8,16,"MSB 68528-4","JAR8730F","EO","KL","06-25-2025",NA,68,55,2391,"control","control_1981-1990",35.322164,-106.557448,"cope.imler",0
"201","MSB:Fish:7593",1988,5,25,"MSB 7593-2","JAR8705F","EO","JG CW","06-24-2025",NA,64,50,2324,"impact","impact_1981-1990",34.905272,-106.685564,"cope.imler",0
"202","MSB:Fish:7593",1988,5,25,"MSB 7593-5","JAR8709F","BP","BP CLW","06-24-2025",NA,62,51,2400,"impact","impact_1981-1990",34.905272,-106.685564,"cope.imler",0
"203","MSB:Fish:7593",1988,5,25,"MSB 7593-4","JAR8707F","EO","BP KL","06-24-2025",FALSE,61,48,1922,"impact","impact_1981-1990",34.905272,-106.685564,"cope.imler",0
"204","MSB:Fish:7593",1988,5,25,"MSB 7593-3","JAR8706F","BP","BP KL","06-24-2025",FALSE,58,45,2248,"impact","impact_1981-1990",34.905272,-106.685564,"cope.imler",0
"205","MSB:Fish:7593",1988,5,25,"MSB 7593-1","JAR8704F","BP","KL","06-24-2025",FALSE,64,50,3600,"impact","impact_1981-1990",34.905272,-106.685564,"cope.imler",0
"206","MSB:Fish:7788",1988,5,25,"MSB 7788-2","JAR8769F","BP","KL","06-30-2025",NA,69,53,2804,"control","control_1981-1990",35.322164,-106.557448,"cope.imler",0
"207","MSB:Fish:7788",2988,5,25,"MSB 7788-4","JAR8764F","BP","BP","06-30-2025",NA,56,45,1819,"control","control_1981-1990",35.322164,-106.557448,"cope.imler",0
"208","MSB:Fish:7788",1988,5,25,"MSB 7788-3","JAR8767F","EO","KL","06-30-2025",NA,69,55,3017,"control","control_1981-1990",35.322164,-106.557448,"cope.imler",0
"209","MSB:Fish:7788",1988,5,25,"MSB 7788-1","JAR8763F","EO","KL","06-30-2025",NA,64,51,2418,"control","control_1981-1990",35.322164,-106.557448,"cope.imler",0
"210","MSB:Fish:7788",1988,5,25,"MSB 7788-5","JAR8762F","EO","KL","06-30-2025",NA,60,47,2139,"control","control_1981-1990",35.322164,-106.557448,"cope.imler",0
"211","MSB:Fish:1129",1959,2,20,"MSB 1129-5","JAR8672F","JG","CW","06-20-2025",NA,40,32,383,"control","control_1951-1960",35.350556,-106.535497,"cope.lern",0
"212","MSB:Fish:1129",1959,2,20,"MSB 1129-2","JAR8674F","EO","CLW","06-20-2025",NA,46,34,697,"control","control_1951-1960",35.350556,-106.535497,"cope.lern",0
"213","MSB:Fish:1129",1959,2,20,"MSB 1129-1","JAR8668F","JG","KL","06-20-2025",NA,41,33,519,"control","control_1951-1960",35.350556,-106.535497,"cope.lern",0
"214","MSB:Fish:1129",1959,2,20,"MSB 1129-4","JAR8671F","EO","JG KL","06-20-2025",NA,41,31,580,"control","control_1951-1960",35.350556,-106.535497,"cope.lern",0
"215","MSB:Fish:1129",1959,2,20,"MSB 1129-3","JAR8673F","JG","CW","06-20-2025",NA,43,36,659,"control","control_1951-1960",35.350556,-106.535497,"cope.lern",0
"216","MSB:Fish:1130",1949,10,29,"MSB 1130-5","JAR8701F","EO","KL","06-24-2025",NA,57,48,2022,"impact","impact_1941-1950",34.87537,-106.717837,"cope.lern",0
"217","MSB:Fish:1130",1949,10,29,"MSB 1130-3","JAR8697F","JG","JG CW","06-24-2025",NA,61,49,1811,"impact","impact_1941-1950",34.87537,-106.717837,"cope.lern",0
"218","MSB:Fish:1130",1949,10,29,"MSB 1130-4","JAR8699F","BP","CLW","06-24-2025",NA,62,47,2068,"impact","impact_1941-1950",34.87537,-106.717837,"cope.lern",0
"219","MSB:Fish:1130",1949,10,29,"MSB 1130-1","JAR8690F","JG","JG KL","06-24-2025",FALSE,71,58,3286,"impact","impact_1941-1950",34.87537,-106.717837,"cope.lern",0
"220","MSB:Fish:1130",1949,10,29,"MSB 1130-2","JAR8695F","BP","KL","06-24-2025",FALSE,68,54,3151,"impact","impact_1941-1950",34.87537,-106.717837,"cope.lern",0
"221","MSB:Fish:1131",1959,2,24,"MSB 1131-5","JAR8682F","BP","KL","06-23-2025",NA,53,44,1289,"impact","impact_1951-1960",34.987044,-106.690293,"cope.lern",0
"222","MSB:Fish:1131",1959,2,24,"MSB 1131-2","JAR8689F","EO","CW","06-23-2025",NA,60,47,1798,"impact","impact_1951-1960",34.987044,-106.690293,"cope.lern",0
"223","MSB:Fish:1131",1959,2,24,"MSB 1131-3","JAR8693F","BP","CW","06-23-2025",FALSE,54,44,1280,"impact","impact_1951-1960",34.987044,-106.690293,"cope.lern",0
"224","MSB:Fish:1131",1959,2,24,"MSB 1131-4","JAR8680F","EO","KL","06-23-2025",NA,52,43,1316,"impact","impact_1951-1960",34.987044,-106.690293,"cope.lern",0
"225","MSB:Fish:1131",1959,2,24,"MSB 1131-2","JAR8691F","JG","CLW","06-23-2025",NA,63,51,1849,"impact","impact_1951-1960",34.987044,-106.690293,"cope.lern",0
"226","MSB:Fish:1132",1947,10,25,"MSB 1132-1","JAR8684F","JG","CW","06-23-2025",NA,71,58,3310,"control","control_1941-1950",35.380629,-106.503529,"cope.lern",0
"227","MSB:Fish:1132",1947,10,25,"MSB 1132-4","JAR8694F","JG","KL","06-23-2025",NA,63,54,2744,"control","control_1941-1950",35.380629,-106.503529,"cope.lern",0
"228","MSB:Fish:1132",2947,10,25,"MSB 1132-5","JAR8692F","JG","CW","06-23-2025",NA,61,49,1975,"control","control_1941-1950",35.380629,-106.503529,"cope.lern",0
"229","MSB:Fish:1132",1947,10,25,"MSB 1132-3","JAR8688F","JG","CLW","06-23-2025",NA,77,64,4621,"control","control_1941-1950",35.380629,-106.503529,"cope.lern",0
"230","MSB:Fish:1132",1947,10,25,"MSB 1132-2","JAR8686F","JG","CW","06-23-2025",NA,73,62,3934,"control","control_1941-1950",35.380629,-106.503529,"cope.lern",0
"231","MSB:Fish:1149",1939,2,26,"MSB 1149-1","JAR8871F","JG","GC","07-02-2025",NA,55,45,1360,"impact","impact_1931-1940",35.100259,-106.692107,"cope.lern",0
"232","MSB:Fish:1149",1939,2,26,"MSB 1149-5","JAR8872F","EO","KL","07-02-2025",FALSE,76,57,3276,"impact","impact_1931-1940",35.100259,-106.692107,"cope.lern",0
"233","MSB:Fish:1149",1939,2,26,"MSB 1149-3","JAR8875F","EO","EO KL","07-02-2025",NA,61,47,1795,"impact","impact_1931-1940",35.100259,-106.692107,"cope.lern",0
"234","MSB:Fish:1149",1939,2,26,"MSB 1149-4","JAR8877F","JG","CW","07-02-2025",NA,57,45,1435,"impact","impact_1931-1940",35.100259,-106.692107,"cope.lern",0
"235","MSB:Fish:1149",1939,2,26,"MSB 1149-2","JAR8873F","JG","GC","07-02-2025",FALSE,64,52,2298,"impact","impact_1931-1940",35.100259,-106.692107,"cope.lern",0
"236","MSB:Fish:1150",1939,6,9,"MSB 1150-3","JAR8712F","BP","CW","06-24-2025",FALSE,71,54,4462,"impact","impact_1931-1940",34.906619,-106.685289,"cope.lern",0
"237","MSB:Fish:1150",1939,6,9,"MSB 1150-1","JAR8708F","BP","KL","06-24-2025",NA,63,50,2550,"impact","impact_1931-1940",34.906619,-106.685289,"cope.lern",0
"238","MSB:Fish:1150",1939,6,9,"MSB 1150-2","JAR8714F","JG","CLW","06-24-2025",FALSE,72,61,4536,"impact","impact_1931-1940",34.906619,-106.685289,"cope.lern",0
"239","MSB:Fish:1150",1939,6,9,"MSB 1150-5","JAR8710F","BP","CW","06-24-2025",FALSE,60,49,2576,"impact","impact_1931-1940",34.906619,-106.685289,"cope.lern",0
"240","MSB:Fish:1150",1939,6,9,"MSB 1150-4","JAR8716F","JG","KL","06-24-2025",FALSE,65,53,3213,"impact","impact_1931-1940",34.906619,-106.685289,"cope.lern",0
"241","MSB:Fish:1154",1949,10,21,"MSB 1154-4","JAR8770F","EO","CW","06-30-2025",NA,54,43,1207,"impact","impact_1941-1950",34.929201,-106.681499,"cope.lern",0
"242","MSB:Fish:1154",1949,10,21,"MSB 1154-2","JAR8773F","EO","KL","06-30-2025",FALSE,66,52,2229,"impact","impact_1941-1950",34.929201,-106.681499,"cope.lern",0
"243","MSB:Fish:1154",1949,10,21,"MSB 1154-3","JAR8768","BP","BP","06-30-2025",NA,60,48,1790,"impact","impact_1941-1950",34.929201,-106.681499,"cope.lern",0
"244","MSB:Fish:1154",1949,10,21,"MSB 1154-5","JAR8772F","BP","BP","06-30-2025",FALSE,44,34,644,"impact","impact_1941-1950",34.929201,-106.681499,"cope.lern",0
"245","MSB:Fish:1154",1949,10,21,"MSB 1154-1","JAR8771F","BP","EO GC CW","06-30-2025",NA,65,51,2430,"impact","impact_1941-1950",34.929201,-106.681499,"cope.lern",0
"246","MSB:Fish:1155",1943,6,23,"MSB 1155-3","JAR8685F","BP","CW","06-23-2025",NA,69,56,3145,"control","control_1941-1950",35.322418,-106.557971,"cope.lern",0
"247","MSB:Fish:1155",1943,6,23,"MSB 1155-4","JAR8683F","EO","BP KL","06-23-2025",FALSE,54,45,1684,"control","control_1941-1950",35.322418,-106.557971,"cope.lern",0
"248","MSB:Fish:1155",2943,6,23,"MSB1155-1","JAR8679F","BP","BP CW KL","06-23-2025",NA,62,50,2170,"control","control_1941-1950",35.322418,-106.557971,"cope.lern",0
"249","MSB:Fish:1155",1943,6,23,"MSB 1155-5","JAR8687F","EO","KL","06-23-2025",NA,53,45,1706,"control","control_1941-1950",35.322418,-106.557971,"cope.lern",0
"250","MSB:Fish:1155",1943,6,23,"MSB 1155-2","JAR8681F","EO","KL","06-23-2025",NA,63,50,2536,"control","control_1941-1950",35.322418,-106.557971,"cope.lern",0
"251","MSB:Fish:1160",1939,1,28,"MSB 1160-3","JAR8784F","JG","CW","07-01-2025",NA,51,42,1253,"impact","impact_1931-1940",35.100259,-106.692107,"cope.lern",0
"252","MSB:Fish:1160",1939,1,28,"MSB 1160-2","JAR8779","JG","EO GC","07-01-2025",NA,48,38,800,"impact","impact_1931-1940",35.100259,-106.692107,"cope.lern",0
"253","MSB:Fish:1160",1939,1,28,"MSB 1160-1","JAR8781F","JG","GC","07-01-2025",NA,51,43,1112,"impact","impact_1931-1940",35.100259,-106.692107,"cope.lern",0
"254","MSB:Fish:1160",1939,1,28,"MSB 1160-4","JAR8780F","JG","GC","07-01-2025",FALSE,50,41,1020,"impact","impact_1931-1940",35.100259,-106.692107,"cope.lern",0
"255","MSB:Fish:1160",1939,1,28,"MSB 1160-5","JAR8782F","EO","GC","07-01-2025",NA,51,40,1021,"impact","impact_1931-1940",35.100259,-106.692107,"cope.lern",0
"256","MSB:Fish:19389",1994,5,27,"MSB 19389-1","JAR8874F","JG","JG","07-02-2025",FALSE,56,44,1941,"control","control_1991-2000",35.322164,-106.557448,"cope.lern",0
"257","MSB:Fish:19389",1994,5,27,"MSB 19389-2","JAR8862F","EO","KL","07-02-2025",NA,52,40,1391,"control","control_1991-2000",35.322164,-106.557448,"cope.lern",0
"258","MSB:Fish:19389",1994,5,27,"MSB 19389-5","JAR8878F","BP","CW","07-02-2025",NA,44,35,909,"control","control_1991-2000",35.322164,-106.557448,"cope.lern",0
"259","MSB:Fish:19389",1994,5,27,"MSB 19389-4","JAR8858F","EO","GC","07-02-2025",NA,48,38,1096,"control","control_1991-2000",35.322164,-106.557448,"cope.lern",0
"260","MSB:Fish:19389",1994,5,27,"MSB 19389-3","JAR8876F","JG","KL","07-02-2025",FALSE,55,46,2190,"control","control_1991-2000",35.322164,-106.557448,"cope.lern",0
"261","MSB:Fish:19537",1994,9,16,"MSB 19537-3","JAR8635F","EO","CLW","06-20-2025",NA,59,46,1370,"impact","impact_1991-2000",34.85683333,-106.7208056,"cope.lern",0
"262","MSB:Fish:19537",1994,9,16,"MSB 19537-2","JAR8664F","EO","CW","06-16-2025",NA,58,46,1650,"impact","impact_1991-2000",34.85683333,-106.7208056,"cope.lern",0
"263","MSB:Fish:19537",1994,9,16,"MSB 19537-1","JAR8632F","JG","KL","06-16-2025",NA,54,48,1824,"impact","impact_1991-2000",34.85683333,-106.7208056,"cope.lern",0
"264","MSB:Fish:19537",1994,9,16,"MSB 19537-4","JAR8638F","JG","CLW","06-16-2025",NA,53,44,1183,"impact","impact_1991-2000",34.85683333,-106.7208056,"cope.lern",0
"265","MSB:Fish:19537",1994,9,16,"MSB 19537-5","JAR8637F","EO","CW","06-16-2025",NA,47,38,760,"impact","impact_1991-2000",34.85683333,-106.7208056,"cope.lern",0
"266","MSB:Fish:19688",1994,10,10,"MSB 19688-2","JAR8863F","BP","JG CW","07-02-2025",NA,57,44,1805,"impact","impact_1991-2000",34.85683333,-106.7208056,"cope.lern",0
"267","MSB:Fish:19688",1994,10,10,"MSB 19688-4","JAR8867F","BP","CW","07-02-2025",NA,58,46,1810,"impact","impact_1991-2000",34.85683333,-106.7208056,"cope.lern",0
"268","MSB:Fish:19688",1994,10,10,"MSB 19688-5","JAR8869F","BP","KL","07-02-2025",NA,48,38,993,"impact","impact_1991-2000",34.85683333,-106.7208056,"cope.lern",0
"269","MSB:Fish:19688",1994,10,10,"MSB 19688-1","JAR8886F","BP","JG CW","07-02-2025",NA,65,51,2667,"impact","impact_1991-2000",34.85683333,-106.7208056,"cope.lern",0
"270","MSB:Fish:19688",1994,10,10,"MSB 19688-3","JAR8865F","BP","KL","07-02-2025",FALSE,56,45,2032,"impact","impact_1991-2000",34.85683333,-106.7208056,"cope.lern",0
"271","MSB:Fish:20390",1994,8,11,"MSB 20390-2","JAR8881F","JG","GC","07-02-2025",NA,40,36,923,"impact","impact_1991-2000",34.85683333,-106.7208056,"cope.lern",0
"272","MSB:Fish:20390",1994,8,11,"MSB 20390-3","JAR8880F","JG","EO","07-02-2025",NA,41,33,528,"impact","impact_1991-2000",34.85683333,-106.7208056,"cope.lern",0
"273","MSB:Fish:20390",1994,8,11,"MSB 20390-1","JAR8883F","JG","JG","07-02-2025",NA,53,41,1467,"impact","impact_1991-2000",34.85683333,-106.7208056,"cope.lern",0
"274","MSB:Fish:20390",1994,8,11,"MSB 20390-4","JAR8882F","JG","BP","07-02-2025",NA,49,38,968,"impact","impact_1991-2000",34.85683333,-106.7208056,"cope.lern",0
"275","MSB:Fish:20390",1994,8,11,"MSB 20390-5","JAR8884F","JG","CW","07-02-2025",NA,49,40,1145,"impact","impact_1991-2000",34.85683333,-106.7208056,"cope.lern",0
"276","MSB:Fish:20526",1994,7,27,"MSB 20526-5","JAR8666F","EO","CW","06-20-2025",NA,37,29,510,"impact","impact_1991-2000",34.905272,-106.685564,"cope.lern",0
"277","MSB:Fish:20526",1994,7,27,"MSB 20526-4","JAR8669F","BP","CLW","06-20-2025",NA,34,26,375,"impact","impact_1991-2000",34.905272,-106.685564,"cope.lern",0
"278","MSB:Fish:20526",1994,7,27,"MSB 20526-2","JAR8665F","BP","CW","06-20-2025",NA,37,29,507,"impact","impact_1991-2000",34.905272,-106.685564,"cope.lern",0
"279","MSB:Fish:20526",1994,7,27,"MSB 20526-3","JAR8667F","EO","CLW","06-20-2025",NA,38,30,599,"impact","impact_1991-2000",34.905272,-106.685564,"cope.lern",0
"280","MSB:Fish:20526",1994,7,27,"MSB 20526-1","JAR8647F","EO","KL","06-20-2025",NA,53,44,1498,"impact","impact_1991-2000",34.905272,-106.685564,"cope.lern",0
"281","MSB:Fish:25010",1995,8,2,"MSB 25010-2","JAR8650F","JG","KL","06-16-2025",NA,37,30,475,"control","control_1991-2000",35.28302778,-106.5981389,"cope.lern",0
"282","MSB:Fish:25010",1995,8,2,"MSB 25010-3","JAR8649F","EO","KL","06-16-2025",NA,39,31,531,"control","control_1991-2000",35.28302778,-106.5981389,"cope.lern",0
"283","MSB:Fish:25010",1995,8,2,"MSB 25010-4","JAR8652F","JG","JG CLW","06-16-2025",NA,35,28,503,"control","control_1991-2000",35.28302778,-106.5981389,"cope.lern",0
"284","MSB:Fish:25010",1995,8,2,"MSB 25010-1","JAR8629F","EO","CW","06-16-2025",NA,43,32,743,"control","control_1991-2000",35.28302778,-106.5981389,"cope.lern",0
"285","MSB:Fish:25010",1995,8,2,"MSB 25010-5","JAR8651F","EO","KL","06-16-2025",NA,38,30,494,"control","control_1991-2000",35.28302778,-106.5981389,"cope.lern",0
"286","MSB:Fish:25023",1995,8,2,"MSB 25023-3","JAR8723F","EO","CW","06-25-2025",NA,38,29,422,"impact","impact_1991-2000",35.089293,-106.680842,"cope.lern",0
"287","MSB:Fish:25023",1995,8,2,"MSB 25023-5","JAR8719F","EO","KL","06-25-2025",NA,40,31,571,"impact","impact_1991-2000",35.089293,-106.680842,"cope.lern",0
"288","MSB:Fish:25023",1995,8,2,"MSB 25023-1","JAR8720F","EO","JG EO KL","06-25-2025",NA,39,30,586,"impact","impact_1991-2000",35.089293,-106.680842,"cope.lern",0
"289","MSB:Fish:25023",1995,8,2,"MSB 25023-2","JAR8725F","EO","KL","06-25-2025",NA,36,29,560,"impact","impact_1991-2000",35.089293,-106.680842,"cope.lern",0
"290","MSB:Fish:25023",1995,8,2,"MSB 25023-4","JAR8721F","EO","CW","06-25-2025",NA,37,29,524,"impact","impact_1991-2000",35.089293,-106.680842,"cope.lern",0
"291","MSB:Fish:30075",1996,4,10,"MSB 30075-4","JAR8775F","EO","GC","06-30-2025",NA,63,49,2305,"impact","impact_1991-2000",35.13539167,-106.6684167,"cope.lern",0
"292","MSB:Fish:30075",1996,4,10,"MSB 30075-5","JAR8776","EO","EO KL ","06-30-2025",FALSE,68,54,3090,"impact","impact_1991-2000",35.13539167,-106.6684167,"cope.lern",0
"293","MSB:Fish:30075",1996,4,10,"MSB 30075-3","JAR8774F","JG","GC","06-30-2025",NA,57,46,1641,"impact","impact_1991-2000",35.13539167,-106.6684167,"cope.lern",0
"294","MSB:Fish:30075",1996,4,10,"MSB 30075-1","JAR8777F","JG","KL","06-30-2025",FALSE,55,45,1416,"impact","impact_1991-2000",35.13539167,-106.6684167,"cope.lern",0
"295","MSB:Fish:30075",1996,4,10,"MSB 30075-2","JAR8778F","EO","CW","06-30-2025",NA,70,57,3072,"impact","impact_1991-2000",35.13539167,-106.6684167,"cope.lern",0
"296","MSB:Fish:30282",1996,5,16,"MSB 30282-2","JAR8653F","EO","CW","06-23-2025",NA,64,50,2621,"control","control_1991-2000",35.322164,-106.557448,"cope.lern",0
"297","MSB:Fish:30282",1996,5,16,"MSB 20282-5","JAR8655F","JG","CLW","06-23-2025",NA,72,59,3808,"control","control_1991-2000",35.322164,-106.557448,"cope.lern",0
"298","MSB:Fish:30282",1996,5,16,"MSB 30282-1","JAR8654F","JG","CLW","06-23-2025",NA,58,49,2054,"control","control_1991-2000",35.322164,-106.557448,"cope.lern",0
"299","MSB:Fish:30282",1996,5,16,"MSB 30282-3","JAR8656F","EO","KL","06-23-2025",NA,71,56,3863,"control","control_1991-2000",35.322164,-106.557448,"cope.lern",0
"300","MSB:Fish:30282",1996,5,16,"MSB 30282-4","JAR8658F","BP","JG KL","06-23-2025",FALSE,58,46,1814,"control","control_1991-2000",35.322164,-106.557448,"cope.lern",0
"301","MSB:Fish:30410",1996,6,28,"MSB 30410-2","JAR8742F","BP","CW","06-25-2025",FALSE,66,53,3676,"impact","impact_1991-2000",34.85683333,-106.7208056,"cope.lern",0
"302","MSB:Fish:30410",1996,6,28,"MSB 30410-3","JAR8740F","BP","KL","06-25-2025",FALSE,74,59,4025,"impact","impact_1991-2000",34.85683333,-106.7208056,"cope.lern",0
"303","MSB:Fish:30410",1996,6,28,"MSB 30410-5","JAR8743F","BP","BP CW ","06-25-2025",NA,69,58,2424,"impact","impact_1991-2000",34.85683333,-106.7208056,"cope.lern",1
"304","MSB:Fish:30410",1996,6,28,"MSB 30410-1","JAR8736F","BP","CLW","06-25-2025",FALSE,72,59,NA,"impact","impact_1991-2000",34.85683333,-106.7208056,"cope.lern",0
"305","MSB:Fish:30410",1996,6,28,"MSB 30410-4","JAR8738F","JG","CLW","06-25-2025",FALSE,75,61,4376,"impact","impact_1991-2000",34.85683333,-106.7208056,"cope.lern",0
"306","MSB:Fish:30810",1996,2,7,"MSB 30810-3","JAR8737F","EO","KL","06-25-2026",FALSE,55,43,1306,"impact","impact_1991-2000",35.089293,-106.680842,"cope.lern",0
"307","MSB:Fish:30810",1996,2,7,"MSB 30810-2","JAR8735F","BP","JG KL","06-25-2025",FALSE,59,48,1673,"impact","impact_1991-2000",35.089293,-106.680842,"cope.lern",0
"308","MSB:Fish:30810",1996,2,7,"MSB 30810-4","JAR8739F","BP","CW","06-25-2026",NA,66,52,2148,"impact","impact_1991-2000",35.089293,-106.680842,"cope.lern",0
"309","MSB:Fish:30810",1996,2,7,"MSB 30910-1","JAR8734F","EO","CW","06-25-2025",NA,68,54,2437,"impact","impact_1991-2000",35.089293,-106.680842,"cope.lern",0
"310","MSB:Fish:30810",1996,2,7,"MSB 30810-5","JAR8741F","BP","CW","06-25-2025",NA,63,52,2142,"impact","impact_1991-2000",35.089293,-106.680842,"cope.lern",0
"311","MSB:Fish:39103",1997,10,15,"MSB 39103-1","JAR8670F","BP","JG KL","06-23-2025",NA,57,53,2560,"control","control_1991-2000",35.28302778,-106.5981389,"cope.lern",0
"312","MSB:Fish:39103",1997,10,15,"MSB 39103-3","JAR8675F","BP","KL","06-23-2025",NA,61,47,2132,"control","control_1991-2000",35.28302778,-106.5981389,"cope.lern",0
"313","MSB:Fish:39103",1997,10,15,"MSB 39103-5","JAR8678F","EO","CW","06-23-2025",NA,60,47,2006,"control","control_1991-2000",35.28302778,-106.5981389,"cope.lern",0
"314","MSB:Fish:39103",2997,10,15,"MSB 39103-4","JAR8676F","EO","EO CLW","06-23-2025",NA,69,54,3110,"control","control_1991-2000",35.28302778,-106.5981389,"cope.lern",0
"315","MSB:Fish:39103",1997,10,15,"MSB 39103-2","JAR8677F","JG","KL","06-23-2025",NA,69,56,3012,"control","control_1991-2000",35.28302778,-106.5981389,"cope.lern",0
"316","MSB:Fish:3966",1977,9,28,"MSB 3966-5","JAR8879F","JG","CW","07-02-2025",NA,51,41,1353,"impact","impact_1971-1980",35.134883,-106.690838,"cope.lern",0
"317","MSB:Fish:3966",1977,9,28,"MSB 3966-3","JAR8894F","JG","GC","07-02-2025",NA,50,39,1164,"impact","impact_1971-1980",35.134883,-106.690838,"cope.lern",0
"318","MSB:Fish:3966",1977,9,28,"MSB 3966-1","JAR8888F","JG","KL","07-02-2025",NA,55,44,1530,"impact","impact_1971-1980",35.134883,-106.690838,"cope.lern",0
"319","MSB:Fish:3966",1977,9,28,"MSB 3966-4","JAR8885F","JG","GC","07-02-2025",NA,57,47,2076,"impact","impact_1971-1980",35.134883,-106.690838,"cope.lern",0
"320","MSB:Fish:3966",1977,9,28,"MSB 3966-2","JAR8892F","JG","CW","07-02-2025",NA,38,30,477,"impact","impact_1971-1980",35.134883,-106.690838,"cope.lern",0
"321","MSB:Fish:4096",1978,9,5,"MSB 4096-1","JAR8718F","BP","KL","06-24-2025",NA,44,36,1043,"impact","impact_1971-1980",35.10625,-106.692633,"cope.lern",0
"322","MSB:Fish:4096",1978,9,5,"MSB 4096-5","JAR8715F","BP","KL","06-24-2025",NA,41,33,774,"impact","impact_1971-1980",35.10625,-106.692633,"cope.lern",0
"323","MSB:Fish:4096",1978,9,5,"MSB 4096-3","JAR8713F","BP","EO CW","06-24-2025",FALSE,49,39,1118,"impact","impact_1971-1980",35.10625,-106.692633,"cope.lern",0
"324","MSB:Fish:4096",1978,9,5,"MSB 4096-4","JAR8717F","EO","CW","06-24-2025",NA,45,35,856,"impact","impact_1971-1980",35.10625,-106.692633,"cope.lern",0
"325","MSB:Fish:4096",1978,9,5,"MSB 4096-2","JAR8711F","EO","CW","06-24-2025",NA,44,34,903,"impact","impact_1971-1980",35.10625,-106.692633,"cope.lern",0
"326","MSB:Fish:4161",1977,8,5,"MSB 4161-3","JAR8700F","BP","CW","06-24-2025",NA,39,29,511,"impact","impact_1971-1980",34.905272,-106.685564,"cope.lern",0
"327","MSB:Fish:4161",1977,8,5,"MSB 4161-4","JAR8702F","JG","CLW","06-24-2025",NA,41,31,632,"impact","impact_1971-1980",34.905272,-106.685564,"cope.lern",0
"328","MSB:Fish:4161",1977,8,5,"MSB 4161-5","JAR8703F","JG","CLW","06-24-2025",NA,36,29,444,"impact","impact_1971-1980",34.905272,-106.685564,"cope.lern",0
"329","MSB:Fish:4161",1977,8,5,"MSB 4161-1","JAR8696F","JG","KL","06-24-2025",NA,53,43,1166,"impact","impact_1971-1980",34.905272,-106.685564,"cope.lern",0
"330","MSB:Fish:4161",1977,8,5,"MSB 4161-2","JAR8698F","JG","JG KL","06-24-2025",NA,44,35,753,"impact","impact_1971-1980",34.905272,-106.685564,"cope.lern",0
"331","MSB:Fish:4206",1978,9,8,"MSB 4206-3","JAR8847F","EO","KL","07-01-2025",NA,39,30,567,"control","control_1971-1980",35.256141,-106.596281,"cope.lern",0
"332","MSB:Fish:4206",1978,9,8,"MSB 4206-1","JAR8848F","EO","JG KL","07-01-2025",NA,43,33,739,"control","control_1971-1980",35.256141,-106.596281,"cope.lern",0
"333","MSB:Fish:4206",1978,9,8,"MSB 4206-4","JAR8852F","EO","GC","07-01-2025",NA,37,29,503,"control","control_1971-1980",35.256141,-106.596281,"cope.lern",0
"334","MSB:Fish:4206",1978,9,8,"MSB 4206-2","JAR8850F","EO","CW","07-01-2025",NA,40,31,665,"control","control_1971-1980",35.256141,-106.596281,"cope.lern",0
"335","MSB:Fish:4206",1978,9,8,"MSB 4206-5","JAR8854F","EO","JG KL","07-01-2025",NA,36,29,433,"control","control_1971-1980",35.256141,-106.596281,"cope.lern",0
"336","MSB:Fish:43490",1999,10,11,"MSB 43490-1","JAR8745F","BP","CW","06-26-2025",NA,72,57,3244,"control","control_1991-2000",35.28302778,-106.5981389,"cope.lern",0
"337","MSB:Fish:43490",1999,10,11,"MSB 43490-3","JAR8749F","BP","CLW","06-26-2025",FALSE,61,49,2200,"control","control_1991-2000",35.28302778,-106.5981389,"cope.lern",0
"338","MSB:Fish:43490",1999,10,11,"MSB 43490-5","JAR8746F","BP","CLW","06-26-2025",FALSE,60,51,2094,"control","control_1991-2000",35.28302778,-106.5981389,"cope.lern",0
"339","MSB:Fish:43490",1999,10,11,"MSB 43490-2","JAR8747F","JG","CLW","06-26-2025",NA,61,55,2713,"control","control_1991-2000",35.28302778,-106.5981389,"cope.lern",0
"340","MSB:Fish:43490",1999,10,11,"MSB 43490-4","JAR8744F","JG","EO CLW","06-26-2025",FALSE,67,54,2031,"control","control_1991-2000",35.28302778,-106.5981389,"cope.lern",0
"341","MSB:Fish:4384",1978,9,23,"MSB 4384-3","JAR8748F","BP","KL","06-30-2025",FALSE,55,44,1919,"impact","impact_1971-1980",34.905272,-106.685564,"cope.lern",0
"342","MSB:Fish:4384",1978,9,23,"MSB 4384-4","JAR8752F","EO","GC","06-30-2025",NA,63,49,2458,"impact","impact_1971-1980",34.905272,-106.685564,"cope.lern",0
"343","MSB:Fish:4384",1978,9,23,"MSB 4384-2","JAR8757F","EO","CW","06-30-2025",NA,64,49,2390,"impact","impact_1971-1980",34.905272,-106.685564,"cope.lern",1
"344","MSB:Fish:4384",1978,9,23,"MSB 4384-1","JAR8750F","BP","CW","06-30-2025",NA,67,55,3024,"impact","impact_1971-1980",34.905272,-106.685564,"cope.lern",0
"345","MSB:Fish:4384",1978,9,23,"MSB 4384-5","JAR8756F","BP","KL","06-30-2025",NA,63,51,2594,"impact","impact_1971-1980",34.905272,-106.685564,"cope.lern",0
"346","MSB:Fish:4423",1978,8,3,"MSB 4423-4","JAR8724F","BP","KL","06-30-2025",NA,44,36,880,"impact","impact_1971-1980",34.905272,-106.685564,"cope.lern",0
"347","MSB:Fish:4423",1978,8,3,"MSB 4423-1","JAR8758F","EO","GC","06-30-2025",NA,46,37,1128,"impact","impact_1971-1980",34.905272,-106.685564,"cope.lern",0
"348","MSB:Fish:4423",1978,8,3,"MSB 4423-2","JAR8754F","BP","CW","06-30-2025",NA,49,38,1164,"impact","impact_1971-1980",34.905272,-106.685564,"cope.lern",0
"349","MSB:Fish:4423",1978,8,3,"MSB 4423-5","JAR8751F","EO","CW","06-30-2025",NA,42,33,832,"impact","impact_1971-1980",34.905272,-106.685564,"cope.lern",0
"350","MSB:Fish:4423",1978,8,3,"MSB 4423-3","JAR8726F","EO","KL","06-30-2025",NA,47,37,1155,"impact","impact_1971-1980",34.905272,-106.685564,"cope.lern",0
"351","MSB:Fish:4432",1978,9,8,"MSB 4432-3","JAR8727F","BP","CW","06-30-2025",NA,39,31,570,"control","control_1971-1980",35.239638,-106.587548,"cope.lern",0
"352","MSB:Fish:4432",1978,9,8,"MSB 4432-1","JAR8759F","BP","JG","06-30-2025",NA,39,30,568,"control","control_1971-1980",35.239638,-106.587548,"cope.lern",0
"353","MSB:Fish:4432",1978,9,8,"MSB 4432-5","JAR8753F","BP","JG GC","06-30-2025",NA,35,26,360,"control","control_1971-1980",35.239638,-106.587548,"cope.lern",0
"354","MSB:Fish:4432",1978,9,8,"MSB 4432-4","JAR8729F","EO","CW","06-30-2025",NA,39,29,548,"control","control_1971-1980",35.239638,-106.587548,"cope.lern",0
"355","MSB:Fish:4432",1978,9,8,"MSB 4432-2","JAR8722F","EO","EO GC","06-30-2025",NA,52,42,1431,"control","control_1971-1980",35.239638,-106.587548,"cope.lern",0
"356","MSB:Fish:4487",1978,9,29,"MSB 4487-1","JAR8887F","EO","GC","07-03-2025",NA,47,37,1143,"control","control_1971-1980",35.383856,-106.490929,"cope.lern",0
"357","MSB:Fish:4487",1978,9,29,"MSB 4487-5","JAR8890F","EO","JG GC","07-03-2025",NA,38,30,543,"control","control_1971-1980",35.383856,-106.490929,"cope.lern",0
"358","MSB:Fish:4487",1978,9,29,"MSB 4487-3","JAR8889F","EO","KL","07-03-2025",NA,46,35,1166,"control","control_1971-1980",35.383856,-106.490929,"cope.lern",0
"359","MSB:Fish:4487",1978,9,29,"MSB 4487-4","JAR8891F","BP","GC","07-03-2025",NA,36,27,481,"control","control_1971-1980",35.383856,-106.490929,"cope.lern",0
"360","MSB:Fish:4487",1978,9,29,"MSB 4487-2","JAR8893F","BP","GC","07-03-2025",NA,49,38,1354,"control","control_1971-1980",35.383856,-106.490929,"cope.lern",0
"361","MSB:Fish:4984",1978,9,5,"MSB 4984-3","JAR8640F","EO","CLW","06-23-2025",NA,38,29,504,"impact","impact_1971-1980",35.196977,-106.642444,"cope.lern",0
"362","MSB:Fish:4984",1978,9,5,"MSB 4984-4","JAR8642F","JG","KL","06-23-2025",NA,32,25,338,"impact","impact_1971-1980",35.196977,-106.642444,"cope.lern",0
"363","MSB:Fish:4984",1978,9,5,"MSB 4984-5","JAR8644F","BP","CW","06-23-2025",NA,32,24,341,"impact","impact_1971-1980",35.196977,-106.642444,"cope.lern",0
"364","MSB:Fish:4984",1978,9,5,"MSB 4984-2","JAR8662F","BP","CLW","06-23-2025",NA,38,30,541,"impact","impact_1971-1980",35.196977,-106.642444,"cope.lern",0
"365","MSB:Fish:4984",1978,9,5,"MSB 4984-1","JAR8660F","EO","CLW","06-23-2025",NA,39,30,621,"impact","impact_1971-1980",35.196977,-106.642444,"cope.lern",0
"366","MSB:Fish:4987",1977,7,6,"MSB 4987-5","JAR8788F","JG","GC","07-01-2025",NA,40,33,672,"control","control_1971-1980",35.232431,-106.594272,"cope.lern",0
"367","MSB:Fish:4987",1977,7,6,"MSB 4987-1","JAR8849F","JG","KL","07-01-2025",NA,52,40,1450,"control","control_1971-1980",35.232431,-106.594272,"cope.lern",0
"368","MSB:Fish:4987",1977,7,6,"MSB 4987-3","JAR8851F","JG","KL","07-01-2025",NA,47,37,1297,"control","control_1971-1980",35.232431,-106.594272,"cope.lern",0
"369","MSB:Fish:4987",1977,7,6,"MSB 4987-2","JAR8790F","EO","JG KL","07-01-2025",NA,54,44,1436,"control","control_1971-1980",35.232431,-106.594272,"cope.lern",2
"370","MSB:Fish:4987",1977,7,6,"MSB 4987-4","JAR8853F","EO","BP","07-01-2025",NA,47,37,1163,"control","control_1971-1980",35.232431,-106.594272,"cope.lern",0
"371","MSB:Fish:49970",1994,5,5,"MSB 49970-1","JAR8641F","EO","CLW","06-20-2025",NA,66,52,2386,"control","control_1991-2000",35.28302778,-106.5981389,"cope.lern",0
"372","MSB:Fish:49970",1994,5,5,"MSB 49970-5","JAR8646F","EO","EO KL","06-20-2025",NA,64,51,2231,"control","control_1991-2000",35.28302778,-106.5981389,"cope.lern",0
"373","MSB:Fish:49970",1994,5,5,"MSB 49970-3","JAR8645F","EO","KL BP CW","06-20-2025",NA,69,55,2817,"control","control_1991-2000",35.28302778,-106.5981389,"cope.lern",0
"374","MSB:Fish:49970",1994,5,5,"MSB 49970-4","JAR8648F","JG","KL","06-20-2025",FALSE,65,53,2749,"control","control_1991-2000",35.28302778,-106.5981389,"cope.lern",0
"375","MSB:Fish:49970",1994,5,5,"MSB 49970-2","JAR8643F","JG","CW JG","06-20-2025",NA,63,52,2230,"control","control_1991-2000",35.28302778,-106.5981389,"cope.lern",0
"376","MSB:Fish:5263",1986,8,12,"MSB 5263-1","JAR8856F","BP","GC","07-02-2025",NA,36,29,497,"control","control_1981-1990",35.28302778,-106.5981389,"cope.lern",0
"377","MSB:Fish:5263",1986,8,12,"MSB 5263-4","JAR8857F","BP","KL","07-02-2025",NA,35,27,407,"control","control_1981-1990",35.28302778,-106.5981389,"cope.lern",0
"378","MSB:Fish:5263",1986,8,12,"MSB 5263-2","JAR8861F","BP","CW","07-02-2025",NA,36,29,462,"control","control_1981-1990",35.28302778,-106.5981389,"cope.lern",0
"379","MSB:Fish:5263",1986,8,12,"MSB 5263-3","JAR8855F","BP","CW","07-02-2025",NA,35,31,653,"control","control_1981-1990",35.28302778,-106.5981389,"cope.lern",0
"380","MSB:Fish:5263",1986,8,12,"MSB 5263-5","JAR8859F","BP","BP EO","07-02-2025",NA,36,29,444,"control","control_1981-1990",35.28302778,-106.5981389,"cope.lern",0
"381","MSB:Fish:5814",1987,9,10,"MSB 5814-1","JAR8631F","KL","KL","06-16-2025",NA,66,52,2223,"impact","impact_1981-1990",34.905272,-106.685564,"cope.lern",0
"382","MSB:Fish:5814",1987,9,10,"MSB 5814-2","JAR8634F","JG","CW","06-17-2025",NA,55,47,1856,"impact","impact_1981-1990",34.905272,-106.685564,"cope.lern",0
"383","MSB:Fish:5814",1987,9,10,"MSB 5814-3","JAR8630F","EO","CLW CW","06-18-2025",NA,67,52,2759,"impact","impact_1981-1990",34.905272,-106.685564,"cope.lern",0
"384","MSB:Fish:5814",1987,9,10,"MSB 5814-5","JAR8636F","JG","KL","06-19-2025",NA,85,68,5700,"impact","impact_1981-1990",34.905272,-106.685564,"cope.lern",0
"385","MSB:Fish:5814",1987,9,10,"MSB 5814-4","JAR8633F","EO","KL","06-16-2025",NA,52,41,1282,"impact","impact_1981-1990",34.905272,-106.685564,"cope.lern",0
"386","MSB:Fish:5825",1987,9,10,"MSB 5825-4","JAR8663F","BP","EO CW","06-18-2025",NA,63,49,2591,"impact","impact_1981-1990",34.875039,-106.717581,"cope.lern",0
"387","MSB:Fish:5825",1987,9,10,"MSB 5825-3","JAR8661F","BP","CLW KL","06-18-2025",NA,77,62,4671,"impact","impact_1981-1990",34.875039,-106.717581,"cope.lern",0
"388","MSB:Fish:5825",1987,9,10,"MSB 5825-5","JAR8639F","BP","CW","06-18-2025",NA,52,42,1542,"impact","impact_1981-1990",34.875039,-106.717581,"cope.lern",0
"389","MSB:Fish:5825",1987,9,10,"MSB 5825-2","JAR8659F","BP","CW","06-18-2025",NA,54,42,1606,"impact","impact_1981-1990",34.875039,-106.717581,"cope.lern",0
"390","MSB:Fish:5825",1987,9,10,"MSB 5825-1","JAR8657F","BP","BP KL","06-18-2025",FALSE,59,47,2305,"impact","impact_1981-1990",34.875039,-106.717581,"cope.lern",0
"391","MSB:Fish:68463",1984,8,15,"MSB 68463-1","JAR8864F","BP","GC","07-02-2025",NA,37,30,505,"impact","impact_1981-1990",35.089293,-106.680842,"cope.lern",0
"392","MSB:Fish:68463",1984,8,15,"MSB 68463-4","JAR8870F","BP","CW","07-02-2025",NA,42,34,485,"impact","impact_1981-1990",35.089293,-106.680842,"cope.lern",0
"393","MSB:Fish:68463",1984,8,15,"MSB 68463-3","JAR8868F","BP","CW","07-02-2025",NA,36,27,313,"impact","impact_1981-1990",35.089293,-106.680842,"cope.lern",0
"394","MSB:Fish:68463",1984,8,15,"MSB 68463-5","JAR8860F","BP","GC","07-02-2025",NA,35,27,398,"impact","impact_1981-1990",35.089293,-106.680842,"cope.lern",0
"395","MSB:Fish:68463",1984,8,15,"MSB 68463-2","JAR8866F","BP","CW","07-02-2025",NA,48,37,950,"impact","impact_1981-1990",35.089293,-106.680842,"cope.lern",0
"396","MSB:Fish:68501",1984,8,15,"MSB 68501-4","JAR8787F","JG","CW","07-01-2025",NA,79,64,4731,"control","control_1981-1990",35.225523,-106.597651,"cope.lern",0
"397","MSB:Fish:68501",1984,8,15,"MSB 68501-3","JAR8785F","JG","KL","07-01-2025",NA,36,29,472,"control","control_1981-1990",35.225523,-106.597651,"cope.lern",0
"398","MSB:Fish:68501",1984,8,15,"MSB 68501-5","JAR8789F","JG","CW","07-01-2025",NA,72,60,3973,"control","control_1981-1990",35.225523,-106.597651,"cope.lern",0
"399","MSB:Fish:68501",1984,8,15,"MSB 68501-2","JAR8783F","JG","KL","07-01-2025",NA,37,29,513,"control","control_1981-1990",35.225523,-106.597651,"cope.lern",0
"400","MSB:Fish:68501",1984,8,15,"MSB 68501-1","JAR8786F","JG","GC","07-01-2025",NA,35,26,349,"control","control_1981-1990",35.225523,-106.597651,"cope.lern",0
"401","MSB:Fish:68513",1984,8,16,"MSB 68513-4","JAR8896F","EO","CW","07-03-2025",NA,41,32,638,"control","control_1981-1990",35.211416,-106.612833,"cope.lern",0
"402","MSB:Fish:68513",1984,8,16,"MSB 68513-2","JAR8897F","EO","KL","07-03-2025",NA,47,36,941,"control","control_1981-1990",35.211416,-106.612833,"cope.lern",0
"403","MSB:Fish:68513",1984,8,16,"MSB 68513-1","JAR8895F","BP","GC","07-03-2025",NA,44,34,769,"control","control_1981-1990",35.211416,-106.612833,"cope.lern",0
"404","MSB:Fish:68513",1984,8,16,"MSB 68513-5","JAR8901F","EO","BP","07-03-2025",NA,40,31,606,"control","control_1981-1990",35.211416,-106.612833,"cope.lern",0
"405","MSB:Fish:68513",1984,8,16,"MSB 68513-3","JAR8899F","BP","CW","07-03-2025",NA,37,27,397,"control","control_1981-1990",35.211416,-106.612833,"cope.lern",0
"406","MSB:Fish:68528",1984,8,16,"MSB 68528-1","JAR8731F","EO","KL","06-25-2025",NA,69,55,3206,"control","control_1981-1990",35.322164,-106.557448,"cope.lern",0
"407","MSB:Fish:68528",1984,8,16,"MSB 68528-5","JAR8733F","BP","CLW","06-25-2025",NA,47,37,1014,"control","control_1981-1990",35.322164,-106.557448,"cope.lern",0
"408","MSB:Fish:68528",1984,8,16,"MSB 68528-2","JAR8728F","EO","KL","06-25-2025",FALSE,72,57,2986,"control","control_1981-1990",35.322164,-106.557448,"cope.lern",0
"409","MSB:Fish:68528",1984,8,16,"MSB 68528-3","JAR8732F","BP","JG CW","06-25-2025",NA,67,53,2767,"control","control_1981-1990",35.322164,-106.557448,"cope.lern",0
"410","MSB:Fish:68528",1984,8,16,"MSB 68528-4","JAR8730F","EO","KL","06-25-2025",NA,68,55,2391,"control","control_1981-1990",35.322164,-106.557448,"cope.lern",2
"411","MSB:Fish:7593",1988,5,25,"MSB 7593-2","JAR8705F","EO","JG CW","06-24-2025",NA,64,50,2324,"impact","impact_1981-1990",34.905272,-106.685564,"cope.lern",0
"412","MSB:Fish:7593",1988,5,25,"MSB 7593-5","JAR8709F","BP","BP CLW","06-24-2025",NA,62,51,2400,"impact","impact_1981-1990",34.905272,-106.685564,"cope.lern",0
"413","MSB:Fish:7593",1988,5,25,"MSB 7593-4","JAR8707F","EO","BP KL","06-24-2025",FALSE,61,48,1922,"impact","impact_1981-1990",34.905272,-106.685564,"cope.lern",0
"414","MSB:Fish:7593",1988,5,25,"MSB 7593-3","JAR8706F","BP","BP KL","06-24-2025",FALSE,58,45,2248,"impact","impact_1981-1990",34.905272,-106.685564,"cope.lern",0
"415","MSB:Fish:7593",1988,5,25,"MSB 7593-1","JAR8704F","BP","KL","06-24-2025",FALSE,64,50,3600,"impact","impact_1981-1990",34.905272,-106.685564,"cope.lern",0
"416","MSB:Fish:7788",1988,5,25,"MSB 7788-2","JAR8769F","BP","KL","06-30-2025",NA,69,53,2804,"control","control_1981-1990",35.322164,-106.557448,"cope.lern",0
"417","MSB:Fish:7788",2988,5,25,"MSB 7788-4","JAR8764F","BP","BP","06-30-2025",NA,56,45,1819,"control","control_1981-1990",35.322164,-106.557448,"cope.lern",0
"418","MSB:Fish:7788",1988,5,25,"MSB 7788-3","JAR8767F","EO","KL","06-30-2025",NA,69,55,3017,"control","control_1981-1990",35.322164,-106.557448,"cope.lern",0
"419","MSB:Fish:7788",1988,5,25,"MSB 7788-1","JAR8763F","EO","KL","06-30-2025",NA,64,51,2418,"control","control_1981-1990",35.322164,-106.557448,"cope.lern",0
"420","MSB:Fish:7788",1988,5,25,"MSB 7788-5","JAR8762F","EO","KL","06-30-2025",NA,60,47,2139,"control","control_1981-1990",35.322164,-106.557448,"cope.lern",0
"421","MSB:Fish:1129",1959,2,20,"MSB 1129-5","JAR8672F","JG","CW","06-20-2025",NA,40,32,383,"control","control_1951-1960",35.350556,-106.535497,"mono.dact",0
"422","MSB:Fish:1129",1959,2,20,"MSB 1129-2","JAR8674F","EO","CLW","06-20-2025",NA,46,34,697,"control","control_1951-1960",35.350556,-106.535497,"mono.dact",0
"423","MSB:Fish:1129",1959,2,20,"MSB 1129-1","JAR8668F","JG","KL","06-20-2025",NA,41,33,519,"control","control_1951-1960",35.350556,-106.535497,"mono.dact",0
"424","MSB:Fish:1129",1959,2,20,"MSB 1129-4","JAR8671F","EO","JG KL","06-20-2025",NA,41,31,580,"control","control_1951-1960",35.350556,-106.535497,"mono.dact",0
"425","MSB:Fish:1129",1959,2,20,"MSB 1129-3","JAR8673F","JG","CW","06-20-2025",NA,43,36,659,"control","control_1951-1960",35.350556,-106.535497,"mono.dact",0
"426","MSB:Fish:1130",1949,10,29,"MSB 1130-5","JAR8701F","EO","KL","06-24-2025",NA,57,48,2022,"impact","impact_1941-1950",34.87537,-106.717837,"mono.dact",2
"427","MSB:Fish:1130",1949,10,29,"MSB 1130-3","JAR8697F","JG","JG CW","06-24-2025",NA,61,49,1811,"impact","impact_1941-1950",34.87537,-106.717837,"mono.dact",0
"428","MSB:Fish:1130",1949,10,29,"MSB 1130-4","JAR8699F","BP","CLW","06-24-2025",NA,62,47,2068,"impact","impact_1941-1950",34.87537,-106.717837,"mono.dact",0
"429","MSB:Fish:1130",1949,10,29,"MSB 1130-1","JAR8690F","JG","JG KL","06-24-2025",FALSE,71,58,3286,"impact","impact_1941-1950",34.87537,-106.717837,"mono.dact",0
"430","MSB:Fish:1130",1949,10,29,"MSB 1130-2","JAR8695F","BP","KL","06-24-2025",FALSE,68,54,3151,"impact","impact_1941-1950",34.87537,-106.717837,"mono.dact",2
"431","MSB:Fish:1131",1959,2,24,"MSB 1131-5","JAR8682F","BP","KL","06-23-2025",NA,53,44,1289,"impact","impact_1951-1960",34.987044,-106.690293,"mono.dact",0
"432","MSB:Fish:1131",1959,2,24,"MSB 1131-2","JAR8689F","EO","CW","06-23-2025",NA,60,47,1798,"impact","impact_1951-1960",34.987044,-106.690293,"mono.dact",0
"433","MSB:Fish:1131",1959,2,24,"MSB 1131-3","JAR8693F","BP","CW","06-23-2025",FALSE,54,44,1280,"impact","impact_1951-1960",34.987044,-106.690293,"mono.dact",2
"434","MSB:Fish:1131",1959,2,24,"MSB 1131-4","JAR8680F","EO","KL","06-23-2025",NA,52,43,1316,"impact","impact_1951-1960",34.987044,-106.690293,"mono.dact",0
"435","MSB:Fish:1131",1959,2,24,"MSB 1131-2","JAR8691F","JG","CLW","06-23-2025",NA,63,51,1849,"impact","impact_1951-1960",34.987044,-106.690293,"mono.dact",0
"436","MSB:Fish:1132",1947,10,25,"MSB 1132-1","JAR8684F","JG","CW","06-23-2025",NA,71,58,3310,"control","control_1941-1950",35.380629,-106.503529,"mono.dact",0
"437","MSB:Fish:1132",1947,10,25,"MSB 1132-4","JAR8694F","JG","KL","06-23-2025",NA,63,54,2744,"control","control_1941-1950",35.380629,-106.503529,"mono.dact",0
"438","MSB:Fish:1132",2947,10,25,"MSB 1132-5","JAR8692F","JG","CW","06-23-2025",NA,61,49,1975,"control","control_1941-1950",35.380629,-106.503529,"mono.dact",0
"439","MSB:Fish:1132",1947,10,25,"MSB 1132-3","JAR8688F","JG","CLW","06-23-2025",NA,77,64,4621,"control","control_1941-1950",35.380629,-106.503529,"mono.dact",0
"440","MSB:Fish:1132",1947,10,25,"MSB 1132-2","JAR8686F","JG","CW","06-23-2025",NA,73,62,3934,"control","control_1941-1950",35.380629,-106.503529,"mono.dact",0
"441","MSB:Fish:1149",1939,2,26,"MSB 1149-1","JAR8871F","JG","GC","07-02-2025",NA,55,45,1360,"impact","impact_1931-1940",35.100259,-106.692107,"mono.dact",12
"442","MSB:Fish:1149",1939,2,26,"MSB 1149-5","JAR8872F","EO","KL","07-02-2025",FALSE,76,57,3276,"impact","impact_1931-1940",35.100259,-106.692107,"mono.dact",38
"443","MSB:Fish:1149",1939,2,26,"MSB 1149-3","JAR8875F","EO","EO KL","07-02-2025",NA,61,47,1795,"impact","impact_1931-1940",35.100259,-106.692107,"mono.dact",26
"444","MSB:Fish:1149",1939,2,26,"MSB 1149-4","JAR8877F","JG","CW","07-02-2025",NA,57,45,1435,"impact","impact_1931-1940",35.100259,-106.692107,"mono.dact",0
"445","MSB:Fish:1149",1939,2,26,"MSB 1149-2","JAR8873F","JG","GC","07-02-2025",FALSE,64,52,2298,"impact","impact_1931-1940",35.100259,-106.692107,"mono.dact",16
"446","MSB:Fish:1150",1939,6,9,"MSB 1150-3","JAR8712F","BP","CW","06-24-2025",FALSE,71,54,4462,"impact","impact_1931-1940",34.906619,-106.685289,"mono.dact",0
"447","MSB:Fish:1150",1939,6,9,"MSB 1150-1","JAR8708F","BP","KL","06-24-2025",NA,63,50,2550,"impact","impact_1931-1940",34.906619,-106.685289,"mono.dact",34
"448","MSB:Fish:1150",1939,6,9,"MSB 1150-2","JAR8714F","JG","CLW","06-24-2025",FALSE,72,61,4536,"impact","impact_1931-1940",34.906619,-106.685289,"mono.dact",2
"449","MSB:Fish:1150",1939,6,9,"MSB 1150-5","JAR8710F","BP","CW","06-24-2025",FALSE,60,49,2576,"impact","impact_1931-1940",34.906619,-106.685289,"mono.dact",16
"450","MSB:Fish:1150",1939,6,9,"MSB 1150-4","JAR8716F","JG","KL","06-24-2025",FALSE,65,53,3213,"impact","impact_1931-1940",34.906619,-106.685289,"mono.dact",12
"451","MSB:Fish:1154",1949,10,21,"MSB 1154-4","JAR8770F","EO","CW","06-30-2025",NA,54,43,1207,"impact","impact_1941-1950",34.929201,-106.681499,"mono.dact",0
"452","MSB:Fish:1154",1949,10,21,"MSB 1154-2","JAR8773F","EO","KL","06-30-2025",FALSE,66,52,2229,"impact","impact_1941-1950",34.929201,-106.681499,"mono.dact",12
"453","MSB:Fish:1154",1949,10,21,"MSB 1154-3","JAR8768","BP","BP","06-30-2025",NA,60,48,1790,"impact","impact_1941-1950",34.929201,-106.681499,"mono.dact",8
"454","MSB:Fish:1154",1949,10,21,"MSB 1154-5","JAR8772F","BP","BP","06-30-2025",FALSE,44,34,644,"impact","impact_1941-1950",34.929201,-106.681499,"mono.dact",0
"455","MSB:Fish:1154",1949,10,21,"MSB 1154-1","JAR8771F","BP","EO GC CW","06-30-2025",NA,65,51,2430,"impact","impact_1941-1950",34.929201,-106.681499,"mono.dact",20
"456","MSB:Fish:1155",1943,6,23,"MSB 1155-3","JAR8685F","BP","CW","06-23-2025",NA,69,56,3145,"control","control_1941-1950",35.322418,-106.557971,"mono.dact",0
"457","MSB:Fish:1155",1943,6,23,"MSB 1155-4","JAR8683F","EO","BP KL","06-23-2025",FALSE,54,45,1684,"control","control_1941-1950",35.322418,-106.557971,"mono.dact",0
"458","MSB:Fish:1155",2943,6,23,"MSB1155-1","JAR8679F","BP","BP CW KL","06-23-2025",NA,62,50,2170,"control","control_1941-1950",35.322418,-106.557971,"mono.dact",14
"459","MSB:Fish:1155",1943,6,23,"MSB 1155-5","JAR8687F","EO","KL","06-23-2025",NA,53,45,1706,"control","control_1941-1950",35.322418,-106.557971,"mono.dact",0
"460","MSB:Fish:1155",1943,6,23,"MSB 1155-2","JAR8681F","EO","KL","06-23-2025",NA,63,50,2536,"control","control_1941-1950",35.322418,-106.557971,"mono.dact",32
"461","MSB:Fish:1160",1939,1,28,"MSB 1160-3","JAR8784F","JG","CW","07-01-2025",NA,51,42,1253,"impact","impact_1931-1940",35.100259,-106.692107,"mono.dact",2
"462","MSB:Fish:1160",1939,1,28,"MSB 1160-2","JAR8779","JG","EO GC","07-01-2025",NA,48,38,800,"impact","impact_1931-1940",35.100259,-106.692107,"mono.dact",6
"463","MSB:Fish:1160",1939,1,28,"MSB 1160-1","JAR8781F","JG","GC","07-01-2025",NA,51,43,1112,"impact","impact_1931-1940",35.100259,-106.692107,"mono.dact",2
"464","MSB:Fish:1160",1939,1,28,"MSB 1160-4","JAR8780F","JG","GC","07-01-2025",FALSE,50,41,1020,"impact","impact_1931-1940",35.100259,-106.692107,"mono.dact",0
"465","MSB:Fish:1160",1939,1,28,"MSB 1160-5","JAR8782F","EO","GC","07-01-2025",NA,51,40,1021,"impact","impact_1931-1940",35.100259,-106.692107,"mono.dact",2
"466","MSB:Fish:19389",1994,5,27,"MSB 19389-1","JAR8874F","JG","JG","07-02-2025",FALSE,56,44,1941,"control","control_1991-2000",35.322164,-106.557448,"mono.dact",0
"467","MSB:Fish:19389",1994,5,27,"MSB 19389-2","JAR8862F","EO","KL","07-02-2025",NA,52,40,1391,"control","control_1991-2000",35.322164,-106.557448,"mono.dact",0
"468","MSB:Fish:19389",1994,5,27,"MSB 19389-5","JAR8878F","BP","CW","07-02-2025",NA,44,35,909,"control","control_1991-2000",35.322164,-106.557448,"mono.dact",0
"469","MSB:Fish:19389",1994,5,27,"MSB 19389-4","JAR8858F","EO","GC","07-02-2025",NA,48,38,1096,"control","control_1991-2000",35.322164,-106.557448,"mono.dact",0
"470","MSB:Fish:19389",1994,5,27,"MSB 19389-3","JAR8876F","JG","KL","07-02-2025",FALSE,55,46,2190,"control","control_1991-2000",35.322164,-106.557448,"mono.dact",0
"471","MSB:Fish:19537",1994,9,16,"MSB 19537-3","JAR8635F","EO","CLW","06-20-2025",NA,59,46,1370,"impact","impact_1991-2000",34.85683333,-106.7208056,"mono.dact",0
"472","MSB:Fish:19537",1994,9,16,"MSB 19537-2","JAR8664F","EO","CW","06-16-2025",NA,58,46,1650,"impact","impact_1991-2000",34.85683333,-106.7208056,"mono.dact",0
"473","MSB:Fish:19537",1994,9,16,"MSB 19537-1","JAR8632F","JG","KL","06-16-2025",NA,54,48,1824,"impact","impact_1991-2000",34.85683333,-106.7208056,"mono.dact",0
"474","MSB:Fish:19537",1994,9,16,"MSB 19537-4","JAR8638F","JG","CLW","06-16-2025",NA,53,44,1183,"impact","impact_1991-2000",34.85683333,-106.7208056,"mono.dact",0
"475","MSB:Fish:19537",1994,9,16,"MSB 19537-5","JAR8637F","EO","CW","06-16-2025",NA,47,38,760,"impact","impact_1991-2000",34.85683333,-106.7208056,"mono.dact",0
"476","MSB:Fish:19688",1994,10,10,"MSB 19688-2","JAR8863F","BP","JG CW","07-02-2025",NA,57,44,1805,"impact","impact_1991-2000",34.85683333,-106.7208056,"mono.dact",0
"477","MSB:Fish:19688",1994,10,10,"MSB 19688-4","JAR8867F","BP","CW","07-02-2025",NA,58,46,1810,"impact","impact_1991-2000",34.85683333,-106.7208056,"mono.dact",0
"478","MSB:Fish:19688",1994,10,10,"MSB 19688-5","JAR8869F","BP","KL","07-02-2025",NA,48,38,993,"impact","impact_1991-2000",34.85683333,-106.7208056,"mono.dact",0
"479","MSB:Fish:19688",1994,10,10,"MSB 19688-1","JAR8886F","BP","JG CW","07-02-2025",NA,65,51,2667,"impact","impact_1991-2000",34.85683333,-106.7208056,"mono.dact",0
"480","MSB:Fish:19688",1994,10,10,"MSB 19688-3","JAR8865F","BP","KL","07-02-2025",FALSE,56,45,2032,"impact","impact_1991-2000",34.85683333,-106.7208056,"mono.dact",0
"481","MSB:Fish:20390",1994,8,11,"MSB 20390-2","JAR8881F","JG","GC","07-02-2025",NA,40,36,923,"impact","impact_1991-2000",34.85683333,-106.7208056,"mono.dact",0
"482","MSB:Fish:20390",1994,8,11,"MSB 20390-3","JAR8880F","JG","EO","07-02-2025",NA,41,33,528,"impact","impact_1991-2000",34.85683333,-106.7208056,"mono.dact",0
"483","MSB:Fish:20390",1994,8,11,"MSB 20390-1","JAR8883F","JG","JG","07-02-2025",NA,53,41,1467,"impact","impact_1991-2000",34.85683333,-106.7208056,"mono.dact",0
"484","MSB:Fish:20390",1994,8,11,"MSB 20390-4","JAR8882F","JG","BP","07-02-2025",NA,49,38,968,"impact","impact_1991-2000",34.85683333,-106.7208056,"mono.dact",0
"485","MSB:Fish:20390",1994,8,11,"MSB 20390-5","JAR8884F","JG","CW","07-02-2025",NA,49,40,1145,"impact","impact_1991-2000",34.85683333,-106.7208056,"mono.dact",0
"486","MSB:Fish:20526",1994,7,27,"MSB 20526-5","JAR8666F","EO","CW","06-20-2025",NA,37,29,510,"impact","impact_1991-2000",34.905272,-106.685564,"mono.dact",0
"487","MSB:Fish:20526",1994,7,27,"MSB 20526-4","JAR8669F","BP","CLW","06-20-2025",NA,34,26,375,"impact","impact_1991-2000",34.905272,-106.685564,"mono.dact",0
"488","MSB:Fish:20526",1994,7,27,"MSB 20526-2","JAR8665F","BP","CW","06-20-2025",NA,37,29,507,"impact","impact_1991-2000",34.905272,-106.685564,"mono.dact",0
"489","MSB:Fish:20526",1994,7,27,"MSB 20526-3","JAR8667F","EO","CLW","06-20-2025",NA,38,30,599,"impact","impact_1991-2000",34.905272,-106.685564,"mono.dact",0
"490","MSB:Fish:20526",1994,7,27,"MSB 20526-1","JAR8647F","EO","KL","06-20-2025",NA,53,44,1498,"impact","impact_1991-2000",34.905272,-106.685564,"mono.dact",0
"491","MSB:Fish:25010",1995,8,2,"MSB 25010-2","JAR8650F","JG","KL","06-16-2025",NA,37,30,475,"control","control_1991-2000",35.28302778,-106.5981389,"mono.dact",0
"492","MSB:Fish:25010",1995,8,2,"MSB 25010-3","JAR8649F","EO","KL","06-16-2025",NA,39,31,531,"control","control_1991-2000",35.28302778,-106.5981389,"mono.dact",0
"493","MSB:Fish:25010",1995,8,2,"MSB 25010-4","JAR8652F","JG","JG CLW","06-16-2025",NA,35,28,503,"control","control_1991-2000",35.28302778,-106.5981389,"mono.dact",0
"494","MSB:Fish:25010",1995,8,2,"MSB 25010-1","JAR8629F","EO","CW","06-16-2025",NA,43,32,743,"control","control_1991-2000",35.28302778,-106.5981389,"mono.dact",0
"495","MSB:Fish:25010",1995,8,2,"MSB 25010-5","JAR8651F","EO","KL","06-16-2025",NA,38,30,494,"control","control_1991-2000",35.28302778,-106.5981389,"mono.dact",0
"496","MSB:Fish:25023",1995,8,2,"MSB 25023-3","JAR8723F","EO","CW","06-25-2025",NA,38,29,422,"impact","impact_1991-2000",35.089293,-106.680842,"mono.dact",0
"497","MSB:Fish:25023",1995,8,2,"MSB 25023-5","JAR8719F","EO","KL","06-25-2025",NA,40,31,571,"impact","impact_1991-2000",35.089293,-106.680842,"mono.dact",0
"498","MSB:Fish:25023",1995,8,2,"MSB 25023-1","JAR8720F","EO","JG EO KL","06-25-2025",NA,39,30,586,"impact","impact_1991-2000",35.089293,-106.680842,"mono.dact",0
"499","MSB:Fish:25023",1995,8,2,"MSB 25023-2","JAR8725F","EO","KL","06-25-2025",NA,36,29,560,"impact","impact_1991-2000",35.089293,-106.680842,"mono.dact",0
"500","MSB:Fish:25023",1995,8,2,"MSB 25023-4","JAR8721F","EO","CW","06-25-2025",NA,37,29,524,"impact","impact_1991-2000",35.089293,-106.680842,"mono.dact",0
"501","MSB:Fish:30075",1996,4,10,"MSB 30075-4","JAR8775F","EO","GC","06-30-2025",NA,63,49,2305,"impact","impact_1991-2000",35.13539167,-106.6684167,"mono.dact",0
"502","MSB:Fish:30075",1996,4,10,"MSB 30075-5","JAR8776","EO","EO KL ","06-30-2025",FALSE,68,54,3090,"impact","impact_1991-2000",35.13539167,-106.6684167,"mono.dact",0
"503","MSB:Fish:30075",1996,4,10,"MSB 30075-3","JAR8774F","JG","GC","06-30-2025",NA,57,46,1641,"impact","impact_1991-2000",35.13539167,-106.6684167,"mono.dact",0
"504","MSB:Fish:30075",1996,4,10,"MSB 30075-1","JAR8777F","JG","KL","06-30-2025",FALSE,55,45,1416,"impact","impact_1991-2000",35.13539167,-106.6684167,"mono.dact",0
"505","MSB:Fish:30075",1996,4,10,"MSB 30075-2","JAR8778F","EO","CW","06-30-2025",NA,70,57,3072,"impact","impact_1991-2000",35.13539167,-106.6684167,"mono.dact",0
"506","MSB:Fish:30282",1996,5,16,"MSB 30282-2","JAR8653F","EO","CW","06-23-2025",NA,64,50,2621,"control","control_1991-2000",35.322164,-106.557448,"mono.dact",0
"507","MSB:Fish:30282",1996,5,16,"MSB 20282-5","JAR8655F","JG","CLW","06-23-2025",NA,72,59,3808,"control","control_1991-2000",35.322164,-106.557448,"mono.dact",0
"508","MSB:Fish:30282",1996,5,16,"MSB 30282-1","JAR8654F","JG","CLW","06-23-2025",NA,58,49,2054,"control","control_1991-2000",35.322164,-106.557448,"mono.dact",0
"509","MSB:Fish:30282",1996,5,16,"MSB 30282-3","JAR8656F","EO","KL","06-23-2025",NA,71,56,3863,"control","control_1991-2000",35.322164,-106.557448,"mono.dact",0
"510","MSB:Fish:30282",1996,5,16,"MSB 30282-4","JAR8658F","BP","JG KL","06-23-2025",FALSE,58,46,1814,"control","control_1991-2000",35.322164,-106.557448,"mono.dact",0
"511","MSB:Fish:30410",1996,6,28,"MSB 30410-2","JAR8742F","BP","CW","06-25-2025",FALSE,66,53,3676,"impact","impact_1991-2000",34.85683333,-106.7208056,"mono.dact",0
"512","MSB:Fish:30410",1996,6,28,"MSB 30410-3","JAR8740F","BP","KL","06-25-2025",FALSE,74,59,4025,"impact","impact_1991-2000",34.85683333,-106.7208056,"mono.dact",0
"513","MSB:Fish:30410",1996,6,28,"MSB 30410-5","JAR8743F","BP","BP CW ","06-25-2025",NA,69,58,2424,"impact","impact_1991-2000",34.85683333,-106.7208056,"mono.dact",0
"514","MSB:Fish:30410",1996,6,28,"MSB 30410-1","JAR8736F","BP","CLW","06-25-2025",FALSE,72,59,NA,"impact","impact_1991-2000",34.85683333,-106.7208056,"mono.dact",0
"515","MSB:Fish:30410",1996,6,28,"MSB 30410-4","JAR8738F","JG","CLW","06-25-2025",FALSE,75,61,4376,"impact","impact_1991-2000",34.85683333,-106.7208056,"mono.dact",0
"516","MSB:Fish:30810",1996,2,7,"MSB 30810-3","JAR8737F","EO","KL","06-25-2026",FALSE,55,43,1306,"impact","impact_1991-2000",35.089293,-106.680842,"mono.dact",0
"517","MSB:Fish:30810",1996,2,7,"MSB 30810-2","JAR8735F","BP","JG KL","06-25-2025",FALSE,59,48,1673,"impact","impact_1991-2000",35.089293,-106.680842,"mono.dact",0
"518","MSB:Fish:30810",1996,2,7,"MSB 30810-4","JAR8739F","BP","CW","06-25-2026",NA,66,52,2148,"impact","impact_1991-2000",35.089293,-106.680842,"mono.dact",0
"519","MSB:Fish:30810",1996,2,7,"MSB 30910-1","JAR8734F","EO","CW","06-25-2025",NA,68,54,2437,"impact","impact_1991-2000",35.089293,-106.680842,"mono.dact",0
"520","MSB:Fish:30810",1996,2,7,"MSB 30810-5","JAR8741F","BP","CW","06-25-2025",NA,63,52,2142,"impact","impact_1991-2000",35.089293,-106.680842,"mono.dact",0
"521","MSB:Fish:39103",1997,10,15,"MSB 39103-1","JAR8670F","BP","JG KL","06-23-2025",NA,57,53,2560,"control","control_1991-2000",35.28302778,-106.5981389,"mono.dact",0
"522","MSB:Fish:39103",1997,10,15,"MSB 39103-3","JAR8675F","BP","KL","06-23-2025",NA,61,47,2132,"control","control_1991-2000",35.28302778,-106.5981389,"mono.dact",0
"523","MSB:Fish:39103",1997,10,15,"MSB 39103-5","JAR8678F","EO","CW","06-23-2025",NA,60,47,2006,"control","control_1991-2000",35.28302778,-106.5981389,"mono.dact",0
"524","MSB:Fish:39103",2997,10,15,"MSB 39103-4","JAR8676F","EO","EO CLW","06-23-2025",NA,69,54,3110,"control","control_1991-2000",35.28302778,-106.5981389,"mono.dact",0
"525","MSB:Fish:39103",1997,10,15,"MSB 39103-2","JAR8677F","JG","KL","06-23-2025",NA,69,56,3012,"control","control_1991-2000",35.28302778,-106.5981389,"mono.dact",0
"526","MSB:Fish:3966",1977,9,28,"MSB 3966-5","JAR8879F","JG","CW","07-02-2025",NA,51,41,1353,"impact","impact_1971-1980",35.134883,-106.690838,"mono.dact",0
"527","MSB:Fish:3966",1977,9,28,"MSB 3966-3","JAR8894F","JG","GC","07-02-2025",NA,50,39,1164,"impact","impact_1971-1980",35.134883,-106.690838,"mono.dact",0
"528","MSB:Fish:3966",1977,9,28,"MSB 3966-1","JAR8888F","JG","KL","07-02-2025",NA,55,44,1530,"impact","impact_1971-1980",35.134883,-106.690838,"mono.dact",0
"529","MSB:Fish:3966",1977,9,28,"MSB 3966-4","JAR8885F","JG","GC","07-02-2025",NA,57,47,2076,"impact","impact_1971-1980",35.134883,-106.690838,"mono.dact",0
"530","MSB:Fish:3966",1977,9,28,"MSB 3966-2","JAR8892F","JG","CW","07-02-2025",NA,38,30,477,"impact","impact_1971-1980",35.134883,-106.690838,"mono.dact",0
"531","MSB:Fish:4096",1978,9,5,"MSB 4096-1","JAR8718F","BP","KL","06-24-2025",NA,44,36,1043,"impact","impact_1971-1980",35.10625,-106.692633,"mono.dact",0
"532","MSB:Fish:4096",1978,9,5,"MSB 4096-5","JAR8715F","BP","KL","06-24-2025",NA,41,33,774,"impact","impact_1971-1980",35.10625,-106.692633,"mono.dact",0
"533","MSB:Fish:4096",1978,9,5,"MSB 4096-3","JAR8713F","BP","EO CW","06-24-2025",FALSE,49,39,1118,"impact","impact_1971-1980",35.10625,-106.692633,"mono.dact",0
"534","MSB:Fish:4096",1978,9,5,"MSB 4096-4","JAR8717F","EO","CW","06-24-2025",NA,45,35,856,"impact","impact_1971-1980",35.10625,-106.692633,"mono.dact",0
"535","MSB:Fish:4096",1978,9,5,"MSB 4096-2","JAR8711F","EO","CW","06-24-2025",NA,44,34,903,"impact","impact_1971-1980",35.10625,-106.692633,"mono.dact",0
"536","MSB:Fish:4161",1977,8,5,"MSB 4161-3","JAR8700F","BP","CW","06-24-2025",NA,39,29,511,"impact","impact_1971-1980",34.905272,-106.685564,"mono.dact",0
"537","MSB:Fish:4161",1977,8,5,"MSB 4161-4","JAR8702F","JG","CLW","06-24-2025",NA,41,31,632,"impact","impact_1971-1980",34.905272,-106.685564,"mono.dact",0
"538","MSB:Fish:4161",1977,8,5,"MSB 4161-5","JAR8703F","JG","CLW","06-24-2025",NA,36,29,444,"impact","impact_1971-1980",34.905272,-106.685564,"mono.dact",0
"539","MSB:Fish:4161",1977,8,5,"MSB 4161-1","JAR8696F","JG","KL","06-24-2025",NA,53,43,1166,"impact","impact_1971-1980",34.905272,-106.685564,"mono.dact",0
"540","MSB:Fish:4161",1977,8,5,"MSB 4161-2","JAR8698F","JG","JG KL","06-24-2025",NA,44,35,753,"impact","impact_1971-1980",34.905272,-106.685564,"mono.dact",0
"541","MSB:Fish:4206",1978,9,8,"MSB 4206-3","JAR8847F","EO","KL","07-01-2025",NA,39,30,567,"control","control_1971-1980",35.256141,-106.596281,"mono.dact",0
"542","MSB:Fish:4206",1978,9,8,"MSB 4206-1","JAR8848F","EO","JG KL","07-01-2025",NA,43,33,739,"control","control_1971-1980",35.256141,-106.596281,"mono.dact",0
"543","MSB:Fish:4206",1978,9,8,"MSB 4206-4","JAR8852F","EO","GC","07-01-2025",NA,37,29,503,"control","control_1971-1980",35.256141,-106.596281,"mono.dact",0
"544","MSB:Fish:4206",1978,9,8,"MSB 4206-2","JAR8850F","EO","CW","07-01-2025",NA,40,31,665,"control","control_1971-1980",35.256141,-106.596281,"mono.dact",0
"545","MSB:Fish:4206",1978,9,8,"MSB 4206-5","JAR8854F","EO","JG KL","07-01-2025",NA,36,29,433,"control","control_1971-1980",35.256141,-106.596281,"mono.dact",0
"546","MSB:Fish:43490",1999,10,11,"MSB 43490-1","JAR8745F","BP","CW","06-26-2025",NA,72,57,3244,"control","control_1991-2000",35.28302778,-106.5981389,"mono.dact",0
"547","MSB:Fish:43490",1999,10,11,"MSB 43490-3","JAR8749F","BP","CLW","06-26-2025",FALSE,61,49,2200,"control","control_1991-2000",35.28302778,-106.5981389,"mono.dact",0
"548","MSB:Fish:43490",1999,10,11,"MSB 43490-5","JAR8746F","BP","CLW","06-26-2025",FALSE,60,51,2094,"control","control_1991-2000",35.28302778,-106.5981389,"mono.dact",0
"549","MSB:Fish:43490",1999,10,11,"MSB 43490-2","JAR8747F","JG","CLW","06-26-2025",NA,61,55,2713,"control","control_1991-2000",35.28302778,-106.5981389,"mono.dact",0
"550","MSB:Fish:43490",1999,10,11,"MSB 43490-4","JAR8744F","JG","EO CLW","06-26-2025",FALSE,67,54,2031,"control","control_1991-2000",35.28302778,-106.5981389,"mono.dact",0
"551","MSB:Fish:4384",1978,9,23,"MSB 4384-3","JAR8748F","BP","KL","06-30-2025",FALSE,55,44,1919,"impact","impact_1971-1980",34.905272,-106.685564,"mono.dact",0
"552","MSB:Fish:4384",1978,9,23,"MSB 4384-4","JAR8752F","EO","GC","06-30-2025",NA,63,49,2458,"impact","impact_1971-1980",34.905272,-106.685564,"mono.dact",0
"553","MSB:Fish:4384",1978,9,23,"MSB 4384-2","JAR8757F","EO","CW","06-30-2025",NA,64,49,2390,"impact","impact_1971-1980",34.905272,-106.685564,"mono.dact",0
"554","MSB:Fish:4384",1978,9,23,"MSB 4384-1","JAR8750F","BP","CW","06-30-2025",NA,67,55,3024,"impact","impact_1971-1980",34.905272,-106.685564,"mono.dact",0
"555","MSB:Fish:4384",1978,9,23,"MSB 4384-5","JAR8756F","BP","KL","06-30-2025",NA,63,51,2594,"impact","impact_1971-1980",34.905272,-106.685564,"mono.dact",0
"556","MSB:Fish:4423",1978,8,3,"MSB 4423-4","JAR8724F","BP","KL","06-30-2025",NA,44,36,880,"impact","impact_1971-1980",34.905272,-106.685564,"mono.dact",0
"557","MSB:Fish:4423",1978,8,3,"MSB 4423-1","JAR8758F","EO","GC","06-30-2025",NA,46,37,1128,"impact","impact_1971-1980",34.905272,-106.685564,"mono.dact",0
"558","MSB:Fish:4423",1978,8,3,"MSB 4423-2","JAR8754F","BP","CW","06-30-2025",NA,49,38,1164,"impact","impact_1971-1980",34.905272,-106.685564,"mono.dact",0
"559","MSB:Fish:4423",1978,8,3,"MSB 4423-5","JAR8751F","EO","CW","06-30-2025",NA,42,33,832,"impact","impact_1971-1980",34.905272,-106.685564,"mono.dact",0
"560","MSB:Fish:4423",1978,8,3,"MSB 4423-3","JAR8726F","EO","KL","06-30-2025",NA,47,37,1155,"impact","impact_1971-1980",34.905272,-106.685564,"mono.dact",0
"561","MSB:Fish:4432",1978,9,8,"MSB 4432-3","JAR8727F","BP","CW","06-30-2025",NA,39,31,570,"control","control_1971-1980",35.239638,-106.587548,"mono.dact",0
"562","MSB:Fish:4432",1978,9,8,"MSB 4432-1","JAR8759F","BP","JG","06-30-2025",NA,39,30,568,"control","control_1971-1980",35.239638,-106.587548,"mono.dact",0
"563","MSB:Fish:4432",1978,9,8,"MSB 4432-5","JAR8753F","BP","JG GC","06-30-2025",NA,35,26,360,"control","control_1971-1980",35.239638,-106.587548,"mono.dact",0
"564","MSB:Fish:4432",1978,9,8,"MSB 4432-4","JAR8729F","EO","CW","06-30-2025",NA,39,29,548,"control","control_1971-1980",35.239638,-106.587548,"mono.dact",0
"565","MSB:Fish:4432",1978,9,8,"MSB 4432-2","JAR8722F","EO","EO GC","06-30-2025",NA,52,42,1431,"control","control_1971-1980",35.239638,-106.587548,"mono.dact",0
"566","MSB:Fish:4487",1978,9,29,"MSB 4487-1","JAR8887F","EO","GC","07-03-2025",NA,47,37,1143,"control","control_1971-1980",35.383856,-106.490929,"mono.dact",0
"567","MSB:Fish:4487",1978,9,29,"MSB 4487-5","JAR8890F","EO","JG GC","07-03-2025",NA,38,30,543,"control","control_1971-1980",35.383856,-106.490929,"mono.dact",0
"568","MSB:Fish:4487",1978,9,29,"MSB 4487-3","JAR8889F","EO","KL","07-03-2025",NA,46,35,1166,"control","control_1971-1980",35.383856,-106.490929,"mono.dact",0
"569","MSB:Fish:4487",1978,9,29,"MSB 4487-4","JAR8891F","BP","GC","07-03-2025",NA,36,27,481,"control","control_1971-1980",35.383856,-106.490929,"mono.dact",0
"570","MSB:Fish:4487",1978,9,29,"MSB 4487-2","JAR8893F","BP","GC","07-03-2025",NA,49,38,1354,"control","control_1971-1980",35.383856,-106.490929,"mono.dact",0
"571","MSB:Fish:4984",1978,9,5,"MSB 4984-3","JAR8640F","EO","CLW","06-23-2025",NA,38,29,504,"impact","impact_1971-1980",35.196977,-106.642444,"mono.dact",0
"572","MSB:Fish:4984",1978,9,5,"MSB 4984-4","JAR8642F","JG","KL","06-23-2025",NA,32,25,338,"impact","impact_1971-1980",35.196977,-106.642444,"mono.dact",0
"573","MSB:Fish:4984",1978,9,5,"MSB 4984-5","JAR8644F","BP","CW","06-23-2025",NA,32,24,341,"impact","impact_1971-1980",35.196977,-106.642444,"mono.dact",0
"574","MSB:Fish:4984",1978,9,5,"MSB 4984-2","JAR8662F","BP","CLW","06-23-2025",NA,38,30,541,"impact","impact_1971-1980",35.196977,-106.642444,"mono.dact",0
"575","MSB:Fish:4984",1978,9,5,"MSB 4984-1","JAR8660F","EO","CLW","06-23-2025",NA,39,30,621,"impact","impact_1971-1980",35.196977,-106.642444,"mono.dact",0
"576","MSB:Fish:4987",1977,7,6,"MSB 4987-5","JAR8788F","JG","GC","07-01-2025",NA,40,33,672,"control","control_1971-1980",35.232431,-106.594272,"mono.dact",0
"577","MSB:Fish:4987",1977,7,6,"MSB 4987-1","JAR8849F","JG","KL","07-01-2025",NA,52,40,1450,"control","control_1971-1980",35.232431,-106.594272,"mono.dact",0
"578","MSB:Fish:4987",1977,7,6,"MSB 4987-3","JAR8851F","JG","KL","07-01-2025",NA,47,37,1297,"control","control_1971-1980",35.232431,-106.594272,"mono.dact",0
"579","MSB:Fish:4987",1977,7,6,"MSB 4987-2","JAR8790F","EO","JG KL","07-01-2025",NA,54,44,1436,"control","control_1971-1980",35.232431,-106.594272,"mono.dact",0
"580","MSB:Fish:4987",1977,7,6,"MSB 4987-4","JAR8853F","EO","BP","07-01-2025",NA,47,37,1163,"control","control_1971-1980",35.232431,-106.594272,"mono.dact",0
"581","MSB:Fish:49970",1994,5,5,"MSB 49970-1","JAR8641F","EO","CLW","06-20-2025",NA,66,52,2386,"control","control_1991-2000",35.28302778,-106.5981389,"mono.dact",0
"582","MSB:Fish:49970",1994,5,5,"MSB 49970-5","JAR8646F","EO","EO KL","06-20-2025",NA,64,51,2231,"control","control_1991-2000",35.28302778,-106.5981389,"mono.dact",0
"583","MSB:Fish:49970",1994,5,5,"MSB 49970-3","JAR8645F","EO","KL BP CW","06-20-2025",NA,69,55,2817,"control","control_1991-2000",35.28302778,-106.5981389,"mono.dact",0
"584","MSB:Fish:49970",1994,5,5,"MSB 49970-4","JAR8648F","JG","KL","06-20-2025",FALSE,65,53,2749,"control","control_1991-2000",35.28302778,-106.5981389,"mono.dact",0
"585","MSB:Fish:49970",1994,5,5,"MSB 49970-2","JAR8643F","JG","CW JG","06-20-2025",NA,63,52,2230,"control","control_1991-2000",35.28302778,-106.5981389,"mono.dact",0
"586","MSB:Fish:5263",1986,8,12,"MSB 5263-1","JAR8856F","BP","GC","07-02-2025",NA,36,29,497,"control","control_1981-1990",35.28302778,-106.5981389,"mono.dact",0
"587","MSB:Fish:5263",1986,8,12,"MSB 5263-4","JAR8857F","BP","KL","07-02-2025",NA,35,27,407,"control","control_1981-1990",35.28302778,-106.5981389,"mono.dact",0
"588","MSB:Fish:5263",1986,8,12,"MSB 5263-2","JAR8861F","BP","CW","07-02-2025",NA,36,29,462,"control","control_1981-1990",35.28302778,-106.5981389,"mono.dact",0
"589","MSB:Fish:5263",1986,8,12,"MSB 5263-3","JAR8855F","BP","CW","07-02-2025",NA,35,31,653,"control","control_1981-1990",35.28302778,-106.5981389,"mono.dact",0
"590","MSB:Fish:5263",1986,8,12,"MSB 5263-5","JAR8859F","BP","BP EO","07-02-2025",NA,36,29,444,"control","control_1981-1990",35.28302778,-106.5981389,"mono.dact",0
"591","MSB:Fish:5814",1987,9,10,"MSB 5814-1","JAR8631F","KL","KL","06-16-2025",NA,66,52,2223,"impact","impact_1981-1990",34.905272,-106.685564,"mono.dact",0
"592","MSB:Fish:5814",1987,9,10,"MSB 5814-2","JAR8634F","JG","CW","06-17-2025",NA,55,47,1856,"impact","impact_1981-1990",34.905272,-106.685564,"mono.dact",0
"593","MSB:Fish:5814",1987,9,10,"MSB 5814-3","JAR8630F","EO","CLW CW","06-18-2025",NA,67,52,2759,"impact","impact_1981-1990",34.905272,-106.685564,"mono.dact",0
"594","MSB:Fish:5814",1987,9,10,"MSB 5814-5","JAR8636F","JG","KL","06-19-2025",NA,85,68,5700,"impact","impact_1981-1990",34.905272,-106.685564,"mono.dact",0
"595","MSB:Fish:5814",1987,9,10,"MSB 5814-4","JAR8633F","EO","KL","06-16-2025",NA,52,41,1282,"impact","impact_1981-1990",34.905272,-106.685564,"mono.dact",0
"596","MSB:Fish:5825",1987,9,10,"MSB 5825-4","JAR8663F","BP","EO CW","06-18-2025",NA,63,49,2591,"impact","impact_1981-1990",34.875039,-106.717581,"mono.dact",0
"597","MSB:Fish:5825",1987,9,10,"MSB 5825-3","JAR8661F","BP","CLW KL","06-18-2025",NA,77,62,4671,"impact","impact_1981-1990",34.875039,-106.717581,"mono.dact",0
"598","MSB:Fish:5825",1987,9,10,"MSB 5825-5","JAR8639F","BP","CW","06-18-2025",NA,52,42,1542,"impact","impact_1981-1990",34.875039,-106.717581,"mono.dact",0
"599","MSB:Fish:5825",1987,9,10,"MSB 5825-2","JAR8659F","BP","CW","06-18-2025",NA,54,42,1606,"impact","impact_1981-1990",34.875039,-106.717581,"mono.dact",0
"600","MSB:Fish:5825",1987,9,10,"MSB 5825-1","JAR8657F","BP","BP KL","06-18-2025",FALSE,59,47,2305,"impact","impact_1981-1990",34.875039,-106.717581,"mono.dact",0
"601","MSB:Fish:68463",1984,8,15,"MSB 68463-1","JAR8864F","BP","GC","07-02-2025",NA,37,30,505,"impact","impact_1981-1990",35.089293,-106.680842,"mono.dact",0
"602","MSB:Fish:68463",1984,8,15,"MSB 68463-4","JAR8870F","BP","CW","07-02-2025",NA,42,34,485,"impact","impact_1981-1990",35.089293,-106.680842,"mono.dact",0
"603","MSB:Fish:68463",1984,8,15,"MSB 68463-3","JAR8868F","BP","CW","07-02-2025",NA,36,27,313,"impact","impact_1981-1990",35.089293,-106.680842,"mono.dact",0
"604","MSB:Fish:68463",1984,8,15,"MSB 68463-5","JAR8860F","BP","GC","07-02-2025",NA,35,27,398,"impact","impact_1981-1990",35.089293,-106.680842,"mono.dact",0
"605","MSB:Fish:68463",1984,8,15,"MSB 68463-2","JAR8866F","BP","CW","07-02-2025",NA,48,37,950,"impact","impact_1981-1990",35.089293,-106.680842,"mono.dact",0
"606","MSB:Fish:68501",1984,8,15,"MSB 68501-4","JAR8787F","JG","CW","07-01-2025",NA,79,64,4731,"control","control_1981-1990",35.225523,-106.597651,"mono.dact",0
"607","MSB:Fish:68501",1984,8,15,"MSB 68501-3","JAR8785F","JG","KL","07-01-2025",NA,36,29,472,"control","control_1981-1990",35.225523,-106.597651,"mono.dact",0
"608","MSB:Fish:68501",1984,8,15,"MSB 68501-5","JAR8789F","JG","CW","07-01-2025",NA,72,60,3973,"control","control_1981-1990",35.225523,-106.597651,"mono.dact",0
"609","MSB:Fish:68501",1984,8,15,"MSB 68501-2","JAR8783F","JG","KL","07-01-2025",NA,37,29,513,"control","control_1981-1990",35.225523,-106.597651,"mono.dact",0
"610","MSB:Fish:68501",1984,8,15,"MSB 68501-1","JAR8786F","JG","GC","07-01-2025",NA,35,26,349,"control","control_1981-1990",35.225523,-106.597651,"mono.dact",0
"611","MSB:Fish:68513",1984,8,16,"MSB 68513-4","JAR8896F","EO","CW","07-03-2025",NA,41,32,638,"control","control_1981-1990",35.211416,-106.612833,"mono.dact",0
"612","MSB:Fish:68513",1984,8,16,"MSB 68513-2","JAR8897F","EO","KL","07-03-2025",NA,47,36,941,"control","control_1981-1990",35.211416,-106.612833,"mono.dact",0
"613","MSB:Fish:68513",1984,8,16,"MSB 68513-1","JAR8895F","BP","GC","07-03-2025",NA,44,34,769,"control","control_1981-1990",35.211416,-106.612833,"mono.dact",0
"614","MSB:Fish:68513",1984,8,16,"MSB 68513-5","JAR8901F","EO","BP","07-03-2025",NA,40,31,606,"control","control_1981-1990",35.211416,-106.612833,"mono.dact",0
"615","MSB:Fish:68513",1984,8,16,"MSB 68513-3","JAR8899F","BP","CW","07-03-2025",NA,37,27,397,"control","control_1981-1990",35.211416,-106.612833,"mono.dact",0
"616","MSB:Fish:68528",1984,8,16,"MSB 68528-1","JAR8731F","EO","KL","06-25-2025",NA,69,55,3206,"control","control_1981-1990",35.322164,-106.557448,"mono.dact",0
"617","MSB:Fish:68528",1984,8,16,"MSB 68528-5","JAR8733F","BP","CLW","06-25-2025",NA,47,37,1014,"control","control_1981-1990",35.322164,-106.557448,"mono.dact",0
"618","MSB:Fish:68528",1984,8,16,"MSB 68528-2","JAR8728F","EO","KL","06-25-2025",FALSE,72,57,2986,"control","control_1981-1990",35.322164,-106.557448,"mono.dact",0
"619","MSB:Fish:68528",1984,8,16,"MSB 68528-3","JAR8732F","BP","JG CW","06-25-2025",NA,67,53,2767,"control","control_1981-1990",35.322164,-106.557448,"mono.dact",0
"620","MSB:Fish:68528",1984,8,16,"MSB 68528-4","JAR8730F","EO","KL","06-25-2025",NA,68,55,2391,"control","control_1981-1990",35.322164,-106.557448,"mono.dact",0
"621","MSB:Fish:7593",1988,5,25,"MSB 7593-2","JAR8705F","EO","JG CW","06-24-2025",NA,64,50,2324,"impact","impact_1981-1990",34.905272,-106.685564,"mono.dact",0
"622","MSB:Fish:7593",1988,5,25,"MSB 7593-5","JAR8709F","BP","BP CLW","06-24-2025",NA,62,51,2400,"impact","impact_1981-1990",34.905272,-106.685564,"mono.dact",0
"623","MSB:Fish:7593",1988,5,25,"MSB 7593-4","JAR8707F","EO","BP KL","06-24-2025",FALSE,61,48,1922,"impact","impact_1981-1990",34.905272,-106.685564,"mono.dact",0
"624","MSB:Fish:7593",1988,5,25,"MSB 7593-3","JAR8706F","BP","BP KL","06-24-2025",FALSE,58,45,2248,"impact","impact_1981-1990",34.905272,-106.685564,"mono.dact",0
"625","MSB:Fish:7593",1988,5,25,"MSB 7593-1","JAR8704F","BP","KL","06-24-2025",FALSE,64,50,3600,"impact","impact_1981-1990",34.905272,-106.685564,"mono.dact",0
"626","MSB:Fish:7788",1988,5,25,"MSB 7788-2","JAR8769F","BP","KL","06-30-2025",NA,69,53,2804,"control","control_1981-1990",35.322164,-106.557448,"mono.dact",0
"627","MSB:Fish:7788",2988,5,25,"MSB 7788-4","JAR8764F","BP","BP","06-30-2025",NA,56,45,1819,"control","control_1981-1990",35.322164,-106.557448,"mono.dact",0
"628","MSB:Fish:7788",1988,5,25,"MSB 7788-3","JAR8767F","EO","KL","06-30-2025",NA,69,55,3017,"control","control_1981-1990",35.322164,-106.557448,"mono.dact",0
"629","MSB:Fish:7788",1988,5,25,"MSB 7788-1","JAR8763F","EO","KL","06-30-2025",NA,64,51,2418,"control","control_1981-1990",35.322164,-106.557448,"mono.dact",0
"630","MSB:Fish:7788",1988,5,25,"MSB 7788-5","JAR8762F","EO","KL","06-30-2025",NA,60,47,2139,"control","control_1981-1990",35.322164,-106.557448,"mono.dact",0
"631","MSB:Fish:1129",1959,2,20,"MSB 1129-5","JAR8672F","JG","CW","06-20-2025",NA,40,32,383,"control","control_1951-1960",35.350556,-106.535497,"mono.gyro",0
"632","MSB:Fish:1129",1959,2,20,"MSB 1129-2","JAR8674F","EO","CLW","06-20-2025",NA,46,34,697,"control","control_1951-1960",35.350556,-106.535497,"mono.gyro",2
"633","MSB:Fish:1129",1959,2,20,"MSB 1129-1","JAR8668F","JG","KL","06-20-2025",NA,41,33,519,"control","control_1951-1960",35.350556,-106.535497,"mono.gyro",0
"634","MSB:Fish:1129",1959,2,20,"MSB 1129-4","JAR8671F","EO","JG KL","06-20-2025",NA,41,31,580,"control","control_1951-1960",35.350556,-106.535497,"mono.gyro",0
"635","MSB:Fish:1129",1959,2,20,"MSB 1129-3","JAR8673F","JG","CW","06-20-2025",NA,43,36,659,"control","control_1951-1960",35.350556,-106.535497,"mono.gyro",4
"636","MSB:Fish:1130",1949,10,29,"MSB 1130-5","JAR8701F","EO","KL","06-24-2025",NA,57,48,2022,"impact","impact_1941-1950",34.87537,-106.717837,"mono.gyro",0
"637","MSB:Fish:1130",1949,10,29,"MSB 1130-3","JAR8697F","JG","JG CW","06-24-2025",NA,61,49,1811,"impact","impact_1941-1950",34.87537,-106.717837,"mono.gyro",0
"638","MSB:Fish:1130",1949,10,29,"MSB 1130-4","JAR8699F","BP","CLW","06-24-2025",NA,62,47,2068,"impact","impact_1941-1950",34.87537,-106.717837,"mono.gyro",0
"639","MSB:Fish:1130",1949,10,29,"MSB 1130-1","JAR8690F","JG","JG KL","06-24-2025",FALSE,71,58,3286,"impact","impact_1941-1950",34.87537,-106.717837,"mono.gyro",0
"640","MSB:Fish:1130",1949,10,29,"MSB 1130-2","JAR8695F","BP","KL","06-24-2025",FALSE,68,54,3151,"impact","impact_1941-1950",34.87537,-106.717837,"mono.gyro",0
"641","MSB:Fish:1131",1959,2,24,"MSB 1131-5","JAR8682F","BP","KL","06-23-2025",NA,53,44,1289,"impact","impact_1951-1960",34.987044,-106.690293,"mono.gyro",5
"642","MSB:Fish:1131",1959,2,24,"MSB 1131-2","JAR8689F","EO","CW","06-23-2025",NA,60,47,1798,"impact","impact_1951-1960",34.987044,-106.690293,"mono.gyro",0
"643","MSB:Fish:1131",1959,2,24,"MSB 1131-3","JAR8693F","BP","CW","06-23-2025",FALSE,54,44,1280,"impact","impact_1951-1960",34.987044,-106.690293,"mono.gyro",0
"644","MSB:Fish:1131",1959,2,24,"MSB 1131-4","JAR8680F","EO","KL","06-23-2025",NA,52,43,1316,"impact","impact_1951-1960",34.987044,-106.690293,"mono.gyro",0
"645","MSB:Fish:1131",1959,2,24,"MSB 1131-2","JAR8691F","JG","CLW","06-23-2025",NA,63,51,1849,"impact","impact_1951-1960",34.987044,-106.690293,"mono.gyro",NA
"646","MSB:Fish:1132",1947,10,25,"MSB 1132-1","JAR8684F","JG","CW","06-23-2025",NA,71,58,3310,"control","control_1941-1950",35.380629,-106.503529,"mono.gyro",0
"647","MSB:Fish:1132",1947,10,25,"MSB 1132-4","JAR8694F","JG","KL","06-23-2025",NA,63,54,2744,"control","control_1941-1950",35.380629,-106.503529,"mono.gyro",0
"648","MSB:Fish:1132",2947,10,25,"MSB 1132-5","JAR8692F","JG","CW","06-23-2025",NA,61,49,1975,"control","control_1941-1950",35.380629,-106.503529,"mono.gyro",0
"649","MSB:Fish:1132",1947,10,25,"MSB 1132-3","JAR8688F","JG","CLW","06-23-2025",NA,77,64,4621,"control","control_1941-1950",35.380629,-106.503529,"mono.gyro",0
"650","MSB:Fish:1132",1947,10,25,"MSB 1132-2","JAR8686F","JG","CW","06-23-2025",NA,73,62,3934,"control","control_1941-1950",35.380629,-106.503529,"mono.gyro",0
"651","MSB:Fish:1149",1939,2,26,"MSB 1149-1","JAR8871F","JG","GC","07-02-2025",NA,55,45,1360,"impact","impact_1931-1940",35.100259,-106.692107,"mono.gyro",0
"652","MSB:Fish:1149",1939,2,26,"MSB 1149-5","JAR8872F","EO","KL","07-02-2025",FALSE,76,57,3276,"impact","impact_1931-1940",35.100259,-106.692107,"mono.gyro",1
"653","MSB:Fish:1149",1939,2,26,"MSB 1149-3","JAR8875F","EO","EO KL","07-02-2025",NA,61,47,1795,"impact","impact_1931-1940",35.100259,-106.692107,"mono.gyro",0
"654","MSB:Fish:1149",1939,2,26,"MSB 1149-4","JAR8877F","JG","CW","07-02-2025",NA,57,45,1435,"impact","impact_1931-1940",35.100259,-106.692107,"mono.gyro",0
"655","MSB:Fish:1149",1939,2,26,"MSB 1149-2","JAR8873F","JG","GC","07-02-2025",FALSE,64,52,2298,"impact","impact_1931-1940",35.100259,-106.692107,"mono.gyro",0
"656","MSB:Fish:1150",1939,6,9,"MSB 1150-3","JAR8712F","BP","CW","06-24-2025",FALSE,71,54,4462,"impact","impact_1931-1940",34.906619,-106.685289,"mono.gyro",0
"657","MSB:Fish:1150",1939,6,9,"MSB 1150-1","JAR8708F","BP","KL","06-24-2025",NA,63,50,2550,"impact","impact_1931-1940",34.906619,-106.685289,"mono.gyro",0
"658","MSB:Fish:1150",1939,6,9,"MSB 1150-2","JAR8714F","JG","CLW","06-24-2025",FALSE,72,61,4536,"impact","impact_1931-1940",34.906619,-106.685289,"mono.gyro",0
"659","MSB:Fish:1150",1939,6,9,"MSB 1150-5","JAR8710F","BP","CW","06-24-2025",FALSE,60,49,2576,"impact","impact_1931-1940",34.906619,-106.685289,"mono.gyro",0
"660","MSB:Fish:1150",1939,6,9,"MSB 1150-4","JAR8716F","JG","KL","06-24-2025",FALSE,65,53,3213,"impact","impact_1931-1940",34.906619,-106.685289,"mono.gyro",2
"661","MSB:Fish:1154",1949,10,21,"MSB 1154-4","JAR8770F","EO","CW","06-30-2025",NA,54,43,1207,"impact","impact_1941-1950",34.929201,-106.681499,"mono.gyro",0
"662","MSB:Fish:1154",1949,10,21,"MSB 1154-2","JAR8773F","EO","KL","06-30-2025",FALSE,66,52,2229,"impact","impact_1941-1950",34.929201,-106.681499,"mono.gyro",0
"663","MSB:Fish:1154",1949,10,21,"MSB 1154-3","JAR8768","BP","BP","06-30-2025",NA,60,48,1790,"impact","impact_1941-1950",34.929201,-106.681499,"mono.gyro",0
"664","MSB:Fish:1154",1949,10,21,"MSB 1154-5","JAR8772F","BP","BP","06-30-2025",FALSE,44,34,644,"impact","impact_1941-1950",34.929201,-106.681499,"mono.gyro",0
"665","MSB:Fish:1154",1949,10,21,"MSB 1154-1","JAR8771F","BP","EO GC CW","06-30-2025",NA,65,51,2430,"impact","impact_1941-1950",34.929201,-106.681499,"mono.gyro",0
"666","MSB:Fish:1155",1943,6,23,"MSB 1155-3","JAR8685F","BP","CW","06-23-2025",NA,69,56,3145,"control","control_1941-1950",35.322418,-106.557971,"mono.gyro",0
"667","MSB:Fish:1155",1943,6,23,"MSB 1155-4","JAR8683F","EO","BP KL","06-23-2025",FALSE,54,45,1684,"control","control_1941-1950",35.322418,-106.557971,"mono.gyro",NA
"668","MSB:Fish:1155",2943,6,23,"MSB1155-1","JAR8679F","BP","BP CW KL","06-23-2025",NA,62,50,2170,"control","control_1941-1950",35.322418,-106.557971,"mono.gyro",0
"669","MSB:Fish:1155",1943,6,23,"MSB 1155-5","JAR8687F","EO","KL","06-23-2025",NA,53,45,1706,"control","control_1941-1950",35.322418,-106.557971,"mono.gyro",NA
"670","MSB:Fish:1155",1943,6,23,"MSB 1155-2","JAR8681F","EO","KL","06-23-2025",NA,63,50,2536,"control","control_1941-1950",35.322418,-106.557971,"mono.gyro",NA
"671","MSB:Fish:1160",1939,1,28,"MSB 1160-3","JAR8784F","JG","CW","07-01-2025",NA,51,42,1253,"impact","impact_1931-1940",35.100259,-106.692107,"mono.gyro",0
"672","MSB:Fish:1160",1939,1,28,"MSB 1160-2","JAR8779","JG","EO GC","07-01-2025",NA,48,38,800,"impact","impact_1931-1940",35.100259,-106.692107,"mono.gyro",0
"673","MSB:Fish:1160",1939,1,28,"MSB 1160-1","JAR8781F","JG","GC","07-01-2025",NA,51,43,1112,"impact","impact_1931-1940",35.100259,-106.692107,"mono.gyro",0
"674","MSB:Fish:1160",1939,1,28,"MSB 1160-4","JAR8780F","JG","GC","07-01-2025",FALSE,50,41,1020,"impact","impact_1931-1940",35.100259,-106.692107,"mono.gyro",0
"675","MSB:Fish:1160",1939,1,28,"MSB 1160-5","JAR8782F","EO","GC","07-01-2025",NA,51,40,1021,"impact","impact_1931-1940",35.100259,-106.692107,"mono.gyro",0
"676","MSB:Fish:19389",1994,5,27,"MSB 19389-1","JAR8874F","JG","JG","07-02-2025",FALSE,56,44,1941,"control","control_1991-2000",35.322164,-106.557448,"mono.gyro",0
"677","MSB:Fish:19389",1994,5,27,"MSB 19389-2","JAR8862F","EO","KL","07-02-2025",NA,52,40,1391,"control","control_1991-2000",35.322164,-106.557448,"mono.gyro",2
"678","MSB:Fish:19389",1994,5,27,"MSB 19389-5","JAR8878F","BP","CW","07-02-2025",NA,44,35,909,"control","control_1991-2000",35.322164,-106.557448,"mono.gyro",0
"679","MSB:Fish:19389",1994,5,27,"MSB 19389-4","JAR8858F","EO","GC","07-02-2025",NA,48,38,1096,"control","control_1991-2000",35.322164,-106.557448,"mono.gyro",0
"680","MSB:Fish:19389",1994,5,27,"MSB 19389-3","JAR8876F","JG","KL","07-02-2025",FALSE,55,46,2190,"control","control_1991-2000",35.322164,-106.557448,"mono.gyro",0
"681","MSB:Fish:19537",1994,9,16,"MSB 19537-3","JAR8635F","EO","CLW","06-20-2025",NA,59,46,1370,"impact","impact_1991-2000",34.85683333,-106.7208056,"mono.gyro",0
"682","MSB:Fish:19537",1994,9,16,"MSB 19537-2","JAR8664F","EO","CW","06-16-2025",NA,58,46,1650,"impact","impact_1991-2000",34.85683333,-106.7208056,"mono.gyro",0
"683","MSB:Fish:19537",1994,9,16,"MSB 19537-1","JAR8632F","JG","KL","06-16-2025",NA,54,48,1824,"impact","impact_1991-2000",34.85683333,-106.7208056,"mono.gyro",0
"684","MSB:Fish:19537",1994,9,16,"MSB 19537-4","JAR8638F","JG","CLW","06-16-2025",NA,53,44,1183,"impact","impact_1991-2000",34.85683333,-106.7208056,"mono.gyro",NA
"685","MSB:Fish:19537",1994,9,16,"MSB 19537-5","JAR8637F","EO","CW","06-16-2025",NA,47,38,760,"impact","impact_1991-2000",34.85683333,-106.7208056,"mono.gyro",0
"686","MSB:Fish:19688",1994,10,10,"MSB 19688-2","JAR8863F","BP","JG CW","07-02-2025",NA,57,44,1805,"impact","impact_1991-2000",34.85683333,-106.7208056,"mono.gyro",0
"687","MSB:Fish:19688",1994,10,10,"MSB 19688-4","JAR8867F","BP","CW","07-02-2025",NA,58,46,1810,"impact","impact_1991-2000",34.85683333,-106.7208056,"mono.gyro",0
"688","MSB:Fish:19688",1994,10,10,"MSB 19688-5","JAR8869F","BP","KL","07-02-2025",NA,48,38,993,"impact","impact_1991-2000",34.85683333,-106.7208056,"mono.gyro",0
"689","MSB:Fish:19688",1994,10,10,"MSB 19688-1","JAR8886F","BP","JG CW","07-02-2025",NA,65,51,2667,"impact","impact_1991-2000",34.85683333,-106.7208056,"mono.gyro",0
"690","MSB:Fish:19688",1994,10,10,"MSB 19688-3","JAR8865F","BP","KL","07-02-2025",FALSE,56,45,2032,"impact","impact_1991-2000",34.85683333,-106.7208056,"mono.gyro",0
"691","MSB:Fish:20390",1994,8,11,"MSB 20390-2","JAR8881F","JG","GC","07-02-2025",NA,40,36,923,"impact","impact_1991-2000",34.85683333,-106.7208056,"mono.gyro",0
"692","MSB:Fish:20390",1994,8,11,"MSB 20390-3","JAR8880F","JG","EO","07-02-2025",NA,41,33,528,"impact","impact_1991-2000",34.85683333,-106.7208056,"mono.gyro",0
"693","MSB:Fish:20390",1994,8,11,"MSB 20390-1","JAR8883F","JG","JG","07-02-2025",NA,53,41,1467,"impact","impact_1991-2000",34.85683333,-106.7208056,"mono.gyro",0
"694","MSB:Fish:20390",1994,8,11,"MSB 20390-4","JAR8882F","JG","BP","07-02-2025",NA,49,38,968,"impact","impact_1991-2000",34.85683333,-106.7208056,"mono.gyro",0
"695","MSB:Fish:20390",1994,8,11,"MSB 20390-5","JAR8884F","JG","CW","07-02-2025",NA,49,40,1145,"impact","impact_1991-2000",34.85683333,-106.7208056,"mono.gyro",0
"696","MSB:Fish:20526",1994,7,27,"MSB 20526-5","JAR8666F","EO","CW","06-20-2025",NA,37,29,510,"impact","impact_1991-2000",34.905272,-106.685564,"mono.gyro",0
"697","MSB:Fish:20526",1994,7,27,"MSB 20526-4","JAR8669F","BP","CLW","06-20-2025",NA,34,26,375,"impact","impact_1991-2000",34.905272,-106.685564,"mono.gyro",2
"698","MSB:Fish:20526",1994,7,27,"MSB 20526-2","JAR8665F","BP","CW","06-20-2025",NA,37,29,507,"impact","impact_1991-2000",34.905272,-106.685564,"mono.gyro",NA
"699","MSB:Fish:20526",1994,7,27,"MSB 20526-3","JAR8667F","EO","CLW","06-20-2025",NA,38,30,599,"impact","impact_1991-2000",34.905272,-106.685564,"mono.gyro",0
"700","MSB:Fish:20526",1994,7,27,"MSB 20526-1","JAR8647F","EO","KL","06-20-2025",NA,53,44,1498,"impact","impact_1991-2000",34.905272,-106.685564,"mono.gyro",0
"701","MSB:Fish:25010",1995,8,2,"MSB 25010-2","JAR8650F","JG","KL","06-16-2025",NA,37,30,475,"control","control_1991-2000",35.28302778,-106.5981389,"mono.gyro",0
"702","MSB:Fish:25010",1995,8,2,"MSB 25010-3","JAR8649F","EO","KL","06-16-2025",NA,39,31,531,"control","control_1991-2000",35.28302778,-106.5981389,"mono.gyro",0
"703","MSB:Fish:25010",1995,8,2,"MSB 25010-4","JAR8652F","JG","JG CLW","06-16-2025",NA,35,28,503,"control","control_1991-2000",35.28302778,-106.5981389,"mono.gyro",0
"704","MSB:Fish:25010",1995,8,2,"MSB 25010-1","JAR8629F","EO","CW","06-16-2025",NA,43,32,743,"control","control_1991-2000",35.28302778,-106.5981389,"mono.gyro",0
"705","MSB:Fish:25010",1995,8,2,"MSB 25010-5","JAR8651F","EO","KL","06-16-2025",NA,38,30,494,"control","control_1991-2000",35.28302778,-106.5981389,"mono.gyro",2
"706","MSB:Fish:25023",1995,8,2,"MSB 25023-3","JAR8723F","EO","CW","06-25-2025",NA,38,29,422,"impact","impact_1991-2000",35.089293,-106.680842,"mono.gyro",0
"707","MSB:Fish:25023",1995,8,2,"MSB 25023-5","JAR8719F","EO","KL","06-25-2025",NA,40,31,571,"impact","impact_1991-2000",35.089293,-106.680842,"mono.gyro",0
"708","MSB:Fish:25023",1995,8,2,"MSB 25023-1","JAR8720F","EO","JG EO KL","06-25-2025",NA,39,30,586,"impact","impact_1991-2000",35.089293,-106.680842,"mono.gyro",0
"709","MSB:Fish:25023",1995,8,2,"MSB 25023-2","JAR8725F","EO","KL","06-25-2025",NA,36,29,560,"impact","impact_1991-2000",35.089293,-106.680842,"mono.gyro",0
"710","MSB:Fish:25023",1995,8,2,"MSB 25023-4","JAR8721F","EO","CW","06-25-2025",NA,37,29,524,"impact","impact_1991-2000",35.089293,-106.680842,"mono.gyro",0
"711","MSB:Fish:30075",1996,4,10,"MSB 30075-4","JAR8775F","EO","GC","06-30-2025",NA,63,49,2305,"impact","impact_1991-2000",35.13539167,-106.6684167,"mono.gyro",0
"712","MSB:Fish:30075",1996,4,10,"MSB 30075-5","JAR8776","EO","EO KL ","06-30-2025",FALSE,68,54,3090,"impact","impact_1991-2000",35.13539167,-106.6684167,"mono.gyro",0
"713","MSB:Fish:30075",1996,4,10,"MSB 30075-3","JAR8774F","JG","GC","06-30-2025",NA,57,46,1641,"impact","impact_1991-2000",35.13539167,-106.6684167,"mono.gyro",0
"714","MSB:Fish:30075",1996,4,10,"MSB 30075-1","JAR8777F","JG","KL","06-30-2025",FALSE,55,45,1416,"impact","impact_1991-2000",35.13539167,-106.6684167,"mono.gyro",0
"715","MSB:Fish:30075",1996,4,10,"MSB 30075-2","JAR8778F","EO","CW","06-30-2025",NA,70,57,3072,"impact","impact_1991-2000",35.13539167,-106.6684167,"mono.gyro",0
"716","MSB:Fish:30282",1996,5,16,"MSB 30282-2","JAR8653F","EO","CW","06-23-2025",NA,64,50,2621,"control","control_1991-2000",35.322164,-106.557448,"mono.gyro",0
"717","MSB:Fish:30282",1996,5,16,"MSB 20282-5","JAR8655F","JG","CLW","06-23-2025",NA,72,59,3808,"control","control_1991-2000",35.322164,-106.557448,"mono.gyro",0
"718","MSB:Fish:30282",1996,5,16,"MSB 30282-1","JAR8654F","JG","CLW","06-23-2025",NA,58,49,2054,"control","control_1991-2000",35.322164,-106.557448,"mono.gyro",0
"719","MSB:Fish:30282",1996,5,16,"MSB 30282-3","JAR8656F","EO","KL","06-23-2025",NA,71,56,3863,"control","control_1991-2000",35.322164,-106.557448,"mono.gyro",0
"720","MSB:Fish:30282",1996,5,16,"MSB 30282-4","JAR8658F","BP","JG KL","06-23-2025",FALSE,58,46,1814,"control","control_1991-2000",35.322164,-106.557448,"mono.gyro",0
"721","MSB:Fish:30410",1996,6,28,"MSB 30410-2","JAR8742F","BP","CW","06-25-2025",FALSE,66,53,3676,"impact","impact_1991-2000",34.85683333,-106.7208056,"mono.gyro",0
"722","MSB:Fish:30410",1996,6,28,"MSB 30410-3","JAR8740F","BP","KL","06-25-2025",FALSE,74,59,4025,"impact","impact_1991-2000",34.85683333,-106.7208056,"mono.gyro",0
"723","MSB:Fish:30410",1996,6,28,"MSB 30410-5","JAR8743F","BP","BP CW ","06-25-2025",NA,69,58,2424,"impact","impact_1991-2000",34.85683333,-106.7208056,"mono.gyro",0
"724","MSB:Fish:30410",1996,6,28,"MSB 30410-1","JAR8736F","BP","CLW","06-25-2025",FALSE,72,59,NA,"impact","impact_1991-2000",34.85683333,-106.7208056,"mono.gyro",0
"725","MSB:Fish:30410",1996,6,28,"MSB 30410-4","JAR8738F","JG","CLW","06-25-2025",FALSE,75,61,4376,"impact","impact_1991-2000",34.85683333,-106.7208056,"mono.gyro",0
"726","MSB:Fish:30810",1996,2,7,"MSB 30810-3","JAR8737F","EO","KL","06-25-2026",FALSE,55,43,1306,"impact","impact_1991-2000",35.089293,-106.680842,"mono.gyro",8
"727","MSB:Fish:30810",1996,2,7,"MSB 30810-2","JAR8735F","BP","JG KL","06-25-2025",FALSE,59,48,1673,"impact","impact_1991-2000",35.089293,-106.680842,"mono.gyro",1
"728","MSB:Fish:30810",1996,2,7,"MSB 30810-4","JAR8739F","BP","CW","06-25-2026",NA,66,52,2148,"impact","impact_1991-2000",35.089293,-106.680842,"mono.gyro",1
"729","MSB:Fish:30810",1996,2,7,"MSB 30910-1","JAR8734F","EO","CW","06-25-2025",NA,68,54,2437,"impact","impact_1991-2000",35.089293,-106.680842,"mono.gyro",8
"730","MSB:Fish:30810",1996,2,7,"MSB 30810-5","JAR8741F","BP","CW","06-25-2025",NA,63,52,2142,"impact","impact_1991-2000",35.089293,-106.680842,"mono.gyro",25
"731","MSB:Fish:39103",1997,10,15,"MSB 39103-1","JAR8670F","BP","JG KL","06-23-2025",NA,57,53,2560,"control","control_1991-2000",35.28302778,-106.5981389,"mono.gyro",0
"732","MSB:Fish:39103",1997,10,15,"MSB 39103-3","JAR8675F","BP","KL","06-23-2025",NA,61,47,2132,"control","control_1991-2000",35.28302778,-106.5981389,"mono.gyro",0
"733","MSB:Fish:39103",1997,10,15,"MSB 39103-5","JAR8678F","EO","CW","06-23-2025",NA,60,47,2006,"control","control_1991-2000",35.28302778,-106.5981389,"mono.gyro",0
"734","MSB:Fish:39103",2997,10,15,"MSB 39103-4","JAR8676F","EO","EO CLW","06-23-2025",NA,69,54,3110,"control","control_1991-2000",35.28302778,-106.5981389,"mono.gyro",0
"735","MSB:Fish:39103",1997,10,15,"MSB 39103-2","JAR8677F","JG","KL","06-23-2025",NA,69,56,3012,"control","control_1991-2000",35.28302778,-106.5981389,"mono.gyro",0
"736","MSB:Fish:3966",1977,9,28,"MSB 3966-5","JAR8879F","JG","CW","07-02-2025",NA,51,41,1353,"impact","impact_1971-1980",35.134883,-106.690838,"mono.gyro",0
"737","MSB:Fish:3966",1977,9,28,"MSB 3966-3","JAR8894F","JG","GC","07-02-2025",NA,50,39,1164,"impact","impact_1971-1980",35.134883,-106.690838,"mono.gyro",0
"738","MSB:Fish:3966",1977,9,28,"MSB 3966-1","JAR8888F","JG","KL","07-02-2025",NA,55,44,1530,"impact","impact_1971-1980",35.134883,-106.690838,"mono.gyro",0
"739","MSB:Fish:3966",1977,9,28,"MSB 3966-4","JAR8885F","JG","GC","07-02-2025",NA,57,47,2076,"impact","impact_1971-1980",35.134883,-106.690838,"mono.gyro",0
"740","MSB:Fish:3966",1977,9,28,"MSB 3966-2","JAR8892F","JG","CW","07-02-2025",NA,38,30,477,"impact","impact_1971-1980",35.134883,-106.690838,"mono.gyro",0
"741","MSB:Fish:4096",1978,9,5,"MSB 4096-1","JAR8718F","BP","KL","06-24-2025",NA,44,36,1043,"impact","impact_1971-1980",35.10625,-106.692633,"mono.gyro",0
"742","MSB:Fish:4096",1978,9,5,"MSB 4096-5","JAR8715F","BP","KL","06-24-2025",NA,41,33,774,"impact","impact_1971-1980",35.10625,-106.692633,"mono.gyro",0
"743","MSB:Fish:4096",1978,9,5,"MSB 4096-3","JAR8713F","BP","EO CW","06-24-2025",FALSE,49,39,1118,"impact","impact_1971-1980",35.10625,-106.692633,"mono.gyro",0
"744","MSB:Fish:4096",1978,9,5,"MSB 4096-4","JAR8717F","EO","CW","06-24-2025",NA,45,35,856,"impact","impact_1971-1980",35.10625,-106.692633,"mono.gyro",0
"745","MSB:Fish:4096",1978,9,5,"MSB 4096-2","JAR8711F","EO","CW","06-24-2025",NA,44,34,903,"impact","impact_1971-1980",35.10625,-106.692633,"mono.gyro",0
"746","MSB:Fish:4161",1977,8,5,"MSB 4161-3","JAR8700F","BP","CW","06-24-2025",NA,39,29,511,"impact","impact_1971-1980",34.905272,-106.685564,"mono.gyro",0
"747","MSB:Fish:4161",1977,8,5,"MSB 4161-4","JAR8702F","JG","CLW","06-24-2025",NA,41,31,632,"impact","impact_1971-1980",34.905272,-106.685564,"mono.gyro",0
"748","MSB:Fish:4161",1977,8,5,"MSB 4161-5","JAR8703F","JG","CLW","06-24-2025",NA,36,29,444,"impact","impact_1971-1980",34.905272,-106.685564,"mono.gyro",0
"749","MSB:Fish:4161",1977,8,5,"MSB 4161-1","JAR8696F","JG","KL","06-24-2025",NA,53,43,1166,"impact","impact_1971-1980",34.905272,-106.685564,"mono.gyro",0
"750","MSB:Fish:4161",1977,8,5,"MSB 4161-2","JAR8698F","JG","JG KL","06-24-2025",NA,44,35,753,"impact","impact_1971-1980",34.905272,-106.685564,"mono.gyro",0
"751","MSB:Fish:4206",1978,9,8,"MSB 4206-3","JAR8847F","EO","KL","07-01-2025",NA,39,30,567,"control","control_1971-1980",35.256141,-106.596281,"mono.gyro",0
"752","MSB:Fish:4206",1978,9,8,"MSB 4206-1","JAR8848F","EO","JG KL","07-01-2025",NA,43,33,739,"control","control_1971-1980",35.256141,-106.596281,"mono.gyro",0
"753","MSB:Fish:4206",1978,9,8,"MSB 4206-4","JAR8852F","EO","GC","07-01-2025",NA,37,29,503,"control","control_1971-1980",35.256141,-106.596281,"mono.gyro",0
"754","MSB:Fish:4206",1978,9,8,"MSB 4206-2","JAR8850F","EO","CW","07-01-2025",NA,40,31,665,"control","control_1971-1980",35.256141,-106.596281,"mono.gyro",0
"755","MSB:Fish:4206",1978,9,8,"MSB 4206-5","JAR8854F","EO","JG KL","07-01-2025",NA,36,29,433,"control","control_1971-1980",35.256141,-106.596281,"mono.gyro",0
"756","MSB:Fish:43490",1999,10,11,"MSB 43490-1","JAR8745F","BP","CW","06-26-2025",NA,72,57,3244,"control","control_1991-2000",35.28302778,-106.5981389,"mono.gyro",0
"757","MSB:Fish:43490",1999,10,11,"MSB 43490-3","JAR8749F","BP","CLW","06-26-2025",FALSE,61,49,2200,"control","control_1991-2000",35.28302778,-106.5981389,"mono.gyro",0
"758","MSB:Fish:43490",1999,10,11,"MSB 43490-5","JAR8746F","BP","CLW","06-26-2025",FALSE,60,51,2094,"control","control_1991-2000",35.28302778,-106.5981389,"mono.gyro",0
"759","MSB:Fish:43490",1999,10,11,"MSB 43490-2","JAR8747F","JG","CLW","06-26-2025",NA,61,55,2713,"control","control_1991-2000",35.28302778,-106.5981389,"mono.gyro",0
"760","MSB:Fish:43490",1999,10,11,"MSB 43490-4","JAR8744F","JG","EO CLW","06-26-2025",FALSE,67,54,2031,"control","control_1991-2000",35.28302778,-106.5981389,"mono.gyro",0
"761","MSB:Fish:4384",1978,9,23,"MSB 4384-3","JAR8748F","BP","KL","06-30-2025",FALSE,55,44,1919,"impact","impact_1971-1980",34.905272,-106.685564,"mono.gyro",0
"762","MSB:Fish:4384",1978,9,23,"MSB 4384-4","JAR8752F","EO","GC","06-30-2025",NA,63,49,2458,"impact","impact_1971-1980",34.905272,-106.685564,"mono.gyro",0
"763","MSB:Fish:4384",1978,9,23,"MSB 4384-2","JAR8757F","EO","CW","06-30-2025",NA,64,49,2390,"impact","impact_1971-1980",34.905272,-106.685564,"mono.gyro",0
"764","MSB:Fish:4384",1978,9,23,"MSB 4384-1","JAR8750F","BP","CW","06-30-2025",NA,67,55,3024,"impact","impact_1971-1980",34.905272,-106.685564,"mono.gyro",0
"765","MSB:Fish:4384",1978,9,23,"MSB 4384-5","JAR8756F","BP","KL","06-30-2025",NA,63,51,2594,"impact","impact_1971-1980",34.905272,-106.685564,"mono.gyro",0
"766","MSB:Fish:4423",1978,8,3,"MSB 4423-4","JAR8724F","BP","KL","06-30-2025",NA,44,36,880,"impact","impact_1971-1980",34.905272,-106.685564,"mono.gyro",0
"767","MSB:Fish:4423",1978,8,3,"MSB 4423-1","JAR8758F","EO","GC","06-30-2025",NA,46,37,1128,"impact","impact_1971-1980",34.905272,-106.685564,"mono.gyro",0
"768","MSB:Fish:4423",1978,8,3,"MSB 4423-2","JAR8754F","BP","CW","06-30-2025",NA,49,38,1164,"impact","impact_1971-1980",34.905272,-106.685564,"mono.gyro",0
"769","MSB:Fish:4423",1978,8,3,"MSB 4423-5","JAR8751F","EO","CW","06-30-2025",NA,42,33,832,"impact","impact_1971-1980",34.905272,-106.685564,"mono.gyro",0
"770","MSB:Fish:4423",1978,8,3,"MSB 4423-3","JAR8726F","EO","KL","06-30-2025",NA,47,37,1155,"impact","impact_1971-1980",34.905272,-106.685564,"mono.gyro",0
"771","MSB:Fish:4432",1978,9,8,"MSB 4432-3","JAR8727F","BP","CW","06-30-2025",NA,39,31,570,"control","control_1971-1980",35.239638,-106.587548,"mono.gyro",0
"772","MSB:Fish:4432",1978,9,8,"MSB 4432-1","JAR8759F","BP","JG","06-30-2025",NA,39,30,568,"control","control_1971-1980",35.239638,-106.587548,"mono.gyro",0
"773","MSB:Fish:4432",1978,9,8,"MSB 4432-5","JAR8753F","BP","JG GC","06-30-2025",NA,35,26,360,"control","control_1971-1980",35.239638,-106.587548,"mono.gyro",0
"774","MSB:Fish:4432",1978,9,8,"MSB 4432-4","JAR8729F","EO","CW","06-30-2025",NA,39,29,548,"control","control_1971-1980",35.239638,-106.587548,"mono.gyro",0
"775","MSB:Fish:4432",1978,9,8,"MSB 4432-2","JAR8722F","EO","EO GC","06-30-2025",NA,52,42,1431,"control","control_1971-1980",35.239638,-106.587548,"mono.gyro",0
"776","MSB:Fish:4487",1978,9,29,"MSB 4487-1","JAR8887F","EO","GC","07-03-2025",NA,47,37,1143,"control","control_1971-1980",35.383856,-106.490929,"mono.gyro",0
"777","MSB:Fish:4487",1978,9,29,"MSB 4487-5","JAR8890F","EO","JG GC","07-03-2025",NA,38,30,543,"control","control_1971-1980",35.383856,-106.490929,"mono.gyro",0
"778","MSB:Fish:4487",1978,9,29,"MSB 4487-3","JAR8889F","EO","KL","07-03-2025",NA,46,35,1166,"control","control_1971-1980",35.383856,-106.490929,"mono.gyro",0
"779","MSB:Fish:4487",1978,9,29,"MSB 4487-4","JAR8891F","BP","GC","07-03-2025",NA,36,27,481,"control","control_1971-1980",35.383856,-106.490929,"mono.gyro",0
"780","MSB:Fish:4487",1978,9,29,"MSB 4487-2","JAR8893F","BP","GC","07-03-2025",NA,49,38,1354,"control","control_1971-1980",35.383856,-106.490929,"mono.gyro",0
"781","MSB:Fish:4984",1978,9,5,"MSB 4984-3","JAR8640F","EO","CLW","06-23-2025",NA,38,29,504,"impact","impact_1971-1980",35.196977,-106.642444,"mono.gyro",0
"782","MSB:Fish:4984",1978,9,5,"MSB 4984-4","JAR8642F","JG","KL","06-23-2025",NA,32,25,338,"impact","impact_1971-1980",35.196977,-106.642444,"mono.gyro",0
"783","MSB:Fish:4984",1978,9,5,"MSB 4984-5","JAR8644F","BP","CW","06-23-2025",NA,32,24,341,"impact","impact_1971-1980",35.196977,-106.642444,"mono.gyro",0
"784","MSB:Fish:4984",1978,9,5,"MSB 4984-2","JAR8662F","BP","CLW","06-23-2025",NA,38,30,541,"impact","impact_1971-1980",35.196977,-106.642444,"mono.gyro",0
"785","MSB:Fish:4984",1978,9,5,"MSB 4984-1","JAR8660F","EO","CLW","06-23-2025",NA,39,30,621,"impact","impact_1971-1980",35.196977,-106.642444,"mono.gyro",0
"786","MSB:Fish:4987",1977,7,6,"MSB 4987-5","JAR8788F","JG","GC","07-01-2025",NA,40,33,672,"control","control_1971-1980",35.232431,-106.594272,"mono.gyro",0
"787","MSB:Fish:4987",1977,7,6,"MSB 4987-1","JAR8849F","JG","KL","07-01-2025",NA,52,40,1450,"control","control_1971-1980",35.232431,-106.594272,"mono.gyro",0
"788","MSB:Fish:4987",1977,7,6,"MSB 4987-3","JAR8851F","JG","KL","07-01-2025",NA,47,37,1297,"control","control_1971-1980",35.232431,-106.594272,"mono.gyro",0
"789","MSB:Fish:4987",1977,7,6,"MSB 4987-2","JAR8790F","EO","JG KL","07-01-2025",NA,54,44,1436,"control","control_1971-1980",35.232431,-106.594272,"mono.gyro",0
"790","MSB:Fish:4987",1977,7,6,"MSB 4987-4","JAR8853F","EO","BP","07-01-2025",NA,47,37,1163,"control","control_1971-1980",35.232431,-106.594272,"mono.gyro",0
"791","MSB:Fish:49970",1994,5,5,"MSB 49970-1","JAR8641F","EO","CLW","06-20-2025",NA,66,52,2386,"control","control_1991-2000",35.28302778,-106.5981389,"mono.gyro",1
"792","MSB:Fish:49970",1994,5,5,"MSB 49970-5","JAR8646F","EO","EO KL","06-20-2025",NA,64,51,2231,"control","control_1991-2000",35.28302778,-106.5981389,"mono.gyro",0
"793","MSB:Fish:49970",1994,5,5,"MSB 49970-3","JAR8645F","EO","KL BP CW","06-20-2025",NA,69,55,2817,"control","control_1991-2000",35.28302778,-106.5981389,"mono.gyro",2
"794","MSB:Fish:49970",1994,5,5,"MSB 49970-4","JAR8648F","JG","KL","06-20-2025",FALSE,65,53,2749,"control","control_1991-2000",35.28302778,-106.5981389,"mono.gyro",0
"795","MSB:Fish:49970",1994,5,5,"MSB 49970-2","JAR8643F","JG","CW JG","06-20-2025",NA,63,52,2230,"control","control_1991-2000",35.28302778,-106.5981389,"mono.gyro",0
"796","MSB:Fish:5263",1986,8,12,"MSB 5263-1","JAR8856F","BP","GC","07-02-2025",NA,36,29,497,"control","control_1981-1990",35.28302778,-106.5981389,"mono.gyro",0
"797","MSB:Fish:5263",1986,8,12,"MSB 5263-4","JAR8857F","BP","KL","07-02-2025",NA,35,27,407,"control","control_1981-1990",35.28302778,-106.5981389,"mono.gyro",0
"798","MSB:Fish:5263",1986,8,12,"MSB 5263-2","JAR8861F","BP","CW","07-02-2025",NA,36,29,462,"control","control_1981-1990",35.28302778,-106.5981389,"mono.gyro",0
"799","MSB:Fish:5263",1986,8,12,"MSB 5263-3","JAR8855F","BP","CW","07-02-2025",NA,35,31,653,"control","control_1981-1990",35.28302778,-106.5981389,"mono.gyro",0
"800","MSB:Fish:5263",1986,8,12,"MSB 5263-5","JAR8859F","BP","BP EO","07-02-2025",NA,36,29,444,"control","control_1981-1990",35.28302778,-106.5981389,"mono.gyro",0
"801","MSB:Fish:5814",1987,9,10,"MSB 5814-1","JAR8631F","KL","KL","06-16-2025",NA,66,52,2223,"impact","impact_1981-1990",34.905272,-106.685564,"mono.gyro",0
"802","MSB:Fish:5814",1987,9,10,"MSB 5814-2","JAR8634F","JG","CW","06-17-2025",NA,55,47,1856,"impact","impact_1981-1990",34.905272,-106.685564,"mono.gyro",0
"803","MSB:Fish:5814",1987,9,10,"MSB 5814-3","JAR8630F","EO","CLW CW","06-18-2025",NA,67,52,2759,"impact","impact_1981-1990",34.905272,-106.685564,"mono.gyro",0
"804","MSB:Fish:5814",1987,9,10,"MSB 5814-5","JAR8636F","JG","KL","06-19-2025",NA,85,68,5700,"impact","impact_1981-1990",34.905272,-106.685564,"mono.gyro",0
"805","MSB:Fish:5814",1987,9,10,"MSB 5814-4","JAR8633F","EO","KL","06-16-2025",NA,52,41,1282,"impact","impact_1981-1990",34.905272,-106.685564,"mono.gyro",0
"806","MSB:Fish:5825",1987,9,10,"MSB 5825-4","JAR8663F","BP","EO CW","06-18-2025",NA,63,49,2591,"impact","impact_1981-1990",34.875039,-106.717581,"mono.gyro",0
"807","MSB:Fish:5825",1987,9,10,"MSB 5825-3","JAR8661F","BP","CLW KL","06-18-2025",NA,77,62,4671,"impact","impact_1981-1990",34.875039,-106.717581,"mono.gyro",0
"808","MSB:Fish:5825",1987,9,10,"MSB 5825-5","JAR8639F","BP","CW","06-18-2025",NA,52,42,1542,"impact","impact_1981-1990",34.875039,-106.717581,"mono.gyro",0
"809","MSB:Fish:5825",1987,9,10,"MSB 5825-2","JAR8659F","BP","CW","06-18-2025",NA,54,42,1606,"impact","impact_1981-1990",34.875039,-106.717581,"mono.gyro",0
"810","MSB:Fish:5825",1987,9,10,"MSB 5825-1","JAR8657F","BP","BP KL","06-18-2025",FALSE,59,47,2305,"impact","impact_1981-1990",34.875039,-106.717581,"mono.gyro",0
"811","MSB:Fish:68463",1984,8,15,"MSB 68463-1","JAR8864F","BP","GC","07-02-2025",NA,37,30,505,"impact","impact_1981-1990",35.089293,-106.680842,"mono.gyro",0
"812","MSB:Fish:68463",1984,8,15,"MSB 68463-4","JAR8870F","BP","CW","07-02-2025",NA,42,34,485,"impact","impact_1981-1990",35.089293,-106.680842,"mono.gyro",0
"813","MSB:Fish:68463",1984,8,15,"MSB 68463-3","JAR8868F","BP","CW","07-02-2025",NA,36,27,313,"impact","impact_1981-1990",35.089293,-106.680842,"mono.gyro",0
"814","MSB:Fish:68463",1984,8,15,"MSB 68463-5","JAR8860F","BP","GC","07-02-2025",NA,35,27,398,"impact","impact_1981-1990",35.089293,-106.680842,"mono.gyro",0
"815","MSB:Fish:68463",1984,8,15,"MSB 68463-2","JAR8866F","BP","CW","07-02-2025",NA,48,37,950,"impact","impact_1981-1990",35.089293,-106.680842,"mono.gyro",0
"816","MSB:Fish:68501",1984,8,15,"MSB 68501-4","JAR8787F","JG","CW","07-01-2025",NA,79,64,4731,"control","control_1981-1990",35.225523,-106.597651,"mono.gyro",0
"817","MSB:Fish:68501",1984,8,15,"MSB 68501-3","JAR8785F","JG","KL","07-01-2025",NA,36,29,472,"control","control_1981-1990",35.225523,-106.597651,"mono.gyro",0
"818","MSB:Fish:68501",1984,8,15,"MSB 68501-5","JAR8789F","JG","CW","07-01-2025",NA,72,60,3973,"control","control_1981-1990",35.225523,-106.597651,"mono.gyro",0
"819","MSB:Fish:68501",1984,8,15,"MSB 68501-2","JAR8783F","JG","KL","07-01-2025",NA,37,29,513,"control","control_1981-1990",35.225523,-106.597651,"mono.gyro",0
"820","MSB:Fish:68501",1984,8,15,"MSB 68501-1","JAR8786F","JG","GC","07-01-2025",NA,35,26,349,"control","control_1981-1990",35.225523,-106.597651,"mono.gyro",0
"821","MSB:Fish:68513",1984,8,16,"MSB 68513-4","JAR8896F","EO","CW","07-03-2025",NA,41,32,638,"control","control_1981-1990",35.211416,-106.612833,"mono.gyro",0
"822","MSB:Fish:68513",1984,8,16,"MSB 68513-2","JAR8897F","EO","KL","07-03-2025",NA,47,36,941,"control","control_1981-1990",35.211416,-106.612833,"mono.gyro",0
"823","MSB:Fish:68513",1984,8,16,"MSB 68513-1","JAR8895F","BP","GC","07-03-2025",NA,44,34,769,"control","control_1981-1990",35.211416,-106.612833,"mono.gyro",0
"824","MSB:Fish:68513",1984,8,16,"MSB 68513-5","JAR8901F","EO","BP","07-03-2025",NA,40,31,606,"control","control_1981-1990",35.211416,-106.612833,"mono.gyro",0
"825","MSB:Fish:68513",1984,8,16,"MSB 68513-3","JAR8899F","BP","CW","07-03-2025",NA,37,27,397,"control","control_1981-1990",35.211416,-106.612833,"mono.gyro",0
"826","MSB:Fish:68528",1984,8,16,"MSB 68528-1","JAR8731F","EO","KL","06-25-2025",NA,69,55,3206,"control","control_1981-1990",35.322164,-106.557448,"mono.gyro",0
"827","MSB:Fish:68528",1984,8,16,"MSB 68528-5","JAR8733F","BP","CLW","06-25-2025",NA,47,37,1014,"control","control_1981-1990",35.322164,-106.557448,"mono.gyro",2
"828","MSB:Fish:68528",1984,8,16,"MSB 68528-2","JAR8728F","EO","KL","06-25-2025",FALSE,72,57,2986,"control","control_1981-1990",35.322164,-106.557448,"mono.gyro",0
"829","MSB:Fish:68528",1984,8,16,"MSB 68528-3","JAR8732F","BP","JG CW","06-25-2025",NA,67,53,2767,"control","control_1981-1990",35.322164,-106.557448,"mono.gyro",0
"830","MSB:Fish:68528",1984,8,16,"MSB 68528-4","JAR8730F","EO","KL","06-25-2025",NA,68,55,2391,"control","control_1981-1990",35.322164,-106.557448,"mono.gyro",0
"831","MSB:Fish:7593",1988,5,25,"MSB 7593-2","JAR8705F","EO","JG CW","06-24-2025",NA,64,50,2324,"impact","impact_1981-1990",34.905272,-106.685564,"mono.gyro",0
"832","MSB:Fish:7593",1988,5,25,"MSB 7593-5","JAR8709F","BP","BP CLW","06-24-2025",NA,62,51,2400,"impact","impact_1981-1990",34.905272,-106.685564,"mono.gyro",0
"833","MSB:Fish:7593",1988,5,25,"MSB 7593-4","JAR8707F","EO","BP KL","06-24-2025",FALSE,61,48,1922,"impact","impact_1981-1990",34.905272,-106.685564,"mono.gyro",0
"834","MSB:Fish:7593",1988,5,25,"MSB 7593-3","JAR8706F","BP","BP KL","06-24-2025",FALSE,58,45,2248,"impact","impact_1981-1990",34.905272,-106.685564,"mono.gyro",0
"835","MSB:Fish:7593",1988,5,25,"MSB 7593-1","JAR8704F","BP","KL","06-24-2025",FALSE,64,50,3600,"impact","impact_1981-1990",34.905272,-106.685564,"mono.gyro",0
"836","MSB:Fish:7788",1988,5,25,"MSB 7788-2","JAR8769F","BP","KL","06-30-2025",NA,69,53,2804,"control","control_1981-1990",35.322164,-106.557448,"mono.gyro",2
"837","MSB:Fish:7788",2988,5,25,"MSB 7788-4","JAR8764F","BP","BP","06-30-2025",NA,56,45,1819,"control","control_1981-1990",35.322164,-106.557448,"mono.gyro",0
"838","MSB:Fish:7788",1988,5,25,"MSB 7788-3","JAR8767F","EO","KL","06-30-2025",NA,69,55,3017,"control","control_1981-1990",35.322164,-106.557448,"mono.gyro",0
"839","MSB:Fish:7788",1988,5,25,"MSB 7788-1","JAR8763F","EO","KL","06-30-2025",NA,64,51,2418,"control","control_1981-1990",35.322164,-106.557448,"mono.gyro",0
"840","MSB:Fish:7788",1988,5,25,"MSB 7788-5","JAR8762F","EO","KL","06-30-2025",NA,60,47,2139,"control","control_1981-1990",35.322164,-106.557448,"mono.gyro",0
"841","MSB:Fish:1129",1959,2,20,"MSB 1129-5","JAR8672F","JG","CW","06-20-2025",NA,40,32,383,"control","control_1951-1960",35.350556,-106.535497,"myxo.b",0
"842","MSB:Fish:1129",1959,2,20,"MSB 1129-2","JAR8674F","EO","CLW","06-20-2025",NA,46,34,697,"control","control_1951-1960",35.350556,-106.535497,"myxo.b",0
"843","MSB:Fish:1129",1959,2,20,"MSB 1129-1","JAR8668F","JG","KL","06-20-2025",NA,41,33,519,"control","control_1951-1960",35.350556,-106.535497,"myxo.b",0
"844","MSB:Fish:1129",1959,2,20,"MSB 1129-4","JAR8671F","EO","JG KL","06-20-2025",NA,41,31,580,"control","control_1951-1960",35.350556,-106.535497,"myxo.b",0
"845","MSB:Fish:1129",1959,2,20,"MSB 1129-3","JAR8673F","JG","CW","06-20-2025",NA,43,36,659,"control","control_1951-1960",35.350556,-106.535497,"myxo.b",0
"846","MSB:Fish:1130",1949,10,29,"MSB 1130-5","JAR8701F","EO","KL","06-24-2025",NA,57,48,2022,"impact","impact_1941-1950",34.87537,-106.717837,"myxo.b",0
"847","MSB:Fish:1130",1949,10,29,"MSB 1130-3","JAR8697F","JG","JG CW","06-24-2025",NA,61,49,1811,"impact","impact_1941-1950",34.87537,-106.717837,"myxo.b",0
"848","MSB:Fish:1130",1949,10,29,"MSB 1130-4","JAR8699F","BP","CLW","06-24-2025",NA,62,47,2068,"impact","impact_1941-1950",34.87537,-106.717837,"myxo.b",0
"849","MSB:Fish:1130",1949,10,29,"MSB 1130-1","JAR8690F","JG","JG KL","06-24-2025",FALSE,71,58,3286,"impact","impact_1941-1950",34.87537,-106.717837,"myxo.b",0
"850","MSB:Fish:1130",1949,10,29,"MSB 1130-2","JAR8695F","BP","KL","06-24-2025",FALSE,68,54,3151,"impact","impact_1941-1950",34.87537,-106.717837,"myxo.b",0
"851","MSB:Fish:1131",1959,2,24,"MSB 1131-5","JAR8682F","BP","KL","06-23-2025",NA,53,44,1289,"impact","impact_1951-1960",34.987044,-106.690293,"myxo.b",0
"852","MSB:Fish:1131",1959,2,24,"MSB 1131-2","JAR8689F","EO","CW","06-23-2025",NA,60,47,1798,"impact","impact_1951-1960",34.987044,-106.690293,"myxo.b",0
"853","MSB:Fish:1131",1959,2,24,"MSB 1131-3","JAR8693F","BP","CW","06-23-2025",FALSE,54,44,1280,"impact","impact_1951-1960",34.987044,-106.690293,"myxo.b",0
"854","MSB:Fish:1131",1959,2,24,"MSB 1131-4","JAR8680F","EO","KL","06-23-2025",NA,52,43,1316,"impact","impact_1951-1960",34.987044,-106.690293,"myxo.b",0
"855","MSB:Fish:1131",1959,2,24,"MSB 1131-2","JAR8691F","JG","CLW","06-23-2025",NA,63,51,1849,"impact","impact_1951-1960",34.987044,-106.690293,"myxo.b",0
"856","MSB:Fish:1132",1947,10,25,"MSB 1132-1","JAR8684F","JG","CW","06-23-2025",NA,71,58,3310,"control","control_1941-1950",35.380629,-106.503529,"myxo.b",0
"857","MSB:Fish:1132",1947,10,25,"MSB 1132-4","JAR8694F","JG","KL","06-23-2025",NA,63,54,2744,"control","control_1941-1950",35.380629,-106.503529,"myxo.b",0
"858","MSB:Fish:1132",2947,10,25,"MSB 1132-5","JAR8692F","JG","CW","06-23-2025",NA,61,49,1975,"control","control_1941-1950",35.380629,-106.503529,"myxo.b",0
"859","MSB:Fish:1132",1947,10,25,"MSB 1132-3","JAR8688F","JG","CLW","06-23-2025",NA,77,64,4621,"control","control_1941-1950",35.380629,-106.503529,"myxo.b",0
"860","MSB:Fish:1132",1947,10,25,"MSB 1132-2","JAR8686F","JG","CW","06-23-2025",NA,73,62,3934,"control","control_1941-1950",35.380629,-106.503529,"myxo.b",0
"861","MSB:Fish:1149",1939,2,26,"MSB 1149-1","JAR8871F","JG","GC","07-02-2025",NA,55,45,1360,"impact","impact_1931-1940",35.100259,-106.692107,"myxo.b",0
"862","MSB:Fish:1149",1939,2,26,"MSB 1149-5","JAR8872F","EO","KL","07-02-2025",FALSE,76,57,3276,"impact","impact_1931-1940",35.100259,-106.692107,"myxo.b",0
"863","MSB:Fish:1149",1939,2,26,"MSB 1149-3","JAR8875F","EO","EO KL","07-02-2025",NA,61,47,1795,"impact","impact_1931-1940",35.100259,-106.692107,"myxo.b",0
"864","MSB:Fish:1149",1939,2,26,"MSB 1149-4","JAR8877F","JG","CW","07-02-2025",NA,57,45,1435,"impact","impact_1931-1940",35.100259,-106.692107,"myxo.b",0
"865","MSB:Fish:1149",1939,2,26,"MSB 1149-2","JAR8873F","JG","GC","07-02-2025",FALSE,64,52,2298,"impact","impact_1931-1940",35.100259,-106.692107,"myxo.b",0
"866","MSB:Fish:1150",1939,6,9,"MSB 1150-3","JAR8712F","BP","CW","06-24-2025",FALSE,71,54,4462,"impact","impact_1931-1940",34.906619,-106.685289,"myxo.b",0
"867","MSB:Fish:1150",1939,6,9,"MSB 1150-1","JAR8708F","BP","KL","06-24-2025",NA,63,50,2550,"impact","impact_1931-1940",34.906619,-106.685289,"myxo.b",0
"868","MSB:Fish:1150",1939,6,9,"MSB 1150-2","JAR8714F","JG","CLW","06-24-2025",FALSE,72,61,4536,"impact","impact_1931-1940",34.906619,-106.685289,"myxo.b",0
"869","MSB:Fish:1150",1939,6,9,"MSB 1150-5","JAR8710F","BP","CW","06-24-2025",FALSE,60,49,2576,"impact","impact_1931-1940",34.906619,-106.685289,"myxo.b",0
"870","MSB:Fish:1150",1939,6,9,"MSB 1150-4","JAR8716F","JG","KL","06-24-2025",FALSE,65,53,3213,"impact","impact_1931-1940",34.906619,-106.685289,"myxo.b",0
"871","MSB:Fish:1154",1949,10,21,"MSB 1154-4","JAR8770F","EO","CW","06-30-2025",NA,54,43,1207,"impact","impact_1941-1950",34.929201,-106.681499,"myxo.b",0
"872","MSB:Fish:1154",1949,10,21,"MSB 1154-2","JAR8773F","EO","KL","06-30-2025",FALSE,66,52,2229,"impact","impact_1941-1950",34.929201,-106.681499,"myxo.b",0
"873","MSB:Fish:1154",1949,10,21,"MSB 1154-3","JAR8768","BP","BP","06-30-2025",NA,60,48,1790,"impact","impact_1941-1950",34.929201,-106.681499,"myxo.b",0
"874","MSB:Fish:1154",1949,10,21,"MSB 1154-5","JAR8772F","BP","BP","06-30-2025",FALSE,44,34,644,"impact","impact_1941-1950",34.929201,-106.681499,"myxo.b",0
"875","MSB:Fish:1154",1949,10,21,"MSB 1154-1","JAR8771F","BP","EO GC CW","06-30-2025",NA,65,51,2430,"impact","impact_1941-1950",34.929201,-106.681499,"myxo.b",0
"876","MSB:Fish:1155",1943,6,23,"MSB 1155-3","JAR8685F","BP","CW","06-23-2025",NA,69,56,3145,"control","control_1941-1950",35.322418,-106.557971,"myxo.b",0
"877","MSB:Fish:1155",1943,6,23,"MSB 1155-4","JAR8683F","EO","BP KL","06-23-2025",FALSE,54,45,1684,"control","control_1941-1950",35.322418,-106.557971,"myxo.b",0
"878","MSB:Fish:1155",2943,6,23,"MSB1155-1","JAR8679F","BP","BP CW KL","06-23-2025",NA,62,50,2170,"control","control_1941-1950",35.322418,-106.557971,"myxo.b",0
"879","MSB:Fish:1155",1943,6,23,"MSB 1155-5","JAR8687F","EO","KL","06-23-2025",NA,53,45,1706,"control","control_1941-1950",35.322418,-106.557971,"myxo.b",0
"880","MSB:Fish:1155",1943,6,23,"MSB 1155-2","JAR8681F","EO","KL","06-23-2025",NA,63,50,2536,"control","control_1941-1950",35.322418,-106.557971,"myxo.b",0
"881","MSB:Fish:1160",1939,1,28,"MSB 1160-3","JAR8784F","JG","CW","07-01-2025",NA,51,42,1253,"impact","impact_1931-1940",35.100259,-106.692107,"myxo.b",0
"882","MSB:Fish:1160",1939,1,28,"MSB 1160-2","JAR8779","JG","EO GC","07-01-2025",NA,48,38,800,"impact","impact_1931-1940",35.100259,-106.692107,"myxo.b",0
"883","MSB:Fish:1160",1939,1,28,"MSB 1160-1","JAR8781F","JG","GC","07-01-2025",NA,51,43,1112,"impact","impact_1931-1940",35.100259,-106.692107,"myxo.b",0
"884","MSB:Fish:1160",1939,1,28,"MSB 1160-4","JAR8780F","JG","GC","07-01-2025",FALSE,50,41,1020,"impact","impact_1931-1940",35.100259,-106.692107,"myxo.b",6
"885","MSB:Fish:1160",1939,1,28,"MSB 1160-5","JAR8782F","EO","GC","07-01-2025",NA,51,40,1021,"impact","impact_1931-1940",35.100259,-106.692107,"myxo.b",0
"886","MSB:Fish:19389",1994,5,27,"MSB 19389-1","JAR8874F","JG","JG","07-02-2025",FALSE,56,44,1941,"control","control_1991-2000",35.322164,-106.557448,"myxo.b",0
"887","MSB:Fish:19389",1994,5,27,"MSB 19389-2","JAR8862F","EO","KL","07-02-2025",NA,52,40,1391,"control","control_1991-2000",35.322164,-106.557448,"myxo.b",0
"888","MSB:Fish:19389",1994,5,27,"MSB 19389-5","JAR8878F","BP","CW","07-02-2025",NA,44,35,909,"control","control_1991-2000",35.322164,-106.557448,"myxo.b",0
"889","MSB:Fish:19389",1994,5,27,"MSB 19389-4","JAR8858F","EO","GC","07-02-2025",NA,48,38,1096,"control","control_1991-2000",35.322164,-106.557448,"myxo.b",0
"890","MSB:Fish:19389",1994,5,27,"MSB 19389-3","JAR8876F","JG","KL","07-02-2025",FALSE,55,46,2190,"control","control_1991-2000",35.322164,-106.557448,"myxo.b",0
"891","MSB:Fish:19537",1994,9,16,"MSB 19537-3","JAR8635F","EO","CLW","06-20-2025",NA,59,46,1370,"impact","impact_1991-2000",34.85683333,-106.7208056,"myxo.b",0
"892","MSB:Fish:19537",1994,9,16,"MSB 19537-2","JAR8664F","EO","CW","06-16-2025",NA,58,46,1650,"impact","impact_1991-2000",34.85683333,-106.7208056,"myxo.b",0
"893","MSB:Fish:19537",1994,9,16,"MSB 19537-1","JAR8632F","JG","KL","06-16-2025",NA,54,48,1824,"impact","impact_1991-2000",34.85683333,-106.7208056,"myxo.b",0
"894","MSB:Fish:19537",1994,9,16,"MSB 19537-4","JAR8638F","JG","CLW","06-16-2025",NA,53,44,1183,"impact","impact_1991-2000",34.85683333,-106.7208056,"myxo.b",0
"895","MSB:Fish:19537",1994,9,16,"MSB 19537-5","JAR8637F","EO","CW","06-16-2025",NA,47,38,760,"impact","impact_1991-2000",34.85683333,-106.7208056,"myxo.b",0
"896","MSB:Fish:19688",1994,10,10,"MSB 19688-2","JAR8863F","BP","JG CW","07-02-2025",NA,57,44,1805,"impact","impact_1991-2000",34.85683333,-106.7208056,"myxo.b",0
"897","MSB:Fish:19688",1994,10,10,"MSB 19688-4","JAR8867F","BP","CW","07-02-2025",NA,58,46,1810,"impact","impact_1991-2000",34.85683333,-106.7208056,"myxo.b",0
"898","MSB:Fish:19688",1994,10,10,"MSB 19688-5","JAR8869F","BP","KL","07-02-2025",NA,48,38,993,"impact","impact_1991-2000",34.85683333,-106.7208056,"myxo.b",0
"899","MSB:Fish:19688",1994,10,10,"MSB 19688-1","JAR8886F","BP","JG CW","07-02-2025",NA,65,51,2667,"impact","impact_1991-2000",34.85683333,-106.7208056,"myxo.b",0
"900","MSB:Fish:19688",1994,10,10,"MSB 19688-3","JAR8865F","BP","KL","07-02-2025",FALSE,56,45,2032,"impact","impact_1991-2000",34.85683333,-106.7208056,"myxo.b",0
"901","MSB:Fish:20390",1994,8,11,"MSB 20390-2","JAR8881F","JG","GC","07-02-2025",NA,40,36,923,"impact","impact_1991-2000",34.85683333,-106.7208056,"myxo.b",0
"902","MSB:Fish:20390",1994,8,11,"MSB 20390-3","JAR8880F","JG","EO","07-02-2025",NA,41,33,528,"impact","impact_1991-2000",34.85683333,-106.7208056,"myxo.b",0
"903","MSB:Fish:20390",1994,8,11,"MSB 20390-1","JAR8883F","JG","JG","07-02-2025",NA,53,41,1467,"impact","impact_1991-2000",34.85683333,-106.7208056,"myxo.b",0
"904","MSB:Fish:20390",1994,8,11,"MSB 20390-4","JAR8882F","JG","BP","07-02-2025",NA,49,38,968,"impact","impact_1991-2000",34.85683333,-106.7208056,"myxo.b",0
"905","MSB:Fish:20390",1994,8,11,"MSB 20390-5","JAR8884F","JG","CW","07-02-2025",NA,49,40,1145,"impact","impact_1991-2000",34.85683333,-106.7208056,"myxo.b",0
"906","MSB:Fish:20526",1994,7,27,"MSB 20526-5","JAR8666F","EO","CW","06-20-2025",NA,37,29,510,"impact","impact_1991-2000",34.905272,-106.685564,"myxo.b",0
"907","MSB:Fish:20526",1994,7,27,"MSB 20526-4","JAR8669F","BP","CLW","06-20-2025",NA,34,26,375,"impact","impact_1991-2000",34.905272,-106.685564,"myxo.b",0
"908","MSB:Fish:20526",1994,7,27,"MSB 20526-2","JAR8665F","BP","CW","06-20-2025",NA,37,29,507,"impact","impact_1991-2000",34.905272,-106.685564,"myxo.b",0
"909","MSB:Fish:20526",1994,7,27,"MSB 20526-3","JAR8667F","EO","CLW","06-20-2025",NA,38,30,599,"impact","impact_1991-2000",34.905272,-106.685564,"myxo.b",0
"910","MSB:Fish:20526",1994,7,27,"MSB 20526-1","JAR8647F","EO","KL","06-20-2025",NA,53,44,1498,"impact","impact_1991-2000",34.905272,-106.685564,"myxo.b",0
"911","MSB:Fish:25010",1995,8,2,"MSB 25010-2","JAR8650F","JG","KL","06-16-2025",NA,37,30,475,"control","control_1991-2000",35.28302778,-106.5981389,"myxo.b",0
"912","MSB:Fish:25010",1995,8,2,"MSB 25010-3","JAR8649F","EO","KL","06-16-2025",NA,39,31,531,"control","control_1991-2000",35.28302778,-106.5981389,"myxo.b",0
"913","MSB:Fish:25010",1995,8,2,"MSB 25010-4","JAR8652F","JG","JG CLW","06-16-2025",NA,35,28,503,"control","control_1991-2000",35.28302778,-106.5981389,"myxo.b",0
"914","MSB:Fish:25010",1995,8,2,"MSB 25010-1","JAR8629F","EO","CW","06-16-2025",NA,43,32,743,"control","control_1991-2000",35.28302778,-106.5981389,"myxo.b",0
"915","MSB:Fish:25010",1995,8,2,"MSB 25010-5","JAR8651F","EO","KL","06-16-2025",NA,38,30,494,"control","control_1991-2000",35.28302778,-106.5981389,"myxo.b",0
"916","MSB:Fish:25023",1995,8,2,"MSB 25023-3","JAR8723F","EO","CW","06-25-2025",NA,38,29,422,"impact","impact_1991-2000",35.089293,-106.680842,"myxo.b",0
"917","MSB:Fish:25023",1995,8,2,"MSB 25023-5","JAR8719F","EO","KL","06-25-2025",NA,40,31,571,"impact","impact_1991-2000",35.089293,-106.680842,"myxo.b",0
"918","MSB:Fish:25023",1995,8,2,"MSB 25023-1","JAR8720F","EO","JG EO KL","06-25-2025",NA,39,30,586,"impact","impact_1991-2000",35.089293,-106.680842,"myxo.b",0
"919","MSB:Fish:25023",1995,8,2,"MSB 25023-2","JAR8725F","EO","KL","06-25-2025",NA,36,29,560,"impact","impact_1991-2000",35.089293,-106.680842,"myxo.b",0
"920","MSB:Fish:25023",1995,8,2,"MSB 25023-4","JAR8721F","EO","CW","06-25-2025",NA,37,29,524,"impact","impact_1991-2000",35.089293,-106.680842,"myxo.b",0
"921","MSB:Fish:30075",1996,4,10,"MSB 30075-4","JAR8775F","EO","GC","06-30-2025",NA,63,49,2305,"impact","impact_1991-2000",35.13539167,-106.6684167,"myxo.b",0
"922","MSB:Fish:30075",1996,4,10,"MSB 30075-5","JAR8776","EO","EO KL ","06-30-2025",FALSE,68,54,3090,"impact","impact_1991-2000",35.13539167,-106.6684167,"myxo.b",0
"923","MSB:Fish:30075",1996,4,10,"MSB 30075-3","JAR8774F","JG","GC","06-30-2025",NA,57,46,1641,"impact","impact_1991-2000",35.13539167,-106.6684167,"myxo.b",0
"924","MSB:Fish:30075",1996,4,10,"MSB 30075-1","JAR8777F","JG","KL","06-30-2025",FALSE,55,45,1416,"impact","impact_1991-2000",35.13539167,-106.6684167,"myxo.b",0
"925","MSB:Fish:30075",1996,4,10,"MSB 30075-2","JAR8778F","EO","CW","06-30-2025",NA,70,57,3072,"impact","impact_1991-2000",35.13539167,-106.6684167,"myxo.b",0
"926","MSB:Fish:30282",1996,5,16,"MSB 30282-2","JAR8653F","EO","CW","06-23-2025",NA,64,50,2621,"control","control_1991-2000",35.322164,-106.557448,"myxo.b",0
"927","MSB:Fish:30282",1996,5,16,"MSB 20282-5","JAR8655F","JG","CLW","06-23-2025",NA,72,59,3808,"control","control_1991-2000",35.322164,-106.557448,"myxo.b",0
"928","MSB:Fish:30282",1996,5,16,"MSB 30282-1","JAR8654F","JG","CLW","06-23-2025",NA,58,49,2054,"control","control_1991-2000",35.322164,-106.557448,"myxo.b",0
"929","MSB:Fish:30282",1996,5,16,"MSB 30282-3","JAR8656F","EO","KL","06-23-2025",NA,71,56,3863,"control","control_1991-2000",35.322164,-106.557448,"myxo.b",0
"930","MSB:Fish:30282",1996,5,16,"MSB 30282-4","JAR8658F","BP","JG KL","06-23-2025",FALSE,58,46,1814,"control","control_1991-2000",35.322164,-106.557448,"myxo.b",0
"931","MSB:Fish:30410",1996,6,28,"MSB 30410-2","JAR8742F","BP","CW","06-25-2025",FALSE,66,53,3676,"impact","impact_1991-2000",34.85683333,-106.7208056,"myxo.b",0
"932","MSB:Fish:30410",1996,6,28,"MSB 30410-3","JAR8740F","BP","KL","06-25-2025",FALSE,74,59,4025,"impact","impact_1991-2000",34.85683333,-106.7208056,"myxo.b",0
"933","MSB:Fish:30410",1996,6,28,"MSB 30410-5","JAR8743F","BP","BP CW ","06-25-2025",NA,69,58,2424,"impact","impact_1991-2000",34.85683333,-106.7208056,"myxo.b",0
"934","MSB:Fish:30410",1996,6,28,"MSB 30410-1","JAR8736F","BP","CLW","06-25-2025",FALSE,72,59,NA,"impact","impact_1991-2000",34.85683333,-106.7208056,"myxo.b",0
"935","MSB:Fish:30410",1996,6,28,"MSB 30410-4","JAR8738F","JG","CLW","06-25-2025",FALSE,75,61,4376,"impact","impact_1991-2000",34.85683333,-106.7208056,"myxo.b",0
"936","MSB:Fish:30810",1996,2,7,"MSB 30810-3","JAR8737F","EO","KL","06-25-2026",FALSE,55,43,1306,"impact","impact_1991-2000",35.089293,-106.680842,"myxo.b",0
"937","MSB:Fish:30810",1996,2,7,"MSB 30810-2","JAR8735F","BP","JG KL","06-25-2025",FALSE,59,48,1673,"impact","impact_1991-2000",35.089293,-106.680842,"myxo.b",0
"938","MSB:Fish:30810",1996,2,7,"MSB 30810-4","JAR8739F","BP","CW","06-25-2026",NA,66,52,2148,"impact","impact_1991-2000",35.089293,-106.680842,"myxo.b",0
"939","MSB:Fish:30810",1996,2,7,"MSB 30910-1","JAR8734F","EO","CW","06-25-2025",NA,68,54,2437,"impact","impact_1991-2000",35.089293,-106.680842,"myxo.b",0
"940","MSB:Fish:30810",1996,2,7,"MSB 30810-5","JAR8741F","BP","CW","06-25-2025",NA,63,52,2142,"impact","impact_1991-2000",35.089293,-106.680842,"myxo.b",0
"941","MSB:Fish:39103",1997,10,15,"MSB 39103-1","JAR8670F","BP","JG KL","06-23-2025",NA,57,53,2560,"control","control_1991-2000",35.28302778,-106.5981389,"myxo.b",0
"942","MSB:Fish:39103",1997,10,15,"MSB 39103-3","JAR8675F","BP","KL","06-23-2025",NA,61,47,2132,"control","control_1991-2000",35.28302778,-106.5981389,"myxo.b",0
"943","MSB:Fish:39103",1997,10,15,"MSB 39103-5","JAR8678F","EO","CW","06-23-2025",NA,60,47,2006,"control","control_1991-2000",35.28302778,-106.5981389,"myxo.b",0
"944","MSB:Fish:39103",2997,10,15,"MSB 39103-4","JAR8676F","EO","EO CLW","06-23-2025",NA,69,54,3110,"control","control_1991-2000",35.28302778,-106.5981389,"myxo.b",0
"945","MSB:Fish:39103",1997,10,15,"MSB 39103-2","JAR8677F","JG","KL","06-23-2025",NA,69,56,3012,"control","control_1991-2000",35.28302778,-106.5981389,"myxo.b",0
"946","MSB:Fish:3966",1977,9,28,"MSB 3966-5","JAR8879F","JG","CW","07-02-2025",NA,51,41,1353,"impact","impact_1971-1980",35.134883,-106.690838,"myxo.b",0
"947","MSB:Fish:3966",1977,9,28,"MSB 3966-3","JAR8894F","JG","GC","07-02-2025",NA,50,39,1164,"impact","impact_1971-1980",35.134883,-106.690838,"myxo.b",0
"948","MSB:Fish:3966",1977,9,28,"MSB 3966-1","JAR8888F","JG","KL","07-02-2025",NA,55,44,1530,"impact","impact_1971-1980",35.134883,-106.690838,"myxo.b",0
"949","MSB:Fish:3966",1977,9,28,"MSB 3966-4","JAR8885F","JG","GC","07-02-2025",NA,57,47,2076,"impact","impact_1971-1980",35.134883,-106.690838,"myxo.b",0
"950","MSB:Fish:3966",1977,9,28,"MSB 3966-2","JAR8892F","JG","CW","07-02-2025",NA,38,30,477,"impact","impact_1971-1980",35.134883,-106.690838,"myxo.b",0
"951","MSB:Fish:4096",1978,9,5,"MSB 4096-1","JAR8718F","BP","KL","06-24-2025",NA,44,36,1043,"impact","impact_1971-1980",35.10625,-106.692633,"myxo.b",0
"952","MSB:Fish:4096",1978,9,5,"MSB 4096-5","JAR8715F","BP","KL","06-24-2025",NA,41,33,774,"impact","impact_1971-1980",35.10625,-106.692633,"myxo.b",0
"953","MSB:Fish:4096",1978,9,5,"MSB 4096-3","JAR8713F","BP","EO CW","06-24-2025",FALSE,49,39,1118,"impact","impact_1971-1980",35.10625,-106.692633,"myxo.b",0
"954","MSB:Fish:4096",1978,9,5,"MSB 4096-4","JAR8717F","EO","CW","06-24-2025",NA,45,35,856,"impact","impact_1971-1980",35.10625,-106.692633,"myxo.b",0
"955","MSB:Fish:4096",1978,9,5,"MSB 4096-2","JAR8711F","EO","CW","06-24-2025",NA,44,34,903,"impact","impact_1971-1980",35.10625,-106.692633,"myxo.b",0
"956","MSB:Fish:4161",1977,8,5,"MSB 4161-3","JAR8700F","BP","CW","06-24-2025",NA,39,29,511,"impact","impact_1971-1980",34.905272,-106.685564,"myxo.b",0
"957","MSB:Fish:4161",1977,8,5,"MSB 4161-4","JAR8702F","JG","CLW","06-24-2025",NA,41,31,632,"impact","impact_1971-1980",34.905272,-106.685564,"myxo.b",0
"958","MSB:Fish:4161",1977,8,5,"MSB 4161-5","JAR8703F","JG","CLW","06-24-2025",NA,36,29,444,"impact","impact_1971-1980",34.905272,-106.685564,"myxo.b",0
"959","MSB:Fish:4161",1977,8,5,"MSB 4161-1","JAR8696F","JG","KL","06-24-2025",NA,53,43,1166,"impact","impact_1971-1980",34.905272,-106.685564,"myxo.b",0
"960","MSB:Fish:4161",1977,8,5,"MSB 4161-2","JAR8698F","JG","JG KL","06-24-2025",NA,44,35,753,"impact","impact_1971-1980",34.905272,-106.685564,"myxo.b",0
"961","MSB:Fish:4206",1978,9,8,"MSB 4206-3","JAR8847F","EO","KL","07-01-2025",NA,39,30,567,"control","control_1971-1980",35.256141,-106.596281,"myxo.b",0
"962","MSB:Fish:4206",1978,9,8,"MSB 4206-1","JAR8848F","EO","JG KL","07-01-2025",NA,43,33,739,"control","control_1971-1980",35.256141,-106.596281,"myxo.b",0
"963","MSB:Fish:4206",1978,9,8,"MSB 4206-4","JAR8852F","EO","GC","07-01-2025",NA,37,29,503,"control","control_1971-1980",35.256141,-106.596281,"myxo.b",0
"964","MSB:Fish:4206",1978,9,8,"MSB 4206-2","JAR8850F","EO","CW","07-01-2025",NA,40,31,665,"control","control_1971-1980",35.256141,-106.596281,"myxo.b",0
"965","MSB:Fish:4206",1978,9,8,"MSB 4206-5","JAR8854F","EO","JG KL","07-01-2025",NA,36,29,433,"control","control_1971-1980",35.256141,-106.596281,"myxo.b",0
"966","MSB:Fish:43490",1999,10,11,"MSB 43490-1","JAR8745F","BP","CW","06-26-2025",NA,72,57,3244,"control","control_1991-2000",35.28302778,-106.5981389,"myxo.b",0
"967","MSB:Fish:43490",1999,10,11,"MSB 43490-3","JAR8749F","BP","CLW","06-26-2025",FALSE,61,49,2200,"control","control_1991-2000",35.28302778,-106.5981389,"myxo.b",0
"968","MSB:Fish:43490",1999,10,11,"MSB 43490-5","JAR8746F","BP","CLW","06-26-2025",FALSE,60,51,2094,"control","control_1991-2000",35.28302778,-106.5981389,"myxo.b",0
"969","MSB:Fish:43490",1999,10,11,"MSB 43490-2","JAR8747F","JG","CLW","06-26-2025",NA,61,55,2713,"control","control_1991-2000",35.28302778,-106.5981389,"myxo.b",0
"970","MSB:Fish:43490",1999,10,11,"MSB 43490-4","JAR8744F","JG","EO CLW","06-26-2025",FALSE,67,54,2031,"control","control_1991-2000",35.28302778,-106.5981389,"myxo.b",0
"971","MSB:Fish:4384",1978,9,23,"MSB 4384-3","JAR8748F","BP","KL","06-30-2025",FALSE,55,44,1919,"impact","impact_1971-1980",34.905272,-106.685564,"myxo.b",0
"972","MSB:Fish:4384",1978,9,23,"MSB 4384-4","JAR8752F","EO","GC","06-30-2025",NA,63,49,2458,"impact","impact_1971-1980",34.905272,-106.685564,"myxo.b",0
"973","MSB:Fish:4384",1978,9,23,"MSB 4384-2","JAR8757F","EO","CW","06-30-2025",NA,64,49,2390,"impact","impact_1971-1980",34.905272,-106.685564,"myxo.b",0
"974","MSB:Fish:4384",1978,9,23,"MSB 4384-1","JAR8750F","BP","CW","06-30-2025",NA,67,55,3024,"impact","impact_1971-1980",34.905272,-106.685564,"myxo.b",0
"975","MSB:Fish:4384",1978,9,23,"MSB 4384-5","JAR8756F","BP","KL","06-30-2025",NA,63,51,2594,"impact","impact_1971-1980",34.905272,-106.685564,"myxo.b",0
"976","MSB:Fish:4423",1978,8,3,"MSB 4423-4","JAR8724F","BP","KL","06-30-2025",NA,44,36,880,"impact","impact_1971-1980",34.905272,-106.685564,"myxo.b",0
"977","MSB:Fish:4423",1978,8,3,"MSB 4423-1","JAR8758F","EO","GC","06-30-2025",NA,46,37,1128,"impact","impact_1971-1980",34.905272,-106.685564,"myxo.b",0
"978","MSB:Fish:4423",1978,8,3,"MSB 4423-2","JAR8754F","BP","CW","06-30-2025",NA,49,38,1164,"impact","impact_1971-1980",34.905272,-106.685564,"myxo.b",0
"979","MSB:Fish:4423",1978,8,3,"MSB 4423-5","JAR8751F","EO","CW","06-30-2025",NA,42,33,832,"impact","impact_1971-1980",34.905272,-106.685564,"myxo.b",0
"980","MSB:Fish:4423",1978,8,3,"MSB 4423-3","JAR8726F","EO","KL","06-30-2025",NA,47,37,1155,"impact","impact_1971-1980",34.905272,-106.685564,"myxo.b",0
"981","MSB:Fish:4432",1978,9,8,"MSB 4432-3","JAR8727F","BP","CW","06-30-2025",NA,39,31,570,"control","control_1971-1980",35.239638,-106.587548,"myxo.b",0
"982","MSB:Fish:4432",1978,9,8,"MSB 4432-1","JAR8759F","BP","JG","06-30-2025",NA,39,30,568,"control","control_1971-1980",35.239638,-106.587548,"myxo.b",0
"983","MSB:Fish:4432",1978,9,8,"MSB 4432-5","JAR8753F","BP","JG GC","06-30-2025",NA,35,26,360,"control","control_1971-1980",35.239638,-106.587548,"myxo.b",0
"984","MSB:Fish:4432",1978,9,8,"MSB 4432-4","JAR8729F","EO","CW","06-30-2025",NA,39,29,548,"control","control_1971-1980",35.239638,-106.587548,"myxo.b",0
"985","MSB:Fish:4432",1978,9,8,"MSB 4432-2","JAR8722F","EO","EO GC","06-30-2025",NA,52,42,1431,"control","control_1971-1980",35.239638,-106.587548,"myxo.b",0
"986","MSB:Fish:4487",1978,9,29,"MSB 4487-1","JAR8887F","EO","GC","07-03-2025",NA,47,37,1143,"control","control_1971-1980",35.383856,-106.490929,"myxo.b",0
"987","MSB:Fish:4487",1978,9,29,"MSB 4487-5","JAR8890F","EO","JG GC","07-03-2025",NA,38,30,543,"control","control_1971-1980",35.383856,-106.490929,"myxo.b",0
"988","MSB:Fish:4487",1978,9,29,"MSB 4487-3","JAR8889F","EO","KL","07-03-2025",NA,46,35,1166,"control","control_1971-1980",35.383856,-106.490929,"myxo.b",0
"989","MSB:Fish:4487",1978,9,29,"MSB 4487-4","JAR8891F","BP","GC","07-03-2025",NA,36,27,481,"control","control_1971-1980",35.383856,-106.490929,"myxo.b",0
"990","MSB:Fish:4487",1978,9,29,"MSB 4487-2","JAR8893F","BP","GC","07-03-2025",NA,49,38,1354,"control","control_1971-1980",35.383856,-106.490929,"myxo.b",0
"991","MSB:Fish:4984",1978,9,5,"MSB 4984-3","JAR8640F","EO","CLW","06-23-2025",NA,38,29,504,"impact","impact_1971-1980",35.196977,-106.642444,"myxo.b",0
"992","MSB:Fish:4984",1978,9,5,"MSB 4984-4","JAR8642F","JG","KL","06-23-2025",NA,32,25,338,"impact","impact_1971-1980",35.196977,-106.642444,"myxo.b",0
"993","MSB:Fish:4984",1978,9,5,"MSB 4984-5","JAR8644F","BP","CW","06-23-2025",NA,32,24,341,"impact","impact_1971-1980",35.196977,-106.642444,"myxo.b",0
"994","MSB:Fish:4984",1978,9,5,"MSB 4984-2","JAR8662F","BP","CLW","06-23-2025",NA,38,30,541,"impact","impact_1971-1980",35.196977,-106.642444,"myxo.b",0
"995","MSB:Fish:4984",1978,9,5,"MSB 4984-1","JAR8660F","EO","CLW","06-23-2025",NA,39,30,621,"impact","impact_1971-1980",35.196977,-106.642444,"myxo.b",0
"996","MSB:Fish:4987",1977,7,6,"MSB 4987-5","JAR8788F","JG","GC","07-01-2025",NA,40,33,672,"control","control_1971-1980",35.232431,-106.594272,"myxo.b",6
"997","MSB:Fish:4987",1977,7,6,"MSB 4987-1","JAR8849F","JG","KL","07-01-2025",NA,52,40,1450,"control","control_1971-1980",35.232431,-106.594272,"myxo.b",0
"998","MSB:Fish:4987",1977,7,6,"MSB 4987-3","JAR8851F","JG","KL","07-01-2025",NA,47,37,1297,"control","control_1971-1980",35.232431,-106.594272,"myxo.b",0
"999","MSB:Fish:4987",1977,7,6,"MSB 4987-2","JAR8790F","EO","JG KL","07-01-2025",NA,54,44,1436,"control","control_1971-1980",35.232431,-106.594272,"myxo.b",0
"1000","MSB:Fish:4987",1977,7,6,"MSB 4987-4","JAR8853F","EO","BP","07-01-2025",NA,47,37,1163,"control","control_1971-1980",35.232431,-106.594272,"myxo.b",0
"1001","MSB:Fish:49970",1994,5,5,"MSB 49970-1","JAR8641F","EO","CLW","06-20-2025",NA,66,52,2386,"control","control_1991-2000",35.28302778,-106.5981389,"myxo.b",0
"1002","MSB:Fish:49970",1994,5,5,"MSB 49970-5","JAR8646F","EO","EO KL","06-20-2025",NA,64,51,2231,"control","control_1991-2000",35.28302778,-106.5981389,"myxo.b",0
"1003","MSB:Fish:49970",1994,5,5,"MSB 49970-3","JAR8645F","EO","KL BP CW","06-20-2025",NA,69,55,2817,"control","control_1991-2000",35.28302778,-106.5981389,"myxo.b",0
"1004","MSB:Fish:49970",1994,5,5,"MSB 49970-4","JAR8648F","JG","KL","06-20-2025",FALSE,65,53,2749,"control","control_1991-2000",35.28302778,-106.5981389,"myxo.b",0
"1005","MSB:Fish:49970",1994,5,5,"MSB 49970-2","JAR8643F","JG","CW JG","06-20-2025",NA,63,52,2230,"control","control_1991-2000",35.28302778,-106.5981389,"myxo.b",0
"1006","MSB:Fish:5263",1986,8,12,"MSB 5263-1","JAR8856F","BP","GC","07-02-2025",NA,36,29,497,"control","control_1981-1990",35.28302778,-106.5981389,"myxo.b",0
"1007","MSB:Fish:5263",1986,8,12,"MSB 5263-4","JAR8857F","BP","KL","07-02-2025",NA,35,27,407,"control","control_1981-1990",35.28302778,-106.5981389,"myxo.b",0
"1008","MSB:Fish:5263",1986,8,12,"MSB 5263-2","JAR8861F","BP","CW","07-02-2025",NA,36,29,462,"control","control_1981-1990",35.28302778,-106.5981389,"myxo.b",0
"1009","MSB:Fish:5263",1986,8,12,"MSB 5263-3","JAR8855F","BP","CW","07-02-2025",NA,35,31,653,"control","control_1981-1990",35.28302778,-106.5981389,"myxo.b",0
"1010","MSB:Fish:5263",1986,8,12,"MSB 5263-5","JAR8859F","BP","BP EO","07-02-2025",NA,36,29,444,"control","control_1981-1990",35.28302778,-106.5981389,"myxo.b",0
"1011","MSB:Fish:5814",1987,9,10,"MSB 5814-1","JAR8631F","KL","KL","06-16-2025",NA,66,52,2223,"impact","impact_1981-1990",34.905272,-106.685564,"myxo.b",0
"1012","MSB:Fish:5814",1987,9,10,"MSB 5814-2","JAR8634F","JG","CW","06-17-2025",NA,55,47,1856,"impact","impact_1981-1990",34.905272,-106.685564,"myxo.b",0
"1013","MSB:Fish:5814",1987,9,10,"MSB 5814-3","JAR8630F","EO","CLW CW","06-18-2025",NA,67,52,2759,"impact","impact_1981-1990",34.905272,-106.685564,"myxo.b",0
"1014","MSB:Fish:5814",1987,9,10,"MSB 5814-5","JAR8636F","JG","KL","06-19-2025",NA,85,68,5700,"impact","impact_1981-1990",34.905272,-106.685564,"myxo.b",0
"1015","MSB:Fish:5814",1987,9,10,"MSB 5814-4","JAR8633F","EO","KL","06-16-2025",NA,52,41,1282,"impact","impact_1981-1990",34.905272,-106.685564,"myxo.b",0
"1016","MSB:Fish:5825",1987,9,10,"MSB 5825-4","JAR8663F","BP","EO CW","06-18-2025",NA,63,49,2591,"impact","impact_1981-1990",34.875039,-106.717581,"myxo.b",0
"1017","MSB:Fish:5825",1987,9,10,"MSB 5825-3","JAR8661F","BP","CLW KL","06-18-2025",NA,77,62,4671,"impact","impact_1981-1990",34.875039,-106.717581,"myxo.b",0
"1018","MSB:Fish:5825",1987,9,10,"MSB 5825-5","JAR8639F","BP","CW","06-18-2025",NA,52,42,1542,"impact","impact_1981-1990",34.875039,-106.717581,"myxo.b",0
"1019","MSB:Fish:5825",1987,9,10,"MSB 5825-2","JAR8659F","BP","CW","06-18-2025",NA,54,42,1606,"impact","impact_1981-1990",34.875039,-106.717581,"myxo.b",0
"1020","MSB:Fish:5825",1987,9,10,"MSB 5825-1","JAR8657F","BP","BP KL","06-18-2025",FALSE,59,47,2305,"impact","impact_1981-1990",34.875039,-106.717581,"myxo.b",0
"1021","MSB:Fish:68463",1984,8,15,"MSB 68463-1","JAR8864F","BP","GC","07-02-2025",NA,37,30,505,"impact","impact_1981-1990",35.089293,-106.680842,"myxo.b",0
"1022","MSB:Fish:68463",1984,8,15,"MSB 68463-4","JAR8870F","BP","CW","07-02-2025",NA,42,34,485,"impact","impact_1981-1990",35.089293,-106.680842,"myxo.b",0
"1023","MSB:Fish:68463",1984,8,15,"MSB 68463-3","JAR8868F","BP","CW","07-02-2025",NA,36,27,313,"impact","impact_1981-1990",35.089293,-106.680842,"myxo.b",0
"1024","MSB:Fish:68463",1984,8,15,"MSB 68463-5","JAR8860F","BP","GC","07-02-2025",NA,35,27,398,"impact","impact_1981-1990",35.089293,-106.680842,"myxo.b",0
"1025","MSB:Fish:68463",1984,8,15,"MSB 68463-2","JAR8866F","BP","CW","07-02-2025",NA,48,37,950,"impact","impact_1981-1990",35.089293,-106.680842,"myxo.b",0
"1026","MSB:Fish:68501",1984,8,15,"MSB 68501-4","JAR8787F","JG","CW","07-01-2025",NA,79,64,4731,"control","control_1981-1990",35.225523,-106.597651,"myxo.b",0
"1027","MSB:Fish:68501",1984,8,15,"MSB 68501-3","JAR8785F","JG","KL","07-01-2025",NA,36,29,472,"control","control_1981-1990",35.225523,-106.597651,"myxo.b",0
"1028","MSB:Fish:68501",1984,8,15,"MSB 68501-5","JAR8789F","JG","CW","07-01-2025",NA,72,60,3973,"control","control_1981-1990",35.225523,-106.597651,"myxo.b",0
"1029","MSB:Fish:68501",1984,8,15,"MSB 68501-2","JAR8783F","JG","KL","07-01-2025",NA,37,29,513,"control","control_1981-1990",35.225523,-106.597651,"myxo.b",0
"1030","MSB:Fish:68501",1984,8,15,"MSB 68501-1","JAR8786F","JG","GC","07-01-2025",NA,35,26,349,"control","control_1981-1990",35.225523,-106.597651,"myxo.b",0
"1031","MSB:Fish:68513",1984,8,16,"MSB 68513-4","JAR8896F","EO","CW","07-03-2025",NA,41,32,638,"control","control_1981-1990",35.211416,-106.612833,"myxo.b",0
"1032","MSB:Fish:68513",1984,8,16,"MSB 68513-2","JAR8897F","EO","KL","07-03-2025",NA,47,36,941,"control","control_1981-1990",35.211416,-106.612833,"myxo.b",0
"1033","MSB:Fish:68513",1984,8,16,"MSB 68513-1","JAR8895F","BP","GC","07-03-2025",NA,44,34,769,"control","control_1981-1990",35.211416,-106.612833,"myxo.b",0
"1034","MSB:Fish:68513",1984,8,16,"MSB 68513-5","JAR8901F","EO","BP","07-03-2025",NA,40,31,606,"control","control_1981-1990",35.211416,-106.612833,"myxo.b",0
"1035","MSB:Fish:68513",1984,8,16,"MSB 68513-3","JAR8899F","BP","CW","07-03-2025",NA,37,27,397,"control","control_1981-1990",35.211416,-106.612833,"myxo.b",0
"1036","MSB:Fish:68528",1984,8,16,"MSB 68528-1","JAR8731F","EO","KL","06-25-2025",NA,69,55,3206,"control","control_1981-1990",35.322164,-106.557448,"myxo.b",0
"1037","MSB:Fish:68528",1984,8,16,"MSB 68528-5","JAR8733F","BP","CLW","06-25-2025",NA,47,37,1014,"control","control_1981-1990",35.322164,-106.557448,"myxo.b",0
"1038","MSB:Fish:68528",1984,8,16,"MSB 68528-2","JAR8728F","EO","KL","06-25-2025",FALSE,72,57,2986,"control","control_1981-1990",35.322164,-106.557448,"myxo.b",0
"1039","MSB:Fish:68528",1984,8,16,"MSB 68528-3","JAR8732F","BP","JG CW","06-25-2025",NA,67,53,2767,"control","control_1981-1990",35.322164,-106.557448,"myxo.b",0
"1040","MSB:Fish:68528",1984,8,16,"MSB 68528-4","JAR8730F","EO","KL","06-25-2025",NA,68,55,2391,"control","control_1981-1990",35.322164,-106.557448,"myxo.b",0
"1041","MSB:Fish:7593",1988,5,25,"MSB 7593-2","JAR8705F","EO","JG CW","06-24-2025",NA,64,50,2324,"impact","impact_1981-1990",34.905272,-106.685564,"myxo.b",0
"1042","MSB:Fish:7593",1988,5,25,"MSB 7593-5","JAR8709F","BP","BP CLW","06-24-2025",NA,62,51,2400,"impact","impact_1981-1990",34.905272,-106.685564,"myxo.b",0
"1043","MSB:Fish:7593",1988,5,25,"MSB 7593-4","JAR8707F","EO","BP KL","06-24-2025",FALSE,61,48,1922,"impact","impact_1981-1990",34.905272,-106.685564,"myxo.b",0
"1044","MSB:Fish:7593",1988,5,25,"MSB 7593-3","JAR8706F","BP","BP KL","06-24-2025",FALSE,58,45,2248,"impact","impact_1981-1990",34.905272,-106.685564,"myxo.b",0
"1045","MSB:Fish:7593",1988,5,25,"MSB 7593-1","JAR8704F","BP","KL","06-24-2025",FALSE,64,50,3600,"impact","impact_1981-1990",34.905272,-106.685564,"myxo.b",0
"1046","MSB:Fish:7788",1988,5,25,"MSB 7788-2","JAR8769F","BP","KL","06-30-2025",NA,69,53,2804,"control","control_1981-1990",35.322164,-106.557448,"myxo.b",0
"1047","MSB:Fish:7788",2988,5,25,"MSB 7788-4","JAR8764F","BP","BP","06-30-2025",NA,56,45,1819,"control","control_1981-1990",35.322164,-106.557448,"myxo.b",0
"1048","MSB:Fish:7788",1988,5,25,"MSB 7788-3","JAR8767F","EO","KL","06-30-2025",NA,69,55,3017,"control","control_1981-1990",35.322164,-106.557448,"myxo.b",0
"1049","MSB:Fish:7788",1988,5,25,"MSB 7788-1","JAR8763F","EO","KL","06-30-2025",NA,64,51,2418,"control","control_1981-1990",35.322164,-106.557448,"myxo.b",0
"1050","MSB:Fish:7788",1988,5,25,"MSB 7788-5","JAR8762F","EO","KL","06-30-2025",NA,60,47,2139,"control","control_1981-1990",35.322164,-106.557448,"myxo.b",0
"1051","MSB:Fish:1129",1959,2,20,"MSB 1129-5","JAR8672F","JG","CW","06-20-2025",NA,40,32,383,"control","control_1951-1960",35.350556,-106.535497,"nem.cl",0
"1052","MSB:Fish:1129",1959,2,20,"MSB 1129-2","JAR8674F","EO","CLW","06-20-2025",NA,46,34,697,"control","control_1951-1960",35.350556,-106.535497,"nem.cl",0
"1053","MSB:Fish:1129",1959,2,20,"MSB 1129-1","JAR8668F","JG","KL","06-20-2025",NA,41,33,519,"control","control_1951-1960",35.350556,-106.535497,"nem.cl",0
"1054","MSB:Fish:1129",1959,2,20,"MSB 1129-4","JAR8671F","EO","JG KL","06-20-2025",NA,41,31,580,"control","control_1951-1960",35.350556,-106.535497,"nem.cl",0
"1055","MSB:Fish:1129",1959,2,20,"MSB 1129-3","JAR8673F","JG","CW","06-20-2025",NA,43,36,659,"control","control_1951-1960",35.350556,-106.535497,"nem.cl",0
"1056","MSB:Fish:1130",1949,10,29,"MSB 1130-5","JAR8701F","EO","KL","06-24-2025",NA,57,48,2022,"impact","impact_1941-1950",34.87537,-106.717837,"nem.cl",0
"1057","MSB:Fish:1130",1949,10,29,"MSB 1130-3","JAR8697F","JG","JG CW","06-24-2025",NA,61,49,1811,"impact","impact_1941-1950",34.87537,-106.717837,"nem.cl",0
"1058","MSB:Fish:1130",1949,10,29,"MSB 1130-4","JAR8699F","BP","CLW","06-24-2025",NA,62,47,2068,"impact","impact_1941-1950",34.87537,-106.717837,"nem.cl",0
"1059","MSB:Fish:1130",1949,10,29,"MSB 1130-1","JAR8690F","JG","JG KL","06-24-2025",FALSE,71,58,3286,"impact","impact_1941-1950",34.87537,-106.717837,"nem.cl",0
"1060","MSB:Fish:1130",1949,10,29,"MSB 1130-2","JAR8695F","BP","KL","06-24-2025",FALSE,68,54,3151,"impact","impact_1941-1950",34.87537,-106.717837,"nem.cl",0
"1061","MSB:Fish:1131",1959,2,24,"MSB 1131-5","JAR8682F","BP","KL","06-23-2025",NA,53,44,1289,"impact","impact_1951-1960",34.987044,-106.690293,"nem.cl",0
"1062","MSB:Fish:1131",1959,2,24,"MSB 1131-2","JAR8689F","EO","CW","06-23-2025",NA,60,47,1798,"impact","impact_1951-1960",34.987044,-106.690293,"nem.cl",0
"1063","MSB:Fish:1131",1959,2,24,"MSB 1131-3","JAR8693F","BP","CW","06-23-2025",FALSE,54,44,1280,"impact","impact_1951-1960",34.987044,-106.690293,"nem.cl",0
"1064","MSB:Fish:1131",1959,2,24,"MSB 1131-4","JAR8680F","EO","KL","06-23-2025",NA,52,43,1316,"impact","impact_1951-1960",34.987044,-106.690293,"nem.cl",0
"1065","MSB:Fish:1131",1959,2,24,"MSB 1131-2","JAR8691F","JG","CLW","06-23-2025",NA,63,51,1849,"impact","impact_1951-1960",34.987044,-106.690293,"nem.cl",0
"1066","MSB:Fish:1132",1947,10,25,"MSB 1132-1","JAR8684F","JG","CW","06-23-2025",NA,71,58,3310,"control","control_1941-1950",35.380629,-106.503529,"nem.cl",0
"1067","MSB:Fish:1132",1947,10,25,"MSB 1132-4","JAR8694F","JG","KL","06-23-2025",NA,63,54,2744,"control","control_1941-1950",35.380629,-106.503529,"nem.cl",0
"1068","MSB:Fish:1132",2947,10,25,"MSB 1132-5","JAR8692F","JG","CW","06-23-2025",NA,61,49,1975,"control","control_1941-1950",35.380629,-106.503529,"nem.cl",0
"1069","MSB:Fish:1132",1947,10,25,"MSB 1132-3","JAR8688F","JG","CLW","06-23-2025",NA,77,64,4621,"control","control_1941-1950",35.380629,-106.503529,"nem.cl",0
"1070","MSB:Fish:1132",1947,10,25,"MSB 1132-2","JAR8686F","JG","CW","06-23-2025",NA,73,62,3934,"control","control_1941-1950",35.380629,-106.503529,"nem.cl",0
"1071","MSB:Fish:1149",1939,2,26,"MSB 1149-1","JAR8871F","JG","GC","07-02-2025",NA,55,45,1360,"impact","impact_1931-1940",35.100259,-106.692107,"nem.cl",0
"1072","MSB:Fish:1149",1939,2,26,"MSB 1149-5","JAR8872F","EO","KL","07-02-2025",FALSE,76,57,3276,"impact","impact_1931-1940",35.100259,-106.692107,"nem.cl",0
"1073","MSB:Fish:1149",1939,2,26,"MSB 1149-3","JAR8875F","EO","EO KL","07-02-2025",NA,61,47,1795,"impact","impact_1931-1940",35.100259,-106.692107,"nem.cl",0
"1074","MSB:Fish:1149",1939,2,26,"MSB 1149-4","JAR8877F","JG","CW","07-02-2025",NA,57,45,1435,"impact","impact_1931-1940",35.100259,-106.692107,"nem.cl",0
"1075","MSB:Fish:1149",1939,2,26,"MSB 1149-2","JAR8873F","JG","GC","07-02-2025",FALSE,64,52,2298,"impact","impact_1931-1940",35.100259,-106.692107,"nem.cl",0
"1076","MSB:Fish:1150",1939,6,9,"MSB 1150-3","JAR8712F","BP","CW","06-24-2025",FALSE,71,54,4462,"impact","impact_1931-1940",34.906619,-106.685289,"nem.cl",0
"1077","MSB:Fish:1150",1939,6,9,"MSB 1150-1","JAR8708F","BP","KL","06-24-2025",NA,63,50,2550,"impact","impact_1931-1940",34.906619,-106.685289,"nem.cl",0
"1078","MSB:Fish:1150",1939,6,9,"MSB 1150-2","JAR8714F","JG","CLW","06-24-2025",FALSE,72,61,4536,"impact","impact_1931-1940",34.906619,-106.685289,"nem.cl",0
"1079","MSB:Fish:1150",1939,6,9,"MSB 1150-5","JAR8710F","BP","CW","06-24-2025",FALSE,60,49,2576,"impact","impact_1931-1940",34.906619,-106.685289,"nem.cl",0
"1080","MSB:Fish:1150",1939,6,9,"MSB 1150-4","JAR8716F","JG","KL","06-24-2025",FALSE,65,53,3213,"impact","impact_1931-1940",34.906619,-106.685289,"nem.cl",0
"1081","MSB:Fish:1154",1949,10,21,"MSB 1154-4","JAR8770F","EO","CW","06-30-2025",NA,54,43,1207,"impact","impact_1941-1950",34.929201,-106.681499,"nem.cl",0
"1082","MSB:Fish:1154",1949,10,21,"MSB 1154-2","JAR8773F","EO","KL","06-30-2025",FALSE,66,52,2229,"impact","impact_1941-1950",34.929201,-106.681499,"nem.cl",0
"1083","MSB:Fish:1154",1949,10,21,"MSB 1154-3","JAR8768","BP","BP","06-30-2025",NA,60,48,1790,"impact","impact_1941-1950",34.929201,-106.681499,"nem.cl",0
"1084","MSB:Fish:1154",1949,10,21,"MSB 1154-5","JAR8772F","BP","BP","06-30-2025",FALSE,44,34,644,"impact","impact_1941-1950",34.929201,-106.681499,"nem.cl",0
"1085","MSB:Fish:1154",1949,10,21,"MSB 1154-1","JAR8771F","BP","EO GC CW","06-30-2025",NA,65,51,2430,"impact","impact_1941-1950",34.929201,-106.681499,"nem.cl",0
"1086","MSB:Fish:1155",1943,6,23,"MSB 1155-3","JAR8685F","BP","CW","06-23-2025",NA,69,56,3145,"control","control_1941-1950",35.322418,-106.557971,"nem.cl",0
"1087","MSB:Fish:1155",1943,6,23,"MSB 1155-4","JAR8683F","EO","BP KL","06-23-2025",FALSE,54,45,1684,"control","control_1941-1950",35.322418,-106.557971,"nem.cl",0
"1088","MSB:Fish:1155",2943,6,23,"MSB1155-1","JAR8679F","BP","BP CW KL","06-23-2025",NA,62,50,2170,"control","control_1941-1950",35.322418,-106.557971,"nem.cl",0
"1089","MSB:Fish:1155",1943,6,23,"MSB 1155-5","JAR8687F","EO","KL","06-23-2025",NA,53,45,1706,"control","control_1941-1950",35.322418,-106.557971,"nem.cl",0
"1090","MSB:Fish:1155",1943,6,23,"MSB 1155-2","JAR8681F","EO","KL","06-23-2025",NA,63,50,2536,"control","control_1941-1950",35.322418,-106.557971,"nem.cl",0
"1091","MSB:Fish:1160",1939,1,28,"MSB 1160-3","JAR8784F","JG","CW","07-01-2025",NA,51,42,1253,"impact","impact_1931-1940",35.100259,-106.692107,"nem.cl",0
"1092","MSB:Fish:1160",1939,1,28,"MSB 1160-2","JAR8779","JG","EO GC","07-01-2025",NA,48,38,800,"impact","impact_1931-1940",35.100259,-106.692107,"nem.cl",0
"1093","MSB:Fish:1160",1939,1,28,"MSB 1160-1","JAR8781F","JG","GC","07-01-2025",NA,51,43,1112,"impact","impact_1931-1940",35.100259,-106.692107,"nem.cl",0
"1094","MSB:Fish:1160",1939,1,28,"MSB 1160-4","JAR8780F","JG","GC","07-01-2025",FALSE,50,41,1020,"impact","impact_1931-1940",35.100259,-106.692107,"nem.cl",0
"1095","MSB:Fish:1160",1939,1,28,"MSB 1160-5","JAR8782F","EO","GC","07-01-2025",NA,51,40,1021,"impact","impact_1931-1940",35.100259,-106.692107,"nem.cl",0
"1096","MSB:Fish:19389",1994,5,27,"MSB 19389-1","JAR8874F","JG","JG","07-02-2025",FALSE,56,44,1941,"control","control_1991-2000",35.322164,-106.557448,"nem.cl",0
"1097","MSB:Fish:19389",1994,5,27,"MSB 19389-2","JAR8862F","EO","KL","07-02-2025",NA,52,40,1391,"control","control_1991-2000",35.322164,-106.557448,"nem.cl",0
"1098","MSB:Fish:19389",1994,5,27,"MSB 19389-5","JAR8878F","BP","CW","07-02-2025",NA,44,35,909,"control","control_1991-2000",35.322164,-106.557448,"nem.cl",0
"1099","MSB:Fish:19389",1994,5,27,"MSB 19389-4","JAR8858F","EO","GC","07-02-2025",NA,48,38,1096,"control","control_1991-2000",35.322164,-106.557448,"nem.cl",0
"1100","MSB:Fish:19389",1994,5,27,"MSB 19389-3","JAR8876F","JG","KL","07-02-2025",FALSE,55,46,2190,"control","control_1991-2000",35.322164,-106.557448,"nem.cl",0
"1101","MSB:Fish:19537",1994,9,16,"MSB 19537-3","JAR8635F","EO","CLW","06-20-2025",NA,59,46,1370,"impact","impact_1991-2000",34.85683333,-106.7208056,"nem.cl",0
"1102","MSB:Fish:19537",1994,9,16,"MSB 19537-2","JAR8664F","EO","CW","06-16-2025",NA,58,46,1650,"impact","impact_1991-2000",34.85683333,-106.7208056,"nem.cl",0
"1103","MSB:Fish:19537",1994,9,16,"MSB 19537-1","JAR8632F","JG","KL","06-16-2025",NA,54,48,1824,"impact","impact_1991-2000",34.85683333,-106.7208056,"nem.cl",0
"1104","MSB:Fish:19537",1994,9,16,"MSB 19537-4","JAR8638F","JG","CLW","06-16-2025",NA,53,44,1183,"impact","impact_1991-2000",34.85683333,-106.7208056,"nem.cl",0
"1105","MSB:Fish:19537",1994,9,16,"MSB 19537-5","JAR8637F","EO","CW","06-16-2025",NA,47,38,760,"impact","impact_1991-2000",34.85683333,-106.7208056,"nem.cl",0
"1106","MSB:Fish:19688",1994,10,10,"MSB 19688-2","JAR8863F","BP","JG CW","07-02-2025",NA,57,44,1805,"impact","impact_1991-2000",34.85683333,-106.7208056,"nem.cl",0
"1107","MSB:Fish:19688",1994,10,10,"MSB 19688-4","JAR8867F","BP","CW","07-02-2025",NA,58,46,1810,"impact","impact_1991-2000",34.85683333,-106.7208056,"nem.cl",0
"1108","MSB:Fish:19688",1994,10,10,"MSB 19688-5","JAR8869F","BP","KL","07-02-2025",NA,48,38,993,"impact","impact_1991-2000",34.85683333,-106.7208056,"nem.cl",0
"1109","MSB:Fish:19688",1994,10,10,"MSB 19688-1","JAR8886F","BP","JG CW","07-02-2025",NA,65,51,2667,"impact","impact_1991-2000",34.85683333,-106.7208056,"nem.cl",0
"1110","MSB:Fish:19688",1994,10,10,"MSB 19688-3","JAR8865F","BP","KL","07-02-2025",FALSE,56,45,2032,"impact","impact_1991-2000",34.85683333,-106.7208056,"nem.cl",0
"1111","MSB:Fish:20390",1994,8,11,"MSB 20390-2","JAR8881F","JG","GC","07-02-2025",NA,40,36,923,"impact","impact_1991-2000",34.85683333,-106.7208056,"nem.cl",0
"1112","MSB:Fish:20390",1994,8,11,"MSB 20390-3","JAR8880F","JG","EO","07-02-2025",NA,41,33,528,"impact","impact_1991-2000",34.85683333,-106.7208056,"nem.cl",0
"1113","MSB:Fish:20390",1994,8,11,"MSB 20390-1","JAR8883F","JG","JG","07-02-2025",NA,53,41,1467,"impact","impact_1991-2000",34.85683333,-106.7208056,"nem.cl",0
"1114","MSB:Fish:20390",1994,8,11,"MSB 20390-4","JAR8882F","JG","BP","07-02-2025",NA,49,38,968,"impact","impact_1991-2000",34.85683333,-106.7208056,"nem.cl",0
"1115","MSB:Fish:20390",1994,8,11,"MSB 20390-5","JAR8884F","JG","CW","07-02-2025",NA,49,40,1145,"impact","impact_1991-2000",34.85683333,-106.7208056,"nem.cl",0
"1116","MSB:Fish:20526",1994,7,27,"MSB 20526-5","JAR8666F","EO","CW","06-20-2025",NA,37,29,510,"impact","impact_1991-2000",34.905272,-106.685564,"nem.cl",0
"1117","MSB:Fish:20526",1994,7,27,"MSB 20526-4","JAR8669F","BP","CLW","06-20-2025",NA,34,26,375,"impact","impact_1991-2000",34.905272,-106.685564,"nem.cl",0
"1118","MSB:Fish:20526",1994,7,27,"MSB 20526-2","JAR8665F","BP","CW","06-20-2025",NA,37,29,507,"impact","impact_1991-2000",34.905272,-106.685564,"nem.cl",0
"1119","MSB:Fish:20526",1994,7,27,"MSB 20526-3","JAR8667F","EO","CLW","06-20-2025",NA,38,30,599,"impact","impact_1991-2000",34.905272,-106.685564,"nem.cl",0
"1120","MSB:Fish:20526",1994,7,27,"MSB 20526-1","JAR8647F","EO","KL","06-20-2025",NA,53,44,1498,"impact","impact_1991-2000",34.905272,-106.685564,"nem.cl",0
"1121","MSB:Fish:25010",1995,8,2,"MSB 25010-2","JAR8650F","JG","KL","06-16-2025",NA,37,30,475,"control","control_1991-2000",35.28302778,-106.5981389,"nem.cl",0
"1122","MSB:Fish:25010",1995,8,2,"MSB 25010-3","JAR8649F","EO","KL","06-16-2025",NA,39,31,531,"control","control_1991-2000",35.28302778,-106.5981389,"nem.cl",0
"1123","MSB:Fish:25010",1995,8,2,"MSB 25010-4","JAR8652F","JG","JG CLW","06-16-2025",NA,35,28,503,"control","control_1991-2000",35.28302778,-106.5981389,"nem.cl",0
"1124","MSB:Fish:25010",1995,8,2,"MSB 25010-1","JAR8629F","EO","CW","06-16-2025",NA,43,32,743,"control","control_1991-2000",35.28302778,-106.5981389,"nem.cl",0
"1125","MSB:Fish:25010",1995,8,2,"MSB 25010-5","JAR8651F","EO","KL","06-16-2025",NA,38,30,494,"control","control_1991-2000",35.28302778,-106.5981389,"nem.cl",0
"1126","MSB:Fish:25023",1995,8,2,"MSB 25023-3","JAR8723F","EO","CW","06-25-2025",NA,38,29,422,"impact","impact_1991-2000",35.089293,-106.680842,"nem.cl",0
"1127","MSB:Fish:25023",1995,8,2,"MSB 25023-5","JAR8719F","EO","KL","06-25-2025",NA,40,31,571,"impact","impact_1991-2000",35.089293,-106.680842,"nem.cl",0
"1128","MSB:Fish:25023",1995,8,2,"MSB 25023-1","JAR8720F","EO","JG EO KL","06-25-2025",NA,39,30,586,"impact","impact_1991-2000",35.089293,-106.680842,"nem.cl",0
"1129","MSB:Fish:25023",1995,8,2,"MSB 25023-2","JAR8725F","EO","KL","06-25-2025",NA,36,29,560,"impact","impact_1991-2000",35.089293,-106.680842,"nem.cl",0
"1130","MSB:Fish:25023",1995,8,2,"MSB 25023-4","JAR8721F","EO","CW","06-25-2025",NA,37,29,524,"impact","impact_1991-2000",35.089293,-106.680842,"nem.cl",0
"1131","MSB:Fish:30075",1996,4,10,"MSB 30075-4","JAR8775F","EO","GC","06-30-2025",NA,63,49,2305,"impact","impact_1991-2000",35.13539167,-106.6684167,"nem.cl",0
"1132","MSB:Fish:30075",1996,4,10,"MSB 30075-5","JAR8776","EO","EO KL ","06-30-2025",FALSE,68,54,3090,"impact","impact_1991-2000",35.13539167,-106.6684167,"nem.cl",0
"1133","MSB:Fish:30075",1996,4,10,"MSB 30075-3","JAR8774F","JG","GC","06-30-2025",NA,57,46,1641,"impact","impact_1991-2000",35.13539167,-106.6684167,"nem.cl",0
"1134","MSB:Fish:30075",1996,4,10,"MSB 30075-1","JAR8777F","JG","KL","06-30-2025",FALSE,55,45,1416,"impact","impact_1991-2000",35.13539167,-106.6684167,"nem.cl",0
"1135","MSB:Fish:30075",1996,4,10,"MSB 30075-2","JAR8778F","EO","CW","06-30-2025",NA,70,57,3072,"impact","impact_1991-2000",35.13539167,-106.6684167,"nem.cl",0
"1136","MSB:Fish:30282",1996,5,16,"MSB 30282-2","JAR8653F","EO","CW","06-23-2025",NA,64,50,2621,"control","control_1991-2000",35.322164,-106.557448,"nem.cl",0
"1137","MSB:Fish:30282",1996,5,16,"MSB 20282-5","JAR8655F","JG","CLW","06-23-2025",NA,72,59,3808,"control","control_1991-2000",35.322164,-106.557448,"nem.cl",0
"1138","MSB:Fish:30282",1996,5,16,"MSB 30282-1","JAR8654F","JG","CLW","06-23-2025",NA,58,49,2054,"control","control_1991-2000",35.322164,-106.557448,"nem.cl",0
"1139","MSB:Fish:30282",1996,5,16,"MSB 30282-3","JAR8656F","EO","KL","06-23-2025",NA,71,56,3863,"control","control_1991-2000",35.322164,-106.557448,"nem.cl",0
"1140","MSB:Fish:30282",1996,5,16,"MSB 30282-4","JAR8658F","BP","JG KL","06-23-2025",FALSE,58,46,1814,"control","control_1991-2000",35.322164,-106.557448,"nem.cl",0
"1141","MSB:Fish:30410",1996,6,28,"MSB 30410-2","JAR8742F","BP","CW","06-25-2025",FALSE,66,53,3676,"impact","impact_1991-2000",34.85683333,-106.7208056,"nem.cl",0
"1142","MSB:Fish:30410",1996,6,28,"MSB 30410-3","JAR8740F","BP","KL","06-25-2025",FALSE,74,59,4025,"impact","impact_1991-2000",34.85683333,-106.7208056,"nem.cl",0
"1143","MSB:Fish:30410",1996,6,28,"MSB 30410-5","JAR8743F","BP","BP CW ","06-25-2025",NA,69,58,2424,"impact","impact_1991-2000",34.85683333,-106.7208056,"nem.cl",0
"1144","MSB:Fish:30410",1996,6,28,"MSB 30410-1","JAR8736F","BP","CLW","06-25-2025",FALSE,72,59,NA,"impact","impact_1991-2000",34.85683333,-106.7208056,"nem.cl",0
"1145","MSB:Fish:30410",1996,6,28,"MSB 30410-4","JAR8738F","JG","CLW","06-25-2025",FALSE,75,61,4376,"impact","impact_1991-2000",34.85683333,-106.7208056,"nem.cl",0
"1146","MSB:Fish:30810",1996,2,7,"MSB 30810-3","JAR8737F","EO","KL","06-25-2026",FALSE,55,43,1306,"impact","impact_1991-2000",35.089293,-106.680842,"nem.cl",0
"1147","MSB:Fish:30810",1996,2,7,"MSB 30810-2","JAR8735F","BP","JG KL","06-25-2025",FALSE,59,48,1673,"impact","impact_1991-2000",35.089293,-106.680842,"nem.cl",0
"1148","MSB:Fish:30810",1996,2,7,"MSB 30810-4","JAR8739F","BP","CW","06-25-2026",NA,66,52,2148,"impact","impact_1991-2000",35.089293,-106.680842,"nem.cl",0
"1149","MSB:Fish:30810",1996,2,7,"MSB 30910-1","JAR8734F","EO","CW","06-25-2025",NA,68,54,2437,"impact","impact_1991-2000",35.089293,-106.680842,"nem.cl",0
"1150","MSB:Fish:30810",1996,2,7,"MSB 30810-5","JAR8741F","BP","CW","06-25-2025",NA,63,52,2142,"impact","impact_1991-2000",35.089293,-106.680842,"nem.cl",0
"1151","MSB:Fish:39103",1997,10,15,"MSB 39103-1","JAR8670F","BP","JG KL","06-23-2025",NA,57,53,2560,"control","control_1991-2000",35.28302778,-106.5981389,"nem.cl",0
"1152","MSB:Fish:39103",1997,10,15,"MSB 39103-3","JAR8675F","BP","KL","06-23-2025",NA,61,47,2132,"control","control_1991-2000",35.28302778,-106.5981389,"nem.cl",0
"1153","MSB:Fish:39103",1997,10,15,"MSB 39103-5","JAR8678F","EO","CW","06-23-2025",NA,60,47,2006,"control","control_1991-2000",35.28302778,-106.5981389,"nem.cl",0
"1154","MSB:Fish:39103",2997,10,15,"MSB 39103-4","JAR8676F","EO","EO CLW","06-23-2025",NA,69,54,3110,"control","control_1991-2000",35.28302778,-106.5981389,"nem.cl",0
"1155","MSB:Fish:39103",1997,10,15,"MSB 39103-2","JAR8677F","JG","KL","06-23-2025",NA,69,56,3012,"control","control_1991-2000",35.28302778,-106.5981389,"nem.cl",0
"1156","MSB:Fish:3966",1977,9,28,"MSB 3966-5","JAR8879F","JG","CW","07-02-2025",NA,51,41,1353,"impact","impact_1971-1980",35.134883,-106.690838,"nem.cl",0
"1157","MSB:Fish:3966",1977,9,28,"MSB 3966-3","JAR8894F","JG","GC","07-02-2025",NA,50,39,1164,"impact","impact_1971-1980",35.134883,-106.690838,"nem.cl",0
"1158","MSB:Fish:3966",1977,9,28,"MSB 3966-1","JAR8888F","JG","KL","07-02-2025",NA,55,44,1530,"impact","impact_1971-1980",35.134883,-106.690838,"nem.cl",0
"1159","MSB:Fish:3966",1977,9,28,"MSB 3966-4","JAR8885F","JG","GC","07-02-2025",NA,57,47,2076,"impact","impact_1971-1980",35.134883,-106.690838,"nem.cl",0
"1160","MSB:Fish:3966",1977,9,28,"MSB 3966-2","JAR8892F","JG","CW","07-02-2025",NA,38,30,477,"impact","impact_1971-1980",35.134883,-106.690838,"nem.cl",0
"1161","MSB:Fish:4096",1978,9,5,"MSB 4096-1","JAR8718F","BP","KL","06-24-2025",NA,44,36,1043,"impact","impact_1971-1980",35.10625,-106.692633,"nem.cl",0
"1162","MSB:Fish:4096",1978,9,5,"MSB 4096-5","JAR8715F","BP","KL","06-24-2025",NA,41,33,774,"impact","impact_1971-1980",35.10625,-106.692633,"nem.cl",0
"1163","MSB:Fish:4096",1978,9,5,"MSB 4096-3","JAR8713F","BP","EO CW","06-24-2025",FALSE,49,39,1118,"impact","impact_1971-1980",35.10625,-106.692633,"nem.cl",0
"1164","MSB:Fish:4096",1978,9,5,"MSB 4096-4","JAR8717F","EO","CW","06-24-2025",NA,45,35,856,"impact","impact_1971-1980",35.10625,-106.692633,"nem.cl",0
"1165","MSB:Fish:4096",1978,9,5,"MSB 4096-2","JAR8711F","EO","CW","06-24-2025",NA,44,34,903,"impact","impact_1971-1980",35.10625,-106.692633,"nem.cl",0
"1166","MSB:Fish:4161",1977,8,5,"MSB 4161-3","JAR8700F","BP","CW","06-24-2025",NA,39,29,511,"impact","impact_1971-1980",34.905272,-106.685564,"nem.cl",0
"1167","MSB:Fish:4161",1977,8,5,"MSB 4161-4","JAR8702F","JG","CLW","06-24-2025",NA,41,31,632,"impact","impact_1971-1980",34.905272,-106.685564,"nem.cl",0
"1168","MSB:Fish:4161",1977,8,5,"MSB 4161-5","JAR8703F","JG","CLW","06-24-2025",NA,36,29,444,"impact","impact_1971-1980",34.905272,-106.685564,"nem.cl",0
"1169","MSB:Fish:4161",1977,8,5,"MSB 4161-1","JAR8696F","JG","KL","06-24-2025",NA,53,43,1166,"impact","impact_1971-1980",34.905272,-106.685564,"nem.cl",0
"1170","MSB:Fish:4161",1977,8,5,"MSB 4161-2","JAR8698F","JG","JG KL","06-24-2025",NA,44,35,753,"impact","impact_1971-1980",34.905272,-106.685564,"nem.cl",0
"1171","MSB:Fish:4206",1978,9,8,"MSB 4206-3","JAR8847F","EO","KL","07-01-2025",NA,39,30,567,"control","control_1971-1980",35.256141,-106.596281,"nem.cl",0
"1172","MSB:Fish:4206",1978,9,8,"MSB 4206-1","JAR8848F","EO","JG KL","07-01-2025",NA,43,33,739,"control","control_1971-1980",35.256141,-106.596281,"nem.cl",0
"1173","MSB:Fish:4206",1978,9,8,"MSB 4206-4","JAR8852F","EO","GC","07-01-2025",NA,37,29,503,"control","control_1971-1980",35.256141,-106.596281,"nem.cl",0
"1174","MSB:Fish:4206",1978,9,8,"MSB 4206-2","JAR8850F","EO","CW","07-01-2025",NA,40,31,665,"control","control_1971-1980",35.256141,-106.596281,"nem.cl",0
"1175","MSB:Fish:4206",1978,9,8,"MSB 4206-5","JAR8854F","EO","JG KL","07-01-2025",NA,36,29,433,"control","control_1971-1980",35.256141,-106.596281,"nem.cl",0
"1176","MSB:Fish:43490",1999,10,11,"MSB 43490-1","JAR8745F","BP","CW","06-26-2025",NA,72,57,3244,"control","control_1991-2000",35.28302778,-106.5981389,"nem.cl",0
"1177","MSB:Fish:43490",1999,10,11,"MSB 43490-3","JAR8749F","BP","CLW","06-26-2025",FALSE,61,49,2200,"control","control_1991-2000",35.28302778,-106.5981389,"nem.cl",0
"1178","MSB:Fish:43490",1999,10,11,"MSB 43490-5","JAR8746F","BP","CLW","06-26-2025",FALSE,60,51,2094,"control","control_1991-2000",35.28302778,-106.5981389,"nem.cl",0
"1179","MSB:Fish:43490",1999,10,11,"MSB 43490-2","JAR8747F","JG","CLW","06-26-2025",NA,61,55,2713,"control","control_1991-2000",35.28302778,-106.5981389,"nem.cl",0
"1180","MSB:Fish:43490",1999,10,11,"MSB 43490-4","JAR8744F","JG","EO CLW","06-26-2025",FALSE,67,54,2031,"control","control_1991-2000",35.28302778,-106.5981389,"nem.cl",0
"1181","MSB:Fish:4384",1978,9,23,"MSB 4384-3","JAR8748F","BP","KL","06-30-2025",FALSE,55,44,1919,"impact","impact_1971-1980",34.905272,-106.685564,"nem.cl",0
"1182","MSB:Fish:4384",1978,9,23,"MSB 4384-4","JAR8752F","EO","GC","06-30-2025",NA,63,49,2458,"impact","impact_1971-1980",34.905272,-106.685564,"nem.cl",0
"1183","MSB:Fish:4384",1978,9,23,"MSB 4384-2","JAR8757F","EO","CW","06-30-2025",NA,64,49,2390,"impact","impact_1971-1980",34.905272,-106.685564,"nem.cl",0
"1184","MSB:Fish:4384",1978,9,23,"MSB 4384-1","JAR8750F","BP","CW","06-30-2025",NA,67,55,3024,"impact","impact_1971-1980",34.905272,-106.685564,"nem.cl",0
"1185","MSB:Fish:4384",1978,9,23,"MSB 4384-5","JAR8756F","BP","KL","06-30-2025",NA,63,51,2594,"impact","impact_1971-1980",34.905272,-106.685564,"nem.cl",0
"1186","MSB:Fish:4423",1978,8,3,"MSB 4423-4","JAR8724F","BP","KL","06-30-2025",NA,44,36,880,"impact","impact_1971-1980",34.905272,-106.685564,"nem.cl",0
"1187","MSB:Fish:4423",1978,8,3,"MSB 4423-1","JAR8758F","EO","GC","06-30-2025",NA,46,37,1128,"impact","impact_1971-1980",34.905272,-106.685564,"nem.cl",0
"1188","MSB:Fish:4423",1978,8,3,"MSB 4423-2","JAR8754F","BP","CW","06-30-2025",NA,49,38,1164,"impact","impact_1971-1980",34.905272,-106.685564,"nem.cl",0
"1189","MSB:Fish:4423",1978,8,3,"MSB 4423-5","JAR8751F","EO","CW","06-30-2025",NA,42,33,832,"impact","impact_1971-1980",34.905272,-106.685564,"nem.cl",0
"1190","MSB:Fish:4423",1978,8,3,"MSB 4423-3","JAR8726F","EO","KL","06-30-2025",NA,47,37,1155,"impact","impact_1971-1980",34.905272,-106.685564,"nem.cl",0
"1191","MSB:Fish:4432",1978,9,8,"MSB 4432-3","JAR8727F","BP","CW","06-30-2025",NA,39,31,570,"control","control_1971-1980",35.239638,-106.587548,"nem.cl",0
"1192","MSB:Fish:4432",1978,9,8,"MSB 4432-1","JAR8759F","BP","JG","06-30-2025",NA,39,30,568,"control","control_1971-1980",35.239638,-106.587548,"nem.cl",0
"1193","MSB:Fish:4432",1978,9,8,"MSB 4432-5","JAR8753F","BP","JG GC","06-30-2025",NA,35,26,360,"control","control_1971-1980",35.239638,-106.587548,"nem.cl",0
"1194","MSB:Fish:4432",1978,9,8,"MSB 4432-4","JAR8729F","EO","CW","06-30-2025",NA,39,29,548,"control","control_1971-1980",35.239638,-106.587548,"nem.cl",0
"1195","MSB:Fish:4432",1978,9,8,"MSB 4432-2","JAR8722F","EO","EO GC","06-30-2025",NA,52,42,1431,"control","control_1971-1980",35.239638,-106.587548,"nem.cl",0
"1196","MSB:Fish:4487",1978,9,29,"MSB 4487-1","JAR8887F","EO","GC","07-03-2025",NA,47,37,1143,"control","control_1971-1980",35.383856,-106.490929,"nem.cl",0
"1197","MSB:Fish:4487",1978,9,29,"MSB 4487-5","JAR8890F","EO","JG GC","07-03-2025",NA,38,30,543,"control","control_1971-1980",35.383856,-106.490929,"nem.cl",0
"1198","MSB:Fish:4487",1978,9,29,"MSB 4487-3","JAR8889F","EO","KL","07-03-2025",NA,46,35,1166,"control","control_1971-1980",35.383856,-106.490929,"nem.cl",0
"1199","MSB:Fish:4487",1978,9,29,"MSB 4487-4","JAR8891F","BP","GC","07-03-2025",NA,36,27,481,"control","control_1971-1980",35.383856,-106.490929,"nem.cl",0
"1200","MSB:Fish:4487",1978,9,29,"MSB 4487-2","JAR8893F","BP","GC","07-03-2025",NA,49,38,1354,"control","control_1971-1980",35.383856,-106.490929,"nem.cl",0
"1201","MSB:Fish:4984",1978,9,5,"MSB 4984-3","JAR8640F","EO","CLW","06-23-2025",NA,38,29,504,"impact","impact_1971-1980",35.196977,-106.642444,"nem.cl",0
"1202","MSB:Fish:4984",1978,9,5,"MSB 4984-4","JAR8642F","JG","KL","06-23-2025",NA,32,25,338,"impact","impact_1971-1980",35.196977,-106.642444,"nem.cl",0
"1203","MSB:Fish:4984",1978,9,5,"MSB 4984-5","JAR8644F","BP","CW","06-23-2025",NA,32,24,341,"impact","impact_1971-1980",35.196977,-106.642444,"nem.cl",0
"1204","MSB:Fish:4984",1978,9,5,"MSB 4984-2","JAR8662F","BP","CLW","06-23-2025",NA,38,30,541,"impact","impact_1971-1980",35.196977,-106.642444,"nem.cl",0
"1205","MSB:Fish:4984",1978,9,5,"MSB 4984-1","JAR8660F","EO","CLW","06-23-2025",NA,39,30,621,"impact","impact_1971-1980",35.196977,-106.642444,"nem.cl",0
"1206","MSB:Fish:4987",1977,7,6,"MSB 4987-5","JAR8788F","JG","GC","07-01-2025",NA,40,33,672,"control","control_1971-1980",35.232431,-106.594272,"nem.cl",0
"1207","MSB:Fish:4987",1977,7,6,"MSB 4987-1","JAR8849F","JG","KL","07-01-2025",NA,52,40,1450,"control","control_1971-1980",35.232431,-106.594272,"nem.cl",0
"1208","MSB:Fish:4987",1977,7,6,"MSB 4987-3","JAR8851F","JG","KL","07-01-2025",NA,47,37,1297,"control","control_1971-1980",35.232431,-106.594272,"nem.cl",0
"1209","MSB:Fish:4987",1977,7,6,"MSB 4987-2","JAR8790F","EO","JG KL","07-01-2025",NA,54,44,1436,"control","control_1971-1980",35.232431,-106.594272,"nem.cl",0
"1210","MSB:Fish:4987",1977,7,6,"MSB 4987-4","JAR8853F","EO","BP","07-01-2025",NA,47,37,1163,"control","control_1971-1980",35.232431,-106.594272,"nem.cl",0
"1211","MSB:Fish:49970",1994,5,5,"MSB 49970-1","JAR8641F","EO","CLW","06-20-2025",NA,66,52,2386,"control","control_1991-2000",35.28302778,-106.5981389,"nem.cl",0
"1212","MSB:Fish:49970",1994,5,5,"MSB 49970-5","JAR8646F","EO","EO KL","06-20-2025",NA,64,51,2231,"control","control_1991-2000",35.28302778,-106.5981389,"nem.cl",0
"1213","MSB:Fish:49970",1994,5,5,"MSB 49970-3","JAR8645F","EO","KL BP CW","06-20-2025",NA,69,55,2817,"control","control_1991-2000",35.28302778,-106.5981389,"nem.cl",0
"1214","MSB:Fish:49970",1994,5,5,"MSB 49970-4","JAR8648F","JG","KL","06-20-2025",FALSE,65,53,2749,"control","control_1991-2000",35.28302778,-106.5981389,"nem.cl",0
"1215","MSB:Fish:49970",1994,5,5,"MSB 49970-2","JAR8643F","JG","CW JG","06-20-2025",NA,63,52,2230,"control","control_1991-2000",35.28302778,-106.5981389,"nem.cl",0
"1216","MSB:Fish:5263",1986,8,12,"MSB 5263-1","JAR8856F","BP","GC","07-02-2025",NA,36,29,497,"control","control_1981-1990",35.28302778,-106.5981389,"nem.cl",0
"1217","MSB:Fish:5263",1986,8,12,"MSB 5263-4","JAR8857F","BP","KL","07-02-2025",NA,35,27,407,"control","control_1981-1990",35.28302778,-106.5981389,"nem.cl",0
"1218","MSB:Fish:5263",1986,8,12,"MSB 5263-2","JAR8861F","BP","CW","07-02-2025",NA,36,29,462,"control","control_1981-1990",35.28302778,-106.5981389,"nem.cl",0
"1219","MSB:Fish:5263",1986,8,12,"MSB 5263-3","JAR8855F","BP","CW","07-02-2025",NA,35,31,653,"control","control_1981-1990",35.28302778,-106.5981389,"nem.cl",0
"1220","MSB:Fish:5263",1986,8,12,"MSB 5263-5","JAR8859F","BP","BP EO","07-02-2025",NA,36,29,444,"control","control_1981-1990",35.28302778,-106.5981389,"nem.cl",0
"1221","MSB:Fish:5814",1987,9,10,"MSB 5814-1","JAR8631F","KL","KL","06-16-2025",NA,66,52,2223,"impact","impact_1981-1990",34.905272,-106.685564,"nem.cl",0
"1222","MSB:Fish:5814",1987,9,10,"MSB 5814-2","JAR8634F","JG","CW","06-17-2025",NA,55,47,1856,"impact","impact_1981-1990",34.905272,-106.685564,"nem.cl",0
"1223","MSB:Fish:5814",1987,9,10,"MSB 5814-3","JAR8630F","EO","CLW CW","06-18-2025",NA,67,52,2759,"impact","impact_1981-1990",34.905272,-106.685564,"nem.cl",0
"1224","MSB:Fish:5814",1987,9,10,"MSB 5814-5","JAR8636F","JG","KL","06-19-2025",NA,85,68,5700,"impact","impact_1981-1990",34.905272,-106.685564,"nem.cl",0
"1225","MSB:Fish:5814",1987,9,10,"MSB 5814-4","JAR8633F","EO","KL","06-16-2025",NA,52,41,1282,"impact","impact_1981-1990",34.905272,-106.685564,"nem.cl",0
"1226","MSB:Fish:5825",1987,9,10,"MSB 5825-4","JAR8663F","BP","EO CW","06-18-2025",NA,63,49,2591,"impact","impact_1981-1990",34.875039,-106.717581,"nem.cl",0
"1227","MSB:Fish:5825",1987,9,10,"MSB 5825-3","JAR8661F","BP","CLW KL","06-18-2025",NA,77,62,4671,"impact","impact_1981-1990",34.875039,-106.717581,"nem.cl",0
"1228","MSB:Fish:5825",1987,9,10,"MSB 5825-5","JAR8639F","BP","CW","06-18-2025",NA,52,42,1542,"impact","impact_1981-1990",34.875039,-106.717581,"nem.cl",0
"1229","MSB:Fish:5825",1987,9,10,"MSB 5825-2","JAR8659F","BP","CW","06-18-2025",NA,54,42,1606,"impact","impact_1981-1990",34.875039,-106.717581,"nem.cl",0
"1230","MSB:Fish:5825",1987,9,10,"MSB 5825-1","JAR8657F","BP","BP KL","06-18-2025",FALSE,59,47,2305,"impact","impact_1981-1990",34.875039,-106.717581,"nem.cl",0
"1231","MSB:Fish:68463",1984,8,15,"MSB 68463-1","JAR8864F","BP","GC","07-02-2025",NA,37,30,505,"impact","impact_1981-1990",35.089293,-106.680842,"nem.cl",0
"1232","MSB:Fish:68463",1984,8,15,"MSB 68463-4","JAR8870F","BP","CW","07-02-2025",NA,42,34,485,"impact","impact_1981-1990",35.089293,-106.680842,"nem.cl",0
"1233","MSB:Fish:68463",1984,8,15,"MSB 68463-3","JAR8868F","BP","CW","07-02-2025",NA,36,27,313,"impact","impact_1981-1990",35.089293,-106.680842,"nem.cl",0
"1234","MSB:Fish:68463",1984,8,15,"MSB 68463-5","JAR8860F","BP","GC","07-02-2025",NA,35,27,398,"impact","impact_1981-1990",35.089293,-106.680842,"nem.cl",0
"1235","MSB:Fish:68463",1984,8,15,"MSB 68463-2","JAR8866F","BP","CW","07-02-2025",NA,48,37,950,"impact","impact_1981-1990",35.089293,-106.680842,"nem.cl",0
"1236","MSB:Fish:68501",1984,8,15,"MSB 68501-4","JAR8787F","JG","CW","07-01-2025",NA,79,64,4731,"control","control_1981-1990",35.225523,-106.597651,"nem.cl",0
"1237","MSB:Fish:68501",1984,8,15,"MSB 68501-3","JAR8785F","JG","KL","07-01-2025",NA,36,29,472,"control","control_1981-1990",35.225523,-106.597651,"nem.cl",0
"1238","MSB:Fish:68501",1984,8,15,"MSB 68501-5","JAR8789F","JG","CW","07-01-2025",NA,72,60,3973,"control","control_1981-1990",35.225523,-106.597651,"nem.cl",0
"1239","MSB:Fish:68501",1984,8,15,"MSB 68501-2","JAR8783F","JG","KL","07-01-2025",NA,37,29,513,"control","control_1981-1990",35.225523,-106.597651,"nem.cl",0
"1240","MSB:Fish:68501",1984,8,15,"MSB 68501-1","JAR8786F","JG","GC","07-01-2025",NA,35,26,349,"control","control_1981-1990",35.225523,-106.597651,"nem.cl",0
"1241","MSB:Fish:68513",1984,8,16,"MSB 68513-4","JAR8896F","EO","CW","07-03-2025",NA,41,32,638,"control","control_1981-1990",35.211416,-106.612833,"nem.cl",0
"1242","MSB:Fish:68513",1984,8,16,"MSB 68513-2","JAR8897F","EO","KL","07-03-2025",NA,47,36,941,"control","control_1981-1990",35.211416,-106.612833,"nem.cl",0
"1243","MSB:Fish:68513",1984,8,16,"MSB 68513-1","JAR8895F","BP","GC","07-03-2025",NA,44,34,769,"control","control_1981-1990",35.211416,-106.612833,"nem.cl",0
"1244","MSB:Fish:68513",1984,8,16,"MSB 68513-5","JAR8901F","EO","BP","07-03-2025",NA,40,31,606,"control","control_1981-1990",35.211416,-106.612833,"nem.cl",0
"1245","MSB:Fish:68513",1984,8,16,"MSB 68513-3","JAR8899F","BP","CW","07-03-2025",NA,37,27,397,"control","control_1981-1990",35.211416,-106.612833,"nem.cl",0
"1246","MSB:Fish:68528",1984,8,16,"MSB 68528-1","JAR8731F","EO","KL","06-25-2025",NA,69,55,3206,"control","control_1981-1990",35.322164,-106.557448,"nem.cl",1
"1247","MSB:Fish:68528",1984,8,16,"MSB 68528-5","JAR8733F","BP","CLW","06-25-2025",NA,47,37,1014,"control","control_1981-1990",35.322164,-106.557448,"nem.cl",0
"1248","MSB:Fish:68528",1984,8,16,"MSB 68528-2","JAR8728F","EO","KL","06-25-2025",FALSE,72,57,2986,"control","control_1981-1990",35.322164,-106.557448,"nem.cl",0
"1249","MSB:Fish:68528",1984,8,16,"MSB 68528-3","JAR8732F","BP","JG CW","06-25-2025",NA,67,53,2767,"control","control_1981-1990",35.322164,-106.557448,"nem.cl",0
"1250","MSB:Fish:68528",1984,8,16,"MSB 68528-4","JAR8730F","EO","KL","06-25-2025",NA,68,55,2391,"control","control_1981-1990",35.322164,-106.557448,"nem.cl",0
"1251","MSB:Fish:7593",1988,5,25,"MSB 7593-2","JAR8705F","EO","JG CW","06-24-2025",NA,64,50,2324,"impact","impact_1981-1990",34.905272,-106.685564,"nem.cl",0
"1252","MSB:Fish:7593",1988,5,25,"MSB 7593-5","JAR8709F","BP","BP CLW","06-24-2025",NA,62,51,2400,"impact","impact_1981-1990",34.905272,-106.685564,"nem.cl",0
"1253","MSB:Fish:7593",1988,5,25,"MSB 7593-4","JAR8707F","EO","BP KL","06-24-2025",FALSE,61,48,1922,"impact","impact_1981-1990",34.905272,-106.685564,"nem.cl",0
"1254","MSB:Fish:7593",1988,5,25,"MSB 7593-3","JAR8706F","BP","BP KL","06-24-2025",FALSE,58,45,2248,"impact","impact_1981-1990",34.905272,-106.685564,"nem.cl",0
"1255","MSB:Fish:7593",1988,5,25,"MSB 7593-1","JAR8704F","BP","KL","06-24-2025",FALSE,64,50,3600,"impact","impact_1981-1990",34.905272,-106.685564,"nem.cl",0
"1256","MSB:Fish:7788",1988,5,25,"MSB 7788-2","JAR8769F","BP","KL","06-30-2025",NA,69,53,2804,"control","control_1981-1990",35.322164,-106.557448,"nem.cl",0
"1257","MSB:Fish:7788",2988,5,25,"MSB 7788-4","JAR8764F","BP","BP","06-30-2025",NA,56,45,1819,"control","control_1981-1990",35.322164,-106.557448,"nem.cl",0
"1258","MSB:Fish:7788",1988,5,25,"MSB 7788-3","JAR8767F","EO","KL","06-30-2025",NA,69,55,3017,"control","control_1981-1990",35.322164,-106.557448,"nem.cl",0
"1259","MSB:Fish:7788",1988,5,25,"MSB 7788-1","JAR8763F","EO","KL","06-30-2025",NA,64,51,2418,"control","control_1981-1990",35.322164,-106.557448,"nem.cl",0
"1260","MSB:Fish:7788",1988,5,25,"MSB 7788-5","JAR8762F","EO","KL","06-30-2025",NA,60,47,2139,"control","control_1981-1990",35.322164,-106.557448,"nem.cl",0
"1261","MSB:Fish:1129",1959,2,20,"MSB 1129-5","JAR8672F","JG","CW","06-20-2025",NA,40,32,383,"control","control_1951-1960",35.350556,-106.535497,"nem.unk",0
"1262","MSB:Fish:1129",1959,2,20,"MSB 1129-2","JAR8674F","EO","CLW","06-20-2025",NA,46,34,697,"control","control_1951-1960",35.350556,-106.535497,"nem.unk",0
"1263","MSB:Fish:1129",1959,2,20,"MSB 1129-1","JAR8668F","JG","KL","06-20-2025",NA,41,33,519,"control","control_1951-1960",35.350556,-106.535497,"nem.unk",0
"1264","MSB:Fish:1129",1959,2,20,"MSB 1129-4","JAR8671F","EO","JG KL","06-20-2025",NA,41,31,580,"control","control_1951-1960",35.350556,-106.535497,"nem.unk",0
"1265","MSB:Fish:1129",1959,2,20,"MSB 1129-3","JAR8673F","JG","CW","06-20-2025",NA,43,36,659,"control","control_1951-1960",35.350556,-106.535497,"nem.unk",0
"1266","MSB:Fish:1130",1949,10,29,"MSB 1130-5","JAR8701F","EO","KL","06-24-2025",NA,57,48,2022,"impact","impact_1941-1950",34.87537,-106.717837,"nem.unk",0
"1267","MSB:Fish:1130",1949,10,29,"MSB 1130-3","JAR8697F","JG","JG CW","06-24-2025",NA,61,49,1811,"impact","impact_1941-1950",34.87537,-106.717837,"nem.unk",0
"1268","MSB:Fish:1130",1949,10,29,"MSB 1130-4","JAR8699F","BP","CLW","06-24-2025",NA,62,47,2068,"impact","impact_1941-1950",34.87537,-106.717837,"nem.unk",0
"1269","MSB:Fish:1130",1949,10,29,"MSB 1130-1","JAR8690F","JG","JG KL","06-24-2025",FALSE,71,58,3286,"impact","impact_1941-1950",34.87537,-106.717837,"nem.unk",0
"1270","MSB:Fish:1130",1949,10,29,"MSB 1130-2","JAR8695F","BP","KL","06-24-2025",FALSE,68,54,3151,"impact","impact_1941-1950",34.87537,-106.717837,"nem.unk",0
"1271","MSB:Fish:1131",1959,2,24,"MSB 1131-5","JAR8682F","BP","KL","06-23-2025",NA,53,44,1289,"impact","impact_1951-1960",34.987044,-106.690293,"nem.unk",0
"1272","MSB:Fish:1131",1959,2,24,"MSB 1131-2","JAR8689F","EO","CW","06-23-2025",NA,60,47,1798,"impact","impact_1951-1960",34.987044,-106.690293,"nem.unk",0
"1273","MSB:Fish:1131",1959,2,24,"MSB 1131-3","JAR8693F","BP","CW","06-23-2025",FALSE,54,44,1280,"impact","impact_1951-1960",34.987044,-106.690293,"nem.unk",0
"1274","MSB:Fish:1131",1959,2,24,"MSB 1131-4","JAR8680F","EO","KL","06-23-2025",NA,52,43,1316,"impact","impact_1951-1960",34.987044,-106.690293,"nem.unk",0
"1275","MSB:Fish:1131",1959,2,24,"MSB 1131-2","JAR8691F","JG","CLW","06-23-2025",NA,63,51,1849,"impact","impact_1951-1960",34.987044,-106.690293,"nem.unk",0
"1276","MSB:Fish:1132",1947,10,25,"MSB 1132-1","JAR8684F","JG","CW","06-23-2025",NA,71,58,3310,"control","control_1941-1950",35.380629,-106.503529,"nem.unk",0
"1277","MSB:Fish:1132",1947,10,25,"MSB 1132-4","JAR8694F","JG","KL","06-23-2025",NA,63,54,2744,"control","control_1941-1950",35.380629,-106.503529,"nem.unk",0
"1278","MSB:Fish:1132",2947,10,25,"MSB 1132-5","JAR8692F","JG","CW","06-23-2025",NA,61,49,1975,"control","control_1941-1950",35.380629,-106.503529,"nem.unk",0
"1279","MSB:Fish:1132",1947,10,25,"MSB 1132-3","JAR8688F","JG","CLW","06-23-2025",NA,77,64,4621,"control","control_1941-1950",35.380629,-106.503529,"nem.unk",0
"1280","MSB:Fish:1132",1947,10,25,"MSB 1132-2","JAR8686F","JG","CW","06-23-2025",NA,73,62,3934,"control","control_1941-1950",35.380629,-106.503529,"nem.unk",0
"1281","MSB:Fish:1149",1939,2,26,"MSB 1149-1","JAR8871F","JG","GC","07-02-2025",NA,55,45,1360,"impact","impact_1931-1940",35.100259,-106.692107,"nem.unk",0
"1282","MSB:Fish:1149",1939,2,26,"MSB 1149-5","JAR8872F","EO","KL","07-02-2025",FALSE,76,57,3276,"impact","impact_1931-1940",35.100259,-106.692107,"nem.unk",0
"1283","MSB:Fish:1149",1939,2,26,"MSB 1149-3","JAR8875F","EO","EO KL","07-02-2025",NA,61,47,1795,"impact","impact_1931-1940",35.100259,-106.692107,"nem.unk",0
"1284","MSB:Fish:1149",1939,2,26,"MSB 1149-4","JAR8877F","JG","CW","07-02-2025",NA,57,45,1435,"impact","impact_1931-1940",35.100259,-106.692107,"nem.unk",0
"1285","MSB:Fish:1149",1939,2,26,"MSB 1149-2","JAR8873F","JG","GC","07-02-2025",FALSE,64,52,2298,"impact","impact_1931-1940",35.100259,-106.692107,"nem.unk",0
"1286","MSB:Fish:1150",1939,6,9,"MSB 1150-3","JAR8712F","BP","CW","06-24-2025",FALSE,71,54,4462,"impact","impact_1931-1940",34.906619,-106.685289,"nem.unk",0
"1287","MSB:Fish:1150",1939,6,9,"MSB 1150-1","JAR8708F","BP","KL","06-24-2025",NA,63,50,2550,"impact","impact_1931-1940",34.906619,-106.685289,"nem.unk",0
"1288","MSB:Fish:1150",1939,6,9,"MSB 1150-2","JAR8714F","JG","CLW","06-24-2025",FALSE,72,61,4536,"impact","impact_1931-1940",34.906619,-106.685289,"nem.unk",0
"1289","MSB:Fish:1150",1939,6,9,"MSB 1150-5","JAR8710F","BP","CW","06-24-2025",FALSE,60,49,2576,"impact","impact_1931-1940",34.906619,-106.685289,"nem.unk",0
"1290","MSB:Fish:1150",1939,6,9,"MSB 1150-4","JAR8716F","JG","KL","06-24-2025",FALSE,65,53,3213,"impact","impact_1931-1940",34.906619,-106.685289,"nem.unk",0
"1291","MSB:Fish:1154",1949,10,21,"MSB 1154-4","JAR8770F","EO","CW","06-30-2025",NA,54,43,1207,"impact","impact_1941-1950",34.929201,-106.681499,"nem.unk",0
"1292","MSB:Fish:1154",1949,10,21,"MSB 1154-2","JAR8773F","EO","KL","06-30-2025",FALSE,66,52,2229,"impact","impact_1941-1950",34.929201,-106.681499,"nem.unk",0
"1293","MSB:Fish:1154",1949,10,21,"MSB 1154-3","JAR8768","BP","BP","06-30-2025",NA,60,48,1790,"impact","impact_1941-1950",34.929201,-106.681499,"nem.unk",0
"1294","MSB:Fish:1154",1949,10,21,"MSB 1154-5","JAR8772F","BP","BP","06-30-2025",FALSE,44,34,644,"impact","impact_1941-1950",34.929201,-106.681499,"nem.unk",0
"1295","MSB:Fish:1154",1949,10,21,"MSB 1154-1","JAR8771F","BP","EO GC CW","06-30-2025",NA,65,51,2430,"impact","impact_1941-1950",34.929201,-106.681499,"nem.unk",0
"1296","MSB:Fish:1155",1943,6,23,"MSB 1155-3","JAR8685F","BP","CW","06-23-2025",NA,69,56,3145,"control","control_1941-1950",35.322418,-106.557971,"nem.unk",0
"1297","MSB:Fish:1155",1943,6,23,"MSB 1155-4","JAR8683F","EO","BP KL","06-23-2025",FALSE,54,45,1684,"control","control_1941-1950",35.322418,-106.557971,"nem.unk",0
"1298","MSB:Fish:1155",2943,6,23,"MSB1155-1","JAR8679F","BP","BP CW KL","06-23-2025",NA,62,50,2170,"control","control_1941-1950",35.322418,-106.557971,"nem.unk",0
"1299","MSB:Fish:1155",1943,6,23,"MSB 1155-5","JAR8687F","EO","KL","06-23-2025",NA,53,45,1706,"control","control_1941-1950",35.322418,-106.557971,"nem.unk",0
"1300","MSB:Fish:1155",1943,6,23,"MSB 1155-2","JAR8681F","EO","KL","06-23-2025",NA,63,50,2536,"control","control_1941-1950",35.322418,-106.557971,"nem.unk",0
"1301","MSB:Fish:1160",1939,1,28,"MSB 1160-3","JAR8784F","JG","CW","07-01-2025",NA,51,42,1253,"impact","impact_1931-1940",35.100259,-106.692107,"nem.unk",0
"1302","MSB:Fish:1160",1939,1,28,"MSB 1160-2","JAR8779","JG","EO GC","07-01-2025",NA,48,38,800,"impact","impact_1931-1940",35.100259,-106.692107,"nem.unk",0
"1303","MSB:Fish:1160",1939,1,28,"MSB 1160-1","JAR8781F","JG","GC","07-01-2025",NA,51,43,1112,"impact","impact_1931-1940",35.100259,-106.692107,"nem.unk",0
"1304","MSB:Fish:1160",1939,1,28,"MSB 1160-4","JAR8780F","JG","GC","07-01-2025",FALSE,50,41,1020,"impact","impact_1931-1940",35.100259,-106.692107,"nem.unk",0
"1305","MSB:Fish:1160",1939,1,28,"MSB 1160-5","JAR8782F","EO","GC","07-01-2025",NA,51,40,1021,"impact","impact_1931-1940",35.100259,-106.692107,"nem.unk",0
"1306","MSB:Fish:19389",1994,5,27,"MSB 19389-1","JAR8874F","JG","JG","07-02-2025",FALSE,56,44,1941,"control","control_1991-2000",35.322164,-106.557448,"nem.unk",0
"1307","MSB:Fish:19389",1994,5,27,"MSB 19389-2","JAR8862F","EO","KL","07-02-2025",NA,52,40,1391,"control","control_1991-2000",35.322164,-106.557448,"nem.unk",0
"1308","MSB:Fish:19389",1994,5,27,"MSB 19389-5","JAR8878F","BP","CW","07-02-2025",NA,44,35,909,"control","control_1991-2000",35.322164,-106.557448,"nem.unk",0
"1309","MSB:Fish:19389",1994,5,27,"MSB 19389-4","JAR8858F","EO","GC","07-02-2025",NA,48,38,1096,"control","control_1991-2000",35.322164,-106.557448,"nem.unk",0
"1310","MSB:Fish:19389",1994,5,27,"MSB 19389-3","JAR8876F","JG","KL","07-02-2025",FALSE,55,46,2190,"control","control_1991-2000",35.322164,-106.557448,"nem.unk",0
"1311","MSB:Fish:19537",1994,9,16,"MSB 19537-3","JAR8635F","EO","CLW","06-20-2025",NA,59,46,1370,"impact","impact_1991-2000",34.85683333,-106.7208056,"nem.unk",0
"1312","MSB:Fish:19537",1994,9,16,"MSB 19537-2","JAR8664F","EO","CW","06-16-2025",NA,58,46,1650,"impact","impact_1991-2000",34.85683333,-106.7208056,"nem.unk",0
"1313","MSB:Fish:19537",1994,9,16,"MSB 19537-1","JAR8632F","JG","KL","06-16-2025",NA,54,48,1824,"impact","impact_1991-2000",34.85683333,-106.7208056,"nem.unk",0
"1314","MSB:Fish:19537",1994,9,16,"MSB 19537-4","JAR8638F","JG","CLW","06-16-2025",NA,53,44,1183,"impact","impact_1991-2000",34.85683333,-106.7208056,"nem.unk",0
"1315","MSB:Fish:19537",1994,9,16,"MSB 19537-5","JAR8637F","EO","CW","06-16-2025",NA,47,38,760,"impact","impact_1991-2000",34.85683333,-106.7208056,"nem.unk",0
"1316","MSB:Fish:19688",1994,10,10,"MSB 19688-2","JAR8863F","BP","JG CW","07-02-2025",NA,57,44,1805,"impact","impact_1991-2000",34.85683333,-106.7208056,"nem.unk",0
"1317","MSB:Fish:19688",1994,10,10,"MSB 19688-4","JAR8867F","BP","CW","07-02-2025",NA,58,46,1810,"impact","impact_1991-2000",34.85683333,-106.7208056,"nem.unk",0
"1318","MSB:Fish:19688",1994,10,10,"MSB 19688-5","JAR8869F","BP","KL","07-02-2025",NA,48,38,993,"impact","impact_1991-2000",34.85683333,-106.7208056,"nem.unk",0
"1319","MSB:Fish:19688",1994,10,10,"MSB 19688-1","JAR8886F","BP","JG CW","07-02-2025",NA,65,51,2667,"impact","impact_1991-2000",34.85683333,-106.7208056,"nem.unk",0
"1320","MSB:Fish:19688",1994,10,10,"MSB 19688-3","JAR8865F","BP","KL","07-02-2025",FALSE,56,45,2032,"impact","impact_1991-2000",34.85683333,-106.7208056,"nem.unk",0
"1321","MSB:Fish:20390",1994,8,11,"MSB 20390-2","JAR8881F","JG","GC","07-02-2025",NA,40,36,923,"impact","impact_1991-2000",34.85683333,-106.7208056,"nem.unk",0
"1322","MSB:Fish:20390",1994,8,11,"MSB 20390-3","JAR8880F","JG","EO","07-02-2025",NA,41,33,528,"impact","impact_1991-2000",34.85683333,-106.7208056,"nem.unk",0
"1323","MSB:Fish:20390",1994,8,11,"MSB 20390-1","JAR8883F","JG","JG","07-02-2025",NA,53,41,1467,"impact","impact_1991-2000",34.85683333,-106.7208056,"nem.unk",0
"1324","MSB:Fish:20390",1994,8,11,"MSB 20390-4","JAR8882F","JG","BP","07-02-2025",NA,49,38,968,"impact","impact_1991-2000",34.85683333,-106.7208056,"nem.unk",0
"1325","MSB:Fish:20390",1994,8,11,"MSB 20390-5","JAR8884F","JG","CW","07-02-2025",NA,49,40,1145,"impact","impact_1991-2000",34.85683333,-106.7208056,"nem.unk",0
"1326","MSB:Fish:20526",1994,7,27,"MSB 20526-5","JAR8666F","EO","CW","06-20-2025",NA,37,29,510,"impact","impact_1991-2000",34.905272,-106.685564,"nem.unk",0
"1327","MSB:Fish:20526",1994,7,27,"MSB 20526-4","JAR8669F","BP","CLW","06-20-2025",NA,34,26,375,"impact","impact_1991-2000",34.905272,-106.685564,"nem.unk",0
"1328","MSB:Fish:20526",1994,7,27,"MSB 20526-2","JAR8665F","BP","CW","06-20-2025",NA,37,29,507,"impact","impact_1991-2000",34.905272,-106.685564,"nem.unk",0
"1329","MSB:Fish:20526",1994,7,27,"MSB 20526-3","JAR8667F","EO","CLW","06-20-2025",NA,38,30,599,"impact","impact_1991-2000",34.905272,-106.685564,"nem.unk",0
"1330","MSB:Fish:20526",1994,7,27,"MSB 20526-1","JAR8647F","EO","KL","06-20-2025",NA,53,44,1498,"impact","impact_1991-2000",34.905272,-106.685564,"nem.unk",0
"1331","MSB:Fish:25010",1995,8,2,"MSB 25010-2","JAR8650F","JG","KL","06-16-2025",NA,37,30,475,"control","control_1991-2000",35.28302778,-106.5981389,"nem.unk",0
"1332","MSB:Fish:25010",1995,8,2,"MSB 25010-3","JAR8649F","EO","KL","06-16-2025",NA,39,31,531,"control","control_1991-2000",35.28302778,-106.5981389,"nem.unk",0
"1333","MSB:Fish:25010",1995,8,2,"MSB 25010-4","JAR8652F","JG","JG CLW","06-16-2025",NA,35,28,503,"control","control_1991-2000",35.28302778,-106.5981389,"nem.unk",1
"1334","MSB:Fish:25010",1995,8,2,"MSB 25010-1","JAR8629F","EO","CW","06-16-2025",NA,43,32,743,"control","control_1991-2000",35.28302778,-106.5981389,"nem.unk",0
"1335","MSB:Fish:25010",1995,8,2,"MSB 25010-5","JAR8651F","EO","KL","06-16-2025",NA,38,30,494,"control","control_1991-2000",35.28302778,-106.5981389,"nem.unk",0
"1336","MSB:Fish:25023",1995,8,2,"MSB 25023-3","JAR8723F","EO","CW","06-25-2025",NA,38,29,422,"impact","impact_1991-2000",35.089293,-106.680842,"nem.unk",0
"1337","MSB:Fish:25023",1995,8,2,"MSB 25023-5","JAR8719F","EO","KL","06-25-2025",NA,40,31,571,"impact","impact_1991-2000",35.089293,-106.680842,"nem.unk",0
"1338","MSB:Fish:25023",1995,8,2,"MSB 25023-1","JAR8720F","EO","JG EO KL","06-25-2025",NA,39,30,586,"impact","impact_1991-2000",35.089293,-106.680842,"nem.unk",0
"1339","MSB:Fish:25023",1995,8,2,"MSB 25023-2","JAR8725F","EO","KL","06-25-2025",NA,36,29,560,"impact","impact_1991-2000",35.089293,-106.680842,"nem.unk",0
"1340","MSB:Fish:25023",1995,8,2,"MSB 25023-4","JAR8721F","EO","CW","06-25-2025",NA,37,29,524,"impact","impact_1991-2000",35.089293,-106.680842,"nem.unk",0
"1341","MSB:Fish:30075",1996,4,10,"MSB 30075-4","JAR8775F","EO","GC","06-30-2025",NA,63,49,2305,"impact","impact_1991-2000",35.13539167,-106.6684167,"nem.unk",0
"1342","MSB:Fish:30075",1996,4,10,"MSB 30075-5","JAR8776","EO","EO KL ","06-30-2025",FALSE,68,54,3090,"impact","impact_1991-2000",35.13539167,-106.6684167,"nem.unk",0
"1343","MSB:Fish:30075",1996,4,10,"MSB 30075-3","JAR8774F","JG","GC","06-30-2025",NA,57,46,1641,"impact","impact_1991-2000",35.13539167,-106.6684167,"nem.unk",0
"1344","MSB:Fish:30075",1996,4,10,"MSB 30075-1","JAR8777F","JG","KL","06-30-2025",FALSE,55,45,1416,"impact","impact_1991-2000",35.13539167,-106.6684167,"nem.unk",0
"1345","MSB:Fish:30075",1996,4,10,"MSB 30075-2","JAR8778F","EO","CW","06-30-2025",NA,70,57,3072,"impact","impact_1991-2000",35.13539167,-106.6684167,"nem.unk",0
"1346","MSB:Fish:30282",1996,5,16,"MSB 30282-2","JAR8653F","EO","CW","06-23-2025",NA,64,50,2621,"control","control_1991-2000",35.322164,-106.557448,"nem.unk",0
"1347","MSB:Fish:30282",1996,5,16,"MSB 20282-5","JAR8655F","JG","CLW","06-23-2025",NA,72,59,3808,"control","control_1991-2000",35.322164,-106.557448,"nem.unk",0
"1348","MSB:Fish:30282",1996,5,16,"MSB 30282-1","JAR8654F","JG","CLW","06-23-2025",NA,58,49,2054,"control","control_1991-2000",35.322164,-106.557448,"nem.unk",0
"1349","MSB:Fish:30282",1996,5,16,"MSB 30282-3","JAR8656F","EO","KL","06-23-2025",NA,71,56,3863,"control","control_1991-2000",35.322164,-106.557448,"nem.unk",0
"1350","MSB:Fish:30282",1996,5,16,"MSB 30282-4","JAR8658F","BP","JG KL","06-23-2025",FALSE,58,46,1814,"control","control_1991-2000",35.322164,-106.557448,"nem.unk",0
"1351","MSB:Fish:30410",1996,6,28,"MSB 30410-2","JAR8742F","BP","CW","06-25-2025",FALSE,66,53,3676,"impact","impact_1991-2000",34.85683333,-106.7208056,"nem.unk",0
"1352","MSB:Fish:30410",1996,6,28,"MSB 30410-3","JAR8740F","BP","KL","06-25-2025",FALSE,74,59,4025,"impact","impact_1991-2000",34.85683333,-106.7208056,"nem.unk",0
"1353","MSB:Fish:30410",1996,6,28,"MSB 30410-5","JAR8743F","BP","BP CW ","06-25-2025",NA,69,58,2424,"impact","impact_1991-2000",34.85683333,-106.7208056,"nem.unk",0
"1354","MSB:Fish:30410",1996,6,28,"MSB 30410-1","JAR8736F","BP","CLW","06-25-2025",FALSE,72,59,NA,"impact","impact_1991-2000",34.85683333,-106.7208056,"nem.unk",0
"1355","MSB:Fish:30410",1996,6,28,"MSB 30410-4","JAR8738F","JG","CLW","06-25-2025",FALSE,75,61,4376,"impact","impact_1991-2000",34.85683333,-106.7208056,"nem.unk",0
"1356","MSB:Fish:30810",1996,2,7,"MSB 30810-3","JAR8737F","EO","KL","06-25-2026",FALSE,55,43,1306,"impact","impact_1991-2000",35.089293,-106.680842,"nem.unk",0
"1357","MSB:Fish:30810",1996,2,7,"MSB 30810-2","JAR8735F","BP","JG KL","06-25-2025",FALSE,59,48,1673,"impact","impact_1991-2000",35.089293,-106.680842,"nem.unk",0
"1358","MSB:Fish:30810",1996,2,7,"MSB 30810-4","JAR8739F","BP","CW","06-25-2026",NA,66,52,2148,"impact","impact_1991-2000",35.089293,-106.680842,"nem.unk",0
"1359","MSB:Fish:30810",1996,2,7,"MSB 30910-1","JAR8734F","EO","CW","06-25-2025",NA,68,54,2437,"impact","impact_1991-2000",35.089293,-106.680842,"nem.unk",0
"1360","MSB:Fish:30810",1996,2,7,"MSB 30810-5","JAR8741F","BP","CW","06-25-2025",NA,63,52,2142,"impact","impact_1991-2000",35.089293,-106.680842,"nem.unk",0
"1361","MSB:Fish:39103",1997,10,15,"MSB 39103-1","JAR8670F","BP","JG KL","06-23-2025",NA,57,53,2560,"control","control_1991-2000",35.28302778,-106.5981389,"nem.unk",0
"1362","MSB:Fish:39103",1997,10,15,"MSB 39103-3","JAR8675F","BP","KL","06-23-2025",NA,61,47,2132,"control","control_1991-2000",35.28302778,-106.5981389,"nem.unk",0
"1363","MSB:Fish:39103",1997,10,15,"MSB 39103-5","JAR8678F","EO","CW","06-23-2025",NA,60,47,2006,"control","control_1991-2000",35.28302778,-106.5981389,"nem.unk",0
"1364","MSB:Fish:39103",2997,10,15,"MSB 39103-4","JAR8676F","EO","EO CLW","06-23-2025",NA,69,54,3110,"control","control_1991-2000",35.28302778,-106.5981389,"nem.unk",0
"1365","MSB:Fish:39103",1997,10,15,"MSB 39103-2","JAR8677F","JG","KL","06-23-2025",NA,69,56,3012,"control","control_1991-2000",35.28302778,-106.5981389,"nem.unk",0
"1366","MSB:Fish:3966",1977,9,28,"MSB 3966-5","JAR8879F","JG","CW","07-02-2025",NA,51,41,1353,"impact","impact_1971-1980",35.134883,-106.690838,"nem.unk",0
"1367","MSB:Fish:3966",1977,9,28,"MSB 3966-3","JAR8894F","JG","GC","07-02-2025",NA,50,39,1164,"impact","impact_1971-1980",35.134883,-106.690838,"nem.unk",0
"1368","MSB:Fish:3966",1977,9,28,"MSB 3966-1","JAR8888F","JG","KL","07-02-2025",NA,55,44,1530,"impact","impact_1971-1980",35.134883,-106.690838,"nem.unk",0
"1369","MSB:Fish:3966",1977,9,28,"MSB 3966-4","JAR8885F","JG","GC","07-02-2025",NA,57,47,2076,"impact","impact_1971-1980",35.134883,-106.690838,"nem.unk",0
"1370","MSB:Fish:3966",1977,9,28,"MSB 3966-2","JAR8892F","JG","CW","07-02-2025",NA,38,30,477,"impact","impact_1971-1980",35.134883,-106.690838,"nem.unk",0
"1371","MSB:Fish:4096",1978,9,5,"MSB 4096-1","JAR8718F","BP","KL","06-24-2025",NA,44,36,1043,"impact","impact_1971-1980",35.10625,-106.692633,"nem.unk",0
"1372","MSB:Fish:4096",1978,9,5,"MSB 4096-5","JAR8715F","BP","KL","06-24-2025",NA,41,33,774,"impact","impact_1971-1980",35.10625,-106.692633,"nem.unk",0
"1373","MSB:Fish:4096",1978,9,5,"MSB 4096-3","JAR8713F","BP","EO CW","06-24-2025",FALSE,49,39,1118,"impact","impact_1971-1980",35.10625,-106.692633,"nem.unk",0
"1374","MSB:Fish:4096",1978,9,5,"MSB 4096-4","JAR8717F","EO","CW","06-24-2025",NA,45,35,856,"impact","impact_1971-1980",35.10625,-106.692633,"nem.unk",0
"1375","MSB:Fish:4096",1978,9,5,"MSB 4096-2","JAR8711F","EO","CW","06-24-2025",NA,44,34,903,"impact","impact_1971-1980",35.10625,-106.692633,"nem.unk",0
"1376","MSB:Fish:4161",1977,8,5,"MSB 4161-3","JAR8700F","BP","CW","06-24-2025",NA,39,29,511,"impact","impact_1971-1980",34.905272,-106.685564,"nem.unk",0
"1377","MSB:Fish:4161",1977,8,5,"MSB 4161-4","JAR8702F","JG","CLW","06-24-2025",NA,41,31,632,"impact","impact_1971-1980",34.905272,-106.685564,"nem.unk",0
"1378","MSB:Fish:4161",1977,8,5,"MSB 4161-5","JAR8703F","JG","CLW","06-24-2025",NA,36,29,444,"impact","impact_1971-1980",34.905272,-106.685564,"nem.unk",0
"1379","MSB:Fish:4161",1977,8,5,"MSB 4161-1","JAR8696F","JG","KL","06-24-2025",NA,53,43,1166,"impact","impact_1971-1980",34.905272,-106.685564,"nem.unk",0
"1380","MSB:Fish:4161",1977,8,5,"MSB 4161-2","JAR8698F","JG","JG KL","06-24-2025",NA,44,35,753,"impact","impact_1971-1980",34.905272,-106.685564,"nem.unk",0
"1381","MSB:Fish:4206",1978,9,8,"MSB 4206-3","JAR8847F","EO","KL","07-01-2025",NA,39,30,567,"control","control_1971-1980",35.256141,-106.596281,"nem.unk",0
"1382","MSB:Fish:4206",1978,9,8,"MSB 4206-1","JAR8848F","EO","JG KL","07-01-2025",NA,43,33,739,"control","control_1971-1980",35.256141,-106.596281,"nem.unk",0
"1383","MSB:Fish:4206",1978,9,8,"MSB 4206-4","JAR8852F","EO","GC","07-01-2025",NA,37,29,503,"control","control_1971-1980",35.256141,-106.596281,"nem.unk",0
"1384","MSB:Fish:4206",1978,9,8,"MSB 4206-2","JAR8850F","EO","CW","07-01-2025",NA,40,31,665,"control","control_1971-1980",35.256141,-106.596281,"nem.unk",0
"1385","MSB:Fish:4206",1978,9,8,"MSB 4206-5","JAR8854F","EO","JG KL","07-01-2025",NA,36,29,433,"control","control_1971-1980",35.256141,-106.596281,"nem.unk",0
"1386","MSB:Fish:43490",1999,10,11,"MSB 43490-1","JAR8745F","BP","CW","06-26-2025",NA,72,57,3244,"control","control_1991-2000",35.28302778,-106.5981389,"nem.unk",0
"1387","MSB:Fish:43490",1999,10,11,"MSB 43490-3","JAR8749F","BP","CLW","06-26-2025",FALSE,61,49,2200,"control","control_1991-2000",35.28302778,-106.5981389,"nem.unk",0
"1388","MSB:Fish:43490",1999,10,11,"MSB 43490-5","JAR8746F","BP","CLW","06-26-2025",FALSE,60,51,2094,"control","control_1991-2000",35.28302778,-106.5981389,"nem.unk",0
"1389","MSB:Fish:43490",1999,10,11,"MSB 43490-2","JAR8747F","JG","CLW","06-26-2025",NA,61,55,2713,"control","control_1991-2000",35.28302778,-106.5981389,"nem.unk",0
"1390","MSB:Fish:43490",1999,10,11,"MSB 43490-4","JAR8744F","JG","EO CLW","06-26-2025",FALSE,67,54,2031,"control","control_1991-2000",35.28302778,-106.5981389,"nem.unk",0
"1391","MSB:Fish:4384",1978,9,23,"MSB 4384-3","JAR8748F","BP","KL","06-30-2025",FALSE,55,44,1919,"impact","impact_1971-1980",34.905272,-106.685564,"nem.unk",0
"1392","MSB:Fish:4384",1978,9,23,"MSB 4384-4","JAR8752F","EO","GC","06-30-2025",NA,63,49,2458,"impact","impact_1971-1980",34.905272,-106.685564,"nem.unk",0
"1393","MSB:Fish:4384",1978,9,23,"MSB 4384-2","JAR8757F","EO","CW","06-30-2025",NA,64,49,2390,"impact","impact_1971-1980",34.905272,-106.685564,"nem.unk",0
"1394","MSB:Fish:4384",1978,9,23,"MSB 4384-1","JAR8750F","BP","CW","06-30-2025",NA,67,55,3024,"impact","impact_1971-1980",34.905272,-106.685564,"nem.unk",0
"1395","MSB:Fish:4384",1978,9,23,"MSB 4384-5","JAR8756F","BP","KL","06-30-2025",NA,63,51,2594,"impact","impact_1971-1980",34.905272,-106.685564,"nem.unk",0
"1396","MSB:Fish:4423",1978,8,3,"MSB 4423-4","JAR8724F","BP","KL","06-30-2025",NA,44,36,880,"impact","impact_1971-1980",34.905272,-106.685564,"nem.unk",0
"1397","MSB:Fish:4423",1978,8,3,"MSB 4423-1","JAR8758F","EO","GC","06-30-2025",NA,46,37,1128,"impact","impact_1971-1980",34.905272,-106.685564,"nem.unk",0
"1398","MSB:Fish:4423",1978,8,3,"MSB 4423-2","JAR8754F","BP","CW","06-30-2025",NA,49,38,1164,"impact","impact_1971-1980",34.905272,-106.685564,"nem.unk",0
"1399","MSB:Fish:4423",1978,8,3,"MSB 4423-5","JAR8751F","EO","CW","06-30-2025",NA,42,33,832,"impact","impact_1971-1980",34.905272,-106.685564,"nem.unk",0
"1400","MSB:Fish:4423",1978,8,3,"MSB 4423-3","JAR8726F","EO","KL","06-30-2025",NA,47,37,1155,"impact","impact_1971-1980",34.905272,-106.685564,"nem.unk",0
"1401","MSB:Fish:4432",1978,9,8,"MSB 4432-3","JAR8727F","BP","CW","06-30-2025",NA,39,31,570,"control","control_1971-1980",35.239638,-106.587548,"nem.unk",0
"1402","MSB:Fish:4432",1978,9,8,"MSB 4432-1","JAR8759F","BP","JG","06-30-2025",NA,39,30,568,"control","control_1971-1980",35.239638,-106.587548,"nem.unk",0
"1403","MSB:Fish:4432",1978,9,8,"MSB 4432-5","JAR8753F","BP","JG GC","06-30-2025",NA,35,26,360,"control","control_1971-1980",35.239638,-106.587548,"nem.unk",0
"1404","MSB:Fish:4432",1978,9,8,"MSB 4432-4","JAR8729F","EO","CW","06-30-2025",NA,39,29,548,"control","control_1971-1980",35.239638,-106.587548,"nem.unk",0
"1405","MSB:Fish:4432",1978,9,8,"MSB 4432-2","JAR8722F","EO","EO GC","06-30-2025",NA,52,42,1431,"control","control_1971-1980",35.239638,-106.587548,"nem.unk",0
"1406","MSB:Fish:4487",1978,9,29,"MSB 4487-1","JAR8887F","EO","GC","07-03-2025",NA,47,37,1143,"control","control_1971-1980",35.383856,-106.490929,"nem.unk",0
"1407","MSB:Fish:4487",1978,9,29,"MSB 4487-5","JAR8890F","EO","JG GC","07-03-2025",NA,38,30,543,"control","control_1971-1980",35.383856,-106.490929,"nem.unk",0
"1408","MSB:Fish:4487",1978,9,29,"MSB 4487-3","JAR8889F","EO","KL","07-03-2025",NA,46,35,1166,"control","control_1971-1980",35.383856,-106.490929,"nem.unk",0
"1409","MSB:Fish:4487",1978,9,29,"MSB 4487-4","JAR8891F","BP","GC","07-03-2025",NA,36,27,481,"control","control_1971-1980",35.383856,-106.490929,"nem.unk",0
"1410","MSB:Fish:4487",1978,9,29,"MSB 4487-2","JAR8893F","BP","GC","07-03-2025",NA,49,38,1354,"control","control_1971-1980",35.383856,-106.490929,"nem.unk",0
"1411","MSB:Fish:4984",1978,9,5,"MSB 4984-3","JAR8640F","EO","CLW","06-23-2025",NA,38,29,504,"impact","impact_1971-1980",35.196977,-106.642444,"nem.unk",0
"1412","MSB:Fish:4984",1978,9,5,"MSB 4984-4","JAR8642F","JG","KL","06-23-2025",NA,32,25,338,"impact","impact_1971-1980",35.196977,-106.642444,"nem.unk",0
"1413","MSB:Fish:4984",1978,9,5,"MSB 4984-5","JAR8644F","BP","CW","06-23-2025",NA,32,24,341,"impact","impact_1971-1980",35.196977,-106.642444,"nem.unk",0
"1414","MSB:Fish:4984",1978,9,5,"MSB 4984-2","JAR8662F","BP","CLW","06-23-2025",NA,38,30,541,"impact","impact_1971-1980",35.196977,-106.642444,"nem.unk",0
"1415","MSB:Fish:4984",1978,9,5,"MSB 4984-1","JAR8660F","EO","CLW","06-23-2025",NA,39,30,621,"impact","impact_1971-1980",35.196977,-106.642444,"nem.unk",0
"1416","MSB:Fish:4987",1977,7,6,"MSB 4987-5","JAR8788F","JG","GC","07-01-2025",NA,40,33,672,"control","control_1971-1980",35.232431,-106.594272,"nem.unk",0
"1417","MSB:Fish:4987",1977,7,6,"MSB 4987-1","JAR8849F","JG","KL","07-01-2025",NA,52,40,1450,"control","control_1971-1980",35.232431,-106.594272,"nem.unk",0
"1418","MSB:Fish:4987",1977,7,6,"MSB 4987-3","JAR8851F","JG","KL","07-01-2025",NA,47,37,1297,"control","control_1971-1980",35.232431,-106.594272,"nem.unk",0
"1419","MSB:Fish:4987",1977,7,6,"MSB 4987-2","JAR8790F","EO","JG KL","07-01-2025",NA,54,44,1436,"control","control_1971-1980",35.232431,-106.594272,"nem.unk",0
"1420","MSB:Fish:4987",1977,7,6,"MSB 4987-4","JAR8853F","EO","BP","07-01-2025",NA,47,37,1163,"control","control_1971-1980",35.232431,-106.594272,"nem.unk",0
"1421","MSB:Fish:49970",1994,5,5,"MSB 49970-1","JAR8641F","EO","CLW","06-20-2025",NA,66,52,2386,"control","control_1991-2000",35.28302778,-106.5981389,"nem.unk",0
"1422","MSB:Fish:49970",1994,5,5,"MSB 49970-5","JAR8646F","EO","EO KL","06-20-2025",NA,64,51,2231,"control","control_1991-2000",35.28302778,-106.5981389,"nem.unk",0
"1423","MSB:Fish:49970",1994,5,5,"MSB 49970-3","JAR8645F","EO","KL BP CW","06-20-2025",NA,69,55,2817,"control","control_1991-2000",35.28302778,-106.5981389,"nem.unk",0
"1424","MSB:Fish:49970",1994,5,5,"MSB 49970-4","JAR8648F","JG","KL","06-20-2025",FALSE,65,53,2749,"control","control_1991-2000",35.28302778,-106.5981389,"nem.unk",0
"1425","MSB:Fish:49970",1994,5,5,"MSB 49970-2","JAR8643F","JG","CW JG","06-20-2025",NA,63,52,2230,"control","control_1991-2000",35.28302778,-106.5981389,"nem.unk",0
"1426","MSB:Fish:5263",1986,8,12,"MSB 5263-1","JAR8856F","BP","GC","07-02-2025",NA,36,29,497,"control","control_1981-1990",35.28302778,-106.5981389,"nem.unk",0
"1427","MSB:Fish:5263",1986,8,12,"MSB 5263-4","JAR8857F","BP","KL","07-02-2025",NA,35,27,407,"control","control_1981-1990",35.28302778,-106.5981389,"nem.unk",0
"1428","MSB:Fish:5263",1986,8,12,"MSB 5263-2","JAR8861F","BP","CW","07-02-2025",NA,36,29,462,"control","control_1981-1990",35.28302778,-106.5981389,"nem.unk",0
"1429","MSB:Fish:5263",1986,8,12,"MSB 5263-3","JAR8855F","BP","CW","07-02-2025",NA,35,31,653,"control","control_1981-1990",35.28302778,-106.5981389,"nem.unk",0
"1430","MSB:Fish:5263",1986,8,12,"MSB 5263-5","JAR8859F","BP","BP EO","07-02-2025",NA,36,29,444,"control","control_1981-1990",35.28302778,-106.5981389,"nem.unk",0
"1431","MSB:Fish:5814",1987,9,10,"MSB 5814-1","JAR8631F","KL","KL","06-16-2025",NA,66,52,2223,"impact","impact_1981-1990",34.905272,-106.685564,"nem.unk",0
"1432","MSB:Fish:5814",1987,9,10,"MSB 5814-2","JAR8634F","JG","CW","06-17-2025",NA,55,47,1856,"impact","impact_1981-1990",34.905272,-106.685564,"nem.unk",0
"1433","MSB:Fish:5814",1987,9,10,"MSB 5814-3","JAR8630F","EO","CLW CW","06-18-2025",NA,67,52,2759,"impact","impact_1981-1990",34.905272,-106.685564,"nem.unk",0
"1434","MSB:Fish:5814",1987,9,10,"MSB 5814-5","JAR8636F","JG","KL","06-19-2025",NA,85,68,5700,"impact","impact_1981-1990",34.905272,-106.685564,"nem.unk",0
"1435","MSB:Fish:5814",1987,9,10,"MSB 5814-4","JAR8633F","EO","KL","06-16-2025",NA,52,41,1282,"impact","impact_1981-1990",34.905272,-106.685564,"nem.unk",0
"1436","MSB:Fish:5825",1987,9,10,"MSB 5825-4","JAR8663F","BP","EO CW","06-18-2025",NA,63,49,2591,"impact","impact_1981-1990",34.875039,-106.717581,"nem.unk",0
"1437","MSB:Fish:5825",1987,9,10,"MSB 5825-3","JAR8661F","BP","CLW KL","06-18-2025",NA,77,62,4671,"impact","impact_1981-1990",34.875039,-106.717581,"nem.unk",0
"1438","MSB:Fish:5825",1987,9,10,"MSB 5825-5","JAR8639F","BP","CW","06-18-2025",NA,52,42,1542,"impact","impact_1981-1990",34.875039,-106.717581,"nem.unk",0
"1439","MSB:Fish:5825",1987,9,10,"MSB 5825-2","JAR8659F","BP","CW","06-18-2025",NA,54,42,1606,"impact","impact_1981-1990",34.875039,-106.717581,"nem.unk",0
"1440","MSB:Fish:5825",1987,9,10,"MSB 5825-1","JAR8657F","BP","BP KL","06-18-2025",FALSE,59,47,2305,"impact","impact_1981-1990",34.875039,-106.717581,"nem.unk",0
"1441","MSB:Fish:68463",1984,8,15,"MSB 68463-1","JAR8864F","BP","GC","07-02-2025",NA,37,30,505,"impact","impact_1981-1990",35.089293,-106.680842,"nem.unk",0
"1442","MSB:Fish:68463",1984,8,15,"MSB 68463-4","JAR8870F","BP","CW","07-02-2025",NA,42,34,485,"impact","impact_1981-1990",35.089293,-106.680842,"nem.unk",0
"1443","MSB:Fish:68463",1984,8,15,"MSB 68463-3","JAR8868F","BP","CW","07-02-2025",NA,36,27,313,"impact","impact_1981-1990",35.089293,-106.680842,"nem.unk",0
"1444","MSB:Fish:68463",1984,8,15,"MSB 68463-5","JAR8860F","BP","GC","07-02-2025",NA,35,27,398,"impact","impact_1981-1990",35.089293,-106.680842,"nem.unk",0
"1445","MSB:Fish:68463",1984,8,15,"MSB 68463-2","JAR8866F","BP","CW","07-02-2025",NA,48,37,950,"impact","impact_1981-1990",35.089293,-106.680842,"nem.unk",0
"1446","MSB:Fish:68501",1984,8,15,"MSB 68501-4","JAR8787F","JG","CW","07-01-2025",NA,79,64,4731,"control","control_1981-1990",35.225523,-106.597651,"nem.unk",0
"1447","MSB:Fish:68501",1984,8,15,"MSB 68501-3","JAR8785F","JG","KL","07-01-2025",NA,36,29,472,"control","control_1981-1990",35.225523,-106.597651,"nem.unk",0
"1448","MSB:Fish:68501",1984,8,15,"MSB 68501-5","JAR8789F","JG","CW","07-01-2025",NA,72,60,3973,"control","control_1981-1990",35.225523,-106.597651,"nem.unk",0
"1449","MSB:Fish:68501",1984,8,15,"MSB 68501-2","JAR8783F","JG","KL","07-01-2025",NA,37,29,513,"control","control_1981-1990",35.225523,-106.597651,"nem.unk",0
"1450","MSB:Fish:68501",1984,8,15,"MSB 68501-1","JAR8786F","JG","GC","07-01-2025",NA,35,26,349,"control","control_1981-1990",35.225523,-106.597651,"nem.unk",0
"1451","MSB:Fish:68513",1984,8,16,"MSB 68513-4","JAR8896F","EO","CW","07-03-2025",NA,41,32,638,"control","control_1981-1990",35.211416,-106.612833,"nem.unk",0
"1452","MSB:Fish:68513",1984,8,16,"MSB 68513-2","JAR8897F","EO","KL","07-03-2025",NA,47,36,941,"control","control_1981-1990",35.211416,-106.612833,"nem.unk",0
"1453","MSB:Fish:68513",1984,8,16,"MSB 68513-1","JAR8895F","BP","GC","07-03-2025",NA,44,34,769,"control","control_1981-1990",35.211416,-106.612833,"nem.unk",0
"1454","MSB:Fish:68513",1984,8,16,"MSB 68513-5","JAR8901F","EO","BP","07-03-2025",NA,40,31,606,"control","control_1981-1990",35.211416,-106.612833,"nem.unk",0
"1455","MSB:Fish:68513",1984,8,16,"MSB 68513-3","JAR8899F","BP","CW","07-03-2025",NA,37,27,397,"control","control_1981-1990",35.211416,-106.612833,"nem.unk",0
"1456","MSB:Fish:68528",1984,8,16,"MSB 68528-1","JAR8731F","EO","KL","06-25-2025",NA,69,55,3206,"control","control_1981-1990",35.322164,-106.557448,"nem.unk",0
"1457","MSB:Fish:68528",1984,8,16,"MSB 68528-5","JAR8733F","BP","CLW","06-25-2025",NA,47,37,1014,"control","control_1981-1990",35.322164,-106.557448,"nem.unk",0
"1458","MSB:Fish:68528",1984,8,16,"MSB 68528-2","JAR8728F","EO","KL","06-25-2025",FALSE,72,57,2986,"control","control_1981-1990",35.322164,-106.557448,"nem.unk",0
"1459","MSB:Fish:68528",1984,8,16,"MSB 68528-3","JAR8732F","BP","JG CW","06-25-2025",NA,67,53,2767,"control","control_1981-1990",35.322164,-106.557448,"nem.unk",0
"1460","MSB:Fish:68528",1984,8,16,"MSB 68528-4","JAR8730F","EO","KL","06-25-2025",NA,68,55,2391,"control","control_1981-1990",35.322164,-106.557448,"nem.unk",0
"1461","MSB:Fish:7593",1988,5,25,"MSB 7593-2","JAR8705F","EO","JG CW","06-24-2025",NA,64,50,2324,"impact","impact_1981-1990",34.905272,-106.685564,"nem.unk",0
"1462","MSB:Fish:7593",1988,5,25,"MSB 7593-5","JAR8709F","BP","BP CLW","06-24-2025",NA,62,51,2400,"impact","impact_1981-1990",34.905272,-106.685564,"nem.unk",0
"1463","MSB:Fish:7593",1988,5,25,"MSB 7593-4","JAR8707F","EO","BP KL","06-24-2025",FALSE,61,48,1922,"impact","impact_1981-1990",34.905272,-106.685564,"nem.unk",0
"1464","MSB:Fish:7593",1988,5,25,"MSB 7593-3","JAR8706F","BP","BP KL","06-24-2025",FALSE,58,45,2248,"impact","impact_1981-1990",34.905272,-106.685564,"nem.unk",0
"1465","MSB:Fish:7593",1988,5,25,"MSB 7593-1","JAR8704F","BP","KL","06-24-2025",FALSE,64,50,3600,"impact","impact_1981-1990",34.905272,-106.685564,"nem.unk",0
"1466","MSB:Fish:7788",1988,5,25,"MSB 7788-2","JAR8769F","BP","KL","06-30-2025",NA,69,53,2804,"control","control_1981-1990",35.322164,-106.557448,"nem.unk",0
"1467","MSB:Fish:7788",2988,5,25,"MSB 7788-4","JAR8764F","BP","BP","06-30-2025",NA,56,45,1819,"control","control_1981-1990",35.322164,-106.557448,"nem.unk",0
"1468","MSB:Fish:7788",1988,5,25,"MSB 7788-3","JAR8767F","EO","KL","06-30-2025",NA,69,55,3017,"control","control_1981-1990",35.322164,-106.557448,"nem.unk",0
"1469","MSB:Fish:7788",1988,5,25,"MSB 7788-1","JAR8763F","EO","KL","06-30-2025",NA,64,51,2418,"control","control_1981-1990",35.322164,-106.557448,"nem.unk",0
"1470","MSB:Fish:7788",1988,5,25,"MSB 7788-5","JAR8762F","EO","KL","06-30-2025",NA,60,47,2139,"control","control_1981-1990",35.322164,-106.557448,"nem.unk",0
"1471","MSB:Fish:1129",1959,2,20,"MSB 1129-5","JAR8672F","JG","CW","06-20-2025",NA,40,32,383,"control","control_1951-1960",35.350556,-106.535497,"trem.b",0
"1472","MSB:Fish:1129",1959,2,20,"MSB 1129-2","JAR8674F","EO","CLW","06-20-2025",NA,46,34,697,"control","control_1951-1960",35.350556,-106.535497,"trem.b",0
"1473","MSB:Fish:1129",1959,2,20,"MSB 1129-1","JAR8668F","JG","KL","06-20-2025",NA,41,33,519,"control","control_1951-1960",35.350556,-106.535497,"trem.b",0
"1474","MSB:Fish:1129",1959,2,20,"MSB 1129-4","JAR8671F","EO","JG KL","06-20-2025",NA,41,31,580,"control","control_1951-1960",35.350556,-106.535497,"trem.b",0
"1475","MSB:Fish:1129",1959,2,20,"MSB 1129-3","JAR8673F","JG","CW","06-20-2025",NA,43,36,659,"control","control_1951-1960",35.350556,-106.535497,"trem.b",0
"1476","MSB:Fish:1130",1949,10,29,"MSB 1130-5","JAR8701F","EO","KL","06-24-2025",NA,57,48,2022,"impact","impact_1941-1950",34.87537,-106.717837,"trem.b",2
"1477","MSB:Fish:1130",1949,10,29,"MSB 1130-3","JAR8697F","JG","JG CW","06-24-2025",NA,61,49,1811,"impact","impact_1941-1950",34.87537,-106.717837,"trem.b",0
"1478","MSB:Fish:1130",1949,10,29,"MSB 1130-4","JAR8699F","BP","CLW","06-24-2025",NA,62,47,2068,"impact","impact_1941-1950",34.87537,-106.717837,"trem.b",0
"1479","MSB:Fish:1130",1949,10,29,"MSB 1130-1","JAR8690F","JG","JG KL","06-24-2025",FALSE,71,58,3286,"impact","impact_1941-1950",34.87537,-106.717837,"trem.b",0
"1480","MSB:Fish:1130",1949,10,29,"MSB 1130-2","JAR8695F","BP","KL","06-24-2025",FALSE,68,54,3151,"impact","impact_1941-1950",34.87537,-106.717837,"trem.b",4
"1481","MSB:Fish:1131",1959,2,24,"MSB 1131-5","JAR8682F","BP","KL","06-23-2025",NA,53,44,1289,"impact","impact_1951-1960",34.987044,-106.690293,"trem.b",0
"1482","MSB:Fish:1131",1959,2,24,"MSB 1131-2","JAR8689F","EO","CW","06-23-2025",NA,60,47,1798,"impact","impact_1951-1960",34.987044,-106.690293,"trem.b",0
"1483","MSB:Fish:1131",1959,2,24,"MSB 1131-3","JAR8693F","BP","CW","06-23-2025",FALSE,54,44,1280,"impact","impact_1951-1960",34.987044,-106.690293,"trem.b",0
"1484","MSB:Fish:1131",1959,2,24,"MSB 1131-4","JAR8680F","EO","KL","06-23-2025",NA,52,43,1316,"impact","impact_1951-1960",34.987044,-106.690293,"trem.b",0
"1485","MSB:Fish:1131",1959,2,24,"MSB 1131-2","JAR8691F","JG","CLW","06-23-2025",NA,63,51,1849,"impact","impact_1951-1960",34.987044,-106.690293,"trem.b",0
"1486","MSB:Fish:1132",1947,10,25,"MSB 1132-1","JAR8684F","JG","CW","06-23-2025",NA,71,58,3310,"control","control_1941-1950",35.380629,-106.503529,"trem.b",0
"1487","MSB:Fish:1132",1947,10,25,"MSB 1132-4","JAR8694F","JG","KL","06-23-2025",NA,63,54,2744,"control","control_1941-1950",35.380629,-106.503529,"trem.b",1
"1488","MSB:Fish:1132",2947,10,25,"MSB 1132-5","JAR8692F","JG","CW","06-23-2025",NA,61,49,1975,"control","control_1941-1950",35.380629,-106.503529,"trem.b",0
"1489","MSB:Fish:1132",1947,10,25,"MSB 1132-3","JAR8688F","JG","CLW","06-23-2025",NA,77,64,4621,"control","control_1941-1950",35.380629,-106.503529,"trem.b",0
"1490","MSB:Fish:1132",1947,10,25,"MSB 1132-2","JAR8686F","JG","CW","06-23-2025",NA,73,62,3934,"control","control_1941-1950",35.380629,-106.503529,"trem.b",0
"1491","MSB:Fish:1149",1939,2,26,"MSB 1149-1","JAR8871F","JG","GC","07-02-2025",NA,55,45,1360,"impact","impact_1931-1940",35.100259,-106.692107,"trem.b",0
"1492","MSB:Fish:1149",1939,2,26,"MSB 1149-5","JAR8872F","EO","KL","07-02-2025",FALSE,76,57,3276,"impact","impact_1931-1940",35.100259,-106.692107,"trem.b",0
"1493","MSB:Fish:1149",1939,2,26,"MSB 1149-3","JAR8875F","EO","EO KL","07-02-2025",NA,61,47,1795,"impact","impact_1931-1940",35.100259,-106.692107,"trem.b",11
"1494","MSB:Fish:1149",1939,2,26,"MSB 1149-4","JAR8877F","JG","CW","07-02-2025",NA,57,45,1435,"impact","impact_1931-1940",35.100259,-106.692107,"trem.b",0
"1495","MSB:Fish:1149",1939,2,26,"MSB 1149-2","JAR8873F","JG","GC","07-02-2025",FALSE,64,52,2298,"impact","impact_1931-1940",35.100259,-106.692107,"trem.b",0
"1496","MSB:Fish:1150",1939,6,9,"MSB 1150-3","JAR8712F","BP","CW","06-24-2025",FALSE,71,54,4462,"impact","impact_1931-1940",34.906619,-106.685289,"trem.b",0
"1497","MSB:Fish:1150",1939,6,9,"MSB 1150-1","JAR8708F","BP","KL","06-24-2025",NA,63,50,2550,"impact","impact_1931-1940",34.906619,-106.685289,"trem.b",0
"1498","MSB:Fish:1150",1939,6,9,"MSB 1150-2","JAR8714F","JG","CLW","06-24-2025",FALSE,72,61,4536,"impact","impact_1931-1940",34.906619,-106.685289,"trem.b",0
"1499","MSB:Fish:1150",1939,6,9,"MSB 1150-5","JAR8710F","BP","CW","06-24-2025",FALSE,60,49,2576,"impact","impact_1931-1940",34.906619,-106.685289,"trem.b",0
"1500","MSB:Fish:1150",1939,6,9,"MSB 1150-4","JAR8716F","JG","KL","06-24-2025",FALSE,65,53,3213,"impact","impact_1931-1940",34.906619,-106.685289,"trem.b",0
"1501","MSB:Fish:1154",1949,10,21,"MSB 1154-4","JAR8770F","EO","CW","06-30-2025",NA,54,43,1207,"impact","impact_1941-1950",34.929201,-106.681499,"trem.b",0
"1502","MSB:Fish:1154",1949,10,21,"MSB 1154-2","JAR8773F","EO","KL","06-30-2025",FALSE,66,52,2229,"impact","impact_1941-1950",34.929201,-106.681499,"trem.b",0
"1503","MSB:Fish:1154",1949,10,21,"MSB 1154-3","JAR8768","BP","BP","06-30-2025",NA,60,48,1790,"impact","impact_1941-1950",34.929201,-106.681499,"trem.b",0
"1504","MSB:Fish:1154",1949,10,21,"MSB 1154-5","JAR8772F","BP","BP","06-30-2025",FALSE,44,34,644,"impact","impact_1941-1950",34.929201,-106.681499,"trem.b",0
"1505","MSB:Fish:1154",1949,10,21,"MSB 1154-1","JAR8771F","BP","EO GC CW","06-30-2025",NA,65,51,2430,"impact","impact_1941-1950",34.929201,-106.681499,"trem.b",0
"1506","MSB:Fish:1155",1943,6,23,"MSB 1155-3","JAR8685F","BP","CW","06-23-2025",NA,69,56,3145,"control","control_1941-1950",35.322418,-106.557971,"trem.b",0
"1507","MSB:Fish:1155",1943,6,23,"MSB 1155-4","JAR8683F","EO","BP KL","06-23-2025",FALSE,54,45,1684,"control","control_1941-1950",35.322418,-106.557971,"trem.b",0
"1508","MSB:Fish:1155",2943,6,23,"MSB1155-1","JAR8679F","BP","BP CW KL","06-23-2025",NA,62,50,2170,"control","control_1941-1950",35.322418,-106.557971,"trem.b",0
"1509","MSB:Fish:1155",1943,6,23,"MSB 1155-5","JAR8687F","EO","KL","06-23-2025",NA,53,45,1706,"control","control_1941-1950",35.322418,-106.557971,"trem.b",0
"1510","MSB:Fish:1155",1943,6,23,"MSB 1155-2","JAR8681F","EO","KL","06-23-2025",NA,63,50,2536,"control","control_1941-1950",35.322418,-106.557971,"trem.b",0
"1511","MSB:Fish:1160",1939,1,28,"MSB 1160-3","JAR8784F","JG","CW","07-01-2025",NA,51,42,1253,"impact","impact_1931-1940",35.100259,-106.692107,"trem.b",0
"1512","MSB:Fish:1160",1939,1,28,"MSB 1160-2","JAR8779","JG","EO GC","07-01-2025",NA,48,38,800,"impact","impact_1931-1940",35.100259,-106.692107,"trem.b",0
"1513","MSB:Fish:1160",1939,1,28,"MSB 1160-1","JAR8781F","JG","GC","07-01-2025",NA,51,43,1112,"impact","impact_1931-1940",35.100259,-106.692107,"trem.b",0
"1514","MSB:Fish:1160",1939,1,28,"MSB 1160-4","JAR8780F","JG","GC","07-01-2025",FALSE,50,41,1020,"impact","impact_1931-1940",35.100259,-106.692107,"trem.b",0
"1515","MSB:Fish:1160",1939,1,28,"MSB 1160-5","JAR8782F","EO","GC","07-01-2025",NA,51,40,1021,"impact","impact_1931-1940",35.100259,-106.692107,"trem.b",0
"1516","MSB:Fish:19389",1994,5,27,"MSB 19389-1","JAR8874F","JG","JG","07-02-2025",FALSE,56,44,1941,"control","control_1991-2000",35.322164,-106.557448,"trem.b",0
"1517","MSB:Fish:19389",1994,5,27,"MSB 19389-2","JAR8862F","EO","KL","07-02-2025",NA,52,40,1391,"control","control_1991-2000",35.322164,-106.557448,"trem.b",0
"1518","MSB:Fish:19389",1994,5,27,"MSB 19389-5","JAR8878F","BP","CW","07-02-2025",NA,44,35,909,"control","control_1991-2000",35.322164,-106.557448,"trem.b",0
"1519","MSB:Fish:19389",1994,5,27,"MSB 19389-4","JAR8858F","EO","GC","07-02-2025",NA,48,38,1096,"control","control_1991-2000",35.322164,-106.557448,"trem.b",0
"1520","MSB:Fish:19389",1994,5,27,"MSB 19389-3","JAR8876F","JG","KL","07-02-2025",FALSE,55,46,2190,"control","control_1991-2000",35.322164,-106.557448,"trem.b",0
"1521","MSB:Fish:19537",1994,9,16,"MSB 19537-3","JAR8635F","EO","CLW","06-20-2025",NA,59,46,1370,"impact","impact_1991-2000",34.85683333,-106.7208056,"trem.b",0
"1522","MSB:Fish:19537",1994,9,16,"MSB 19537-2","JAR8664F","EO","CW","06-16-2025",NA,58,46,1650,"impact","impact_1991-2000",34.85683333,-106.7208056,"trem.b",0
"1523","MSB:Fish:19537",1994,9,16,"MSB 19537-1","JAR8632F","JG","KL","06-16-2025",NA,54,48,1824,"impact","impact_1991-2000",34.85683333,-106.7208056,"trem.b",0
"1524","MSB:Fish:19537",1994,9,16,"MSB 19537-4","JAR8638F","JG","CLW","06-16-2025",NA,53,44,1183,"impact","impact_1991-2000",34.85683333,-106.7208056,"trem.b",0
"1525","MSB:Fish:19537",1994,9,16,"MSB 19537-5","JAR8637F","EO","CW","06-16-2025",NA,47,38,760,"impact","impact_1991-2000",34.85683333,-106.7208056,"trem.b",0
"1526","MSB:Fish:19688",1994,10,10,"MSB 19688-2","JAR8863F","BP","JG CW","07-02-2025",NA,57,44,1805,"impact","impact_1991-2000",34.85683333,-106.7208056,"trem.b",0
"1527","MSB:Fish:19688",1994,10,10,"MSB 19688-4","JAR8867F","BP","CW","07-02-2025",NA,58,46,1810,"impact","impact_1991-2000",34.85683333,-106.7208056,"trem.b",0
"1528","MSB:Fish:19688",1994,10,10,"MSB 19688-5","JAR8869F","BP","KL","07-02-2025",NA,48,38,993,"impact","impact_1991-2000",34.85683333,-106.7208056,"trem.b",1
"1529","MSB:Fish:19688",1994,10,10,"MSB 19688-1","JAR8886F","BP","JG CW","07-02-2025",NA,65,51,2667,"impact","impact_1991-2000",34.85683333,-106.7208056,"trem.b",0
"1530","MSB:Fish:19688",1994,10,10,"MSB 19688-3","JAR8865F","BP","KL","07-02-2025",FALSE,56,45,2032,"impact","impact_1991-2000",34.85683333,-106.7208056,"trem.b",0
"1531","MSB:Fish:20390",1994,8,11,"MSB 20390-2","JAR8881F","JG","GC","07-02-2025",NA,40,36,923,"impact","impact_1991-2000",34.85683333,-106.7208056,"trem.b",0
"1532","MSB:Fish:20390",1994,8,11,"MSB 20390-3","JAR8880F","JG","EO","07-02-2025",NA,41,33,528,"impact","impact_1991-2000",34.85683333,-106.7208056,"trem.b",0
"1533","MSB:Fish:20390",1994,8,11,"MSB 20390-1","JAR8883F","JG","JG","07-02-2025",NA,53,41,1467,"impact","impact_1991-2000",34.85683333,-106.7208056,"trem.b",0
"1534","MSB:Fish:20390",1994,8,11,"MSB 20390-4","JAR8882F","JG","BP","07-02-2025",NA,49,38,968,"impact","impact_1991-2000",34.85683333,-106.7208056,"trem.b",0
"1535","MSB:Fish:20390",1994,8,11,"MSB 20390-5","JAR8884F","JG","CW","07-02-2025",NA,49,40,1145,"impact","impact_1991-2000",34.85683333,-106.7208056,"trem.b",0
"1536","MSB:Fish:20526",1994,7,27,"MSB 20526-5","JAR8666F","EO","CW","06-20-2025",NA,37,29,510,"impact","impact_1991-2000",34.905272,-106.685564,"trem.b",0
"1537","MSB:Fish:20526",1994,7,27,"MSB 20526-4","JAR8669F","BP","CLW","06-20-2025",NA,34,26,375,"impact","impact_1991-2000",34.905272,-106.685564,"trem.b",0
"1538","MSB:Fish:20526",1994,7,27,"MSB 20526-2","JAR8665F","BP","CW","06-20-2025",NA,37,29,507,"impact","impact_1991-2000",34.905272,-106.685564,"trem.b",0
"1539","MSB:Fish:20526",1994,7,27,"MSB 20526-3","JAR8667F","EO","CLW","06-20-2025",NA,38,30,599,"impact","impact_1991-2000",34.905272,-106.685564,"trem.b",0
"1540","MSB:Fish:20526",1994,7,27,"MSB 20526-1","JAR8647F","EO","KL","06-20-2025",NA,53,44,1498,"impact","impact_1991-2000",34.905272,-106.685564,"trem.b",0
"1541","MSB:Fish:25010",1995,8,2,"MSB 25010-2","JAR8650F","JG","KL","06-16-2025",NA,37,30,475,"control","control_1991-2000",35.28302778,-106.5981389,"trem.b",1
"1542","MSB:Fish:25010",1995,8,2,"MSB 25010-3","JAR8649F","EO","KL","06-16-2025",NA,39,31,531,"control","control_1991-2000",35.28302778,-106.5981389,"trem.b",0
"1543","MSB:Fish:25010",1995,8,2,"MSB 25010-4","JAR8652F","JG","JG CLW","06-16-2025",NA,35,28,503,"control","control_1991-2000",35.28302778,-106.5981389,"trem.b",0
"1544","MSB:Fish:25010",1995,8,2,"MSB 25010-1","JAR8629F","EO","CW","06-16-2025",NA,43,32,743,"control","control_1991-2000",35.28302778,-106.5981389,"trem.b",0
"1545","MSB:Fish:25010",1995,8,2,"MSB 25010-5","JAR8651F","EO","KL","06-16-2025",NA,38,30,494,"control","control_1991-2000",35.28302778,-106.5981389,"trem.b",0
"1546","MSB:Fish:25023",1995,8,2,"MSB 25023-3","JAR8723F","EO","CW","06-25-2025",NA,38,29,422,"impact","impact_1991-2000",35.089293,-106.680842,"trem.b",0
"1547","MSB:Fish:25023",1995,8,2,"MSB 25023-5","JAR8719F","EO","KL","06-25-2025",NA,40,31,571,"impact","impact_1991-2000",35.089293,-106.680842,"trem.b",2
"1548","MSB:Fish:25023",1995,8,2,"MSB 25023-1","JAR8720F","EO","JG EO KL","06-25-2025",NA,39,30,586,"impact","impact_1991-2000",35.089293,-106.680842,"trem.b",0
"1549","MSB:Fish:25023",1995,8,2,"MSB 25023-2","JAR8725F","EO","KL","06-25-2025",NA,36,29,560,"impact","impact_1991-2000",35.089293,-106.680842,"trem.b",0
"1550","MSB:Fish:25023",1995,8,2,"MSB 25023-4","JAR8721F","EO","CW","06-25-2025",NA,37,29,524,"impact","impact_1991-2000",35.089293,-106.680842,"trem.b",0
"1551","MSB:Fish:30075",1996,4,10,"MSB 30075-4","JAR8775F","EO","GC","06-30-2025",NA,63,49,2305,"impact","impact_1991-2000",35.13539167,-106.6684167,"trem.b",0
"1552","MSB:Fish:30075",1996,4,10,"MSB 30075-5","JAR8776","EO","EO KL ","06-30-2025",FALSE,68,54,3090,"impact","impact_1991-2000",35.13539167,-106.6684167,"trem.b",0
"1553","MSB:Fish:30075",1996,4,10,"MSB 30075-3","JAR8774F","JG","GC","06-30-2025",NA,57,46,1641,"impact","impact_1991-2000",35.13539167,-106.6684167,"trem.b",0
"1554","MSB:Fish:30075",1996,4,10,"MSB 30075-1","JAR8777F","JG","KL","06-30-2025",FALSE,55,45,1416,"impact","impact_1991-2000",35.13539167,-106.6684167,"trem.b",2
"1555","MSB:Fish:30075",1996,4,10,"MSB 30075-2","JAR8778F","EO","CW","06-30-2025",NA,70,57,3072,"impact","impact_1991-2000",35.13539167,-106.6684167,"trem.b",0
"1556","MSB:Fish:30282",1996,5,16,"MSB 30282-2","JAR8653F","EO","CW","06-23-2025",NA,64,50,2621,"control","control_1991-2000",35.322164,-106.557448,"trem.b",0
"1557","MSB:Fish:30282",1996,5,16,"MSB 20282-5","JAR8655F","JG","CLW","06-23-2025",NA,72,59,3808,"control","control_1991-2000",35.322164,-106.557448,"trem.b",0
"1558","MSB:Fish:30282",1996,5,16,"MSB 30282-1","JAR8654F","JG","CLW","06-23-2025",NA,58,49,2054,"control","control_1991-2000",35.322164,-106.557448,"trem.b",0
"1559","MSB:Fish:30282",1996,5,16,"MSB 30282-3","JAR8656F","EO","KL","06-23-2025",NA,71,56,3863,"control","control_1991-2000",35.322164,-106.557448,"trem.b",0
"1560","MSB:Fish:30282",1996,5,16,"MSB 30282-4","JAR8658F","BP","JG KL","06-23-2025",FALSE,58,46,1814,"control","control_1991-2000",35.322164,-106.557448,"trem.b",0
"1561","MSB:Fish:30410",1996,6,28,"MSB 30410-2","JAR8742F","BP","CW","06-25-2025",FALSE,66,53,3676,"impact","impact_1991-2000",34.85683333,-106.7208056,"trem.b",0
"1562","MSB:Fish:30410",1996,6,28,"MSB 30410-3","JAR8740F","BP","KL","06-25-2025",FALSE,74,59,4025,"impact","impact_1991-2000",34.85683333,-106.7208056,"trem.b",4
"1563","MSB:Fish:30410",1996,6,28,"MSB 30410-5","JAR8743F","BP","BP CW ","06-25-2025",NA,69,58,2424,"impact","impact_1991-2000",34.85683333,-106.7208056,"trem.b",0
"1564","MSB:Fish:30410",1996,6,28,"MSB 30410-1","JAR8736F","BP","CLW","06-25-2025",FALSE,72,59,NA,"impact","impact_1991-2000",34.85683333,-106.7208056,"trem.b",0
"1565","MSB:Fish:30410",1996,6,28,"MSB 30410-4","JAR8738F","JG","CLW","06-25-2025",FALSE,75,61,4376,"impact","impact_1991-2000",34.85683333,-106.7208056,"trem.b",0
"1566","MSB:Fish:30810",1996,2,7,"MSB 30810-3","JAR8737F","EO","KL","06-25-2026",FALSE,55,43,1306,"impact","impact_1991-2000",35.089293,-106.680842,"trem.b",0
"1567","MSB:Fish:30810",1996,2,7,"MSB 30810-2","JAR8735F","BP","JG KL","06-25-2025",FALSE,59,48,1673,"impact","impact_1991-2000",35.089293,-106.680842,"trem.b",0
"1568","MSB:Fish:30810",1996,2,7,"MSB 30810-4","JAR8739F","BP","CW","06-25-2026",NA,66,52,2148,"impact","impact_1991-2000",35.089293,-106.680842,"trem.b",0
"1569","MSB:Fish:30810",1996,2,7,"MSB 30910-1","JAR8734F","EO","CW","06-25-2025",NA,68,54,2437,"impact","impact_1991-2000",35.089293,-106.680842,"trem.b",0
"1570","MSB:Fish:30810",1996,2,7,"MSB 30810-5","JAR8741F","BP","CW","06-25-2025",NA,63,52,2142,"impact","impact_1991-2000",35.089293,-106.680842,"trem.b",0
"1571","MSB:Fish:39103",1997,10,15,"MSB 39103-1","JAR8670F","BP","JG KL","06-23-2025",NA,57,53,2560,"control","control_1991-2000",35.28302778,-106.5981389,"trem.b",0
"1572","MSB:Fish:39103",1997,10,15,"MSB 39103-3","JAR8675F","BP","KL","06-23-2025",NA,61,47,2132,"control","control_1991-2000",35.28302778,-106.5981389,"trem.b",1
"1573","MSB:Fish:39103",1997,10,15,"MSB 39103-5","JAR8678F","EO","CW","06-23-2025",NA,60,47,2006,"control","control_1991-2000",35.28302778,-106.5981389,"trem.b",0
"1574","MSB:Fish:39103",2997,10,15,"MSB 39103-4","JAR8676F","EO","EO CLW","06-23-2025",NA,69,54,3110,"control","control_1991-2000",35.28302778,-106.5981389,"trem.b",0
"1575","MSB:Fish:39103",1997,10,15,"MSB 39103-2","JAR8677F","JG","KL","06-23-2025",NA,69,56,3012,"control","control_1991-2000",35.28302778,-106.5981389,"trem.b",1
"1576","MSB:Fish:3966",1977,9,28,"MSB 3966-5","JAR8879F","JG","CW","07-02-2025",NA,51,41,1353,"impact","impact_1971-1980",35.134883,-106.690838,"trem.b",0
"1577","MSB:Fish:3966",1977,9,28,"MSB 3966-3","JAR8894F","JG","GC","07-02-2025",NA,50,39,1164,"impact","impact_1971-1980",35.134883,-106.690838,"trem.b",0
"1578","MSB:Fish:3966",1977,9,28,"MSB 3966-1","JAR8888F","JG","KL","07-02-2025",NA,55,44,1530,"impact","impact_1971-1980",35.134883,-106.690838,"trem.b",0
"1579","MSB:Fish:3966",1977,9,28,"MSB 3966-4","JAR8885F","JG","GC","07-02-2025",NA,57,47,2076,"impact","impact_1971-1980",35.134883,-106.690838,"trem.b",0
"1580","MSB:Fish:3966",1977,9,28,"MSB 3966-2","JAR8892F","JG","CW","07-02-2025",NA,38,30,477,"impact","impact_1971-1980",35.134883,-106.690838,"trem.b",0
"1581","MSB:Fish:4096",1978,9,5,"MSB 4096-1","JAR8718F","BP","KL","06-24-2025",NA,44,36,1043,"impact","impact_1971-1980",35.10625,-106.692633,"trem.b",5
"1582","MSB:Fish:4096",1978,9,5,"MSB 4096-5","JAR8715F","BP","KL","06-24-2025",NA,41,33,774,"impact","impact_1971-1980",35.10625,-106.692633,"trem.b",0
"1583","MSB:Fish:4096",1978,9,5,"MSB 4096-3","JAR8713F","BP","EO CW","06-24-2025",FALSE,49,39,1118,"impact","impact_1971-1980",35.10625,-106.692633,"trem.b",0
"1584","MSB:Fish:4096",1978,9,5,"MSB 4096-4","JAR8717F","EO","CW","06-24-2025",NA,45,35,856,"impact","impact_1971-1980",35.10625,-106.692633,"trem.b",0
"1585","MSB:Fish:4096",1978,9,5,"MSB 4096-2","JAR8711F","EO","CW","06-24-2025",NA,44,34,903,"impact","impact_1971-1980",35.10625,-106.692633,"trem.b",0
"1586","MSB:Fish:4161",1977,8,5,"MSB 4161-3","JAR8700F","BP","CW","06-24-2025",NA,39,29,511,"impact","impact_1971-1980",34.905272,-106.685564,"trem.b",0
"1587","MSB:Fish:4161",1977,8,5,"MSB 4161-4","JAR8702F","JG","CLW","06-24-2025",NA,41,31,632,"impact","impact_1971-1980",34.905272,-106.685564,"trem.b",0
"1588","MSB:Fish:4161",1977,8,5,"MSB 4161-5","JAR8703F","JG","CLW","06-24-2025",NA,36,29,444,"impact","impact_1971-1980",34.905272,-106.685564,"trem.b",0
"1589","MSB:Fish:4161",1977,8,5,"MSB 4161-1","JAR8696F","JG","KL","06-24-2025",NA,53,43,1166,"impact","impact_1971-1980",34.905272,-106.685564,"trem.b",0
"1590","MSB:Fish:4161",1977,8,5,"MSB 4161-2","JAR8698F","JG","JG KL","06-24-2025",NA,44,35,753,"impact","impact_1971-1980",34.905272,-106.685564,"trem.b",0
"1591","MSB:Fish:4206",1978,9,8,"MSB 4206-3","JAR8847F","EO","KL","07-01-2025",NA,39,30,567,"control","control_1971-1980",35.256141,-106.596281,"trem.b",0
"1592","MSB:Fish:4206",1978,9,8,"MSB 4206-1","JAR8848F","EO","JG KL","07-01-2025",NA,43,33,739,"control","control_1971-1980",35.256141,-106.596281,"trem.b",0
"1593","MSB:Fish:4206",1978,9,8,"MSB 4206-4","JAR8852F","EO","GC","07-01-2025",NA,37,29,503,"control","control_1971-1980",35.256141,-106.596281,"trem.b",0
"1594","MSB:Fish:4206",1978,9,8,"MSB 4206-2","JAR8850F","EO","CW","07-01-2025",NA,40,31,665,"control","control_1971-1980",35.256141,-106.596281,"trem.b",0
"1595","MSB:Fish:4206",1978,9,8,"MSB 4206-5","JAR8854F","EO","JG KL","07-01-2025",NA,36,29,433,"control","control_1971-1980",35.256141,-106.596281,"trem.b",1
"1596","MSB:Fish:43490",1999,10,11,"MSB 43490-1","JAR8745F","BP","CW","06-26-2025",NA,72,57,3244,"control","control_1991-2000",35.28302778,-106.5981389,"trem.b",0
"1597","MSB:Fish:43490",1999,10,11,"MSB 43490-3","JAR8749F","BP","CLW","06-26-2025",FALSE,61,49,2200,"control","control_1991-2000",35.28302778,-106.5981389,"trem.b",0
"1598","MSB:Fish:43490",1999,10,11,"MSB 43490-5","JAR8746F","BP","CLW","06-26-2025",FALSE,60,51,2094,"control","control_1991-2000",35.28302778,-106.5981389,"trem.b",0
"1599","MSB:Fish:43490",1999,10,11,"MSB 43490-2","JAR8747F","JG","CLW","06-26-2025",NA,61,55,2713,"control","control_1991-2000",35.28302778,-106.5981389,"trem.b",0
"1600","MSB:Fish:43490",1999,10,11,"MSB 43490-4","JAR8744F","JG","EO CLW","06-26-2025",FALSE,67,54,2031,"control","control_1991-2000",35.28302778,-106.5981389,"trem.b",0
"1601","MSB:Fish:4384",1978,9,23,"MSB 4384-3","JAR8748F","BP","KL","06-30-2025",FALSE,55,44,1919,"impact","impact_1971-1980",34.905272,-106.685564,"trem.b",0
"1602","MSB:Fish:4384",1978,9,23,"MSB 4384-4","JAR8752F","EO","GC","06-30-2025",NA,63,49,2458,"impact","impact_1971-1980",34.905272,-106.685564,"trem.b",0
"1603","MSB:Fish:4384",1978,9,23,"MSB 4384-2","JAR8757F","EO","CW","06-30-2025",NA,64,49,2390,"impact","impact_1971-1980",34.905272,-106.685564,"trem.b",0
"1604","MSB:Fish:4384",1978,9,23,"MSB 4384-1","JAR8750F","BP","CW","06-30-2025",NA,67,55,3024,"impact","impact_1971-1980",34.905272,-106.685564,"trem.b",0
"1605","MSB:Fish:4384",1978,9,23,"MSB 4384-5","JAR8756F","BP","KL","06-30-2025",NA,63,51,2594,"impact","impact_1971-1980",34.905272,-106.685564,"trem.b",3
"1606","MSB:Fish:4423",1978,8,3,"MSB 4423-4","JAR8724F","BP","KL","06-30-2025",NA,44,36,880,"impact","impact_1971-1980",34.905272,-106.685564,"trem.b",0
"1607","MSB:Fish:4423",1978,8,3,"MSB 4423-1","JAR8758F","EO","GC","06-30-2025",NA,46,37,1128,"impact","impact_1971-1980",34.905272,-106.685564,"trem.b",0
"1608","MSB:Fish:4423",1978,8,3,"MSB 4423-2","JAR8754F","BP","CW","06-30-2025",NA,49,38,1164,"impact","impact_1971-1980",34.905272,-106.685564,"trem.b",0
"1609","MSB:Fish:4423",1978,8,3,"MSB 4423-5","JAR8751F","EO","CW","06-30-2025",NA,42,33,832,"impact","impact_1971-1980",34.905272,-106.685564,"trem.b",0
"1610","MSB:Fish:4423",1978,8,3,"MSB 4423-3","JAR8726F","EO","KL","06-30-2025",NA,47,37,1155,"impact","impact_1971-1980",34.905272,-106.685564,"trem.b",0
"1611","MSB:Fish:4432",1978,9,8,"MSB 4432-3","JAR8727F","BP","CW","06-30-2025",NA,39,31,570,"control","control_1971-1980",35.239638,-106.587548,"trem.b",0
"1612","MSB:Fish:4432",1978,9,8,"MSB 4432-1","JAR8759F","BP","JG","06-30-2025",NA,39,30,568,"control","control_1971-1980",35.239638,-106.587548,"trem.b",0
"1613","MSB:Fish:4432",1978,9,8,"MSB 4432-5","JAR8753F","BP","JG GC","06-30-2025",NA,35,26,360,"control","control_1971-1980",35.239638,-106.587548,"trem.b",0
"1614","MSB:Fish:4432",1978,9,8,"MSB 4432-4","JAR8729F","EO","CW","06-30-2025",NA,39,29,548,"control","control_1971-1980",35.239638,-106.587548,"trem.b",0
"1615","MSB:Fish:4432",1978,9,8,"MSB 4432-2","JAR8722F","EO","EO GC","06-30-2025",NA,52,42,1431,"control","control_1971-1980",35.239638,-106.587548,"trem.b",0
"1616","MSB:Fish:4487",1978,9,29,"MSB 4487-1","JAR8887F","EO","GC","07-03-2025",NA,47,37,1143,"control","control_1971-1980",35.383856,-106.490929,"trem.b",0
"1617","MSB:Fish:4487",1978,9,29,"MSB 4487-5","JAR8890F","EO","JG GC","07-03-2025",NA,38,30,543,"control","control_1971-1980",35.383856,-106.490929,"trem.b",0
"1618","MSB:Fish:4487",1978,9,29,"MSB 4487-3","JAR8889F","EO","KL","07-03-2025",NA,46,35,1166,"control","control_1971-1980",35.383856,-106.490929,"trem.b",0
"1619","MSB:Fish:4487",1978,9,29,"MSB 4487-4","JAR8891F","BP","GC","07-03-2025",NA,36,27,481,"control","control_1971-1980",35.383856,-106.490929,"trem.b",0
"1620","MSB:Fish:4487",1978,9,29,"MSB 4487-2","JAR8893F","BP","GC","07-03-2025",NA,49,38,1354,"control","control_1971-1980",35.383856,-106.490929,"trem.b",0
"1621","MSB:Fish:4984",1978,9,5,"MSB 4984-3","JAR8640F","EO","CLW","06-23-2025",NA,38,29,504,"impact","impact_1971-1980",35.196977,-106.642444,"trem.b",0
"1622","MSB:Fish:4984",1978,9,5,"MSB 4984-4","JAR8642F","JG","KL","06-23-2025",NA,32,25,338,"impact","impact_1971-1980",35.196977,-106.642444,"trem.b",1
"1623","MSB:Fish:4984",1978,9,5,"MSB 4984-5","JAR8644F","BP","CW","06-23-2025",NA,32,24,341,"impact","impact_1971-1980",35.196977,-106.642444,"trem.b",0
"1624","MSB:Fish:4984",1978,9,5,"MSB 4984-2","JAR8662F","BP","CLW","06-23-2025",NA,38,30,541,"impact","impact_1971-1980",35.196977,-106.642444,"trem.b",0
"1625","MSB:Fish:4984",1978,9,5,"MSB 4984-1","JAR8660F","EO","CLW","06-23-2025",NA,39,30,621,"impact","impact_1971-1980",35.196977,-106.642444,"trem.b",0
"1626","MSB:Fish:4987",1977,7,6,"MSB 4987-5","JAR8788F","JG","GC","07-01-2025",NA,40,33,672,"control","control_1971-1980",35.232431,-106.594272,"trem.b",0
"1627","MSB:Fish:4987",1977,7,6,"MSB 4987-1","JAR8849F","JG","KL","07-01-2025",NA,52,40,1450,"control","control_1971-1980",35.232431,-106.594272,"trem.b",1
"1628","MSB:Fish:4987",1977,7,6,"MSB 4987-3","JAR8851F","JG","KL","07-01-2025",NA,47,37,1297,"control","control_1971-1980",35.232431,-106.594272,"trem.b",0
"1629","MSB:Fish:4987",1977,7,6,"MSB 4987-2","JAR8790F","EO","JG KL","07-01-2025",NA,54,44,1436,"control","control_1971-1980",35.232431,-106.594272,"trem.b",0
"1630","MSB:Fish:4987",1977,7,6,"MSB 4987-4","JAR8853F","EO","BP","07-01-2025",NA,47,37,1163,"control","control_1971-1980",35.232431,-106.594272,"trem.b",0
"1631","MSB:Fish:49970",1994,5,5,"MSB 49970-1","JAR8641F","EO","CLW","06-20-2025",NA,66,52,2386,"control","control_1991-2000",35.28302778,-106.5981389,"trem.b",0
"1632","MSB:Fish:49970",1994,5,5,"MSB 49970-5","JAR8646F","EO","EO KL","06-20-2025",NA,64,51,2231,"control","control_1991-2000",35.28302778,-106.5981389,"trem.b",0
"1633","MSB:Fish:49970",1994,5,5,"MSB 49970-3","JAR8645F","EO","KL BP CW","06-20-2025",NA,69,55,2817,"control","control_1991-2000",35.28302778,-106.5981389,"trem.b",0
"1634","MSB:Fish:49970",1994,5,5,"MSB 49970-4","JAR8648F","JG","KL","06-20-2025",FALSE,65,53,2749,"control","control_1991-2000",35.28302778,-106.5981389,"trem.b",0
"1635","MSB:Fish:49970",1994,5,5,"MSB 49970-2","JAR8643F","JG","CW JG","06-20-2025",NA,63,52,2230,"control","control_1991-2000",35.28302778,-106.5981389,"trem.b",0
"1636","MSB:Fish:5263",1986,8,12,"MSB 5263-1","JAR8856F","BP","GC","07-02-2025",NA,36,29,497,"control","control_1981-1990",35.28302778,-106.5981389,"trem.b",0
"1637","MSB:Fish:5263",1986,8,12,"MSB 5263-4","JAR8857F","BP","KL","07-02-2025",NA,35,27,407,"control","control_1981-1990",35.28302778,-106.5981389,"trem.b",0
"1638","MSB:Fish:5263",1986,8,12,"MSB 5263-2","JAR8861F","BP","CW","07-02-2025",NA,36,29,462,"control","control_1981-1990",35.28302778,-106.5981389,"trem.b",0
"1639","MSB:Fish:5263",1986,8,12,"MSB 5263-3","JAR8855F","BP","CW","07-02-2025",NA,35,31,653,"control","control_1981-1990",35.28302778,-106.5981389,"trem.b",0
"1640","MSB:Fish:5263",1986,8,12,"MSB 5263-5","JAR8859F","BP","BP EO","07-02-2025",NA,36,29,444,"control","control_1981-1990",35.28302778,-106.5981389,"trem.b",0
"1641","MSB:Fish:5814",1987,9,10,"MSB 5814-1","JAR8631F","KL","KL","06-16-2025",NA,66,52,2223,"impact","impact_1981-1990",34.905272,-106.685564,"trem.b",0
"1642","MSB:Fish:5814",1987,9,10,"MSB 5814-2","JAR8634F","JG","CW","06-17-2025",NA,55,47,1856,"impact","impact_1981-1990",34.905272,-106.685564,"trem.b",0
"1643","MSB:Fish:5814",1987,9,10,"MSB 5814-3","JAR8630F","EO","CLW CW","06-18-2025",NA,67,52,2759,"impact","impact_1981-1990",34.905272,-106.685564,"trem.b",0
"1644","MSB:Fish:5814",1987,9,10,"MSB 5814-5","JAR8636F","JG","KL","06-19-2025",NA,85,68,5700,"impact","impact_1981-1990",34.905272,-106.685564,"trem.b",0
"1645","MSB:Fish:5814",1987,9,10,"MSB 5814-4","JAR8633F","EO","KL","06-16-2025",NA,52,41,1282,"impact","impact_1981-1990",34.905272,-106.685564,"trem.b",0
"1646","MSB:Fish:5825",1987,9,10,"MSB 5825-4","JAR8663F","BP","EO CW","06-18-2025",NA,63,49,2591,"impact","impact_1981-1990",34.875039,-106.717581,"trem.b",0
"1647","MSB:Fish:5825",1987,9,10,"MSB 5825-3","JAR8661F","BP","CLW KL","06-18-2025",NA,77,62,4671,"impact","impact_1981-1990",34.875039,-106.717581,"trem.b",0
"1648","MSB:Fish:5825",1987,9,10,"MSB 5825-5","JAR8639F","BP","CW","06-18-2025",NA,52,42,1542,"impact","impact_1981-1990",34.875039,-106.717581,"trem.b",0
"1649","MSB:Fish:5825",1987,9,10,"MSB 5825-2","JAR8659F","BP","CW","06-18-2025",NA,54,42,1606,"impact","impact_1981-1990",34.875039,-106.717581,"trem.b",0
"1650","MSB:Fish:5825",1987,9,10,"MSB 5825-1","JAR8657F","BP","BP KL","06-18-2025",FALSE,59,47,2305,"impact","impact_1981-1990",34.875039,-106.717581,"trem.b",0
"1651","MSB:Fish:68463",1984,8,15,"MSB 68463-1","JAR8864F","BP","GC","07-02-2025",NA,37,30,505,"impact","impact_1981-1990",35.089293,-106.680842,"trem.b",0
"1652","MSB:Fish:68463",1984,8,15,"MSB 68463-4","JAR8870F","BP","CW","07-02-2025",NA,42,34,485,"impact","impact_1981-1990",35.089293,-106.680842,"trem.b",0
"1653","MSB:Fish:68463",1984,8,15,"MSB 68463-3","JAR8868F","BP","CW","07-02-2025",NA,36,27,313,"impact","impact_1981-1990",35.089293,-106.680842,"trem.b",0
"1654","MSB:Fish:68463",1984,8,15,"MSB 68463-5","JAR8860F","BP","GC","07-02-2025",NA,35,27,398,"impact","impact_1981-1990",35.089293,-106.680842,"trem.b",0
"1655","MSB:Fish:68463",1984,8,15,"MSB 68463-2","JAR8866F","BP","CW","07-02-2025",NA,48,37,950,"impact","impact_1981-1990",35.089293,-106.680842,"trem.b",0
"1656","MSB:Fish:68501",1984,8,15,"MSB 68501-4","JAR8787F","JG","CW","07-01-2025",NA,79,64,4731,"control","control_1981-1990",35.225523,-106.597651,"trem.b",0
"1657","MSB:Fish:68501",1984,8,15,"MSB 68501-3","JAR8785F","JG","KL","07-01-2025",NA,36,29,472,"control","control_1981-1990",35.225523,-106.597651,"trem.b",0
"1658","MSB:Fish:68501",1984,8,15,"MSB 68501-5","JAR8789F","JG","CW","07-01-2025",NA,72,60,3973,"control","control_1981-1990",35.225523,-106.597651,"trem.b",0
"1659","MSB:Fish:68501",1984,8,15,"MSB 68501-2","JAR8783F","JG","KL","07-01-2025",NA,37,29,513,"control","control_1981-1990",35.225523,-106.597651,"trem.b",0
"1660","MSB:Fish:68501",1984,8,15,"MSB 68501-1","JAR8786F","JG","GC","07-01-2025",NA,35,26,349,"control","control_1981-1990",35.225523,-106.597651,"trem.b",0
"1661","MSB:Fish:68513",1984,8,16,"MSB 68513-4","JAR8896F","EO","CW","07-03-2025",NA,41,32,638,"control","control_1981-1990",35.211416,-106.612833,"trem.b",0
"1662","MSB:Fish:68513",1984,8,16,"MSB 68513-2","JAR8897F","EO","KL","07-03-2025",NA,47,36,941,"control","control_1981-1990",35.211416,-106.612833,"trem.b",0
"1663","MSB:Fish:68513",1984,8,16,"MSB 68513-1","JAR8895F","BP","GC","07-03-2025",NA,44,34,769,"control","control_1981-1990",35.211416,-106.612833,"trem.b",0
"1664","MSB:Fish:68513",1984,8,16,"MSB 68513-5","JAR8901F","EO","BP","07-03-2025",NA,40,31,606,"control","control_1981-1990",35.211416,-106.612833,"trem.b",0
"1665","MSB:Fish:68513",1984,8,16,"MSB 68513-3","JAR8899F","BP","CW","07-03-2025",NA,37,27,397,"control","control_1981-1990",35.211416,-106.612833,"trem.b",0
"1666","MSB:Fish:68528",1984,8,16,"MSB 68528-1","JAR8731F","EO","KL","06-25-2025",NA,69,55,3206,"control","control_1981-1990",35.322164,-106.557448,"trem.b",0
"1667","MSB:Fish:68528",1984,8,16,"MSB 68528-5","JAR8733F","BP","CLW","06-25-2025",NA,47,37,1014,"control","control_1981-1990",35.322164,-106.557448,"trem.b",0
"1668","MSB:Fish:68528",1984,8,16,"MSB 68528-2","JAR8728F","EO","KL","06-25-2025",FALSE,72,57,2986,"control","control_1981-1990",35.322164,-106.557448,"trem.b",0
"1669","MSB:Fish:68528",1984,8,16,"MSB 68528-3","JAR8732F","BP","JG CW","06-25-2025",NA,67,53,2767,"control","control_1981-1990",35.322164,-106.557448,"trem.b",0
"1670","MSB:Fish:68528",1984,8,16,"MSB 68528-4","JAR8730F","EO","KL","06-25-2025",NA,68,55,2391,"control","control_1981-1990",35.322164,-106.557448,"trem.b",0
"1671","MSB:Fish:7593",1988,5,25,"MSB 7593-2","JAR8705F","EO","JG CW","06-24-2025",NA,64,50,2324,"impact","impact_1981-1990",34.905272,-106.685564,"trem.b",0
"1672","MSB:Fish:7593",1988,5,25,"MSB 7593-5","JAR8709F","BP","BP CLW","06-24-2025",NA,62,51,2400,"impact","impact_1981-1990",34.905272,-106.685564,"trem.b",0
"1673","MSB:Fish:7593",1988,5,25,"MSB 7593-4","JAR8707F","EO","BP KL","06-24-2025",FALSE,61,48,1922,"impact","impact_1981-1990",34.905272,-106.685564,"trem.b",0
"1674","MSB:Fish:7593",1988,5,25,"MSB 7593-3","JAR8706F","BP","BP KL","06-24-2025",FALSE,58,45,2248,"impact","impact_1981-1990",34.905272,-106.685564,"trem.b",0
"1675","MSB:Fish:7593",1988,5,25,"MSB 7593-1","JAR8704F","BP","KL","06-24-2025",FALSE,64,50,3600,"impact","impact_1981-1990",34.905272,-106.685564,"trem.b",0
"1676","MSB:Fish:7788",1988,5,25,"MSB 7788-2","JAR8769F","BP","KL","06-30-2025",NA,69,53,2804,"control","control_1981-1990",35.322164,-106.557448,"trem.b",0
"1677","MSB:Fish:7788",2988,5,25,"MSB 7788-4","JAR8764F","BP","BP","06-30-2025",NA,56,45,1819,"control","control_1981-1990",35.322164,-106.557448,"trem.b",0
"1678","MSB:Fish:7788",1988,5,25,"MSB 7788-3","JAR8767F","EO","KL","06-30-2025",NA,69,55,3017,"control","control_1981-1990",35.322164,-106.557448,"trem.b",0
"1679","MSB:Fish:7788",1988,5,25,"MSB 7788-1","JAR8763F","EO","KL","06-30-2025",NA,64,51,2418,"control","control_1981-1990",35.322164,-106.557448,"trem.b",0
"1680","MSB:Fish:7788",1988,5,25,"MSB 7788-5","JAR8762F","EO","KL","06-30-2025",NA,60,47,2139,"control","control_1981-1990",35.322164,-106.557448,"trem.b",1
"1681","MSB:Fish:1129",1959,2,20,"MSB 1129-5","JAR8672F","JG","CW","06-20-2025",NA,40,32,383,"control","control_1951-1960",35.350556,-106.535497,"trem.d",0
"1682","MSB:Fish:1129",1959,2,20,"MSB 1129-2","JAR8674F","EO","CLW","06-20-2025",NA,46,34,697,"control","control_1951-1960",35.350556,-106.535497,"trem.d",0
"1683","MSB:Fish:1129",1959,2,20,"MSB 1129-1","JAR8668F","JG","KL","06-20-2025",NA,41,33,519,"control","control_1951-1960",35.350556,-106.535497,"trem.d",0
"1684","MSB:Fish:1129",1959,2,20,"MSB 1129-4","JAR8671F","EO","JG KL","06-20-2025",NA,41,31,580,"control","control_1951-1960",35.350556,-106.535497,"trem.d",0
"1685","MSB:Fish:1129",1959,2,20,"MSB 1129-3","JAR8673F","JG","CW","06-20-2025",NA,43,36,659,"control","control_1951-1960",35.350556,-106.535497,"trem.d",0
"1686","MSB:Fish:1130",1949,10,29,"MSB 1130-5","JAR8701F","EO","KL","06-24-2025",NA,57,48,2022,"impact","impact_1941-1950",34.87537,-106.717837,"trem.d",0
"1687","MSB:Fish:1130",1949,10,29,"MSB 1130-3","JAR8697F","JG","JG CW","06-24-2025",NA,61,49,1811,"impact","impact_1941-1950",34.87537,-106.717837,"trem.d",0
"1688","MSB:Fish:1130",1949,10,29,"MSB 1130-4","JAR8699F","BP","CLW","06-24-2025",NA,62,47,2068,"impact","impact_1941-1950",34.87537,-106.717837,"trem.d",0
"1689","MSB:Fish:1130",1949,10,29,"MSB 1130-1","JAR8690F","JG","JG KL","06-24-2025",FALSE,71,58,3286,"impact","impact_1941-1950",34.87537,-106.717837,"trem.d",0
"1690","MSB:Fish:1130",1949,10,29,"MSB 1130-2","JAR8695F","BP","KL","06-24-2025",FALSE,68,54,3151,"impact","impact_1941-1950",34.87537,-106.717837,"trem.d",0
"1691","MSB:Fish:1131",1959,2,24,"MSB 1131-5","JAR8682F","BP","KL","06-23-2025",NA,53,44,1289,"impact","impact_1951-1960",34.987044,-106.690293,"trem.d",0
"1692","MSB:Fish:1131",1959,2,24,"MSB 1131-2","JAR8689F","EO","CW","06-23-2025",NA,60,47,1798,"impact","impact_1951-1960",34.987044,-106.690293,"trem.d",0
"1693","MSB:Fish:1131",1959,2,24,"MSB 1131-3","JAR8693F","BP","CW","06-23-2025",FALSE,54,44,1280,"impact","impact_1951-1960",34.987044,-106.690293,"trem.d",0
"1694","MSB:Fish:1131",1959,2,24,"MSB 1131-4","JAR8680F","EO","KL","06-23-2025",NA,52,43,1316,"impact","impact_1951-1960",34.987044,-106.690293,"trem.d",0
"1695","MSB:Fish:1131",1959,2,24,"MSB 1131-2","JAR8691F","JG","CLW","06-23-2025",NA,63,51,1849,"impact","impact_1951-1960",34.987044,-106.690293,"trem.d",0
"1696","MSB:Fish:1132",1947,10,25,"MSB 1132-1","JAR8684F","JG","CW","06-23-2025",NA,71,58,3310,"control","control_1941-1950",35.380629,-106.503529,"trem.d",0
"1697","MSB:Fish:1132",1947,10,25,"MSB 1132-4","JAR8694F","JG","KL","06-23-2025",NA,63,54,2744,"control","control_1941-1950",35.380629,-106.503529,"trem.d",0
"1698","MSB:Fish:1132",2947,10,25,"MSB 1132-5","JAR8692F","JG","CW","06-23-2025",NA,61,49,1975,"control","control_1941-1950",35.380629,-106.503529,"trem.d",0
"1699","MSB:Fish:1132",1947,10,25,"MSB 1132-3","JAR8688F","JG","CLW","06-23-2025",NA,77,64,4621,"control","control_1941-1950",35.380629,-106.503529,"trem.d",0
"1700","MSB:Fish:1132",1947,10,25,"MSB 1132-2","JAR8686F","JG","CW","06-23-2025",NA,73,62,3934,"control","control_1941-1950",35.380629,-106.503529,"trem.d",0
"1701","MSB:Fish:1149",1939,2,26,"MSB 1149-1","JAR8871F","JG","GC","07-02-2025",NA,55,45,1360,"impact","impact_1931-1940",35.100259,-106.692107,"trem.d",1
"1702","MSB:Fish:1149",1939,2,26,"MSB 1149-5","JAR8872F","EO","KL","07-02-2025",FALSE,76,57,3276,"impact","impact_1931-1940",35.100259,-106.692107,"trem.d",0
"1703","MSB:Fish:1149",1939,2,26,"MSB 1149-3","JAR8875F","EO","EO KL","07-02-2025",NA,61,47,1795,"impact","impact_1931-1940",35.100259,-106.692107,"trem.d",0
"1704","MSB:Fish:1149",1939,2,26,"MSB 1149-4","JAR8877F","JG","CW","07-02-2025",NA,57,45,1435,"impact","impact_1931-1940",35.100259,-106.692107,"trem.d",0
"1705","MSB:Fish:1149",1939,2,26,"MSB 1149-2","JAR8873F","JG","GC","07-02-2025",FALSE,64,52,2298,"impact","impact_1931-1940",35.100259,-106.692107,"trem.d",2
"1706","MSB:Fish:1150",1939,6,9,"MSB 1150-3","JAR8712F","BP","CW","06-24-2025",FALSE,71,54,4462,"impact","impact_1931-1940",34.906619,-106.685289,"trem.d",0
"1707","MSB:Fish:1150",1939,6,9,"MSB 1150-1","JAR8708F","BP","KL","06-24-2025",NA,63,50,2550,"impact","impact_1931-1940",34.906619,-106.685289,"trem.d",0
"1708","MSB:Fish:1150",1939,6,9,"MSB 1150-2","JAR8714F","JG","CLW","06-24-2025",FALSE,72,61,4536,"impact","impact_1931-1940",34.906619,-106.685289,"trem.d",0
"1709","MSB:Fish:1150",1939,6,9,"MSB 1150-5","JAR8710F","BP","CW","06-24-2025",FALSE,60,49,2576,"impact","impact_1931-1940",34.906619,-106.685289,"trem.d",0
"1710","MSB:Fish:1150",1939,6,9,"MSB 1150-4","JAR8716F","JG","KL","06-24-2025",FALSE,65,53,3213,"impact","impact_1931-1940",34.906619,-106.685289,"trem.d",0
"1711","MSB:Fish:1154",1949,10,21,"MSB 1154-4","JAR8770F","EO","CW","06-30-2025",NA,54,43,1207,"impact","impact_1941-1950",34.929201,-106.681499,"trem.d",0
"1712","MSB:Fish:1154",1949,10,21,"MSB 1154-2","JAR8773F","EO","KL","06-30-2025",FALSE,66,52,2229,"impact","impact_1941-1950",34.929201,-106.681499,"trem.d",0
"1713","MSB:Fish:1154",1949,10,21,"MSB 1154-3","JAR8768","BP","BP","06-30-2025",NA,60,48,1790,"impact","impact_1941-1950",34.929201,-106.681499,"trem.d",2
"1714","MSB:Fish:1154",1949,10,21,"MSB 1154-5","JAR8772F","BP","BP","06-30-2025",FALSE,44,34,644,"impact","impact_1941-1950",34.929201,-106.681499,"trem.d",0
"1715","MSB:Fish:1154",1949,10,21,"MSB 1154-1","JAR8771F","BP","EO GC CW","06-30-2025",NA,65,51,2430,"impact","impact_1941-1950",34.929201,-106.681499,"trem.d",0
"1716","MSB:Fish:1155",1943,6,23,"MSB 1155-3","JAR8685F","BP","CW","06-23-2025",NA,69,56,3145,"control","control_1941-1950",35.322418,-106.557971,"trem.d",0
"1717","MSB:Fish:1155",1943,6,23,"MSB 1155-4","JAR8683F","EO","BP KL","06-23-2025",FALSE,54,45,1684,"control","control_1941-1950",35.322418,-106.557971,"trem.d",0
"1718","MSB:Fish:1155",2943,6,23,"MSB1155-1","JAR8679F","BP","BP CW KL","06-23-2025",NA,62,50,2170,"control","control_1941-1950",35.322418,-106.557971,"trem.d",0
"1719","MSB:Fish:1155",1943,6,23,"MSB 1155-5","JAR8687F","EO","KL","06-23-2025",NA,53,45,1706,"control","control_1941-1950",35.322418,-106.557971,"trem.d",0
"1720","MSB:Fish:1155",1943,6,23,"MSB 1155-2","JAR8681F","EO","KL","06-23-2025",NA,63,50,2536,"control","control_1941-1950",35.322418,-106.557971,"trem.d",0
"1721","MSB:Fish:1160",1939,1,28,"MSB 1160-3","JAR8784F","JG","CW","07-01-2025",NA,51,42,1253,"impact","impact_1931-1940",35.100259,-106.692107,"trem.d",0
"1722","MSB:Fish:1160",1939,1,28,"MSB 1160-2","JAR8779","JG","EO GC","07-01-2025",NA,48,38,800,"impact","impact_1931-1940",35.100259,-106.692107,"trem.d",0
"1723","MSB:Fish:1160",1939,1,28,"MSB 1160-1","JAR8781F","JG","GC","07-01-2025",NA,51,43,1112,"impact","impact_1931-1940",35.100259,-106.692107,"trem.d",0
"1724","MSB:Fish:1160",1939,1,28,"MSB 1160-4","JAR8780F","JG","GC","07-01-2025",FALSE,50,41,1020,"impact","impact_1931-1940",35.100259,-106.692107,"trem.d",0
"1725","MSB:Fish:1160",1939,1,28,"MSB 1160-5","JAR8782F","EO","GC","07-01-2025",NA,51,40,1021,"impact","impact_1931-1940",35.100259,-106.692107,"trem.d",0
"1726","MSB:Fish:19389",1994,5,27,"MSB 19389-1","JAR8874F","JG","JG","07-02-2025",FALSE,56,44,1941,"control","control_1991-2000",35.322164,-106.557448,"trem.d",0
"1727","MSB:Fish:19389",1994,5,27,"MSB 19389-2","JAR8862F","EO","KL","07-02-2025",NA,52,40,1391,"control","control_1991-2000",35.322164,-106.557448,"trem.d",1
"1728","MSB:Fish:19389",1994,5,27,"MSB 19389-5","JAR8878F","BP","CW","07-02-2025",NA,44,35,909,"control","control_1991-2000",35.322164,-106.557448,"trem.d",0
"1729","MSB:Fish:19389",1994,5,27,"MSB 19389-4","JAR8858F","EO","GC","07-02-2025",NA,48,38,1096,"control","control_1991-2000",35.322164,-106.557448,"trem.d",0
"1730","MSB:Fish:19389",1994,5,27,"MSB 19389-3","JAR8876F","JG","KL","07-02-2025",FALSE,55,46,2190,"control","control_1991-2000",35.322164,-106.557448,"trem.d",0
"1731","MSB:Fish:19537",1994,9,16,"MSB 19537-3","JAR8635F","EO","CLW","06-20-2025",NA,59,46,1370,"impact","impact_1991-2000",34.85683333,-106.7208056,"trem.d",0
"1732","MSB:Fish:19537",1994,9,16,"MSB 19537-2","JAR8664F","EO","CW","06-16-2025",NA,58,46,1650,"impact","impact_1991-2000",34.85683333,-106.7208056,"trem.d",0
"1733","MSB:Fish:19537",1994,9,16,"MSB 19537-1","JAR8632F","JG","KL","06-16-2025",NA,54,48,1824,"impact","impact_1991-2000",34.85683333,-106.7208056,"trem.d",0
"1734","MSB:Fish:19537",1994,9,16,"MSB 19537-4","JAR8638F","JG","CLW","06-16-2025",NA,53,44,1183,"impact","impact_1991-2000",34.85683333,-106.7208056,"trem.d",0
"1735","MSB:Fish:19537",1994,9,16,"MSB 19537-5","JAR8637F","EO","CW","06-16-2025",NA,47,38,760,"impact","impact_1991-2000",34.85683333,-106.7208056,"trem.d",0
"1736","MSB:Fish:19688",1994,10,10,"MSB 19688-2","JAR8863F","BP","JG CW","07-02-2025",NA,57,44,1805,"impact","impact_1991-2000",34.85683333,-106.7208056,"trem.d",0
"1737","MSB:Fish:19688",1994,10,10,"MSB 19688-4","JAR8867F","BP","CW","07-02-2025",NA,58,46,1810,"impact","impact_1991-2000",34.85683333,-106.7208056,"trem.d",0
"1738","MSB:Fish:19688",1994,10,10,"MSB 19688-5","JAR8869F","BP","KL","07-02-2025",NA,48,38,993,"impact","impact_1991-2000",34.85683333,-106.7208056,"trem.d",0
"1739","MSB:Fish:19688",1994,10,10,"MSB 19688-1","JAR8886F","BP","JG CW","07-02-2025",NA,65,51,2667,"impact","impact_1991-2000",34.85683333,-106.7208056,"trem.d",0
"1740","MSB:Fish:19688",1994,10,10,"MSB 19688-3","JAR8865F","BP","KL","07-02-2025",FALSE,56,45,2032,"impact","impact_1991-2000",34.85683333,-106.7208056,"trem.d",0
"1741","MSB:Fish:20390",1994,8,11,"MSB 20390-2","JAR8881F","JG","GC","07-02-2025",NA,40,36,923,"impact","impact_1991-2000",34.85683333,-106.7208056,"trem.d",0
"1742","MSB:Fish:20390",1994,8,11,"MSB 20390-3","JAR8880F","JG","EO","07-02-2025",NA,41,33,528,"impact","impact_1991-2000",34.85683333,-106.7208056,"trem.d",0
"1743","MSB:Fish:20390",1994,8,11,"MSB 20390-1","JAR8883F","JG","JG","07-02-2025",NA,53,41,1467,"impact","impact_1991-2000",34.85683333,-106.7208056,"trem.d",0
"1744","MSB:Fish:20390",1994,8,11,"MSB 20390-4","JAR8882F","JG","BP","07-02-2025",NA,49,38,968,"impact","impact_1991-2000",34.85683333,-106.7208056,"trem.d",1
"1745","MSB:Fish:20390",1994,8,11,"MSB 20390-5","JAR8884F","JG","CW","07-02-2025",NA,49,40,1145,"impact","impact_1991-2000",34.85683333,-106.7208056,"trem.d",0
"1746","MSB:Fish:20526",1994,7,27,"MSB 20526-5","JAR8666F","EO","CW","06-20-2025",NA,37,29,510,"impact","impact_1991-2000",34.905272,-106.685564,"trem.d",0
"1747","MSB:Fish:20526",1994,7,27,"MSB 20526-4","JAR8669F","BP","CLW","06-20-2025",NA,34,26,375,"impact","impact_1991-2000",34.905272,-106.685564,"trem.d",0
"1748","MSB:Fish:20526",1994,7,27,"MSB 20526-2","JAR8665F","BP","CW","06-20-2025",NA,37,29,507,"impact","impact_1991-2000",34.905272,-106.685564,"trem.d",0
"1749","MSB:Fish:20526",1994,7,27,"MSB 20526-3","JAR8667F","EO","CLW","06-20-2025",NA,38,30,599,"impact","impact_1991-2000",34.905272,-106.685564,"trem.d",1
"1750","MSB:Fish:20526",1994,7,27,"MSB 20526-1","JAR8647F","EO","KL","06-20-2025",NA,53,44,1498,"impact","impact_1991-2000",34.905272,-106.685564,"trem.d",1
"1751","MSB:Fish:25010",1995,8,2,"MSB 25010-2","JAR8650F","JG","KL","06-16-2025",NA,37,30,475,"control","control_1991-2000",35.28302778,-106.5981389,"trem.d",0
"1752","MSB:Fish:25010",1995,8,2,"MSB 25010-3","JAR8649F","EO","KL","06-16-2025",NA,39,31,531,"control","control_1991-2000",35.28302778,-106.5981389,"trem.d",1
"1753","MSB:Fish:25010",1995,8,2,"MSB 25010-4","JAR8652F","JG","JG CLW","06-16-2025",NA,35,28,503,"control","control_1991-2000",35.28302778,-106.5981389,"trem.d",0
"1754","MSB:Fish:25010",1995,8,2,"MSB 25010-1","JAR8629F","EO","CW","06-16-2025",NA,43,32,743,"control","control_1991-2000",35.28302778,-106.5981389,"trem.d",0
"1755","MSB:Fish:25010",1995,8,2,"MSB 25010-5","JAR8651F","EO","KL","06-16-2025",NA,38,30,494,"control","control_1991-2000",35.28302778,-106.5981389,"trem.d",5
"1756","MSB:Fish:25023",1995,8,2,"MSB 25023-3","JAR8723F","EO","CW","06-25-2025",NA,38,29,422,"impact","impact_1991-2000",35.089293,-106.680842,"trem.d",0
"1757","MSB:Fish:25023",1995,8,2,"MSB 25023-5","JAR8719F","EO","KL","06-25-2025",NA,40,31,571,"impact","impact_1991-2000",35.089293,-106.680842,"trem.d",0
"1758","MSB:Fish:25023",1995,8,2,"MSB 25023-1","JAR8720F","EO","JG EO KL","06-25-2025",NA,39,30,586,"impact","impact_1991-2000",35.089293,-106.680842,"trem.d",0
"1759","MSB:Fish:25023",1995,8,2,"MSB 25023-2","JAR8725F","EO","KL","06-25-2025",NA,36,29,560,"impact","impact_1991-2000",35.089293,-106.680842,"trem.d",1
"1760","MSB:Fish:25023",1995,8,2,"MSB 25023-4","JAR8721F","EO","CW","06-25-2025",NA,37,29,524,"impact","impact_1991-2000",35.089293,-106.680842,"trem.d",0
"1761","MSB:Fish:30075",1996,4,10,"MSB 30075-4","JAR8775F","EO","GC","06-30-2025",NA,63,49,2305,"impact","impact_1991-2000",35.13539167,-106.6684167,"trem.d",1
"1762","MSB:Fish:30075",1996,4,10,"MSB 30075-5","JAR8776","EO","EO KL ","06-30-2025",FALSE,68,54,3090,"impact","impact_1991-2000",35.13539167,-106.6684167,"trem.d",0
"1763","MSB:Fish:30075",1996,4,10,"MSB 30075-3","JAR8774F","JG","GC","06-30-2025",NA,57,46,1641,"impact","impact_1991-2000",35.13539167,-106.6684167,"trem.d",0
"1764","MSB:Fish:30075",1996,4,10,"MSB 30075-1","JAR8777F","JG","KL","06-30-2025",FALSE,55,45,1416,"impact","impact_1991-2000",35.13539167,-106.6684167,"trem.d",0
"1765","MSB:Fish:30075",1996,4,10,"MSB 30075-2","JAR8778F","EO","CW","06-30-2025",NA,70,57,3072,"impact","impact_1991-2000",35.13539167,-106.6684167,"trem.d",1
"1766","MSB:Fish:30282",1996,5,16,"MSB 30282-2","JAR8653F","EO","CW","06-23-2025",NA,64,50,2621,"control","control_1991-2000",35.322164,-106.557448,"trem.d",0
"1767","MSB:Fish:30282",1996,5,16,"MSB 20282-5","JAR8655F","JG","CLW","06-23-2025",NA,72,59,3808,"control","control_1991-2000",35.322164,-106.557448,"trem.d",0
"1768","MSB:Fish:30282",1996,5,16,"MSB 30282-1","JAR8654F","JG","CLW","06-23-2025",NA,58,49,2054,"control","control_1991-2000",35.322164,-106.557448,"trem.d",0
"1769","MSB:Fish:30282",1996,5,16,"MSB 30282-3","JAR8656F","EO","KL","06-23-2025",NA,71,56,3863,"control","control_1991-2000",35.322164,-106.557448,"trem.d",0
"1770","MSB:Fish:30282",1996,5,16,"MSB 30282-4","JAR8658F","BP","JG KL","06-23-2025",FALSE,58,46,1814,"control","control_1991-2000",35.322164,-106.557448,"trem.d",0
"1771","MSB:Fish:30410",1996,6,28,"MSB 30410-2","JAR8742F","BP","CW","06-25-2025",FALSE,66,53,3676,"impact","impact_1991-2000",34.85683333,-106.7208056,"trem.d",5
"1772","MSB:Fish:30410",1996,6,28,"MSB 30410-3","JAR8740F","BP","KL","06-25-2025",FALSE,74,59,4025,"impact","impact_1991-2000",34.85683333,-106.7208056,"trem.d",3
"1773","MSB:Fish:30410",1996,6,28,"MSB 30410-5","JAR8743F","BP","BP CW ","06-25-2025",NA,69,58,2424,"impact","impact_1991-2000",34.85683333,-106.7208056,"trem.d",3
"1774","MSB:Fish:30410",1996,6,28,"MSB 30410-1","JAR8736F","BP","CLW","06-25-2025",FALSE,72,59,NA,"impact","impact_1991-2000",34.85683333,-106.7208056,"trem.d",4
"1775","MSB:Fish:30410",1996,6,28,"MSB 30410-4","JAR8738F","JG","CLW","06-25-2025",FALSE,75,61,4376,"impact","impact_1991-2000",34.85683333,-106.7208056,"trem.d",3
"1776","MSB:Fish:30810",1996,2,7,"MSB 30810-3","JAR8737F","EO","KL","06-25-2026",FALSE,55,43,1306,"impact","impact_1991-2000",35.089293,-106.680842,"trem.d",0
"1777","MSB:Fish:30810",1996,2,7,"MSB 30810-2","JAR8735F","BP","JG KL","06-25-2025",FALSE,59,48,1673,"impact","impact_1991-2000",35.089293,-106.680842,"trem.d",0
"1778","MSB:Fish:30810",1996,2,7,"MSB 30810-4","JAR8739F","BP","CW","06-25-2026",NA,66,52,2148,"impact","impact_1991-2000",35.089293,-106.680842,"trem.d",0
"1779","MSB:Fish:30810",1996,2,7,"MSB 30910-1","JAR8734F","EO","CW","06-25-2025",NA,68,54,2437,"impact","impact_1991-2000",35.089293,-106.680842,"trem.d",0
"1780","MSB:Fish:30810",1996,2,7,"MSB 30810-5","JAR8741F","BP","CW","06-25-2025",NA,63,52,2142,"impact","impact_1991-2000",35.089293,-106.680842,"trem.d",0
"1781","MSB:Fish:39103",1997,10,15,"MSB 39103-1","JAR8670F","BP","JG KL","06-23-2025",NA,57,53,2560,"control","control_1991-2000",35.28302778,-106.5981389,"trem.d",0
"1782","MSB:Fish:39103",1997,10,15,"MSB 39103-3","JAR8675F","BP","KL","06-23-2025",NA,61,47,2132,"control","control_1991-2000",35.28302778,-106.5981389,"trem.d",0
"1783","MSB:Fish:39103",1997,10,15,"MSB 39103-5","JAR8678F","EO","CW","06-23-2025",NA,60,47,2006,"control","control_1991-2000",35.28302778,-106.5981389,"trem.d",0
"1784","MSB:Fish:39103",2997,10,15,"MSB 39103-4","JAR8676F","EO","EO CLW","06-23-2025",NA,69,54,3110,"control","control_1991-2000",35.28302778,-106.5981389,"trem.d",0
"1785","MSB:Fish:39103",1997,10,15,"MSB 39103-2","JAR8677F","JG","KL","06-23-2025",NA,69,56,3012,"control","control_1991-2000",35.28302778,-106.5981389,"trem.d",0
"1786","MSB:Fish:3966",1977,9,28,"MSB 3966-5","JAR8879F","JG","CW","07-02-2025",NA,51,41,1353,"impact","impact_1971-1980",35.134883,-106.690838,"trem.d",0
"1787","MSB:Fish:3966",1977,9,28,"MSB 3966-3","JAR8894F","JG","GC","07-02-2025",NA,50,39,1164,"impact","impact_1971-1980",35.134883,-106.690838,"trem.d",0
"1788","MSB:Fish:3966",1977,9,28,"MSB 3966-1","JAR8888F","JG","KL","07-02-2025",NA,55,44,1530,"impact","impact_1971-1980",35.134883,-106.690838,"trem.d",1
"1789","MSB:Fish:3966",1977,9,28,"MSB 3966-4","JAR8885F","JG","GC","07-02-2025",NA,57,47,2076,"impact","impact_1971-1980",35.134883,-106.690838,"trem.d",0
"1790","MSB:Fish:3966",1977,9,28,"MSB 3966-2","JAR8892F","JG","CW","07-02-2025",NA,38,30,477,"impact","impact_1971-1980",35.134883,-106.690838,"trem.d",0
"1791","MSB:Fish:4096",1978,9,5,"MSB 4096-1","JAR8718F","BP","KL","06-24-2025",NA,44,36,1043,"impact","impact_1971-1980",35.10625,-106.692633,"trem.d",0
"1792","MSB:Fish:4096",1978,9,5,"MSB 4096-5","JAR8715F","BP","KL","06-24-2025",NA,41,33,774,"impact","impact_1971-1980",35.10625,-106.692633,"trem.d",0
"1793","MSB:Fish:4096",1978,9,5,"MSB 4096-3","JAR8713F","BP","EO CW","06-24-2025",FALSE,49,39,1118,"impact","impact_1971-1980",35.10625,-106.692633,"trem.d",0
"1794","MSB:Fish:4096",1978,9,5,"MSB 4096-4","JAR8717F","EO","CW","06-24-2025",NA,45,35,856,"impact","impact_1971-1980",35.10625,-106.692633,"trem.d",0
"1795","MSB:Fish:4096",1978,9,5,"MSB 4096-2","JAR8711F","EO","CW","06-24-2025",NA,44,34,903,"impact","impact_1971-1980",35.10625,-106.692633,"trem.d",0
"1796","MSB:Fish:4161",1977,8,5,"MSB 4161-3","JAR8700F","BP","CW","06-24-2025",NA,39,29,511,"impact","impact_1971-1980",34.905272,-106.685564,"trem.d",0
"1797","MSB:Fish:4161",1977,8,5,"MSB 4161-4","JAR8702F","JG","CLW","06-24-2025",NA,41,31,632,"impact","impact_1971-1980",34.905272,-106.685564,"trem.d",1
"1798","MSB:Fish:4161",1977,8,5,"MSB 4161-5","JAR8703F","JG","CLW","06-24-2025",NA,36,29,444,"impact","impact_1971-1980",34.905272,-106.685564,"trem.d",0
"1799","MSB:Fish:4161",1977,8,5,"MSB 4161-1","JAR8696F","JG","KL","06-24-2025",NA,53,43,1166,"impact","impact_1971-1980",34.905272,-106.685564,"trem.d",0
"1800","MSB:Fish:4161",1977,8,5,"MSB 4161-2","JAR8698F","JG","JG KL","06-24-2025",NA,44,35,753,"impact","impact_1971-1980",34.905272,-106.685564,"trem.d",0
"1801","MSB:Fish:4206",1978,9,8,"MSB 4206-3","JAR8847F","EO","KL","07-01-2025",NA,39,30,567,"control","control_1971-1980",35.256141,-106.596281,"trem.d",0
"1802","MSB:Fish:4206",1978,9,8,"MSB 4206-1","JAR8848F","EO","JG KL","07-01-2025",NA,43,33,739,"control","control_1971-1980",35.256141,-106.596281,"trem.d",0
"1803","MSB:Fish:4206",1978,9,8,"MSB 4206-4","JAR8852F","EO","GC","07-01-2025",NA,37,29,503,"control","control_1971-1980",35.256141,-106.596281,"trem.d",0
"1804","MSB:Fish:4206",1978,9,8,"MSB 4206-2","JAR8850F","EO","CW","07-01-2025",NA,40,31,665,"control","control_1971-1980",35.256141,-106.596281,"trem.d",0
"1805","MSB:Fish:4206",1978,9,8,"MSB 4206-5","JAR8854F","EO","JG KL","07-01-2025",NA,36,29,433,"control","control_1971-1980",35.256141,-106.596281,"trem.d",0
"1806","MSB:Fish:43490",1999,10,11,"MSB 43490-1","JAR8745F","BP","CW","06-26-2025",NA,72,57,3244,"control","control_1991-2000",35.28302778,-106.5981389,"trem.d",0
"1807","MSB:Fish:43490",1999,10,11,"MSB 43490-3","JAR8749F","BP","CLW","06-26-2025",FALSE,61,49,2200,"control","control_1991-2000",35.28302778,-106.5981389,"trem.d",0
"1808","MSB:Fish:43490",1999,10,11,"MSB 43490-5","JAR8746F","BP","CLW","06-26-2025",FALSE,60,51,2094,"control","control_1991-2000",35.28302778,-106.5981389,"trem.d",0
"1809","MSB:Fish:43490",1999,10,11,"MSB 43490-2","JAR8747F","JG","CLW","06-26-2025",NA,61,55,2713,"control","control_1991-2000",35.28302778,-106.5981389,"trem.d",0
"1810","MSB:Fish:43490",1999,10,11,"MSB 43490-4","JAR8744F","JG","EO CLW","06-26-2025",FALSE,67,54,2031,"control","control_1991-2000",35.28302778,-106.5981389,"trem.d",0
"1811","MSB:Fish:4384",1978,9,23,"MSB 4384-3","JAR8748F","BP","KL","06-30-2025",FALSE,55,44,1919,"impact","impact_1971-1980",34.905272,-106.685564,"trem.d",0
"1812","MSB:Fish:4384",1978,9,23,"MSB 4384-4","JAR8752F","EO","GC","06-30-2025",NA,63,49,2458,"impact","impact_1971-1980",34.905272,-106.685564,"trem.d",0
"1813","MSB:Fish:4384",1978,9,23,"MSB 4384-2","JAR8757F","EO","CW","06-30-2025",NA,64,49,2390,"impact","impact_1971-1980",34.905272,-106.685564,"trem.d",0
"1814","MSB:Fish:4384",1978,9,23,"MSB 4384-1","JAR8750F","BP","CW","06-30-2025",NA,67,55,3024,"impact","impact_1971-1980",34.905272,-106.685564,"trem.d",0
"1815","MSB:Fish:4384",1978,9,23,"MSB 4384-5","JAR8756F","BP","KL","06-30-2025",NA,63,51,2594,"impact","impact_1971-1980",34.905272,-106.685564,"trem.d",0
"1816","MSB:Fish:4423",1978,8,3,"MSB 4423-4","JAR8724F","BP","KL","06-30-2025",NA,44,36,880,"impact","impact_1971-1980",34.905272,-106.685564,"trem.d",0
"1817","MSB:Fish:4423",1978,8,3,"MSB 4423-1","JAR8758F","EO","GC","06-30-2025",NA,46,37,1128,"impact","impact_1971-1980",34.905272,-106.685564,"trem.d",4
"1818","MSB:Fish:4423",1978,8,3,"MSB 4423-2","JAR8754F","BP","CW","06-30-2025",NA,49,38,1164,"impact","impact_1971-1980",34.905272,-106.685564,"trem.d",0
"1819","MSB:Fish:4423",1978,8,3,"MSB 4423-5","JAR8751F","EO","CW","06-30-2025",NA,42,33,832,"impact","impact_1971-1980",34.905272,-106.685564,"trem.d",0
"1820","MSB:Fish:4423",1978,8,3,"MSB 4423-3","JAR8726F","EO","KL","06-30-2025",NA,47,37,1155,"impact","impact_1971-1980",34.905272,-106.685564,"trem.d",1
"1821","MSB:Fish:4432",1978,9,8,"MSB 4432-3","JAR8727F","BP","CW","06-30-2025",NA,39,31,570,"control","control_1971-1980",35.239638,-106.587548,"trem.d",0
"1822","MSB:Fish:4432",1978,9,8,"MSB 4432-1","JAR8759F","BP","JG","06-30-2025",NA,39,30,568,"control","control_1971-1980",35.239638,-106.587548,"trem.d",0
"1823","MSB:Fish:4432",1978,9,8,"MSB 4432-5","JAR8753F","BP","JG GC","06-30-2025",NA,35,26,360,"control","control_1971-1980",35.239638,-106.587548,"trem.d",0
"1824","MSB:Fish:4432",1978,9,8,"MSB 4432-4","JAR8729F","EO","CW","06-30-2025",NA,39,29,548,"control","control_1971-1980",35.239638,-106.587548,"trem.d",0
"1825","MSB:Fish:4432",1978,9,8,"MSB 4432-2","JAR8722F","EO","EO GC","06-30-2025",NA,52,42,1431,"control","control_1971-1980",35.239638,-106.587548,"trem.d",0
"1826","MSB:Fish:4487",1978,9,29,"MSB 4487-1","JAR8887F","EO","GC","07-03-2025",NA,47,37,1143,"control","control_1971-1980",35.383856,-106.490929,"trem.d",0
"1827","MSB:Fish:4487",1978,9,29,"MSB 4487-5","JAR8890F","EO","JG GC","07-03-2025",NA,38,30,543,"control","control_1971-1980",35.383856,-106.490929,"trem.d",0
"1828","MSB:Fish:4487",1978,9,29,"MSB 4487-3","JAR8889F","EO","KL","07-03-2025",NA,46,35,1166,"control","control_1971-1980",35.383856,-106.490929,"trem.d",0
"1829","MSB:Fish:4487",1978,9,29,"MSB 4487-4","JAR8891F","BP","GC","07-03-2025",NA,36,27,481,"control","control_1971-1980",35.383856,-106.490929,"trem.d",0
"1830","MSB:Fish:4487",1978,9,29,"MSB 4487-2","JAR8893F","BP","GC","07-03-2025",NA,49,38,1354,"control","control_1971-1980",35.383856,-106.490929,"trem.d",0
"1831","MSB:Fish:4984",1978,9,5,"MSB 4984-3","JAR8640F","EO","CLW","06-23-2025",NA,38,29,504,"impact","impact_1971-1980",35.196977,-106.642444,"trem.d",0
"1832","MSB:Fish:4984",1978,9,5,"MSB 4984-4","JAR8642F","JG","KL","06-23-2025",NA,32,25,338,"impact","impact_1971-1980",35.196977,-106.642444,"trem.d",0
"1833","MSB:Fish:4984",1978,9,5,"MSB 4984-5","JAR8644F","BP","CW","06-23-2025",NA,32,24,341,"impact","impact_1971-1980",35.196977,-106.642444,"trem.d",0
"1834","MSB:Fish:4984",1978,9,5,"MSB 4984-2","JAR8662F","BP","CLW","06-23-2025",NA,38,30,541,"impact","impact_1971-1980",35.196977,-106.642444,"trem.d",0
"1835","MSB:Fish:4984",1978,9,5,"MSB 4984-1","JAR8660F","EO","CLW","06-23-2025",NA,39,30,621,"impact","impact_1971-1980",35.196977,-106.642444,"trem.d",0
"1836","MSB:Fish:4987",1977,7,6,"MSB 4987-5","JAR8788F","JG","GC","07-01-2025",NA,40,33,672,"control","control_1971-1980",35.232431,-106.594272,"trem.d",0
"1837","MSB:Fish:4987",1977,7,6,"MSB 4987-1","JAR8849F","JG","KL","07-01-2025",NA,52,40,1450,"control","control_1971-1980",35.232431,-106.594272,"trem.d",0
"1838","MSB:Fish:4987",1977,7,6,"MSB 4987-3","JAR8851F","JG","KL","07-01-2025",NA,47,37,1297,"control","control_1971-1980",35.232431,-106.594272,"trem.d",0
"1839","MSB:Fish:4987",1977,7,6,"MSB 4987-2","JAR8790F","EO","JG KL","07-01-2025",NA,54,44,1436,"control","control_1971-1980",35.232431,-106.594272,"trem.d",0
"1840","MSB:Fish:4987",1977,7,6,"MSB 4987-4","JAR8853F","EO","BP","07-01-2025",NA,47,37,1163,"control","control_1971-1980",35.232431,-106.594272,"trem.d",1
"1841","MSB:Fish:49970",1994,5,5,"MSB 49970-1","JAR8641F","EO","CLW","06-20-2025",NA,66,52,2386,"control","control_1991-2000",35.28302778,-106.5981389,"trem.d",0
"1842","MSB:Fish:49970",1994,5,5,"MSB 49970-5","JAR8646F","EO","EO KL","06-20-2025",NA,64,51,2231,"control","control_1991-2000",35.28302778,-106.5981389,"trem.d",1
"1843","MSB:Fish:49970",1994,5,5,"MSB 49970-3","JAR8645F","EO","KL BP CW","06-20-2025",NA,69,55,2817,"control","control_1991-2000",35.28302778,-106.5981389,"trem.d",0
"1844","MSB:Fish:49970",1994,5,5,"MSB 49970-4","JAR8648F","JG","KL","06-20-2025",FALSE,65,53,2749,"control","control_1991-2000",35.28302778,-106.5981389,"trem.d",0
"1845","MSB:Fish:49970",1994,5,5,"MSB 49970-2","JAR8643F","JG","CW JG","06-20-2025",NA,63,52,2230,"control","control_1991-2000",35.28302778,-106.5981389,"trem.d",0
"1846","MSB:Fish:5263",1986,8,12,"MSB 5263-1","JAR8856F","BP","GC","07-02-2025",NA,36,29,497,"control","control_1981-1990",35.28302778,-106.5981389,"trem.d",0
"1847","MSB:Fish:5263",1986,8,12,"MSB 5263-4","JAR8857F","BP","KL","07-02-2025",NA,35,27,407,"control","control_1981-1990",35.28302778,-106.5981389,"trem.d",0
"1848","MSB:Fish:5263",1986,8,12,"MSB 5263-2","JAR8861F","BP","CW","07-02-2025",NA,36,29,462,"control","control_1981-1990",35.28302778,-106.5981389,"trem.d",0
"1849","MSB:Fish:5263",1986,8,12,"MSB 5263-3","JAR8855F","BP","CW","07-02-2025",NA,35,31,653,"control","control_1981-1990",35.28302778,-106.5981389,"trem.d",0
"1850","MSB:Fish:5263",1986,8,12,"MSB 5263-5","JAR8859F","BP","BP EO","07-02-2025",NA,36,29,444,"control","control_1981-1990",35.28302778,-106.5981389,"trem.d",0
"1851","MSB:Fish:5814",1987,9,10,"MSB 5814-1","JAR8631F","KL","KL","06-16-2025",NA,66,52,2223,"impact","impact_1981-1990",34.905272,-106.685564,"trem.d",0
"1852","MSB:Fish:5814",1987,9,10,"MSB 5814-2","JAR8634F","JG","CW","06-17-2025",NA,55,47,1856,"impact","impact_1981-1990",34.905272,-106.685564,"trem.d",0
"1853","MSB:Fish:5814",1987,9,10,"MSB 5814-3","JAR8630F","EO","CLW CW","06-18-2025",NA,67,52,2759,"impact","impact_1981-1990",34.905272,-106.685564,"trem.d",0
"1854","MSB:Fish:5814",1987,9,10,"MSB 5814-5","JAR8636F","JG","KL","06-19-2025",NA,85,68,5700,"impact","impact_1981-1990",34.905272,-106.685564,"trem.d",0
"1855","MSB:Fish:5814",1987,9,10,"MSB 5814-4","JAR8633F","EO","KL","06-16-2025",NA,52,41,1282,"impact","impact_1981-1990",34.905272,-106.685564,"trem.d",0
"1856","MSB:Fish:5825",1987,9,10,"MSB 5825-4","JAR8663F","BP","EO CW","06-18-2025",NA,63,49,2591,"impact","impact_1981-1990",34.875039,-106.717581,"trem.d",0
"1857","MSB:Fish:5825",1987,9,10,"MSB 5825-3","JAR8661F","BP","CLW KL","06-18-2025",NA,77,62,4671,"impact","impact_1981-1990",34.875039,-106.717581,"trem.d",0
"1858","MSB:Fish:5825",1987,9,10,"MSB 5825-5","JAR8639F","BP","CW","06-18-2025",NA,52,42,1542,"impact","impact_1981-1990",34.875039,-106.717581,"trem.d",0
"1859","MSB:Fish:5825",1987,9,10,"MSB 5825-2","JAR8659F","BP","CW","06-18-2025",NA,54,42,1606,"impact","impact_1981-1990",34.875039,-106.717581,"trem.d",0
"1860","MSB:Fish:5825",1987,9,10,"MSB 5825-1","JAR8657F","BP","BP KL","06-18-2025",FALSE,59,47,2305,"impact","impact_1981-1990",34.875039,-106.717581,"trem.d",0
"1861","MSB:Fish:68463",1984,8,15,"MSB 68463-1","JAR8864F","BP","GC","07-02-2025",NA,37,30,505,"impact","impact_1981-1990",35.089293,-106.680842,"trem.d",0
"1862","MSB:Fish:68463",1984,8,15,"MSB 68463-4","JAR8870F","BP","CW","07-02-2025",NA,42,34,485,"impact","impact_1981-1990",35.089293,-106.680842,"trem.d",0
"1863","MSB:Fish:68463",1984,8,15,"MSB 68463-3","JAR8868F","BP","CW","07-02-2025",NA,36,27,313,"impact","impact_1981-1990",35.089293,-106.680842,"trem.d",0
"1864","MSB:Fish:68463",1984,8,15,"MSB 68463-5","JAR8860F","BP","GC","07-02-2025",NA,35,27,398,"impact","impact_1981-1990",35.089293,-106.680842,"trem.d",0
"1865","MSB:Fish:68463",1984,8,15,"MSB 68463-2","JAR8866F","BP","CW","07-02-2025",NA,48,37,950,"impact","impact_1981-1990",35.089293,-106.680842,"trem.d",0
"1866","MSB:Fish:68501",1984,8,15,"MSB 68501-4","JAR8787F","JG","CW","07-01-2025",NA,79,64,4731,"control","control_1981-1990",35.225523,-106.597651,"trem.d",0
"1867","MSB:Fish:68501",1984,8,15,"MSB 68501-3","JAR8785F","JG","KL","07-01-2025",NA,36,29,472,"control","control_1981-1990",35.225523,-106.597651,"trem.d",0
"1868","MSB:Fish:68501",1984,8,15,"MSB 68501-5","JAR8789F","JG","CW","07-01-2025",NA,72,60,3973,"control","control_1981-1990",35.225523,-106.597651,"trem.d",0
"1869","MSB:Fish:68501",1984,8,15,"MSB 68501-2","JAR8783F","JG","KL","07-01-2025",NA,37,29,513,"control","control_1981-1990",35.225523,-106.597651,"trem.d",0
"1870","MSB:Fish:68501",1984,8,15,"MSB 68501-1","JAR8786F","JG","GC","07-01-2025",NA,35,26,349,"control","control_1981-1990",35.225523,-106.597651,"trem.d",0
"1871","MSB:Fish:68513",1984,8,16,"MSB 68513-4","JAR8896F","EO","CW","07-03-2025",NA,41,32,638,"control","control_1981-1990",35.211416,-106.612833,"trem.d",0
"1872","MSB:Fish:68513",1984,8,16,"MSB 68513-2","JAR8897F","EO","KL","07-03-2025",NA,47,36,941,"control","control_1981-1990",35.211416,-106.612833,"trem.d",0
"1873","MSB:Fish:68513",1984,8,16,"MSB 68513-1","JAR8895F","BP","GC","07-03-2025",NA,44,34,769,"control","control_1981-1990",35.211416,-106.612833,"trem.d",0
"1874","MSB:Fish:68513",1984,8,16,"MSB 68513-5","JAR8901F","EO","BP","07-03-2025",NA,40,31,606,"control","control_1981-1990",35.211416,-106.612833,"trem.d",1
"1875","MSB:Fish:68513",1984,8,16,"MSB 68513-3","JAR8899F","BP","CW","07-03-2025",NA,37,27,397,"control","control_1981-1990",35.211416,-106.612833,"trem.d",0
"1876","MSB:Fish:68528",1984,8,16,"MSB 68528-1","JAR8731F","EO","KL","06-25-2025",NA,69,55,3206,"control","control_1981-1990",35.322164,-106.557448,"trem.d",0
"1877","MSB:Fish:68528",1984,8,16,"MSB 68528-5","JAR8733F","BP","CLW","06-25-2025",NA,47,37,1014,"control","control_1981-1990",35.322164,-106.557448,"trem.d",0
"1878","MSB:Fish:68528",1984,8,16,"MSB 68528-2","JAR8728F","EO","KL","06-25-2025",FALSE,72,57,2986,"control","control_1981-1990",35.322164,-106.557448,"trem.d",0
"1879","MSB:Fish:68528",1984,8,16,"MSB 68528-3","JAR8732F","BP","JG CW","06-25-2025",NA,67,53,2767,"control","control_1981-1990",35.322164,-106.557448,"trem.d",0
"1880","MSB:Fish:68528",1984,8,16,"MSB 68528-4","JAR8730F","EO","KL","06-25-2025",NA,68,55,2391,"control","control_1981-1990",35.322164,-106.557448,"trem.d",0
"1881","MSB:Fish:7593",1988,5,25,"MSB 7593-2","JAR8705F","EO","JG CW","06-24-2025",NA,64,50,2324,"impact","impact_1981-1990",34.905272,-106.685564,"trem.d",0
"1882","MSB:Fish:7593",1988,5,25,"MSB 7593-5","JAR8709F","BP","BP CLW","06-24-2025",NA,62,51,2400,"impact","impact_1981-1990",34.905272,-106.685564,"trem.d",0
"1883","MSB:Fish:7593",1988,5,25,"MSB 7593-4","JAR8707F","EO","BP KL","06-24-2025",FALSE,61,48,1922,"impact","impact_1981-1990",34.905272,-106.685564,"trem.d",0
"1884","MSB:Fish:7593",1988,5,25,"MSB 7593-3","JAR8706F","BP","BP KL","06-24-2025",FALSE,58,45,2248,"impact","impact_1981-1990",34.905272,-106.685564,"trem.d",0
"1885","MSB:Fish:7593",1988,5,25,"MSB 7593-1","JAR8704F","BP","KL","06-24-2025",FALSE,64,50,3600,"impact","impact_1981-1990",34.905272,-106.685564,"trem.d",0
"1886","MSB:Fish:7788",1988,5,25,"MSB 7788-2","JAR8769F","BP","KL","06-30-2025",NA,69,53,2804,"control","control_1981-1990",35.322164,-106.557448,"trem.d",0
"1887","MSB:Fish:7788",2988,5,25,"MSB 7788-4","JAR8764F","BP","BP","06-30-2025",NA,56,45,1819,"control","control_1981-1990",35.322164,-106.557448,"trem.d",0
"1888","MSB:Fish:7788",1988,5,25,"MSB 7788-3","JAR8767F","EO","KL","06-30-2025",NA,69,55,3017,"control","control_1981-1990",35.322164,-106.557448,"trem.d",0
"1889","MSB:Fish:7788",1988,5,25,"MSB 7788-1","JAR8763F","EO","KL","06-30-2025",NA,64,51,2418,"control","control_1981-1990",35.322164,-106.557448,"trem.d",0
"1890","MSB:Fish:7788",1988,5,25,"MSB 7788-5","JAR8762F","EO","KL","06-30-2025",NA,60,47,2139,"control","control_1981-1990",35.322164,-106.557448,"trem.d",0
"1891","MSB:Fish:1129",1959,2,20,"MSB 1129-5","JAR8672F","JG","CW","06-20-2025",NA,40,32,383,"control","control_1951-1960",35.350556,-106.535497,"trem.diplo",0
"1892","MSB:Fish:1129",1959,2,20,"MSB 1129-2","JAR8674F","EO","CLW","06-20-2025",NA,46,34,697,"control","control_1951-1960",35.350556,-106.535497,"trem.diplo",0
"1893","MSB:Fish:1129",1959,2,20,"MSB 1129-1","JAR8668F","JG","KL","06-20-2025",NA,41,33,519,"control","control_1951-1960",35.350556,-106.535497,"trem.diplo",0
"1894","MSB:Fish:1129",1959,2,20,"MSB 1129-4","JAR8671F","EO","JG KL","06-20-2025",NA,41,31,580,"control","control_1951-1960",35.350556,-106.535497,"trem.diplo",0
"1895","MSB:Fish:1129",1959,2,20,"MSB 1129-3","JAR8673F","JG","CW","06-20-2025",NA,43,36,659,"control","control_1951-1960",35.350556,-106.535497,"trem.diplo",0
"1896","MSB:Fish:1130",1949,10,29,"MSB 1130-5","JAR8701F","EO","KL","06-24-2025",NA,57,48,2022,"impact","impact_1941-1950",34.87537,-106.717837,"trem.diplo",0
"1897","MSB:Fish:1130",1949,10,29,"MSB 1130-3","JAR8697F","JG","JG CW","06-24-2025",NA,61,49,1811,"impact","impact_1941-1950",34.87537,-106.717837,"trem.diplo",0
"1898","MSB:Fish:1130",1949,10,29,"MSB 1130-4","JAR8699F","BP","CLW","06-24-2025",NA,62,47,2068,"impact","impact_1941-1950",34.87537,-106.717837,"trem.diplo",1
"1899","MSB:Fish:1130",1949,10,29,"MSB 1130-1","JAR8690F","JG","JG KL","06-24-2025",FALSE,71,58,3286,"impact","impact_1941-1950",34.87537,-106.717837,"trem.diplo",0
"1900","MSB:Fish:1130",1949,10,29,"MSB 1130-2","JAR8695F","BP","KL","06-24-2025",FALSE,68,54,3151,"impact","impact_1941-1950",34.87537,-106.717837,"trem.diplo",0
"1901","MSB:Fish:1131",1959,2,24,"MSB 1131-5","JAR8682F","BP","KL","06-23-2025",NA,53,44,1289,"impact","impact_1951-1960",34.987044,-106.690293,"trem.diplo",0
"1902","MSB:Fish:1131",1959,2,24,"MSB 1131-2","JAR8689F","EO","CW","06-23-2025",NA,60,47,1798,"impact","impact_1951-1960",34.987044,-106.690293,"trem.diplo",0
"1903","MSB:Fish:1131",1959,2,24,"MSB 1131-3","JAR8693F","BP","CW","06-23-2025",FALSE,54,44,1280,"impact","impact_1951-1960",34.987044,-106.690293,"trem.diplo",0
"1904","MSB:Fish:1131",1959,2,24,"MSB 1131-4","JAR8680F","EO","KL","06-23-2025",NA,52,43,1316,"impact","impact_1951-1960",34.987044,-106.690293,"trem.diplo",0
"1905","MSB:Fish:1131",1959,2,24,"MSB 1131-2","JAR8691F","JG","CLW","06-23-2025",NA,63,51,1849,"impact","impact_1951-1960",34.987044,-106.690293,"trem.diplo",0
"1906","MSB:Fish:1132",1947,10,25,"MSB 1132-1","JAR8684F","JG","CW","06-23-2025",NA,71,58,3310,"control","control_1941-1950",35.380629,-106.503529,"trem.diplo",1
"1907","MSB:Fish:1132",1947,10,25,"MSB 1132-4","JAR8694F","JG","KL","06-23-2025",NA,63,54,2744,"control","control_1941-1950",35.380629,-106.503529,"trem.diplo",0
"1908","MSB:Fish:1132",2947,10,25,"MSB 1132-5","JAR8692F","JG","CW","06-23-2025",NA,61,49,1975,"control","control_1941-1950",35.380629,-106.503529,"trem.diplo",3
"1909","MSB:Fish:1132",1947,10,25,"MSB 1132-3","JAR8688F","JG","CLW","06-23-2025",NA,77,64,4621,"control","control_1941-1950",35.380629,-106.503529,"trem.diplo",61
"1910","MSB:Fish:1132",1947,10,25,"MSB 1132-2","JAR8686F","JG","CW","06-23-2025",NA,73,62,3934,"control","control_1941-1950",35.380629,-106.503529,"trem.diplo",50
"1911","MSB:Fish:1149",1939,2,26,"MSB 1149-1","JAR8871F","JG","GC","07-02-2025",NA,55,45,1360,"impact","impact_1931-1940",35.100259,-106.692107,"trem.diplo",19
"1912","MSB:Fish:1149",1939,2,26,"MSB 1149-5","JAR8872F","EO","KL","07-02-2025",FALSE,76,57,3276,"impact","impact_1931-1940",35.100259,-106.692107,"trem.diplo",50
"1913","MSB:Fish:1149",1939,2,26,"MSB 1149-3","JAR8875F","EO","EO KL","07-02-2025",NA,61,47,1795,"impact","impact_1931-1940",35.100259,-106.692107,"trem.diplo",27
"1914","MSB:Fish:1149",1939,2,26,"MSB 1149-4","JAR8877F","JG","CW","07-02-2025",NA,57,45,1435,"impact","impact_1931-1940",35.100259,-106.692107,"trem.diplo",23
"1915","MSB:Fish:1149",1939,2,26,"MSB 1149-2","JAR8873F","JG","GC","07-02-2025",FALSE,64,52,2298,"impact","impact_1931-1940",35.100259,-106.692107,"trem.diplo",66
"1916","MSB:Fish:1150",1939,6,9,"MSB 1150-3","JAR8712F","BP","CW","06-24-2025",FALSE,71,54,4462,"impact","impact_1931-1940",34.906619,-106.685289,"trem.diplo",1
"1917","MSB:Fish:1150",1939,6,9,"MSB 1150-1","JAR8708F","BP","KL","06-24-2025",NA,63,50,2550,"impact","impact_1931-1940",34.906619,-106.685289,"trem.diplo",0
"1918","MSB:Fish:1150",1939,6,9,"MSB 1150-2","JAR8714F","JG","CLW","06-24-2025",FALSE,72,61,4536,"impact","impact_1931-1940",34.906619,-106.685289,"trem.diplo",0
"1919","MSB:Fish:1150",1939,6,9,"MSB 1150-5","JAR8710F","BP","CW","06-24-2025",FALSE,60,49,2576,"impact","impact_1931-1940",34.906619,-106.685289,"trem.diplo",0
"1920","MSB:Fish:1150",1939,6,9,"MSB 1150-4","JAR8716F","JG","KL","06-24-2025",FALSE,65,53,3213,"impact","impact_1931-1940",34.906619,-106.685289,"trem.diplo",0
"1921","MSB:Fish:1154",1949,10,21,"MSB 1154-4","JAR8770F","EO","CW","06-30-2025",NA,54,43,1207,"impact","impact_1941-1950",34.929201,-106.681499,"trem.diplo",3
"1922","MSB:Fish:1154",1949,10,21,"MSB 1154-2","JAR8773F","EO","KL","06-30-2025",FALSE,66,52,2229,"impact","impact_1941-1950",34.929201,-106.681499,"trem.diplo",0
"1923","MSB:Fish:1154",1949,10,21,"MSB 1154-3","JAR8768","BP","BP","06-30-2025",NA,60,48,1790,"impact","impact_1941-1950",34.929201,-106.681499,"trem.diplo",0
"1924","MSB:Fish:1154",1949,10,21,"MSB 1154-5","JAR8772F","BP","BP","06-30-2025",FALSE,44,34,644,"impact","impact_1941-1950",34.929201,-106.681499,"trem.diplo",2
"1925","MSB:Fish:1154",1949,10,21,"MSB 1154-1","JAR8771F","BP","EO GC CW","06-30-2025",NA,65,51,2430,"impact","impact_1941-1950",34.929201,-106.681499,"trem.diplo",3
"1926","MSB:Fish:1155",1943,6,23,"MSB 1155-3","JAR8685F","BP","CW","06-23-2025",NA,69,56,3145,"control","control_1941-1950",35.322418,-106.557971,"trem.diplo",0
"1927","MSB:Fish:1155",1943,6,23,"MSB 1155-4","JAR8683F","EO","BP KL","06-23-2025",FALSE,54,45,1684,"control","control_1941-1950",35.322418,-106.557971,"trem.diplo",0
"1928","MSB:Fish:1155",2943,6,23,"MSB1155-1","JAR8679F","BP","BP CW KL","06-23-2025",NA,62,50,2170,"control","control_1941-1950",35.322418,-106.557971,"trem.diplo",4
"1929","MSB:Fish:1155",1943,6,23,"MSB 1155-5","JAR8687F","EO","KL","06-23-2025",NA,53,45,1706,"control","control_1941-1950",35.322418,-106.557971,"trem.diplo",0
"1930","MSB:Fish:1155",1943,6,23,"MSB 1155-2","JAR8681F","EO","KL","06-23-2025",NA,63,50,2536,"control","control_1941-1950",35.322418,-106.557971,"trem.diplo",0
"1931","MSB:Fish:1160",1939,1,28,"MSB 1160-3","JAR8784F","JG","CW","07-01-2025",NA,51,42,1253,"impact","impact_1931-1940",35.100259,-106.692107,"trem.diplo",20
"1932","MSB:Fish:1160",1939,1,28,"MSB 1160-2","JAR8779","JG","EO GC","07-01-2025",NA,48,38,800,"impact","impact_1931-1940",35.100259,-106.692107,"trem.diplo",20
"1933","MSB:Fish:1160",1939,1,28,"MSB 1160-1","JAR8781F","JG","GC","07-01-2025",NA,51,43,1112,"impact","impact_1931-1940",35.100259,-106.692107,"trem.diplo",93
"1934","MSB:Fish:1160",1939,1,28,"MSB 1160-4","JAR8780F","JG","GC","07-01-2025",FALSE,50,41,1020,"impact","impact_1931-1940",35.100259,-106.692107,"trem.diplo",44
"1935","MSB:Fish:1160",1939,1,28,"MSB 1160-5","JAR8782F","EO","GC","07-01-2025",NA,51,40,1021,"impact","impact_1931-1940",35.100259,-106.692107,"trem.diplo",34
"1936","MSB:Fish:19389",1994,5,27,"MSB 19389-1","JAR8874F","JG","JG","07-02-2025",FALSE,56,44,1941,"control","control_1991-2000",35.322164,-106.557448,"trem.diplo",0
"1937","MSB:Fish:19389",1994,5,27,"MSB 19389-2","JAR8862F","EO","KL","07-02-2025",NA,52,40,1391,"control","control_1991-2000",35.322164,-106.557448,"trem.diplo",0
"1938","MSB:Fish:19389",1994,5,27,"MSB 19389-5","JAR8878F","BP","CW","07-02-2025",NA,44,35,909,"control","control_1991-2000",35.322164,-106.557448,"trem.diplo",0
"1939","MSB:Fish:19389",1994,5,27,"MSB 19389-4","JAR8858F","EO","GC","07-02-2025",NA,48,38,1096,"control","control_1991-2000",35.322164,-106.557448,"trem.diplo",0
"1940","MSB:Fish:19389",1994,5,27,"MSB 19389-3","JAR8876F","JG","KL","07-02-2025",FALSE,55,46,2190,"control","control_1991-2000",35.322164,-106.557448,"trem.diplo",0
"1941","MSB:Fish:19537",1994,9,16,"MSB 19537-3","JAR8635F","EO","CLW","06-20-2025",NA,59,46,1370,"impact","impact_1991-2000",34.85683333,-106.7208056,"trem.diplo",0
"1942","MSB:Fish:19537",1994,9,16,"MSB 19537-2","JAR8664F","EO","CW","06-16-2025",NA,58,46,1650,"impact","impact_1991-2000",34.85683333,-106.7208056,"trem.diplo",1
"1943","MSB:Fish:19537",1994,9,16,"MSB 19537-1","JAR8632F","JG","KL","06-16-2025",NA,54,48,1824,"impact","impact_1991-2000",34.85683333,-106.7208056,"trem.diplo",0
"1944","MSB:Fish:19537",1994,9,16,"MSB 19537-4","JAR8638F","JG","CLW","06-16-2025",NA,53,44,1183,"impact","impact_1991-2000",34.85683333,-106.7208056,"trem.diplo",0
"1945","MSB:Fish:19537",1994,9,16,"MSB 19537-5","JAR8637F","EO","CW","06-16-2025",NA,47,38,760,"impact","impact_1991-2000",34.85683333,-106.7208056,"trem.diplo",2
"1946","MSB:Fish:19688",1994,10,10,"MSB 19688-2","JAR8863F","BP","JG CW","07-02-2025",NA,57,44,1805,"impact","impact_1991-2000",34.85683333,-106.7208056,"trem.diplo",0
"1947","MSB:Fish:19688",1994,10,10,"MSB 19688-4","JAR8867F","BP","CW","07-02-2025",NA,58,46,1810,"impact","impact_1991-2000",34.85683333,-106.7208056,"trem.diplo",0
"1948","MSB:Fish:19688",1994,10,10,"MSB 19688-5","JAR8869F","BP","KL","07-02-2025",NA,48,38,993,"impact","impact_1991-2000",34.85683333,-106.7208056,"trem.diplo",0
"1949","MSB:Fish:19688",1994,10,10,"MSB 19688-1","JAR8886F","BP","JG CW","07-02-2025",NA,65,51,2667,"impact","impact_1991-2000",34.85683333,-106.7208056,"trem.diplo",0
"1950","MSB:Fish:19688",1994,10,10,"MSB 19688-3","JAR8865F","BP","KL","07-02-2025",FALSE,56,45,2032,"impact","impact_1991-2000",34.85683333,-106.7208056,"trem.diplo",0
"1951","MSB:Fish:20390",1994,8,11,"MSB 20390-2","JAR8881F","JG","GC","07-02-2025",NA,40,36,923,"impact","impact_1991-2000",34.85683333,-106.7208056,"trem.diplo",3
"1952","MSB:Fish:20390",1994,8,11,"MSB 20390-3","JAR8880F","JG","EO","07-02-2025",NA,41,33,528,"impact","impact_1991-2000",34.85683333,-106.7208056,"trem.diplo",0
"1953","MSB:Fish:20390",1994,8,11,"MSB 20390-1","JAR8883F","JG","JG","07-02-2025",NA,53,41,1467,"impact","impact_1991-2000",34.85683333,-106.7208056,"trem.diplo",0
"1954","MSB:Fish:20390",1994,8,11,"MSB 20390-4","JAR8882F","JG","BP","07-02-2025",NA,49,38,968,"impact","impact_1991-2000",34.85683333,-106.7208056,"trem.diplo",1
"1955","MSB:Fish:20390",1994,8,11,"MSB 20390-5","JAR8884F","JG","CW","07-02-2025",NA,49,40,1145,"impact","impact_1991-2000",34.85683333,-106.7208056,"trem.diplo",0
"1956","MSB:Fish:20526",1994,7,27,"MSB 20526-5","JAR8666F","EO","CW","06-20-2025",NA,37,29,510,"impact","impact_1991-2000",34.905272,-106.685564,"trem.diplo",0
"1957","MSB:Fish:20526",1994,7,27,"MSB 20526-4","JAR8669F","BP","CLW","06-20-2025",NA,34,26,375,"impact","impact_1991-2000",34.905272,-106.685564,"trem.diplo",5
"1958","MSB:Fish:20526",1994,7,27,"MSB 20526-2","JAR8665F","BP","CW","06-20-2025",NA,37,29,507,"impact","impact_1991-2000",34.905272,-106.685564,"trem.diplo",2
"1959","MSB:Fish:20526",1994,7,27,"MSB 20526-3","JAR8667F","EO","CLW","06-20-2025",NA,38,30,599,"impact","impact_1991-2000",34.905272,-106.685564,"trem.diplo",1
"1960","MSB:Fish:20526",1994,7,27,"MSB 20526-1","JAR8647F","EO","KL","06-20-2025",NA,53,44,1498,"impact","impact_1991-2000",34.905272,-106.685564,"trem.diplo",0
"1961","MSB:Fish:25010",1995,8,2,"MSB 25010-2","JAR8650F","JG","KL","06-16-2025",NA,37,30,475,"control","control_1991-2000",35.28302778,-106.5981389,"trem.diplo",0
"1962","MSB:Fish:25010",1995,8,2,"MSB 25010-3","JAR8649F","EO","KL","06-16-2025",NA,39,31,531,"control","control_1991-2000",35.28302778,-106.5981389,"trem.diplo",0
"1963","MSB:Fish:25010",1995,8,2,"MSB 25010-4","JAR8652F","JG","JG CLW","06-16-2025",NA,35,28,503,"control","control_1991-2000",35.28302778,-106.5981389,"trem.diplo",0
"1964","MSB:Fish:25010",1995,8,2,"MSB 25010-1","JAR8629F","EO","CW","06-16-2025",NA,43,32,743,"control","control_1991-2000",35.28302778,-106.5981389,"trem.diplo",2
"1965","MSB:Fish:25010",1995,8,2,"MSB 25010-5","JAR8651F","EO","KL","06-16-2025",NA,38,30,494,"control","control_1991-2000",35.28302778,-106.5981389,"trem.diplo",0
"1966","MSB:Fish:25023",1995,8,2,"MSB 25023-3","JAR8723F","EO","CW","06-25-2025",NA,38,29,422,"impact","impact_1991-2000",35.089293,-106.680842,"trem.diplo",0
"1967","MSB:Fish:25023",1995,8,2,"MSB 25023-5","JAR8719F","EO","KL","06-25-2025",NA,40,31,571,"impact","impact_1991-2000",35.089293,-106.680842,"trem.diplo",0
"1968","MSB:Fish:25023",1995,8,2,"MSB 25023-1","JAR8720F","EO","JG EO KL","06-25-2025",NA,39,30,586,"impact","impact_1991-2000",35.089293,-106.680842,"trem.diplo",0
"1969","MSB:Fish:25023",1995,8,2,"MSB 25023-2","JAR8725F","EO","KL","06-25-2025",NA,36,29,560,"impact","impact_1991-2000",35.089293,-106.680842,"trem.diplo",0
"1970","MSB:Fish:25023",1995,8,2,"MSB 25023-4","JAR8721F","EO","CW","06-25-2025",NA,37,29,524,"impact","impact_1991-2000",35.089293,-106.680842,"trem.diplo",1
"1971","MSB:Fish:30075",1996,4,10,"MSB 30075-4","JAR8775F","EO","GC","06-30-2025",NA,63,49,2305,"impact","impact_1991-2000",35.13539167,-106.6684167,"trem.diplo",1
"1972","MSB:Fish:30075",1996,4,10,"MSB 30075-5","JAR8776","EO","EO KL ","06-30-2025",FALSE,68,54,3090,"impact","impact_1991-2000",35.13539167,-106.6684167,"trem.diplo",0
"1973","MSB:Fish:30075",1996,4,10,"MSB 30075-3","JAR8774F","JG","GC","06-30-2025",NA,57,46,1641,"impact","impact_1991-2000",35.13539167,-106.6684167,"trem.diplo",2
"1974","MSB:Fish:30075",1996,4,10,"MSB 30075-1","JAR8777F","JG","KL","06-30-2025",FALSE,55,45,1416,"impact","impact_1991-2000",35.13539167,-106.6684167,"trem.diplo",0
"1975","MSB:Fish:30075",1996,4,10,"MSB 30075-2","JAR8778F","EO","CW","06-30-2025",NA,70,57,3072,"impact","impact_1991-2000",35.13539167,-106.6684167,"trem.diplo",0
"1976","MSB:Fish:30282",1996,5,16,"MSB 30282-2","JAR8653F","EO","CW","06-23-2025",NA,64,50,2621,"control","control_1991-2000",35.322164,-106.557448,"trem.diplo",7
"1977","MSB:Fish:30282",1996,5,16,"MSB 20282-5","JAR8655F","JG","CLW","06-23-2025",NA,72,59,3808,"control","control_1991-2000",35.322164,-106.557448,"trem.diplo",0
"1978","MSB:Fish:30282",1996,5,16,"MSB 30282-1","JAR8654F","JG","CLW","06-23-2025",NA,58,49,2054,"control","control_1991-2000",35.322164,-106.557448,"trem.diplo",1
"1979","MSB:Fish:30282",1996,5,16,"MSB 30282-3","JAR8656F","EO","KL","06-23-2025",NA,71,56,3863,"control","control_1991-2000",35.322164,-106.557448,"trem.diplo",0
"1980","MSB:Fish:30282",1996,5,16,"MSB 30282-4","JAR8658F","BP","JG KL","06-23-2025",FALSE,58,46,1814,"control","control_1991-2000",35.322164,-106.557448,"trem.diplo",0
"1981","MSB:Fish:30410",1996,6,28,"MSB 30410-2","JAR8742F","BP","CW","06-25-2025",FALSE,66,53,3676,"impact","impact_1991-2000",34.85683333,-106.7208056,"trem.diplo",15
"1982","MSB:Fish:30410",1996,6,28,"MSB 30410-3","JAR8740F","BP","KL","06-25-2025",FALSE,74,59,4025,"impact","impact_1991-2000",34.85683333,-106.7208056,"trem.diplo",11
"1983","MSB:Fish:30410",1996,6,28,"MSB 30410-5","JAR8743F","BP","BP CW ","06-25-2025",NA,69,58,2424,"impact","impact_1991-2000",34.85683333,-106.7208056,"trem.diplo",3
"1984","MSB:Fish:30410",1996,6,28,"MSB 30410-1","JAR8736F","BP","CLW","06-25-2025",FALSE,72,59,NA,"impact","impact_1991-2000",34.85683333,-106.7208056,"trem.diplo",10
"1985","MSB:Fish:30410",1996,6,28,"MSB 30410-4","JAR8738F","JG","CLW","06-25-2025",FALSE,75,61,4376,"impact","impact_1991-2000",34.85683333,-106.7208056,"trem.diplo",17
"1986","MSB:Fish:30810",1996,2,7,"MSB 30810-3","JAR8737F","EO","KL","06-25-2026",FALSE,55,43,1306,"impact","impact_1991-2000",35.089293,-106.680842,"trem.diplo",0
"1987","MSB:Fish:30810",1996,2,7,"MSB 30810-2","JAR8735F","BP","JG KL","06-25-2025",FALSE,59,48,1673,"impact","impact_1991-2000",35.089293,-106.680842,"trem.diplo",0
"1988","MSB:Fish:30810",1996,2,7,"MSB 30810-4","JAR8739F","BP","CW","06-25-2026",NA,66,52,2148,"impact","impact_1991-2000",35.089293,-106.680842,"trem.diplo",0
"1989","MSB:Fish:30810",1996,2,7,"MSB 30910-1","JAR8734F","EO","CW","06-25-2025",NA,68,54,2437,"impact","impact_1991-2000",35.089293,-106.680842,"trem.diplo",1
"1990","MSB:Fish:30810",1996,2,7,"MSB 30810-5","JAR8741F","BP","CW","06-25-2025",NA,63,52,2142,"impact","impact_1991-2000",35.089293,-106.680842,"trem.diplo",0
"1991","MSB:Fish:39103",1997,10,15,"MSB 39103-1","JAR8670F","BP","JG KL","06-23-2025",NA,57,53,2560,"control","control_1991-2000",35.28302778,-106.5981389,"trem.diplo",0
"1992","MSB:Fish:39103",1997,10,15,"MSB 39103-3","JAR8675F","BP","KL","06-23-2025",NA,61,47,2132,"control","control_1991-2000",35.28302778,-106.5981389,"trem.diplo",2
"1993","MSB:Fish:39103",1997,10,15,"MSB 39103-5","JAR8678F","EO","CW","06-23-2025",NA,60,47,2006,"control","control_1991-2000",35.28302778,-106.5981389,"trem.diplo",0
"1994","MSB:Fish:39103",2997,10,15,"MSB 39103-4","JAR8676F","EO","EO CLW","06-23-2025",NA,69,54,3110,"control","control_1991-2000",35.28302778,-106.5981389,"trem.diplo",0
"1995","MSB:Fish:39103",1997,10,15,"MSB 39103-2","JAR8677F","JG","KL","06-23-2025",NA,69,56,3012,"control","control_1991-2000",35.28302778,-106.5981389,"trem.diplo",0
"1996","MSB:Fish:3966",1977,9,28,"MSB 3966-5","JAR8879F","JG","CW","07-02-2025",NA,51,41,1353,"impact","impact_1971-1980",35.134883,-106.690838,"trem.diplo",11
"1997","MSB:Fish:3966",1977,9,28,"MSB 3966-3","JAR8894F","JG","GC","07-02-2025",NA,50,39,1164,"impact","impact_1971-1980",35.134883,-106.690838,"trem.diplo",14
"1998","MSB:Fish:3966",1977,9,28,"MSB 3966-1","JAR8888F","JG","KL","07-02-2025",NA,55,44,1530,"impact","impact_1971-1980",35.134883,-106.690838,"trem.diplo",31
"1999","MSB:Fish:3966",1977,9,28,"MSB 3966-4","JAR8885F","JG","GC","07-02-2025",NA,57,47,2076,"impact","impact_1971-1980",35.134883,-106.690838,"trem.diplo",9
"2000","MSB:Fish:3966",1977,9,28,"MSB 3966-2","JAR8892F","JG","CW","07-02-2025",NA,38,30,477,"impact","impact_1971-1980",35.134883,-106.690838,"trem.diplo",3
"2001","MSB:Fish:4096",1978,9,5,"MSB 4096-1","JAR8718F","BP","KL","06-24-2025",NA,44,36,1043,"impact","impact_1971-1980",35.10625,-106.692633,"trem.diplo",0
"2002","MSB:Fish:4096",1978,9,5,"MSB 4096-5","JAR8715F","BP","KL","06-24-2025",NA,41,33,774,"impact","impact_1971-1980",35.10625,-106.692633,"trem.diplo",0
"2003","MSB:Fish:4096",1978,9,5,"MSB 4096-3","JAR8713F","BP","EO CW","06-24-2025",FALSE,49,39,1118,"impact","impact_1971-1980",35.10625,-106.692633,"trem.diplo",0
"2004","MSB:Fish:4096",1978,9,5,"MSB 4096-4","JAR8717F","EO","CW","06-24-2025",NA,45,35,856,"impact","impact_1971-1980",35.10625,-106.692633,"trem.diplo",1
"2005","MSB:Fish:4096",1978,9,5,"MSB 4096-2","JAR8711F","EO","CW","06-24-2025",NA,44,34,903,"impact","impact_1971-1980",35.10625,-106.692633,"trem.diplo",6
"2006","MSB:Fish:4161",1977,8,5,"MSB 4161-3","JAR8700F","BP","CW","06-24-2025",NA,39,29,511,"impact","impact_1971-1980",34.905272,-106.685564,"trem.diplo",1
"2007","MSB:Fish:4161",1977,8,5,"MSB 4161-4","JAR8702F","JG","CLW","06-24-2025",NA,41,31,632,"impact","impact_1971-1980",34.905272,-106.685564,"trem.diplo",28
"2008","MSB:Fish:4161",1977,8,5,"MSB 4161-5","JAR8703F","JG","CLW","06-24-2025",NA,36,29,444,"impact","impact_1971-1980",34.905272,-106.685564,"trem.diplo",27
"2009","MSB:Fish:4161",1977,8,5,"MSB 4161-1","JAR8696F","JG","KL","06-24-2025",NA,53,43,1166,"impact","impact_1971-1980",34.905272,-106.685564,"trem.diplo",76
"2010","MSB:Fish:4161",1977,8,5,"MSB 4161-2","JAR8698F","JG","JG KL","06-24-2025",NA,44,35,753,"impact","impact_1971-1980",34.905272,-106.685564,"trem.diplo",48
"2011","MSB:Fish:4206",1978,9,8,"MSB 4206-3","JAR8847F","EO","KL","07-01-2025",NA,39,30,567,"control","control_1971-1980",35.256141,-106.596281,"trem.diplo",10
"2012","MSB:Fish:4206",1978,9,8,"MSB 4206-1","JAR8848F","EO","JG KL","07-01-2025",NA,43,33,739,"control","control_1971-1980",35.256141,-106.596281,"trem.diplo",NA
"2013","MSB:Fish:4206",1978,9,8,"MSB 4206-4","JAR8852F","EO","GC","07-01-2025",NA,37,29,503,"control","control_1971-1980",35.256141,-106.596281,"trem.diplo",2
"2014","MSB:Fish:4206",1978,9,8,"MSB 4206-2","JAR8850F","EO","CW","07-01-2025",NA,40,31,665,"control","control_1971-1980",35.256141,-106.596281,"trem.diplo",2
"2015","MSB:Fish:4206",1978,9,8,"MSB 4206-5","JAR8854F","EO","JG KL","07-01-2025",NA,36,29,433,"control","control_1971-1980",35.256141,-106.596281,"trem.diplo",0
"2016","MSB:Fish:43490",1999,10,11,"MSB 43490-1","JAR8745F","BP","CW","06-26-2025",NA,72,57,3244,"control","control_1991-2000",35.28302778,-106.5981389,"trem.diplo",0
"2017","MSB:Fish:43490",1999,10,11,"MSB 43490-3","JAR8749F","BP","CLW","06-26-2025",FALSE,61,49,2200,"control","control_1991-2000",35.28302778,-106.5981389,"trem.diplo",0
"2018","MSB:Fish:43490",1999,10,11,"MSB 43490-5","JAR8746F","BP","CLW","06-26-2025",FALSE,60,51,2094,"control","control_1991-2000",35.28302778,-106.5981389,"trem.diplo",5
"2019","MSB:Fish:43490",1999,10,11,"MSB 43490-2","JAR8747F","JG","CLW","06-26-2025",NA,61,55,2713,"control","control_1991-2000",35.28302778,-106.5981389,"trem.diplo",0
"2020","MSB:Fish:43490",1999,10,11,"MSB 43490-4","JAR8744F","JG","EO CLW","06-26-2025",FALSE,67,54,2031,"control","control_1991-2000",35.28302778,-106.5981389,"trem.diplo",2
"2021","MSB:Fish:4384",1978,9,23,"MSB 4384-3","JAR8748F","BP","KL","06-30-2025",FALSE,55,44,1919,"impact","impact_1971-1980",34.905272,-106.685564,"trem.diplo",0
"2022","MSB:Fish:4384",1978,9,23,"MSB 4384-4","JAR8752F","EO","GC","06-30-2025",NA,63,49,2458,"impact","impact_1971-1980",34.905272,-106.685564,"trem.diplo",2
"2023","MSB:Fish:4384",1978,9,23,"MSB 4384-2","JAR8757F","EO","CW","06-30-2025",NA,64,49,2390,"impact","impact_1971-1980",34.905272,-106.685564,"trem.diplo",4
"2024","MSB:Fish:4384",1978,9,23,"MSB 4384-1","JAR8750F","BP","CW","06-30-2025",NA,67,55,3024,"impact","impact_1971-1980",34.905272,-106.685564,"trem.diplo",15
"2025","MSB:Fish:4384",1978,9,23,"MSB 4384-5","JAR8756F","BP","KL","06-30-2025",NA,63,51,2594,"impact","impact_1971-1980",34.905272,-106.685564,"trem.diplo",6
"2026","MSB:Fish:4423",1978,8,3,"MSB 4423-4","JAR8724F","BP","KL","06-30-2025",NA,44,36,880,"impact","impact_1971-1980",34.905272,-106.685564,"trem.diplo",12
"2027","MSB:Fish:4423",1978,8,3,"MSB 4423-1","JAR8758F","EO","GC","06-30-2025",NA,46,37,1128,"impact","impact_1971-1980",34.905272,-106.685564,"trem.diplo",4
"2028","MSB:Fish:4423",1978,8,3,"MSB 4423-2","JAR8754F","BP","CW","06-30-2025",NA,49,38,1164,"impact","impact_1971-1980",34.905272,-106.685564,"trem.diplo",2
"2029","MSB:Fish:4423",1978,8,3,"MSB 4423-5","JAR8751F","EO","CW","06-30-2025",NA,42,33,832,"impact","impact_1971-1980",34.905272,-106.685564,"trem.diplo",9
"2030","MSB:Fish:4423",1978,8,3,"MSB 4423-3","JAR8726F","EO","KL","06-30-2025",NA,47,37,1155,"impact","impact_1971-1980",34.905272,-106.685564,"trem.diplo",16
"2031","MSB:Fish:4432",1978,9,8,"MSB 4432-3","JAR8727F","BP","CW","06-30-2025",NA,39,31,570,"control","control_1971-1980",35.239638,-106.587548,"trem.diplo",2
"2032","MSB:Fish:4432",1978,9,8,"MSB 4432-1","JAR8759F","BP","JG","06-30-2025",NA,39,30,568,"control","control_1971-1980",35.239638,-106.587548,"trem.diplo",45
"2033","MSB:Fish:4432",1978,9,8,"MSB 4432-5","JAR8753F","BP","JG GC","06-30-2025",NA,35,26,360,"control","control_1971-1980",35.239638,-106.587548,"trem.diplo",3
"2034","MSB:Fish:4432",1978,9,8,"MSB 4432-4","JAR8729F","EO","CW","06-30-2025",NA,39,29,548,"control","control_1971-1980",35.239638,-106.587548,"trem.diplo",5
"2035","MSB:Fish:4432",1978,9,8,"MSB 4432-2","JAR8722F","EO","EO GC","06-30-2025",NA,52,42,1431,"control","control_1971-1980",35.239638,-106.587548,"trem.diplo",0
"2036","MSB:Fish:4487",1978,9,29,"MSB 4487-1","JAR8887F","EO","GC","07-03-2025",NA,47,37,1143,"control","control_1971-1980",35.383856,-106.490929,"trem.diplo",0
"2037","MSB:Fish:4487",1978,9,29,"MSB 4487-5","JAR8890F","EO","JG GC","07-03-2025",NA,38,30,543,"control","control_1971-1980",35.383856,-106.490929,"trem.diplo",4
"2038","MSB:Fish:4487",1978,9,29,"MSB 4487-3","JAR8889F","EO","KL","07-03-2025",NA,46,35,1166,"control","control_1971-1980",35.383856,-106.490929,"trem.diplo",0
"2039","MSB:Fish:4487",1978,9,29,"MSB 4487-4","JAR8891F","BP","GC","07-03-2025",NA,36,27,481,"control","control_1971-1980",35.383856,-106.490929,"trem.diplo",32
"2040","MSB:Fish:4487",1978,9,29,"MSB 4487-2","JAR8893F","BP","GC","07-03-2025",NA,49,38,1354,"control","control_1971-1980",35.383856,-106.490929,"trem.diplo",0
"2041","MSB:Fish:4984",1978,9,5,"MSB 4984-3","JAR8640F","EO","CLW","06-23-2025",NA,38,29,504,"impact","impact_1971-1980",35.196977,-106.642444,"trem.diplo",0
"2042","MSB:Fish:4984",1978,9,5,"MSB 4984-4","JAR8642F","JG","KL","06-23-2025",NA,32,25,338,"impact","impact_1971-1980",35.196977,-106.642444,"trem.diplo",0
"2043","MSB:Fish:4984",1978,9,5,"MSB 4984-5","JAR8644F","BP","CW","06-23-2025",NA,32,24,341,"impact","impact_1971-1980",35.196977,-106.642444,"trem.diplo",1
"2044","MSB:Fish:4984",1978,9,5,"MSB 4984-2","JAR8662F","BP","CLW","06-23-2025",NA,38,30,541,"impact","impact_1971-1980",35.196977,-106.642444,"trem.diplo",2
"2045","MSB:Fish:4984",1978,9,5,"MSB 4984-1","JAR8660F","EO","CLW","06-23-2025",NA,39,30,621,"impact","impact_1971-1980",35.196977,-106.642444,"trem.diplo",3
"2046","MSB:Fish:4987",1977,7,6,"MSB 4987-5","JAR8788F","JG","GC","07-01-2025",NA,40,33,672,"control","control_1971-1980",35.232431,-106.594272,"trem.diplo",27
"2047","MSB:Fish:4987",1977,7,6,"MSB 4987-1","JAR8849F","JG","KL","07-01-2025",NA,52,40,1450,"control","control_1971-1980",35.232431,-106.594272,"trem.diplo",0
"2048","MSB:Fish:4987",1977,7,6,"MSB 4987-3","JAR8851F","JG","KL","07-01-2025",NA,47,37,1297,"control","control_1971-1980",35.232431,-106.594272,"trem.diplo",0
"2049","MSB:Fish:4987",1977,7,6,"MSB 4987-2","JAR8790F","EO","JG KL","07-01-2025",NA,54,44,1436,"control","control_1971-1980",35.232431,-106.594272,"trem.diplo",0
"2050","MSB:Fish:4987",1977,7,6,"MSB 4987-4","JAR8853F","EO","BP","07-01-2025",NA,47,37,1163,"control","control_1971-1980",35.232431,-106.594272,"trem.diplo",3
"2051","MSB:Fish:49970",1994,5,5,"MSB 49970-1","JAR8641F","EO","CLW","06-20-2025",NA,66,52,2386,"control","control_1991-2000",35.28302778,-106.5981389,"trem.diplo",0
"2052","MSB:Fish:49970",1994,5,5,"MSB 49970-5","JAR8646F","EO","EO KL","06-20-2025",NA,64,51,2231,"control","control_1991-2000",35.28302778,-106.5981389,"trem.diplo",0
"2053","MSB:Fish:49970",1994,5,5,"MSB 49970-3","JAR8645F","EO","KL BP CW","06-20-2025",NA,69,55,2817,"control","control_1991-2000",35.28302778,-106.5981389,"trem.diplo",0
"2054","MSB:Fish:49970",1994,5,5,"MSB 49970-4","JAR8648F","JG","KL","06-20-2025",FALSE,65,53,2749,"control","control_1991-2000",35.28302778,-106.5981389,"trem.diplo",0
"2055","MSB:Fish:49970",1994,5,5,"MSB 49970-2","JAR8643F","JG","CW JG","06-20-2025",NA,63,52,2230,"control","control_1991-2000",35.28302778,-106.5981389,"trem.diplo",1
"2056","MSB:Fish:5263",1986,8,12,"MSB 5263-1","JAR8856F","BP","GC","07-02-2025",NA,36,29,497,"control","control_1981-1990",35.28302778,-106.5981389,"trem.diplo",0
"2057","MSB:Fish:5263",1986,8,12,"MSB 5263-4","JAR8857F","BP","KL","07-02-2025",NA,35,27,407,"control","control_1981-1990",35.28302778,-106.5981389,"trem.diplo",0
"2058","MSB:Fish:5263",1986,8,12,"MSB 5263-2","JAR8861F","BP","CW","07-02-2025",NA,36,29,462,"control","control_1981-1990",35.28302778,-106.5981389,"trem.diplo",0
"2059","MSB:Fish:5263",1986,8,12,"MSB 5263-3","JAR8855F","BP","CW","07-02-2025",NA,35,31,653,"control","control_1981-1990",35.28302778,-106.5981389,"trem.diplo",5
"2060","MSB:Fish:5263",1986,8,12,"MSB 5263-5","JAR8859F","BP","BP EO","07-02-2025",NA,36,29,444,"control","control_1981-1990",35.28302778,-106.5981389,"trem.diplo",1
"2061","MSB:Fish:5814",1987,9,10,"MSB 5814-1","JAR8631F","KL","KL","06-16-2025",NA,66,52,2223,"impact","impact_1981-1990",34.905272,-106.685564,"trem.diplo",0
"2062","MSB:Fish:5814",1987,9,10,"MSB 5814-2","JAR8634F","JG","CW","06-17-2025",NA,55,47,1856,"impact","impact_1981-1990",34.905272,-106.685564,"trem.diplo",0
"2063","MSB:Fish:5814",1987,9,10,"MSB 5814-3","JAR8630F","EO","CLW CW","06-18-2025",NA,67,52,2759,"impact","impact_1981-1990",34.905272,-106.685564,"trem.diplo",0
"2064","MSB:Fish:5814",1987,9,10,"MSB 5814-5","JAR8636F","JG","KL","06-19-2025",NA,85,68,5700,"impact","impact_1981-1990",34.905272,-106.685564,"trem.diplo",0
"2065","MSB:Fish:5814",1987,9,10,"MSB 5814-4","JAR8633F","EO","KL","06-16-2025",NA,52,41,1282,"impact","impact_1981-1990",34.905272,-106.685564,"trem.diplo",2
"2066","MSB:Fish:5825",1987,9,10,"MSB 5825-4","JAR8663F","BP","EO CW","06-18-2025",NA,63,49,2591,"impact","impact_1981-1990",34.875039,-106.717581,"trem.diplo",0
"2067","MSB:Fish:5825",1987,9,10,"MSB 5825-3","JAR8661F","BP","CLW KL","06-18-2025",NA,77,62,4671,"impact","impact_1981-1990",34.875039,-106.717581,"trem.diplo",4
"2068","MSB:Fish:5825",1987,9,10,"MSB 5825-5","JAR8639F","BP","CW","06-18-2025",NA,52,42,1542,"impact","impact_1981-1990",34.875039,-106.717581,"trem.diplo",2
"2069","MSB:Fish:5825",1987,9,10,"MSB 5825-2","JAR8659F","BP","CW","06-18-2025",NA,54,42,1606,"impact","impact_1981-1990",34.875039,-106.717581,"trem.diplo",4
"2070","MSB:Fish:5825",1987,9,10,"MSB 5825-1","JAR8657F","BP","BP KL","06-18-2025",FALSE,59,47,2305,"impact","impact_1981-1990",34.875039,-106.717581,"trem.diplo",0
"2071","MSB:Fish:68463",1984,8,15,"MSB 68463-1","JAR8864F","BP","GC","07-02-2025",NA,37,30,505,"impact","impact_1981-1990",35.089293,-106.680842,"trem.diplo",0
"2072","MSB:Fish:68463",1984,8,15,"MSB 68463-4","JAR8870F","BP","CW","07-02-2025",NA,42,34,485,"impact","impact_1981-1990",35.089293,-106.680842,"trem.diplo",1
"2073","MSB:Fish:68463",1984,8,15,"MSB 68463-3","JAR8868F","BP","CW","07-02-2025",NA,36,27,313,"impact","impact_1981-1990",35.089293,-106.680842,"trem.diplo",1
"2074","MSB:Fish:68463",1984,8,15,"MSB 68463-5","JAR8860F","BP","GC","07-02-2025",NA,35,27,398,"impact","impact_1981-1990",35.089293,-106.680842,"trem.diplo",0
"2075","MSB:Fish:68463",1984,8,15,"MSB 68463-2","JAR8866F","BP","CW","07-02-2025",NA,48,37,950,"impact","impact_1981-1990",35.089293,-106.680842,"trem.diplo",0
"2076","MSB:Fish:68501",1984,8,15,"MSB 68501-4","JAR8787F","JG","CW","07-01-2025",NA,79,64,4731,"control","control_1981-1990",35.225523,-106.597651,"trem.diplo",2
"2077","MSB:Fish:68501",1984,8,15,"MSB 68501-3","JAR8785F","JG","KL","07-01-2025",NA,36,29,472,"control","control_1981-1990",35.225523,-106.597651,"trem.diplo",0
"2078","MSB:Fish:68501",1984,8,15,"MSB 68501-5","JAR8789F","JG","CW","07-01-2025",NA,72,60,3973,"control","control_1981-1990",35.225523,-106.597651,"trem.diplo",0
"2079","MSB:Fish:68501",1984,8,15,"MSB 68501-2","JAR8783F","JG","KL","07-01-2025",NA,37,29,513,"control","control_1981-1990",35.225523,-106.597651,"trem.diplo",0
"2080","MSB:Fish:68501",1984,8,15,"MSB 68501-1","JAR8786F","JG","GC","07-01-2025",NA,35,26,349,"control","control_1981-1990",35.225523,-106.597651,"trem.diplo",0
"2081","MSB:Fish:68513",1984,8,16,"MSB 68513-4","JAR8896F","EO","CW","07-03-2025",NA,41,32,638,"control","control_1981-1990",35.211416,-106.612833,"trem.diplo",0
"2082","MSB:Fish:68513",1984,8,16,"MSB 68513-2","JAR8897F","EO","KL","07-03-2025",NA,47,36,941,"control","control_1981-1990",35.211416,-106.612833,"trem.diplo",0
"2083","MSB:Fish:68513",1984,8,16,"MSB 68513-1","JAR8895F","BP","GC","07-03-2025",NA,44,34,769,"control","control_1981-1990",35.211416,-106.612833,"trem.diplo",0
"2084","MSB:Fish:68513",1984,8,16,"MSB 68513-5","JAR8901F","EO","BP","07-03-2025",NA,40,31,606,"control","control_1981-1990",35.211416,-106.612833,"trem.diplo",1
"2085","MSB:Fish:68513",1984,8,16,"MSB 68513-3","JAR8899F","BP","CW","07-03-2025",NA,37,27,397,"control","control_1981-1990",35.211416,-106.612833,"trem.diplo",0
"2086","MSB:Fish:68528",1984,8,16,"MSB 68528-1","JAR8731F","EO","KL","06-25-2025",NA,69,55,3206,"control","control_1981-1990",35.322164,-106.557448,"trem.diplo",2
"2087","MSB:Fish:68528",1984,8,16,"MSB 68528-5","JAR8733F","BP","CLW","06-25-2025",NA,47,37,1014,"control","control_1981-1990",35.322164,-106.557448,"trem.diplo",0
"2088","MSB:Fish:68528",1984,8,16,"MSB 68528-2","JAR8728F","EO","KL","06-25-2025",FALSE,72,57,2986,"control","control_1981-1990",35.322164,-106.557448,"trem.diplo",0
"2089","MSB:Fish:68528",1984,8,16,"MSB 68528-3","JAR8732F","BP","JG CW","06-25-2025",NA,67,53,2767,"control","control_1981-1990",35.322164,-106.557448,"trem.diplo",7
"2090","MSB:Fish:68528",1984,8,16,"MSB 68528-4","JAR8730F","EO","KL","06-25-2025",NA,68,55,2391,"control","control_1981-1990",35.322164,-106.557448,"trem.diplo",2
"2091","MSB:Fish:7593",1988,5,25,"MSB 7593-2","JAR8705F","EO","JG CW","06-24-2025",NA,64,50,2324,"impact","impact_1981-1990",34.905272,-106.685564,"trem.diplo",0
"2092","MSB:Fish:7593",1988,5,25,"MSB 7593-5","JAR8709F","BP","BP CLW","06-24-2025",NA,62,51,2400,"impact","impact_1981-1990",34.905272,-106.685564,"trem.diplo",0
"2093","MSB:Fish:7593",1988,5,25,"MSB 7593-4","JAR8707F","EO","BP KL","06-24-2025",FALSE,61,48,1922,"impact","impact_1981-1990",34.905272,-106.685564,"trem.diplo",10
"2094","MSB:Fish:7593",1988,5,25,"MSB 7593-3","JAR8706F","BP","BP KL","06-24-2025",FALSE,58,45,2248,"impact","impact_1981-1990",34.905272,-106.685564,"trem.diplo",1
"2095","MSB:Fish:7593",1988,5,25,"MSB 7593-1","JAR8704F","BP","KL","06-24-2025",FALSE,64,50,3600,"impact","impact_1981-1990",34.905272,-106.685564,"trem.diplo",9
"2096","MSB:Fish:7788",1988,5,25,"MSB 7788-2","JAR8769F","BP","KL","06-30-2025",NA,69,53,2804,"control","control_1981-1990",35.322164,-106.557448,"trem.diplo",0
"2097","MSB:Fish:7788",2988,5,25,"MSB 7788-4","JAR8764F","BP","BP","06-30-2025",NA,56,45,1819,"control","control_1981-1990",35.322164,-106.557448,"trem.diplo",2
"2098","MSB:Fish:7788",1988,5,25,"MSB 7788-3","JAR8767F","EO","KL","06-30-2025",NA,69,55,3017,"control","control_1981-1990",35.322164,-106.557448,"trem.diplo",1
"2099","MSB:Fish:7788",1988,5,25,"MSB 7788-1","JAR8763F","EO","KL","06-30-2025",NA,64,51,2418,"control","control_1981-1990",35.322164,-106.557448,"trem.diplo",0
"2100","MSB:Fish:7788",1988,5,25,"MSB 7788-5","JAR8762F","EO","KL","06-30-2025",NA,60,47,2139,"control","control_1981-1990",35.322164,-106.557448,"trem.diplo",0
"2101","MSB:Fish:1129",1959,2,20,"MSB 1129-5","JAR8672F","JG","CW","06-20-2025",NA,40,32,383,"control","control_1951-1960",35.350556,-106.535497,"trem.dlum",0
"2102","MSB:Fish:1129",1959,2,20,"MSB 1129-2","JAR8674F","EO","CLW","06-20-2025",NA,46,34,697,"control","control_1951-1960",35.350556,-106.535497,"trem.dlum",0
"2103","MSB:Fish:1129",1959,2,20,"MSB 1129-1","JAR8668F","JG","KL","06-20-2025",NA,41,33,519,"control","control_1951-1960",35.350556,-106.535497,"trem.dlum",0
"2104","MSB:Fish:1129",1959,2,20,"MSB 1129-4","JAR8671F","EO","JG KL","06-20-2025",NA,41,31,580,"control","control_1951-1960",35.350556,-106.535497,"trem.dlum",0
"2105","MSB:Fish:1129",1959,2,20,"MSB 1129-3","JAR8673F","JG","CW","06-20-2025",NA,43,36,659,"control","control_1951-1960",35.350556,-106.535497,"trem.dlum",0
"2106","MSB:Fish:1130",1949,10,29,"MSB 1130-5","JAR8701F","EO","KL","06-24-2025",NA,57,48,2022,"impact","impact_1941-1950",34.87537,-106.717837,"trem.dlum",0
"2107","MSB:Fish:1130",1949,10,29,"MSB 1130-3","JAR8697F","JG","JG CW","06-24-2025",NA,61,49,1811,"impact","impact_1941-1950",34.87537,-106.717837,"trem.dlum",0
"2108","MSB:Fish:1130",1949,10,29,"MSB 1130-4","JAR8699F","BP","CLW","06-24-2025",NA,62,47,2068,"impact","impact_1941-1950",34.87537,-106.717837,"trem.dlum",0
"2109","MSB:Fish:1130",1949,10,29,"MSB 1130-1","JAR8690F","JG","JG KL","06-24-2025",FALSE,71,58,3286,"impact","impact_1941-1950",34.87537,-106.717837,"trem.dlum",0
"2110","MSB:Fish:1130",1949,10,29,"MSB 1130-2","JAR8695F","BP","KL","06-24-2025",FALSE,68,54,3151,"impact","impact_1941-1950",34.87537,-106.717837,"trem.dlum",0
"2111","MSB:Fish:1131",1959,2,24,"MSB 1131-5","JAR8682F","BP","KL","06-23-2025",NA,53,44,1289,"impact","impact_1951-1960",34.987044,-106.690293,"trem.dlum",0
"2112","MSB:Fish:1131",1959,2,24,"MSB 1131-2","JAR8689F","EO","CW","06-23-2025",NA,60,47,1798,"impact","impact_1951-1960",34.987044,-106.690293,"trem.dlum",0
"2113","MSB:Fish:1131",1959,2,24,"MSB 1131-3","JAR8693F","BP","CW","06-23-2025",FALSE,54,44,1280,"impact","impact_1951-1960",34.987044,-106.690293,"trem.dlum",0
"2114","MSB:Fish:1131",1959,2,24,"MSB 1131-4","JAR8680F","EO","KL","06-23-2025",NA,52,43,1316,"impact","impact_1951-1960",34.987044,-106.690293,"trem.dlum",0
"2115","MSB:Fish:1131",1959,2,24,"MSB 1131-2","JAR8691F","JG","CLW","06-23-2025",NA,63,51,1849,"impact","impact_1951-1960",34.987044,-106.690293,"trem.dlum",0
"2116","MSB:Fish:1132",1947,10,25,"MSB 1132-1","JAR8684F","JG","CW","06-23-2025",NA,71,58,3310,"control","control_1941-1950",35.380629,-106.503529,"trem.dlum",0
"2117","MSB:Fish:1132",1947,10,25,"MSB 1132-4","JAR8694F","JG","KL","06-23-2025",NA,63,54,2744,"control","control_1941-1950",35.380629,-106.503529,"trem.dlum",0
"2118","MSB:Fish:1132",2947,10,25,"MSB 1132-5","JAR8692F","JG","CW","06-23-2025",NA,61,49,1975,"control","control_1941-1950",35.380629,-106.503529,"trem.dlum",0
"2119","MSB:Fish:1132",1947,10,25,"MSB 1132-3","JAR8688F","JG","CLW","06-23-2025",NA,77,64,4621,"control","control_1941-1950",35.380629,-106.503529,"trem.dlum",0
"2120","MSB:Fish:1132",1947,10,25,"MSB 1132-2","JAR8686F","JG","CW","06-23-2025",NA,73,62,3934,"control","control_1941-1950",35.380629,-106.503529,"trem.dlum",0
"2121","MSB:Fish:1149",1939,2,26,"MSB 1149-1","JAR8871F","JG","GC","07-02-2025",NA,55,45,1360,"impact","impact_1931-1940",35.100259,-106.692107,"trem.dlum",0
"2122","MSB:Fish:1149",1939,2,26,"MSB 1149-5","JAR8872F","EO","KL","07-02-2025",FALSE,76,57,3276,"impact","impact_1931-1940",35.100259,-106.692107,"trem.dlum",0
"2123","MSB:Fish:1149",1939,2,26,"MSB 1149-3","JAR8875F","EO","EO KL","07-02-2025",NA,61,47,1795,"impact","impact_1931-1940",35.100259,-106.692107,"trem.dlum",0
"2124","MSB:Fish:1149",1939,2,26,"MSB 1149-4","JAR8877F","JG","CW","07-02-2025",NA,57,45,1435,"impact","impact_1931-1940",35.100259,-106.692107,"trem.dlum",0
"2125","MSB:Fish:1149",1939,2,26,"MSB 1149-2","JAR8873F","JG","GC","07-02-2025",FALSE,64,52,2298,"impact","impact_1931-1940",35.100259,-106.692107,"trem.dlum",0
"2126","MSB:Fish:1150",1939,6,9,"MSB 1150-3","JAR8712F","BP","CW","06-24-2025",FALSE,71,54,4462,"impact","impact_1931-1940",34.906619,-106.685289,"trem.dlum",0
"2127","MSB:Fish:1150",1939,6,9,"MSB 1150-1","JAR8708F","BP","KL","06-24-2025",NA,63,50,2550,"impact","impact_1931-1940",34.906619,-106.685289,"trem.dlum",0
"2128","MSB:Fish:1150",1939,6,9,"MSB 1150-2","JAR8714F","JG","CLW","06-24-2025",FALSE,72,61,4536,"impact","impact_1931-1940",34.906619,-106.685289,"trem.dlum",0
"2129","MSB:Fish:1150",1939,6,9,"MSB 1150-5","JAR8710F","BP","CW","06-24-2025",FALSE,60,49,2576,"impact","impact_1931-1940",34.906619,-106.685289,"trem.dlum",0
"2130","MSB:Fish:1150",1939,6,9,"MSB 1150-4","JAR8716F","JG","KL","06-24-2025",FALSE,65,53,3213,"impact","impact_1931-1940",34.906619,-106.685289,"trem.dlum",0
"2131","MSB:Fish:1154",1949,10,21,"MSB 1154-4","JAR8770F","EO","CW","06-30-2025",NA,54,43,1207,"impact","impact_1941-1950",34.929201,-106.681499,"trem.dlum",0
"2132","MSB:Fish:1154",1949,10,21,"MSB 1154-2","JAR8773F","EO","KL","06-30-2025",FALSE,66,52,2229,"impact","impact_1941-1950",34.929201,-106.681499,"trem.dlum",0
"2133","MSB:Fish:1154",1949,10,21,"MSB 1154-3","JAR8768","BP","BP","06-30-2025",NA,60,48,1790,"impact","impact_1941-1950",34.929201,-106.681499,"trem.dlum",0
"2134","MSB:Fish:1154",1949,10,21,"MSB 1154-5","JAR8772F","BP","BP","06-30-2025",FALSE,44,34,644,"impact","impact_1941-1950",34.929201,-106.681499,"trem.dlum",0
"2135","MSB:Fish:1154",1949,10,21,"MSB 1154-1","JAR8771F","BP","EO GC CW","06-30-2025",NA,65,51,2430,"impact","impact_1941-1950",34.929201,-106.681499,"trem.dlum",0
"2136","MSB:Fish:1155",1943,6,23,"MSB 1155-3","JAR8685F","BP","CW","06-23-2025",NA,69,56,3145,"control","control_1941-1950",35.322418,-106.557971,"trem.dlum",0
"2137","MSB:Fish:1155",1943,6,23,"MSB 1155-4","JAR8683F","EO","BP KL","06-23-2025",FALSE,54,45,1684,"control","control_1941-1950",35.322418,-106.557971,"trem.dlum",0
"2138","MSB:Fish:1155",2943,6,23,"MSB1155-1","JAR8679F","BP","BP CW KL","06-23-2025",NA,62,50,2170,"control","control_1941-1950",35.322418,-106.557971,"trem.dlum",0
"2139","MSB:Fish:1155",1943,6,23,"MSB 1155-5","JAR8687F","EO","KL","06-23-2025",NA,53,45,1706,"control","control_1941-1950",35.322418,-106.557971,"trem.dlum",0
"2140","MSB:Fish:1155",1943,6,23,"MSB 1155-2","JAR8681F","EO","KL","06-23-2025",NA,63,50,2536,"control","control_1941-1950",35.322418,-106.557971,"trem.dlum",0
"2141","MSB:Fish:1160",1939,1,28,"MSB 1160-3","JAR8784F","JG","CW","07-01-2025",NA,51,42,1253,"impact","impact_1931-1940",35.100259,-106.692107,"trem.dlum",0
"2142","MSB:Fish:1160",1939,1,28,"MSB 1160-2","JAR8779","JG","EO GC","07-01-2025",NA,48,38,800,"impact","impact_1931-1940",35.100259,-106.692107,"trem.dlum",0
"2143","MSB:Fish:1160",1939,1,28,"MSB 1160-1","JAR8781F","JG","GC","07-01-2025",NA,51,43,1112,"impact","impact_1931-1940",35.100259,-106.692107,"trem.dlum",0
"2144","MSB:Fish:1160",1939,1,28,"MSB 1160-4","JAR8780F","JG","GC","07-01-2025",FALSE,50,41,1020,"impact","impact_1931-1940",35.100259,-106.692107,"trem.dlum",0
"2145","MSB:Fish:1160",1939,1,28,"MSB 1160-5","JAR8782F","EO","GC","07-01-2025",NA,51,40,1021,"impact","impact_1931-1940",35.100259,-106.692107,"trem.dlum",0
"2146","MSB:Fish:19389",1994,5,27,"MSB 19389-1","JAR8874F","JG","JG","07-02-2025",FALSE,56,44,1941,"control","control_1991-2000",35.322164,-106.557448,"trem.dlum",0
"2147","MSB:Fish:19389",1994,5,27,"MSB 19389-2","JAR8862F","EO","KL","07-02-2025",NA,52,40,1391,"control","control_1991-2000",35.322164,-106.557448,"trem.dlum",0
"2148","MSB:Fish:19389",1994,5,27,"MSB 19389-5","JAR8878F","BP","CW","07-02-2025",NA,44,35,909,"control","control_1991-2000",35.322164,-106.557448,"trem.dlum",0
"2149","MSB:Fish:19389",1994,5,27,"MSB 19389-4","JAR8858F","EO","GC","07-02-2025",NA,48,38,1096,"control","control_1991-2000",35.322164,-106.557448,"trem.dlum",0
"2150","MSB:Fish:19389",1994,5,27,"MSB 19389-3","JAR8876F","JG","KL","07-02-2025",FALSE,55,46,2190,"control","control_1991-2000",35.322164,-106.557448,"trem.dlum",0
"2151","MSB:Fish:19537",1994,9,16,"MSB 19537-3","JAR8635F","EO","CLW","06-20-2025",NA,59,46,1370,"impact","impact_1991-2000",34.85683333,-106.7208056,"trem.dlum",0
"2152","MSB:Fish:19537",1994,9,16,"MSB 19537-2","JAR8664F","EO","CW","06-16-2025",NA,58,46,1650,"impact","impact_1991-2000",34.85683333,-106.7208056,"trem.dlum",0
"2153","MSB:Fish:19537",1994,9,16,"MSB 19537-1","JAR8632F","JG","KL","06-16-2025",NA,54,48,1824,"impact","impact_1991-2000",34.85683333,-106.7208056,"trem.dlum",0
"2154","MSB:Fish:19537",1994,9,16,"MSB 19537-4","JAR8638F","JG","CLW","06-16-2025",NA,53,44,1183,"impact","impact_1991-2000",34.85683333,-106.7208056,"trem.dlum",0
"2155","MSB:Fish:19537",1994,9,16,"MSB 19537-5","JAR8637F","EO","CW","06-16-2025",NA,47,38,760,"impact","impact_1991-2000",34.85683333,-106.7208056,"trem.dlum",0
"2156","MSB:Fish:19688",1994,10,10,"MSB 19688-2","JAR8863F","BP","JG CW","07-02-2025",NA,57,44,1805,"impact","impact_1991-2000",34.85683333,-106.7208056,"trem.dlum",0
"2157","MSB:Fish:19688",1994,10,10,"MSB 19688-4","JAR8867F","BP","CW","07-02-2025",NA,58,46,1810,"impact","impact_1991-2000",34.85683333,-106.7208056,"trem.dlum",0
"2158","MSB:Fish:19688",1994,10,10,"MSB 19688-5","JAR8869F","BP","KL","07-02-2025",NA,48,38,993,"impact","impact_1991-2000",34.85683333,-106.7208056,"trem.dlum",0
"2159","MSB:Fish:19688",1994,10,10,"MSB 19688-1","JAR8886F","BP","JG CW","07-02-2025",NA,65,51,2667,"impact","impact_1991-2000",34.85683333,-106.7208056,"trem.dlum",0
"2160","MSB:Fish:19688",1994,10,10,"MSB 19688-3","JAR8865F","BP","KL","07-02-2025",FALSE,56,45,2032,"impact","impact_1991-2000",34.85683333,-106.7208056,"trem.dlum",0
"2161","MSB:Fish:20390",1994,8,11,"MSB 20390-2","JAR8881F","JG","GC","07-02-2025",NA,40,36,923,"impact","impact_1991-2000",34.85683333,-106.7208056,"trem.dlum",0
"2162","MSB:Fish:20390",1994,8,11,"MSB 20390-3","JAR8880F","JG","EO","07-02-2025",NA,41,33,528,"impact","impact_1991-2000",34.85683333,-106.7208056,"trem.dlum",0
"2163","MSB:Fish:20390",1994,8,11,"MSB 20390-1","JAR8883F","JG","JG","07-02-2025",NA,53,41,1467,"impact","impact_1991-2000",34.85683333,-106.7208056,"trem.dlum",0
"2164","MSB:Fish:20390",1994,8,11,"MSB 20390-4","JAR8882F","JG","BP","07-02-2025",NA,49,38,968,"impact","impact_1991-2000",34.85683333,-106.7208056,"trem.dlum",0
"2165","MSB:Fish:20390",1994,8,11,"MSB 20390-5","JAR8884F","JG","CW","07-02-2025",NA,49,40,1145,"impact","impact_1991-2000",34.85683333,-106.7208056,"trem.dlum",0
"2166","MSB:Fish:20526",1994,7,27,"MSB 20526-5","JAR8666F","EO","CW","06-20-2025",NA,37,29,510,"impact","impact_1991-2000",34.905272,-106.685564,"trem.dlum",0
"2167","MSB:Fish:20526",1994,7,27,"MSB 20526-4","JAR8669F","BP","CLW","06-20-2025",NA,34,26,375,"impact","impact_1991-2000",34.905272,-106.685564,"trem.dlum",0
"2168","MSB:Fish:20526",1994,7,27,"MSB 20526-2","JAR8665F","BP","CW","06-20-2025",NA,37,29,507,"impact","impact_1991-2000",34.905272,-106.685564,"trem.dlum",0
"2169","MSB:Fish:20526",1994,7,27,"MSB 20526-3","JAR8667F","EO","CLW","06-20-2025",NA,38,30,599,"impact","impact_1991-2000",34.905272,-106.685564,"trem.dlum",0
"2170","MSB:Fish:20526",1994,7,27,"MSB 20526-1","JAR8647F","EO","KL","06-20-2025",NA,53,44,1498,"impact","impact_1991-2000",34.905272,-106.685564,"trem.dlum",0
"2171","MSB:Fish:25010",1995,8,2,"MSB 25010-2","JAR8650F","JG","KL","06-16-2025",NA,37,30,475,"control","control_1991-2000",35.28302778,-106.5981389,"trem.dlum",0
"2172","MSB:Fish:25010",1995,8,2,"MSB 25010-3","JAR8649F","EO","KL","06-16-2025",NA,39,31,531,"control","control_1991-2000",35.28302778,-106.5981389,"trem.dlum",0
"2173","MSB:Fish:25010",1995,8,2,"MSB 25010-4","JAR8652F","JG","JG CLW","06-16-2025",NA,35,28,503,"control","control_1991-2000",35.28302778,-106.5981389,"trem.dlum",1
"2174","MSB:Fish:25010",1995,8,2,"MSB 25010-1","JAR8629F","EO","CW","06-16-2025",NA,43,32,743,"control","control_1991-2000",35.28302778,-106.5981389,"trem.dlum",0
"2175","MSB:Fish:25010",1995,8,2,"MSB 25010-5","JAR8651F","EO","KL","06-16-2025",NA,38,30,494,"control","control_1991-2000",35.28302778,-106.5981389,"trem.dlum",0
"2176","MSB:Fish:25023",1995,8,2,"MSB 25023-3","JAR8723F","EO","CW","06-25-2025",NA,38,29,422,"impact","impact_1991-2000",35.089293,-106.680842,"trem.dlum",0
"2177","MSB:Fish:25023",1995,8,2,"MSB 25023-5","JAR8719F","EO","KL","06-25-2025",NA,40,31,571,"impact","impact_1991-2000",35.089293,-106.680842,"trem.dlum",0
"2178","MSB:Fish:25023",1995,8,2,"MSB 25023-1","JAR8720F","EO","JG EO KL","06-25-2025",NA,39,30,586,"impact","impact_1991-2000",35.089293,-106.680842,"trem.dlum",0
"2179","MSB:Fish:25023",1995,8,2,"MSB 25023-2","JAR8725F","EO","KL","06-25-2025",NA,36,29,560,"impact","impact_1991-2000",35.089293,-106.680842,"trem.dlum",0
"2180","MSB:Fish:25023",1995,8,2,"MSB 25023-4","JAR8721F","EO","CW","06-25-2025",NA,37,29,524,"impact","impact_1991-2000",35.089293,-106.680842,"trem.dlum",0
"2181","MSB:Fish:30075",1996,4,10,"MSB 30075-4","JAR8775F","EO","GC","06-30-2025",NA,63,49,2305,"impact","impact_1991-2000",35.13539167,-106.6684167,"trem.dlum",0
"2182","MSB:Fish:30075",1996,4,10,"MSB 30075-5","JAR8776","EO","EO KL ","06-30-2025",FALSE,68,54,3090,"impact","impact_1991-2000",35.13539167,-106.6684167,"trem.dlum",0
"2183","MSB:Fish:30075",1996,4,10,"MSB 30075-3","JAR8774F","JG","GC","06-30-2025",NA,57,46,1641,"impact","impact_1991-2000",35.13539167,-106.6684167,"trem.dlum",0
"2184","MSB:Fish:30075",1996,4,10,"MSB 30075-1","JAR8777F","JG","KL","06-30-2025",FALSE,55,45,1416,"impact","impact_1991-2000",35.13539167,-106.6684167,"trem.dlum",0
"2185","MSB:Fish:30075",1996,4,10,"MSB 30075-2","JAR8778F","EO","CW","06-30-2025",NA,70,57,3072,"impact","impact_1991-2000",35.13539167,-106.6684167,"trem.dlum",0
"2186","MSB:Fish:30282",1996,5,16,"MSB 30282-2","JAR8653F","EO","CW","06-23-2025",NA,64,50,2621,"control","control_1991-2000",35.322164,-106.557448,"trem.dlum",0
"2187","MSB:Fish:30282",1996,5,16,"MSB 20282-5","JAR8655F","JG","CLW","06-23-2025",NA,72,59,3808,"control","control_1991-2000",35.322164,-106.557448,"trem.dlum",0
"2188","MSB:Fish:30282",1996,5,16,"MSB 30282-1","JAR8654F","JG","CLW","06-23-2025",NA,58,49,2054,"control","control_1991-2000",35.322164,-106.557448,"trem.dlum",0
"2189","MSB:Fish:30282",1996,5,16,"MSB 30282-3","JAR8656F","EO","KL","06-23-2025",NA,71,56,3863,"control","control_1991-2000",35.322164,-106.557448,"trem.dlum",0
"2190","MSB:Fish:30282",1996,5,16,"MSB 30282-4","JAR8658F","BP","JG KL","06-23-2025",FALSE,58,46,1814,"control","control_1991-2000",35.322164,-106.557448,"trem.dlum",0
"2191","MSB:Fish:30410",1996,6,28,"MSB 30410-2","JAR8742F","BP","CW","06-25-2025",FALSE,66,53,3676,"impact","impact_1991-2000",34.85683333,-106.7208056,"trem.dlum",0
"2192","MSB:Fish:30410",1996,6,28,"MSB 30410-3","JAR8740F","BP","KL","06-25-2025",FALSE,74,59,4025,"impact","impact_1991-2000",34.85683333,-106.7208056,"trem.dlum",0
"2193","MSB:Fish:30410",1996,6,28,"MSB 30410-5","JAR8743F","BP","BP CW ","06-25-2025",NA,69,58,2424,"impact","impact_1991-2000",34.85683333,-106.7208056,"trem.dlum",0
"2194","MSB:Fish:30410",1996,6,28,"MSB 30410-1","JAR8736F","BP","CLW","06-25-2025",FALSE,72,59,NA,"impact","impact_1991-2000",34.85683333,-106.7208056,"trem.dlum",0
"2195","MSB:Fish:30410",1996,6,28,"MSB 30410-4","JAR8738F","JG","CLW","06-25-2025",FALSE,75,61,4376,"impact","impact_1991-2000",34.85683333,-106.7208056,"trem.dlum",0
"2196","MSB:Fish:30810",1996,2,7,"MSB 30810-3","JAR8737F","EO","KL","06-25-2026",FALSE,55,43,1306,"impact","impact_1991-2000",35.089293,-106.680842,"trem.dlum",0
"2197","MSB:Fish:30810",1996,2,7,"MSB 30810-2","JAR8735F","BP","JG KL","06-25-2025",FALSE,59,48,1673,"impact","impact_1991-2000",35.089293,-106.680842,"trem.dlum",0
"2198","MSB:Fish:30810",1996,2,7,"MSB 30810-4","JAR8739F","BP","CW","06-25-2026",NA,66,52,2148,"impact","impact_1991-2000",35.089293,-106.680842,"trem.dlum",0
"2199","MSB:Fish:30810",1996,2,7,"MSB 30910-1","JAR8734F","EO","CW","06-25-2025",NA,68,54,2437,"impact","impact_1991-2000",35.089293,-106.680842,"trem.dlum",0
"2200","MSB:Fish:30810",1996,2,7,"MSB 30810-5","JAR8741F","BP","CW","06-25-2025",NA,63,52,2142,"impact","impact_1991-2000",35.089293,-106.680842,"trem.dlum",0
"2201","MSB:Fish:39103",1997,10,15,"MSB 39103-1","JAR8670F","BP","JG KL","06-23-2025",NA,57,53,2560,"control","control_1991-2000",35.28302778,-106.5981389,"trem.dlum",0
"2202","MSB:Fish:39103",1997,10,15,"MSB 39103-3","JAR8675F","BP","KL","06-23-2025",NA,61,47,2132,"control","control_1991-2000",35.28302778,-106.5981389,"trem.dlum",0
"2203","MSB:Fish:39103",1997,10,15,"MSB 39103-5","JAR8678F","EO","CW","06-23-2025",NA,60,47,2006,"control","control_1991-2000",35.28302778,-106.5981389,"trem.dlum",0
"2204","MSB:Fish:39103",2997,10,15,"MSB 39103-4","JAR8676F","EO","EO CLW","06-23-2025",NA,69,54,3110,"control","control_1991-2000",35.28302778,-106.5981389,"trem.dlum",0
"2205","MSB:Fish:39103",1997,10,15,"MSB 39103-2","JAR8677F","JG","KL","06-23-2025",NA,69,56,3012,"control","control_1991-2000",35.28302778,-106.5981389,"trem.dlum",0
"2206","MSB:Fish:3966",1977,9,28,"MSB 3966-5","JAR8879F","JG","CW","07-02-2025",NA,51,41,1353,"impact","impact_1971-1980",35.134883,-106.690838,"trem.dlum",0
"2207","MSB:Fish:3966",1977,9,28,"MSB 3966-3","JAR8894F","JG","GC","07-02-2025",NA,50,39,1164,"impact","impact_1971-1980",35.134883,-106.690838,"trem.dlum",0
"2208","MSB:Fish:3966",1977,9,28,"MSB 3966-1","JAR8888F","JG","KL","07-02-2025",NA,55,44,1530,"impact","impact_1971-1980",35.134883,-106.690838,"trem.dlum",0
"2209","MSB:Fish:3966",1977,9,28,"MSB 3966-4","JAR8885F","JG","GC","07-02-2025",NA,57,47,2076,"impact","impact_1971-1980",35.134883,-106.690838,"trem.dlum",0
"2210","MSB:Fish:3966",1977,9,28,"MSB 3966-2","JAR8892F","JG","CW","07-02-2025",NA,38,30,477,"impact","impact_1971-1980",35.134883,-106.690838,"trem.dlum",0
"2211","MSB:Fish:4096",1978,9,5,"MSB 4096-1","JAR8718F","BP","KL","06-24-2025",NA,44,36,1043,"impact","impact_1971-1980",35.10625,-106.692633,"trem.dlum",0
"2212","MSB:Fish:4096",1978,9,5,"MSB 4096-5","JAR8715F","BP","KL","06-24-2025",NA,41,33,774,"impact","impact_1971-1980",35.10625,-106.692633,"trem.dlum",0
"2213","MSB:Fish:4096",1978,9,5,"MSB 4096-3","JAR8713F","BP","EO CW","06-24-2025",FALSE,49,39,1118,"impact","impact_1971-1980",35.10625,-106.692633,"trem.dlum",0
"2214","MSB:Fish:4096",1978,9,5,"MSB 4096-4","JAR8717F","EO","CW","06-24-2025",NA,45,35,856,"impact","impact_1971-1980",35.10625,-106.692633,"trem.dlum",0
"2215","MSB:Fish:4096",1978,9,5,"MSB 4096-2","JAR8711F","EO","CW","06-24-2025",NA,44,34,903,"impact","impact_1971-1980",35.10625,-106.692633,"trem.dlum",0
"2216","MSB:Fish:4161",1977,8,5,"MSB 4161-3","JAR8700F","BP","CW","06-24-2025",NA,39,29,511,"impact","impact_1971-1980",34.905272,-106.685564,"trem.dlum",0
"2217","MSB:Fish:4161",1977,8,5,"MSB 4161-4","JAR8702F","JG","CLW","06-24-2025",NA,41,31,632,"impact","impact_1971-1980",34.905272,-106.685564,"trem.dlum",0
"2218","MSB:Fish:4161",1977,8,5,"MSB 4161-5","JAR8703F","JG","CLW","06-24-2025",NA,36,29,444,"impact","impact_1971-1980",34.905272,-106.685564,"trem.dlum",0
"2219","MSB:Fish:4161",1977,8,5,"MSB 4161-1","JAR8696F","JG","KL","06-24-2025",NA,53,43,1166,"impact","impact_1971-1980",34.905272,-106.685564,"trem.dlum",0
"2220","MSB:Fish:4161",1977,8,5,"MSB 4161-2","JAR8698F","JG","JG KL","06-24-2025",NA,44,35,753,"impact","impact_1971-1980",34.905272,-106.685564,"trem.dlum",0
"2221","MSB:Fish:4206",1978,9,8,"MSB 4206-3","JAR8847F","EO","KL","07-01-2025",NA,39,30,567,"control","control_1971-1980",35.256141,-106.596281,"trem.dlum",0
"2222","MSB:Fish:4206",1978,9,8,"MSB 4206-1","JAR8848F","EO","JG KL","07-01-2025",NA,43,33,739,"control","control_1971-1980",35.256141,-106.596281,"trem.dlum",0
"2223","MSB:Fish:4206",1978,9,8,"MSB 4206-4","JAR8852F","EO","GC","07-01-2025",NA,37,29,503,"control","control_1971-1980",35.256141,-106.596281,"trem.dlum",0
"2224","MSB:Fish:4206",1978,9,8,"MSB 4206-2","JAR8850F","EO","CW","07-01-2025",NA,40,31,665,"control","control_1971-1980",35.256141,-106.596281,"trem.dlum",0
"2225","MSB:Fish:4206",1978,9,8,"MSB 4206-5","JAR8854F","EO","JG KL","07-01-2025",NA,36,29,433,"control","control_1971-1980",35.256141,-106.596281,"trem.dlum",0
"2226","MSB:Fish:43490",1999,10,11,"MSB 43490-1","JAR8745F","BP","CW","06-26-2025",NA,72,57,3244,"control","control_1991-2000",35.28302778,-106.5981389,"trem.dlum",0
"2227","MSB:Fish:43490",1999,10,11,"MSB 43490-3","JAR8749F","BP","CLW","06-26-2025",FALSE,61,49,2200,"control","control_1991-2000",35.28302778,-106.5981389,"trem.dlum",0
"2228","MSB:Fish:43490",1999,10,11,"MSB 43490-5","JAR8746F","BP","CLW","06-26-2025",FALSE,60,51,2094,"control","control_1991-2000",35.28302778,-106.5981389,"trem.dlum",0
"2229","MSB:Fish:43490",1999,10,11,"MSB 43490-2","JAR8747F","JG","CLW","06-26-2025",NA,61,55,2713,"control","control_1991-2000",35.28302778,-106.5981389,"trem.dlum",0
"2230","MSB:Fish:43490",1999,10,11,"MSB 43490-4","JAR8744F","JG","EO CLW","06-26-2025",FALSE,67,54,2031,"control","control_1991-2000",35.28302778,-106.5981389,"trem.dlum",0
"2231","MSB:Fish:4384",1978,9,23,"MSB 4384-3","JAR8748F","BP","KL","06-30-2025",FALSE,55,44,1919,"impact","impact_1971-1980",34.905272,-106.685564,"trem.dlum",0
"2232","MSB:Fish:4384",1978,9,23,"MSB 4384-4","JAR8752F","EO","GC","06-30-2025",NA,63,49,2458,"impact","impact_1971-1980",34.905272,-106.685564,"trem.dlum",0
"2233","MSB:Fish:4384",1978,9,23,"MSB 4384-2","JAR8757F","EO","CW","06-30-2025",NA,64,49,2390,"impact","impact_1971-1980",34.905272,-106.685564,"trem.dlum",0
"2234","MSB:Fish:4384",1978,9,23,"MSB 4384-1","JAR8750F","BP","CW","06-30-2025",NA,67,55,3024,"impact","impact_1971-1980",34.905272,-106.685564,"trem.dlum",0
"2235","MSB:Fish:4384",1978,9,23,"MSB 4384-5","JAR8756F","BP","KL","06-30-2025",NA,63,51,2594,"impact","impact_1971-1980",34.905272,-106.685564,"trem.dlum",0
"2236","MSB:Fish:4423",1978,8,3,"MSB 4423-4","JAR8724F","BP","KL","06-30-2025",NA,44,36,880,"impact","impact_1971-1980",34.905272,-106.685564,"trem.dlum",0
"2237","MSB:Fish:4423",1978,8,3,"MSB 4423-1","JAR8758F","EO","GC","06-30-2025",NA,46,37,1128,"impact","impact_1971-1980",34.905272,-106.685564,"trem.dlum",0
"2238","MSB:Fish:4423",1978,8,3,"MSB 4423-2","JAR8754F","BP","CW","06-30-2025",NA,49,38,1164,"impact","impact_1971-1980",34.905272,-106.685564,"trem.dlum",0
"2239","MSB:Fish:4423",1978,8,3,"MSB 4423-5","JAR8751F","EO","CW","06-30-2025",NA,42,33,832,"impact","impact_1971-1980",34.905272,-106.685564,"trem.dlum",0
"2240","MSB:Fish:4423",1978,8,3,"MSB 4423-3","JAR8726F","EO","KL","06-30-2025",NA,47,37,1155,"impact","impact_1971-1980",34.905272,-106.685564,"trem.dlum",0
"2241","MSB:Fish:4432",1978,9,8,"MSB 4432-3","JAR8727F","BP","CW","06-30-2025",NA,39,31,570,"control","control_1971-1980",35.239638,-106.587548,"trem.dlum",0
"2242","MSB:Fish:4432",1978,9,8,"MSB 4432-1","JAR8759F","BP","JG","06-30-2025",NA,39,30,568,"control","control_1971-1980",35.239638,-106.587548,"trem.dlum",0
"2243","MSB:Fish:4432",1978,9,8,"MSB 4432-5","JAR8753F","BP","JG GC","06-30-2025",NA,35,26,360,"control","control_1971-1980",35.239638,-106.587548,"trem.dlum",0
"2244","MSB:Fish:4432",1978,9,8,"MSB 4432-4","JAR8729F","EO","CW","06-30-2025",NA,39,29,548,"control","control_1971-1980",35.239638,-106.587548,"trem.dlum",0
"2245","MSB:Fish:4432",1978,9,8,"MSB 4432-2","JAR8722F","EO","EO GC","06-30-2025",NA,52,42,1431,"control","control_1971-1980",35.239638,-106.587548,"trem.dlum",0
"2246","MSB:Fish:4487",1978,9,29,"MSB 4487-1","JAR8887F","EO","GC","07-03-2025",NA,47,37,1143,"control","control_1971-1980",35.383856,-106.490929,"trem.dlum",0
"2247","MSB:Fish:4487",1978,9,29,"MSB 4487-5","JAR8890F","EO","JG GC","07-03-2025",NA,38,30,543,"control","control_1971-1980",35.383856,-106.490929,"trem.dlum",0
"2248","MSB:Fish:4487",1978,9,29,"MSB 4487-3","JAR8889F","EO","KL","07-03-2025",NA,46,35,1166,"control","control_1971-1980",35.383856,-106.490929,"trem.dlum",0
"2249","MSB:Fish:4487",1978,9,29,"MSB 4487-4","JAR8891F","BP","GC","07-03-2025",NA,36,27,481,"control","control_1971-1980",35.383856,-106.490929,"trem.dlum",0
"2250","MSB:Fish:4487",1978,9,29,"MSB 4487-2","JAR8893F","BP","GC","07-03-2025",NA,49,38,1354,"control","control_1971-1980",35.383856,-106.490929,"trem.dlum",0
"2251","MSB:Fish:4984",1978,9,5,"MSB 4984-3","JAR8640F","EO","CLW","06-23-2025",NA,38,29,504,"impact","impact_1971-1980",35.196977,-106.642444,"trem.dlum",0
"2252","MSB:Fish:4984",1978,9,5,"MSB 4984-4","JAR8642F","JG","KL","06-23-2025",NA,32,25,338,"impact","impact_1971-1980",35.196977,-106.642444,"trem.dlum",0
"2253","MSB:Fish:4984",1978,9,5,"MSB 4984-5","JAR8644F","BP","CW","06-23-2025",NA,32,24,341,"impact","impact_1971-1980",35.196977,-106.642444,"trem.dlum",0
"2254","MSB:Fish:4984",1978,9,5,"MSB 4984-2","JAR8662F","BP","CLW","06-23-2025",NA,38,30,541,"impact","impact_1971-1980",35.196977,-106.642444,"trem.dlum",0
"2255","MSB:Fish:4984",1978,9,5,"MSB 4984-1","JAR8660F","EO","CLW","06-23-2025",NA,39,30,621,"impact","impact_1971-1980",35.196977,-106.642444,"trem.dlum",0
"2256","MSB:Fish:4987",1977,7,6,"MSB 4987-5","JAR8788F","JG","GC","07-01-2025",NA,40,33,672,"control","control_1971-1980",35.232431,-106.594272,"trem.dlum",0
"2257","MSB:Fish:4987",1977,7,6,"MSB 4987-1","JAR8849F","JG","KL","07-01-2025",NA,52,40,1450,"control","control_1971-1980",35.232431,-106.594272,"trem.dlum",0
"2258","MSB:Fish:4987",1977,7,6,"MSB 4987-3","JAR8851F","JG","KL","07-01-2025",NA,47,37,1297,"control","control_1971-1980",35.232431,-106.594272,"trem.dlum",0
"2259","MSB:Fish:4987",1977,7,6,"MSB 4987-2","JAR8790F","EO","JG KL","07-01-2025",NA,54,44,1436,"control","control_1971-1980",35.232431,-106.594272,"trem.dlum",0
"2260","MSB:Fish:4987",1977,7,6,"MSB 4987-4","JAR8853F","EO","BP","07-01-2025",NA,47,37,1163,"control","control_1971-1980",35.232431,-106.594272,"trem.dlum",0
"2261","MSB:Fish:49970",1994,5,5,"MSB 49970-1","JAR8641F","EO","CLW","06-20-2025",NA,66,52,2386,"control","control_1991-2000",35.28302778,-106.5981389,"trem.dlum",0
"2262","MSB:Fish:49970",1994,5,5,"MSB 49970-5","JAR8646F","EO","EO KL","06-20-2025",NA,64,51,2231,"control","control_1991-2000",35.28302778,-106.5981389,"trem.dlum",0
"2263","MSB:Fish:49970",1994,5,5,"MSB 49970-3","JAR8645F","EO","KL BP CW","06-20-2025",NA,69,55,2817,"control","control_1991-2000",35.28302778,-106.5981389,"trem.dlum",0
"2264","MSB:Fish:49970",1994,5,5,"MSB 49970-4","JAR8648F","JG","KL","06-20-2025",FALSE,65,53,2749,"control","control_1991-2000",35.28302778,-106.5981389,"trem.dlum",0
"2265","MSB:Fish:49970",1994,5,5,"MSB 49970-2","JAR8643F","JG","CW JG","06-20-2025",NA,63,52,2230,"control","control_1991-2000",35.28302778,-106.5981389,"trem.dlum",0
"2266","MSB:Fish:5263",1986,8,12,"MSB 5263-1","JAR8856F","BP","GC","07-02-2025",NA,36,29,497,"control","control_1981-1990",35.28302778,-106.5981389,"trem.dlum",0
"2267","MSB:Fish:5263",1986,8,12,"MSB 5263-4","JAR8857F","BP","KL","07-02-2025",NA,35,27,407,"control","control_1981-1990",35.28302778,-106.5981389,"trem.dlum",0
"2268","MSB:Fish:5263",1986,8,12,"MSB 5263-2","JAR8861F","BP","CW","07-02-2025",NA,36,29,462,"control","control_1981-1990",35.28302778,-106.5981389,"trem.dlum",0
"2269","MSB:Fish:5263",1986,8,12,"MSB 5263-3","JAR8855F","BP","CW","07-02-2025",NA,35,31,653,"control","control_1981-1990",35.28302778,-106.5981389,"trem.dlum",0
"2270","MSB:Fish:5263",1986,8,12,"MSB 5263-5","JAR8859F","BP","BP EO","07-02-2025",NA,36,29,444,"control","control_1981-1990",35.28302778,-106.5981389,"trem.dlum",0
"2271","MSB:Fish:5814",1987,9,10,"MSB 5814-1","JAR8631F","KL","KL","06-16-2025",NA,66,52,2223,"impact","impact_1981-1990",34.905272,-106.685564,"trem.dlum",0
"2272","MSB:Fish:5814",1987,9,10,"MSB 5814-2","JAR8634F","JG","CW","06-17-2025",NA,55,47,1856,"impact","impact_1981-1990",34.905272,-106.685564,"trem.dlum",0
"2273","MSB:Fish:5814",1987,9,10,"MSB 5814-3","JAR8630F","EO","CLW CW","06-18-2025",NA,67,52,2759,"impact","impact_1981-1990",34.905272,-106.685564,"trem.dlum",0
"2274","MSB:Fish:5814",1987,9,10,"MSB 5814-5","JAR8636F","JG","KL","06-19-2025",NA,85,68,5700,"impact","impact_1981-1990",34.905272,-106.685564,"trem.dlum",0
"2275","MSB:Fish:5814",1987,9,10,"MSB 5814-4","JAR8633F","EO","KL","06-16-2025",NA,52,41,1282,"impact","impact_1981-1990",34.905272,-106.685564,"trem.dlum",0
"2276","MSB:Fish:5825",1987,9,10,"MSB 5825-4","JAR8663F","BP","EO CW","06-18-2025",NA,63,49,2591,"impact","impact_1981-1990",34.875039,-106.717581,"trem.dlum",0
"2277","MSB:Fish:5825",1987,9,10,"MSB 5825-3","JAR8661F","BP","CLW KL","06-18-2025",NA,77,62,4671,"impact","impact_1981-1990",34.875039,-106.717581,"trem.dlum",0
"2278","MSB:Fish:5825",1987,9,10,"MSB 5825-5","JAR8639F","BP","CW","06-18-2025",NA,52,42,1542,"impact","impact_1981-1990",34.875039,-106.717581,"trem.dlum",0
"2279","MSB:Fish:5825",1987,9,10,"MSB 5825-2","JAR8659F","BP","CW","06-18-2025",NA,54,42,1606,"impact","impact_1981-1990",34.875039,-106.717581,"trem.dlum",0
"2280","MSB:Fish:5825",1987,9,10,"MSB 5825-1","JAR8657F","BP","BP KL","06-18-2025",FALSE,59,47,2305,"impact","impact_1981-1990",34.875039,-106.717581,"trem.dlum",0
"2281","MSB:Fish:68463",1984,8,15,"MSB 68463-1","JAR8864F","BP","GC","07-02-2025",NA,37,30,505,"impact","impact_1981-1990",35.089293,-106.680842,"trem.dlum",0
"2282","MSB:Fish:68463",1984,8,15,"MSB 68463-4","JAR8870F","BP","CW","07-02-2025",NA,42,34,485,"impact","impact_1981-1990",35.089293,-106.680842,"trem.dlum",0
"2283","MSB:Fish:68463",1984,8,15,"MSB 68463-3","JAR8868F","BP","CW","07-02-2025",NA,36,27,313,"impact","impact_1981-1990",35.089293,-106.680842,"trem.dlum",0
"2284","MSB:Fish:68463",1984,8,15,"MSB 68463-5","JAR8860F","BP","GC","07-02-2025",NA,35,27,398,"impact","impact_1981-1990",35.089293,-106.680842,"trem.dlum",0
"2285","MSB:Fish:68463",1984,8,15,"MSB 68463-2","JAR8866F","BP","CW","07-02-2025",NA,48,37,950,"impact","impact_1981-1990",35.089293,-106.680842,"trem.dlum",0
"2286","MSB:Fish:68501",1984,8,15,"MSB 68501-4","JAR8787F","JG","CW","07-01-2025",NA,79,64,4731,"control","control_1981-1990",35.225523,-106.597651,"trem.dlum",0
"2287","MSB:Fish:68501",1984,8,15,"MSB 68501-3","JAR8785F","JG","KL","07-01-2025",NA,36,29,472,"control","control_1981-1990",35.225523,-106.597651,"trem.dlum",0
"2288","MSB:Fish:68501",1984,8,15,"MSB 68501-5","JAR8789F","JG","CW","07-01-2025",NA,72,60,3973,"control","control_1981-1990",35.225523,-106.597651,"trem.dlum",0
"2289","MSB:Fish:68501",1984,8,15,"MSB 68501-2","JAR8783F","JG","KL","07-01-2025",NA,37,29,513,"control","control_1981-1990",35.225523,-106.597651,"trem.dlum",0
"2290","MSB:Fish:68501",1984,8,15,"MSB 68501-1","JAR8786F","JG","GC","07-01-2025",NA,35,26,349,"control","control_1981-1990",35.225523,-106.597651,"trem.dlum",0
"2291","MSB:Fish:68513",1984,8,16,"MSB 68513-4","JAR8896F","EO","CW","07-03-2025",NA,41,32,638,"control","control_1981-1990",35.211416,-106.612833,"trem.dlum",0
"2292","MSB:Fish:68513",1984,8,16,"MSB 68513-2","JAR8897F","EO","KL","07-03-2025",NA,47,36,941,"control","control_1981-1990",35.211416,-106.612833,"trem.dlum",0
"2293","MSB:Fish:68513",1984,8,16,"MSB 68513-1","JAR8895F","BP","GC","07-03-2025",NA,44,34,769,"control","control_1981-1990",35.211416,-106.612833,"trem.dlum",0
"2294","MSB:Fish:68513",1984,8,16,"MSB 68513-5","JAR8901F","EO","BP","07-03-2025",NA,40,31,606,"control","control_1981-1990",35.211416,-106.612833,"trem.dlum",0
"2295","MSB:Fish:68513",1984,8,16,"MSB 68513-3","JAR8899F","BP","CW","07-03-2025",NA,37,27,397,"control","control_1981-1990",35.211416,-106.612833,"trem.dlum",0
"2296","MSB:Fish:68528",1984,8,16,"MSB 68528-1","JAR8731F","EO","KL","06-25-2025",NA,69,55,3206,"control","control_1981-1990",35.322164,-106.557448,"trem.dlum",0
"2297","MSB:Fish:68528",1984,8,16,"MSB 68528-5","JAR8733F","BP","CLW","06-25-2025",NA,47,37,1014,"control","control_1981-1990",35.322164,-106.557448,"trem.dlum",0
"2298","MSB:Fish:68528",1984,8,16,"MSB 68528-2","JAR8728F","EO","KL","06-25-2025",FALSE,72,57,2986,"control","control_1981-1990",35.322164,-106.557448,"trem.dlum",0
"2299","MSB:Fish:68528",1984,8,16,"MSB 68528-3","JAR8732F","BP","JG CW","06-25-2025",NA,67,53,2767,"control","control_1981-1990",35.322164,-106.557448,"trem.dlum",0
"2300","MSB:Fish:68528",1984,8,16,"MSB 68528-4","JAR8730F","EO","KL","06-25-2025",NA,68,55,2391,"control","control_1981-1990",35.322164,-106.557448,"trem.dlum",0
"2301","MSB:Fish:7593",1988,5,25,"MSB 7593-2","JAR8705F","EO","JG CW","06-24-2025",NA,64,50,2324,"impact","impact_1981-1990",34.905272,-106.685564,"trem.dlum",0
"2302","MSB:Fish:7593",1988,5,25,"MSB 7593-5","JAR8709F","BP","BP CLW","06-24-2025",NA,62,51,2400,"impact","impact_1981-1990",34.905272,-106.685564,"trem.dlum",0
"2303","MSB:Fish:7593",1988,5,25,"MSB 7593-4","JAR8707F","EO","BP KL","06-24-2025",FALSE,61,48,1922,"impact","impact_1981-1990",34.905272,-106.685564,"trem.dlum",0
"2304","MSB:Fish:7593",1988,5,25,"MSB 7593-3","JAR8706F","BP","BP KL","06-24-2025",FALSE,58,45,2248,"impact","impact_1981-1990",34.905272,-106.685564,"trem.dlum",0
"2305","MSB:Fish:7593",1988,5,25,"MSB 7593-1","JAR8704F","BP","KL","06-24-2025",FALSE,64,50,3600,"impact","impact_1981-1990",34.905272,-106.685564,"trem.dlum",0
"2306","MSB:Fish:7788",1988,5,25,"MSB 7788-2","JAR8769F","BP","KL","06-30-2025",NA,69,53,2804,"control","control_1981-1990",35.322164,-106.557448,"trem.dlum",0
"2307","MSB:Fish:7788",2988,5,25,"MSB 7788-4","JAR8764F","BP","BP","06-30-2025",NA,56,45,1819,"control","control_1981-1990",35.322164,-106.557448,"trem.dlum",0
"2308","MSB:Fish:7788",1988,5,25,"MSB 7788-3","JAR8767F","EO","KL","06-30-2025",NA,69,55,3017,"control","control_1981-1990",35.322164,-106.557448,"trem.dlum",0
"2309","MSB:Fish:7788",1988,5,25,"MSB 7788-1","JAR8763F","EO","KL","06-30-2025",NA,64,51,2418,"control","control_1981-1990",35.322164,-106.557448,"trem.dlum",0
"2310","MSB:Fish:7788",1988,5,25,"MSB 7788-5","JAR8762F","EO","KL","06-30-2025",NA,60,47,2139,"control","control_1981-1990",35.322164,-106.557448,"trem.dlum",0
"2311","MSB:Fish:1129",1959,2,20,"MSB 1129-5","JAR8672F","JG","CW","06-20-2025",NA,40,32,383,"control","control_1951-1960",35.350556,-106.535497,"trem.em",0
"2312","MSB:Fish:1129",1959,2,20,"MSB 1129-2","JAR8674F","EO","CLW","06-20-2025",NA,46,34,697,"control","control_1951-1960",35.350556,-106.535497,"trem.em",0
"2313","MSB:Fish:1129",1959,2,20,"MSB 1129-1","JAR8668F","JG","KL","06-20-2025",NA,41,33,519,"control","control_1951-1960",35.350556,-106.535497,"trem.em",0
"2314","MSB:Fish:1129",1959,2,20,"MSB 1129-4","JAR8671F","EO","JG KL","06-20-2025",NA,41,31,580,"control","control_1951-1960",35.350556,-106.535497,"trem.em",0
"2315","MSB:Fish:1129",1959,2,20,"MSB 1129-3","JAR8673F","JG","CW","06-20-2025",NA,43,36,659,"control","control_1951-1960",35.350556,-106.535497,"trem.em",0
"2316","MSB:Fish:1130",1949,10,29,"MSB 1130-5","JAR8701F","EO","KL","06-24-2025",NA,57,48,2022,"impact","impact_1941-1950",34.87537,-106.717837,"trem.em",0
"2317","MSB:Fish:1130",1949,10,29,"MSB 1130-3","JAR8697F","JG","JG CW","06-24-2025",NA,61,49,1811,"impact","impact_1941-1950",34.87537,-106.717837,"trem.em",0
"2318","MSB:Fish:1130",1949,10,29,"MSB 1130-4","JAR8699F","BP","CLW","06-24-2025",NA,62,47,2068,"impact","impact_1941-1950",34.87537,-106.717837,"trem.em",0
"2319","MSB:Fish:1130",1949,10,29,"MSB 1130-1","JAR8690F","JG","JG KL","06-24-2025",FALSE,71,58,3286,"impact","impact_1941-1950",34.87537,-106.717837,"trem.em",0
"2320","MSB:Fish:1130",1949,10,29,"MSB 1130-2","JAR8695F","BP","KL","06-24-2025",FALSE,68,54,3151,"impact","impact_1941-1950",34.87537,-106.717837,"trem.em",0
"2321","MSB:Fish:1131",1959,2,24,"MSB 1131-5","JAR8682F","BP","KL","06-23-2025",NA,53,44,1289,"impact","impact_1951-1960",34.987044,-106.690293,"trem.em",0
"2322","MSB:Fish:1131",1959,2,24,"MSB 1131-2","JAR8689F","EO","CW","06-23-2025",NA,60,47,1798,"impact","impact_1951-1960",34.987044,-106.690293,"trem.em",0
"2323","MSB:Fish:1131",1959,2,24,"MSB 1131-3","JAR8693F","BP","CW","06-23-2025",FALSE,54,44,1280,"impact","impact_1951-1960",34.987044,-106.690293,"trem.em",0
"2324","MSB:Fish:1131",1959,2,24,"MSB 1131-4","JAR8680F","EO","KL","06-23-2025",NA,52,43,1316,"impact","impact_1951-1960",34.987044,-106.690293,"trem.em",0
"2325","MSB:Fish:1131",1959,2,24,"MSB 1131-2","JAR8691F","JG","CLW","06-23-2025",NA,63,51,1849,"impact","impact_1951-1960",34.987044,-106.690293,"trem.em",0
"2326","MSB:Fish:1132",1947,10,25,"MSB 1132-1","JAR8684F","JG","CW","06-23-2025",NA,71,58,3310,"control","control_1941-1950",35.380629,-106.503529,"trem.em",0
"2327","MSB:Fish:1132",1947,10,25,"MSB 1132-4","JAR8694F","JG","KL","06-23-2025",NA,63,54,2744,"control","control_1941-1950",35.380629,-106.503529,"trem.em",0
"2328","MSB:Fish:1132",2947,10,25,"MSB 1132-5","JAR8692F","JG","CW","06-23-2025",NA,61,49,1975,"control","control_1941-1950",35.380629,-106.503529,"trem.em",0
"2329","MSB:Fish:1132",1947,10,25,"MSB 1132-3","JAR8688F","JG","CLW","06-23-2025",NA,77,64,4621,"control","control_1941-1950",35.380629,-106.503529,"trem.em",0
"2330","MSB:Fish:1132",1947,10,25,"MSB 1132-2","JAR8686F","JG","CW","06-23-2025",NA,73,62,3934,"control","control_1941-1950",35.380629,-106.503529,"trem.em",0
"2331","MSB:Fish:1149",1939,2,26,"MSB 1149-1","JAR8871F","JG","GC","07-02-2025",NA,55,45,1360,"impact","impact_1931-1940",35.100259,-106.692107,"trem.em",0
"2332","MSB:Fish:1149",1939,2,26,"MSB 1149-5","JAR8872F","EO","KL","07-02-2025",FALSE,76,57,3276,"impact","impact_1931-1940",35.100259,-106.692107,"trem.em",0
"2333","MSB:Fish:1149",1939,2,26,"MSB 1149-3","JAR8875F","EO","EO KL","07-02-2025",NA,61,47,1795,"impact","impact_1931-1940",35.100259,-106.692107,"trem.em",0
"2334","MSB:Fish:1149",1939,2,26,"MSB 1149-4","JAR8877F","JG","CW","07-02-2025",NA,57,45,1435,"impact","impact_1931-1940",35.100259,-106.692107,"trem.em",0
"2335","MSB:Fish:1149",1939,2,26,"MSB 1149-2","JAR8873F","JG","GC","07-02-2025",FALSE,64,52,2298,"impact","impact_1931-1940",35.100259,-106.692107,"trem.em",0
"2336","MSB:Fish:1150",1939,6,9,"MSB 1150-3","JAR8712F","BP","CW","06-24-2025",FALSE,71,54,4462,"impact","impact_1931-1940",34.906619,-106.685289,"trem.em",0
"2337","MSB:Fish:1150",1939,6,9,"MSB 1150-1","JAR8708F","BP","KL","06-24-2025",NA,63,50,2550,"impact","impact_1931-1940",34.906619,-106.685289,"trem.em",0
"2338","MSB:Fish:1150",1939,6,9,"MSB 1150-2","JAR8714F","JG","CLW","06-24-2025",FALSE,72,61,4536,"impact","impact_1931-1940",34.906619,-106.685289,"trem.em",0
"2339","MSB:Fish:1150",1939,6,9,"MSB 1150-5","JAR8710F","BP","CW","06-24-2025",FALSE,60,49,2576,"impact","impact_1931-1940",34.906619,-106.685289,"trem.em",0
"2340","MSB:Fish:1150",1939,6,9,"MSB 1150-4","JAR8716F","JG","KL","06-24-2025",FALSE,65,53,3213,"impact","impact_1931-1940",34.906619,-106.685289,"trem.em",0
"2341","MSB:Fish:1154",1949,10,21,"MSB 1154-4","JAR8770F","EO","CW","06-30-2025",NA,54,43,1207,"impact","impact_1941-1950",34.929201,-106.681499,"trem.em",0
"2342","MSB:Fish:1154",1949,10,21,"MSB 1154-2","JAR8773F","EO","KL","06-30-2025",FALSE,66,52,2229,"impact","impact_1941-1950",34.929201,-106.681499,"trem.em",0
"2343","MSB:Fish:1154",1949,10,21,"MSB 1154-3","JAR8768","BP","BP","06-30-2025",NA,60,48,1790,"impact","impact_1941-1950",34.929201,-106.681499,"trem.em",0
"2344","MSB:Fish:1154",1949,10,21,"MSB 1154-5","JAR8772F","BP","BP","06-30-2025",FALSE,44,34,644,"impact","impact_1941-1950",34.929201,-106.681499,"trem.em",0
"2345","MSB:Fish:1154",1949,10,21,"MSB 1154-1","JAR8771F","BP","EO GC CW","06-30-2025",NA,65,51,2430,"impact","impact_1941-1950",34.929201,-106.681499,"trem.em",0
"2346","MSB:Fish:1155",1943,6,23,"MSB 1155-3","JAR8685F","BP","CW","06-23-2025",NA,69,56,3145,"control","control_1941-1950",35.322418,-106.557971,"trem.em",0
"2347","MSB:Fish:1155",1943,6,23,"MSB 1155-4","JAR8683F","EO","BP KL","06-23-2025",FALSE,54,45,1684,"control","control_1941-1950",35.322418,-106.557971,"trem.em",0
"2348","MSB:Fish:1155",2943,6,23,"MSB1155-1","JAR8679F","BP","BP CW KL","06-23-2025",NA,62,50,2170,"control","control_1941-1950",35.322418,-106.557971,"trem.em",0
"2349","MSB:Fish:1155",1943,6,23,"MSB 1155-5","JAR8687F","EO","KL","06-23-2025",NA,53,45,1706,"control","control_1941-1950",35.322418,-106.557971,"trem.em",0
"2350","MSB:Fish:1155",1943,6,23,"MSB 1155-2","JAR8681F","EO","KL","06-23-2025",NA,63,50,2536,"control","control_1941-1950",35.322418,-106.557971,"trem.em",0
"2351","MSB:Fish:1160",1939,1,28,"MSB 1160-3","JAR8784F","JG","CW","07-01-2025",NA,51,42,1253,"impact","impact_1931-1940",35.100259,-106.692107,"trem.em",0
"2352","MSB:Fish:1160",1939,1,28,"MSB 1160-2","JAR8779","JG","EO GC","07-01-2025",NA,48,38,800,"impact","impact_1931-1940",35.100259,-106.692107,"trem.em",0
"2353","MSB:Fish:1160",1939,1,28,"MSB 1160-1","JAR8781F","JG","GC","07-01-2025",NA,51,43,1112,"impact","impact_1931-1940",35.100259,-106.692107,"trem.em",0
"2354","MSB:Fish:1160",1939,1,28,"MSB 1160-4","JAR8780F","JG","GC","07-01-2025",FALSE,50,41,1020,"impact","impact_1931-1940",35.100259,-106.692107,"trem.em",0
"2355","MSB:Fish:1160",1939,1,28,"MSB 1160-5","JAR8782F","EO","GC","07-01-2025",NA,51,40,1021,"impact","impact_1931-1940",35.100259,-106.692107,"trem.em",0
"2356","MSB:Fish:19389",1994,5,27,"MSB 19389-1","JAR8874F","JG","JG","07-02-2025",FALSE,56,44,1941,"control","control_1991-2000",35.322164,-106.557448,"trem.em",0
"2357","MSB:Fish:19389",1994,5,27,"MSB 19389-2","JAR8862F","EO","KL","07-02-2025",NA,52,40,1391,"control","control_1991-2000",35.322164,-106.557448,"trem.em",0
"2358","MSB:Fish:19389",1994,5,27,"MSB 19389-5","JAR8878F","BP","CW","07-02-2025",NA,44,35,909,"control","control_1991-2000",35.322164,-106.557448,"trem.em",0
"2359","MSB:Fish:19389",1994,5,27,"MSB 19389-4","JAR8858F","EO","GC","07-02-2025",NA,48,38,1096,"control","control_1991-2000",35.322164,-106.557448,"trem.em",0
"2360","MSB:Fish:19389",1994,5,27,"MSB 19389-3","JAR8876F","JG","KL","07-02-2025",FALSE,55,46,2190,"control","control_1991-2000",35.322164,-106.557448,"trem.em",0
"2361","MSB:Fish:19537",1994,9,16,"MSB 19537-3","JAR8635F","EO","CLW","06-20-2025",NA,59,46,1370,"impact","impact_1991-2000",34.85683333,-106.7208056,"trem.em",0
"2362","MSB:Fish:19537",1994,9,16,"MSB 19537-2","JAR8664F","EO","CW","06-16-2025",NA,58,46,1650,"impact","impact_1991-2000",34.85683333,-106.7208056,"trem.em",0
"2363","MSB:Fish:19537",1994,9,16,"MSB 19537-1","JAR8632F","JG","KL","06-16-2025",NA,54,48,1824,"impact","impact_1991-2000",34.85683333,-106.7208056,"trem.em",0
"2364","MSB:Fish:19537",1994,9,16,"MSB 19537-4","JAR8638F","JG","CLW","06-16-2025",NA,53,44,1183,"impact","impact_1991-2000",34.85683333,-106.7208056,"trem.em",0
"2365","MSB:Fish:19537",1994,9,16,"MSB 19537-5","JAR8637F","EO","CW","06-16-2025",NA,47,38,760,"impact","impact_1991-2000",34.85683333,-106.7208056,"trem.em",NA
"2366","MSB:Fish:19688",1994,10,10,"MSB 19688-2","JAR8863F","BP","JG CW","07-02-2025",NA,57,44,1805,"impact","impact_1991-2000",34.85683333,-106.7208056,"trem.em",0
"2367","MSB:Fish:19688",1994,10,10,"MSB 19688-4","JAR8867F","BP","CW","07-02-2025",NA,58,46,1810,"impact","impact_1991-2000",34.85683333,-106.7208056,"trem.em",0
"2368","MSB:Fish:19688",1994,10,10,"MSB 19688-5","JAR8869F","BP","KL","07-02-2025",NA,48,38,993,"impact","impact_1991-2000",34.85683333,-106.7208056,"trem.em",0
"2369","MSB:Fish:19688",1994,10,10,"MSB 19688-1","JAR8886F","BP","JG CW","07-02-2025",NA,65,51,2667,"impact","impact_1991-2000",34.85683333,-106.7208056,"trem.em",0
"2370","MSB:Fish:19688",1994,10,10,"MSB 19688-3","JAR8865F","BP","KL","07-02-2025",FALSE,56,45,2032,"impact","impact_1991-2000",34.85683333,-106.7208056,"trem.em",0
"2371","MSB:Fish:20390",1994,8,11,"MSB 20390-2","JAR8881F","JG","GC","07-02-2025",NA,40,36,923,"impact","impact_1991-2000",34.85683333,-106.7208056,"trem.em",0
"2372","MSB:Fish:20390",1994,8,11,"MSB 20390-3","JAR8880F","JG","EO","07-02-2025",NA,41,33,528,"impact","impact_1991-2000",34.85683333,-106.7208056,"trem.em",0
"2373","MSB:Fish:20390",1994,8,11,"MSB 20390-1","JAR8883F","JG","JG","07-02-2025",NA,53,41,1467,"impact","impact_1991-2000",34.85683333,-106.7208056,"trem.em",0
"2374","MSB:Fish:20390",1994,8,11,"MSB 20390-4","JAR8882F","JG","BP","07-02-2025",NA,49,38,968,"impact","impact_1991-2000",34.85683333,-106.7208056,"trem.em",0
"2375","MSB:Fish:20390",1994,8,11,"MSB 20390-5","JAR8884F","JG","CW","07-02-2025",NA,49,40,1145,"impact","impact_1991-2000",34.85683333,-106.7208056,"trem.em",0
"2376","MSB:Fish:20526",1994,7,27,"MSB 20526-5","JAR8666F","EO","CW","06-20-2025",NA,37,29,510,"impact","impact_1991-2000",34.905272,-106.685564,"trem.em",0
"2377","MSB:Fish:20526",1994,7,27,"MSB 20526-4","JAR8669F","BP","CLW","06-20-2025",NA,34,26,375,"impact","impact_1991-2000",34.905272,-106.685564,"trem.em",0
"2378","MSB:Fish:20526",1994,7,27,"MSB 20526-2","JAR8665F","BP","CW","06-20-2025",NA,37,29,507,"impact","impact_1991-2000",34.905272,-106.685564,"trem.em",0
"2379","MSB:Fish:20526",1994,7,27,"MSB 20526-3","JAR8667F","EO","CLW","06-20-2025",NA,38,30,599,"impact","impact_1991-2000",34.905272,-106.685564,"trem.em",0
"2380","MSB:Fish:20526",1994,7,27,"MSB 20526-1","JAR8647F","EO","KL","06-20-2025",NA,53,44,1498,"impact","impact_1991-2000",34.905272,-106.685564,"trem.em",0
"2381","MSB:Fish:25010",1995,8,2,"MSB 25010-2","JAR8650F","JG","KL","06-16-2025",NA,37,30,475,"control","control_1991-2000",35.28302778,-106.5981389,"trem.em",0
"2382","MSB:Fish:25010",1995,8,2,"MSB 25010-3","JAR8649F","EO","KL","06-16-2025",NA,39,31,531,"control","control_1991-2000",35.28302778,-106.5981389,"trem.em",0
"2383","MSB:Fish:25010",1995,8,2,"MSB 25010-4","JAR8652F","JG","JG CLW","06-16-2025",NA,35,28,503,"control","control_1991-2000",35.28302778,-106.5981389,"trem.em",0
"2384","MSB:Fish:25010",1995,8,2,"MSB 25010-1","JAR8629F","EO","CW","06-16-2025",NA,43,32,743,"control","control_1991-2000",35.28302778,-106.5981389,"trem.em",0
"2385","MSB:Fish:25010",1995,8,2,"MSB 25010-5","JAR8651F","EO","KL","06-16-2025",NA,38,30,494,"control","control_1991-2000",35.28302778,-106.5981389,"trem.em",0
"2386","MSB:Fish:25023",1995,8,2,"MSB 25023-3","JAR8723F","EO","CW","06-25-2025",NA,38,29,422,"impact","impact_1991-2000",35.089293,-106.680842,"trem.em",0
"2387","MSB:Fish:25023",1995,8,2,"MSB 25023-5","JAR8719F","EO","KL","06-25-2025",NA,40,31,571,"impact","impact_1991-2000",35.089293,-106.680842,"trem.em",0
"2388","MSB:Fish:25023",1995,8,2,"MSB 25023-1","JAR8720F","EO","JG EO KL","06-25-2025",NA,39,30,586,"impact","impact_1991-2000",35.089293,-106.680842,"trem.em",0
"2389","MSB:Fish:25023",1995,8,2,"MSB 25023-2","JAR8725F","EO","KL","06-25-2025",NA,36,29,560,"impact","impact_1991-2000",35.089293,-106.680842,"trem.em",0
"2390","MSB:Fish:25023",1995,8,2,"MSB 25023-4","JAR8721F","EO","CW","06-25-2025",NA,37,29,524,"impact","impact_1991-2000",35.089293,-106.680842,"trem.em",0
"2391","MSB:Fish:30075",1996,4,10,"MSB 30075-4","JAR8775F","EO","GC","06-30-2025",NA,63,49,2305,"impact","impact_1991-2000",35.13539167,-106.6684167,"trem.em",0
"2392","MSB:Fish:30075",1996,4,10,"MSB 30075-5","JAR8776","EO","EO KL ","06-30-2025",FALSE,68,54,3090,"impact","impact_1991-2000",35.13539167,-106.6684167,"trem.em",0
"2393","MSB:Fish:30075",1996,4,10,"MSB 30075-3","JAR8774F","JG","GC","06-30-2025",NA,57,46,1641,"impact","impact_1991-2000",35.13539167,-106.6684167,"trem.em",0
"2394","MSB:Fish:30075",1996,4,10,"MSB 30075-1","JAR8777F","JG","KL","06-30-2025",FALSE,55,45,1416,"impact","impact_1991-2000",35.13539167,-106.6684167,"trem.em",0
"2395","MSB:Fish:30075",1996,4,10,"MSB 30075-2","JAR8778F","EO","CW","06-30-2025",NA,70,57,3072,"impact","impact_1991-2000",35.13539167,-106.6684167,"trem.em",0
"2396","MSB:Fish:30282",1996,5,16,"MSB 30282-2","JAR8653F","EO","CW","06-23-2025",NA,64,50,2621,"control","control_1991-2000",35.322164,-106.557448,"trem.em",1
"2397","MSB:Fish:30282",1996,5,16,"MSB 20282-5","JAR8655F","JG","CLW","06-23-2025",NA,72,59,3808,"control","control_1991-2000",35.322164,-106.557448,"trem.em",0
"2398","MSB:Fish:30282",1996,5,16,"MSB 30282-1","JAR8654F","JG","CLW","06-23-2025",NA,58,49,2054,"control","control_1991-2000",35.322164,-106.557448,"trem.em",0
"2399","MSB:Fish:30282",1996,5,16,"MSB 30282-3","JAR8656F","EO","KL","06-23-2025",NA,71,56,3863,"control","control_1991-2000",35.322164,-106.557448,"trem.em",0
"2400","MSB:Fish:30282",1996,5,16,"MSB 30282-4","JAR8658F","BP","JG KL","06-23-2025",FALSE,58,46,1814,"control","control_1991-2000",35.322164,-106.557448,"trem.em",0
"2401","MSB:Fish:30410",1996,6,28,"MSB 30410-2","JAR8742F","BP","CW","06-25-2025",FALSE,66,53,3676,"impact","impact_1991-2000",34.85683333,-106.7208056,"trem.em",0
"2402","MSB:Fish:30410",1996,6,28,"MSB 30410-3","JAR8740F","BP","KL","06-25-2025",FALSE,74,59,4025,"impact","impact_1991-2000",34.85683333,-106.7208056,"trem.em",0
"2403","MSB:Fish:30410",1996,6,28,"MSB 30410-5","JAR8743F","BP","BP CW ","06-25-2025",NA,69,58,2424,"impact","impact_1991-2000",34.85683333,-106.7208056,"trem.em",0
"2404","MSB:Fish:30410",1996,6,28,"MSB 30410-1","JAR8736F","BP","CLW","06-25-2025",FALSE,72,59,NA,"impact","impact_1991-2000",34.85683333,-106.7208056,"trem.em",0
"2405","MSB:Fish:30410",1996,6,28,"MSB 30410-4","JAR8738F","JG","CLW","06-25-2025",FALSE,75,61,4376,"impact","impact_1991-2000",34.85683333,-106.7208056,"trem.em",0
"2406","MSB:Fish:30810",1996,2,7,"MSB 30810-3","JAR8737F","EO","KL","06-25-2026",FALSE,55,43,1306,"impact","impact_1991-2000",35.089293,-106.680842,"trem.em",0
"2407","MSB:Fish:30810",1996,2,7,"MSB 30810-2","JAR8735F","BP","JG KL","06-25-2025",FALSE,59,48,1673,"impact","impact_1991-2000",35.089293,-106.680842,"trem.em",0
"2408","MSB:Fish:30810",1996,2,7,"MSB 30810-4","JAR8739F","BP","CW","06-25-2026",NA,66,52,2148,"impact","impact_1991-2000",35.089293,-106.680842,"trem.em",0
"2409","MSB:Fish:30810",1996,2,7,"MSB 30910-1","JAR8734F","EO","CW","06-25-2025",NA,68,54,2437,"impact","impact_1991-2000",35.089293,-106.680842,"trem.em",0
"2410","MSB:Fish:30810",1996,2,7,"MSB 30810-5","JAR8741F","BP","CW","06-25-2025",NA,63,52,2142,"impact","impact_1991-2000",35.089293,-106.680842,"trem.em",0
"2411","MSB:Fish:39103",1997,10,15,"MSB 39103-1","JAR8670F","BP","JG KL","06-23-2025",NA,57,53,2560,"control","control_1991-2000",35.28302778,-106.5981389,"trem.em",0
"2412","MSB:Fish:39103",1997,10,15,"MSB 39103-3","JAR8675F","BP","KL","06-23-2025",NA,61,47,2132,"control","control_1991-2000",35.28302778,-106.5981389,"trem.em",0
"2413","MSB:Fish:39103",1997,10,15,"MSB 39103-5","JAR8678F","EO","CW","06-23-2025",NA,60,47,2006,"control","control_1991-2000",35.28302778,-106.5981389,"trem.em",0
"2414","MSB:Fish:39103",2997,10,15,"MSB 39103-4","JAR8676F","EO","EO CLW","06-23-2025",NA,69,54,3110,"control","control_1991-2000",35.28302778,-106.5981389,"trem.em",0
"2415","MSB:Fish:39103",1997,10,15,"MSB 39103-2","JAR8677F","JG","KL","06-23-2025",NA,69,56,3012,"control","control_1991-2000",35.28302778,-106.5981389,"trem.em",0
"2416","MSB:Fish:3966",1977,9,28,"MSB 3966-5","JAR8879F","JG","CW","07-02-2025",NA,51,41,1353,"impact","impact_1971-1980",35.134883,-106.690838,"trem.em",0
"2417","MSB:Fish:3966",1977,9,28,"MSB 3966-3","JAR8894F","JG","GC","07-02-2025",NA,50,39,1164,"impact","impact_1971-1980",35.134883,-106.690838,"trem.em",0
"2418","MSB:Fish:3966",1977,9,28,"MSB 3966-1","JAR8888F","JG","KL","07-02-2025",NA,55,44,1530,"impact","impact_1971-1980",35.134883,-106.690838,"trem.em",0
"2419","MSB:Fish:3966",1977,9,28,"MSB 3966-4","JAR8885F","JG","GC","07-02-2025",NA,57,47,2076,"impact","impact_1971-1980",35.134883,-106.690838,"trem.em",0
"2420","MSB:Fish:3966",1977,9,28,"MSB 3966-2","JAR8892F","JG","CW","07-02-2025",NA,38,30,477,"impact","impact_1971-1980",35.134883,-106.690838,"trem.em",0
"2421","MSB:Fish:4096",1978,9,5,"MSB 4096-1","JAR8718F","BP","KL","06-24-2025",NA,44,36,1043,"impact","impact_1971-1980",35.10625,-106.692633,"trem.em",0
"2422","MSB:Fish:4096",1978,9,5,"MSB 4096-5","JAR8715F","BP","KL","06-24-2025",NA,41,33,774,"impact","impact_1971-1980",35.10625,-106.692633,"trem.em",0
"2423","MSB:Fish:4096",1978,9,5,"MSB 4096-3","JAR8713F","BP","EO CW","06-24-2025",FALSE,49,39,1118,"impact","impact_1971-1980",35.10625,-106.692633,"trem.em",0
"2424","MSB:Fish:4096",1978,9,5,"MSB 4096-4","JAR8717F","EO","CW","06-24-2025",NA,45,35,856,"impact","impact_1971-1980",35.10625,-106.692633,"trem.em",0
"2425","MSB:Fish:4096",1978,9,5,"MSB 4096-2","JAR8711F","EO","CW","06-24-2025",NA,44,34,903,"impact","impact_1971-1980",35.10625,-106.692633,"trem.em",0
"2426","MSB:Fish:4161",1977,8,5,"MSB 4161-3","JAR8700F","BP","CW","06-24-2025",NA,39,29,511,"impact","impact_1971-1980",34.905272,-106.685564,"trem.em",0
"2427","MSB:Fish:4161",1977,8,5,"MSB 4161-4","JAR8702F","JG","CLW","06-24-2025",NA,41,31,632,"impact","impact_1971-1980",34.905272,-106.685564,"trem.em",0
"2428","MSB:Fish:4161",1977,8,5,"MSB 4161-5","JAR8703F","JG","CLW","06-24-2025",NA,36,29,444,"impact","impact_1971-1980",34.905272,-106.685564,"trem.em",0
"2429","MSB:Fish:4161",1977,8,5,"MSB 4161-1","JAR8696F","JG","KL","06-24-2025",NA,53,43,1166,"impact","impact_1971-1980",34.905272,-106.685564,"trem.em",0
"2430","MSB:Fish:4161",1977,8,5,"MSB 4161-2","JAR8698F","JG","JG KL","06-24-2025",NA,44,35,753,"impact","impact_1971-1980",34.905272,-106.685564,"trem.em",0
"2431","MSB:Fish:4206",1978,9,8,"MSB 4206-3","JAR8847F","EO","KL","07-01-2025",NA,39,30,567,"control","control_1971-1980",35.256141,-106.596281,"trem.em",0
"2432","MSB:Fish:4206",1978,9,8,"MSB 4206-1","JAR8848F","EO","JG KL","07-01-2025",NA,43,33,739,"control","control_1971-1980",35.256141,-106.596281,"trem.em",0
"2433","MSB:Fish:4206",1978,9,8,"MSB 4206-4","JAR8852F","EO","GC","07-01-2025",NA,37,29,503,"control","control_1971-1980",35.256141,-106.596281,"trem.em",0
"2434","MSB:Fish:4206",1978,9,8,"MSB 4206-2","JAR8850F","EO","CW","07-01-2025",NA,40,31,665,"control","control_1971-1980",35.256141,-106.596281,"trem.em",0
"2435","MSB:Fish:4206",1978,9,8,"MSB 4206-5","JAR8854F","EO","JG KL","07-01-2025",NA,36,29,433,"control","control_1971-1980",35.256141,-106.596281,"trem.em",0
"2436","MSB:Fish:43490",1999,10,11,"MSB 43490-1","JAR8745F","BP","CW","06-26-2025",NA,72,57,3244,"control","control_1991-2000",35.28302778,-106.5981389,"trem.em",0
"2437","MSB:Fish:43490",1999,10,11,"MSB 43490-3","JAR8749F","BP","CLW","06-26-2025",FALSE,61,49,2200,"control","control_1991-2000",35.28302778,-106.5981389,"trem.em",0
"2438","MSB:Fish:43490",1999,10,11,"MSB 43490-5","JAR8746F","BP","CLW","06-26-2025",FALSE,60,51,2094,"control","control_1991-2000",35.28302778,-106.5981389,"trem.em",0
"2439","MSB:Fish:43490",1999,10,11,"MSB 43490-2","JAR8747F","JG","CLW","06-26-2025",NA,61,55,2713,"control","control_1991-2000",35.28302778,-106.5981389,"trem.em",0
"2440","MSB:Fish:43490",1999,10,11,"MSB 43490-4","JAR8744F","JG","EO CLW","06-26-2025",FALSE,67,54,2031,"control","control_1991-2000",35.28302778,-106.5981389,"trem.em",0
"2441","MSB:Fish:4384",1978,9,23,"MSB 4384-3","JAR8748F","BP","KL","06-30-2025",FALSE,55,44,1919,"impact","impact_1971-1980",34.905272,-106.685564,"trem.em",0
"2442","MSB:Fish:4384",1978,9,23,"MSB 4384-4","JAR8752F","EO","GC","06-30-2025",NA,63,49,2458,"impact","impact_1971-1980",34.905272,-106.685564,"trem.em",0
"2443","MSB:Fish:4384",1978,9,23,"MSB 4384-2","JAR8757F","EO","CW","06-30-2025",NA,64,49,2390,"impact","impact_1971-1980",34.905272,-106.685564,"trem.em",0
"2444","MSB:Fish:4384",1978,9,23,"MSB 4384-1","JAR8750F","BP","CW","06-30-2025",NA,67,55,3024,"impact","impact_1971-1980",34.905272,-106.685564,"trem.em",0
"2445","MSB:Fish:4384",1978,9,23,"MSB 4384-5","JAR8756F","BP","KL","06-30-2025",NA,63,51,2594,"impact","impact_1971-1980",34.905272,-106.685564,"trem.em",0
"2446","MSB:Fish:4423",1978,8,3,"MSB 4423-4","JAR8724F","BP","KL","06-30-2025",NA,44,36,880,"impact","impact_1971-1980",34.905272,-106.685564,"trem.em",0
"2447","MSB:Fish:4423",1978,8,3,"MSB 4423-1","JAR8758F","EO","GC","06-30-2025",NA,46,37,1128,"impact","impact_1971-1980",34.905272,-106.685564,"trem.em",0
"2448","MSB:Fish:4423",1978,8,3,"MSB 4423-2","JAR8754F","BP","CW","06-30-2025",NA,49,38,1164,"impact","impact_1971-1980",34.905272,-106.685564,"trem.em",0
"2449","MSB:Fish:4423",1978,8,3,"MSB 4423-5","JAR8751F","EO","CW","06-30-2025",NA,42,33,832,"impact","impact_1971-1980",34.905272,-106.685564,"trem.em",0
"2450","MSB:Fish:4423",1978,8,3,"MSB 4423-3","JAR8726F","EO","KL","06-30-2025",NA,47,37,1155,"impact","impact_1971-1980",34.905272,-106.685564,"trem.em",0
"2451","MSB:Fish:4432",1978,9,8,"MSB 4432-3","JAR8727F","BP","CW","06-30-2025",NA,39,31,570,"control","control_1971-1980",35.239638,-106.587548,"trem.em",0
"2452","MSB:Fish:4432",1978,9,8,"MSB 4432-1","JAR8759F","BP","JG","06-30-2025",NA,39,30,568,"control","control_1971-1980",35.239638,-106.587548,"trem.em",0
"2453","MSB:Fish:4432",1978,9,8,"MSB 4432-5","JAR8753F","BP","JG GC","06-30-2025",NA,35,26,360,"control","control_1971-1980",35.239638,-106.587548,"trem.em",0
"2454","MSB:Fish:4432",1978,9,8,"MSB 4432-4","JAR8729F","EO","CW","06-30-2025",NA,39,29,548,"control","control_1971-1980",35.239638,-106.587548,"trem.em",0
"2455","MSB:Fish:4432",1978,9,8,"MSB 4432-2","JAR8722F","EO","EO GC","06-30-2025",NA,52,42,1431,"control","control_1971-1980",35.239638,-106.587548,"trem.em",0
"2456","MSB:Fish:4487",1978,9,29,"MSB 4487-1","JAR8887F","EO","GC","07-03-2025",NA,47,37,1143,"control","control_1971-1980",35.383856,-106.490929,"trem.em",0
"2457","MSB:Fish:4487",1978,9,29,"MSB 4487-5","JAR8890F","EO","JG GC","07-03-2025",NA,38,30,543,"control","control_1971-1980",35.383856,-106.490929,"trem.em",0
"2458","MSB:Fish:4487",1978,9,29,"MSB 4487-3","JAR8889F","EO","KL","07-03-2025",NA,46,35,1166,"control","control_1971-1980",35.383856,-106.490929,"trem.em",0
"2459","MSB:Fish:4487",1978,9,29,"MSB 4487-4","JAR8891F","BP","GC","07-03-2025",NA,36,27,481,"control","control_1971-1980",35.383856,-106.490929,"trem.em",0
"2460","MSB:Fish:4487",1978,9,29,"MSB 4487-2","JAR8893F","BP","GC","07-03-2025",NA,49,38,1354,"control","control_1971-1980",35.383856,-106.490929,"trem.em",0
"2461","MSB:Fish:4984",1978,9,5,"MSB 4984-3","JAR8640F","EO","CLW","06-23-2025",NA,38,29,504,"impact","impact_1971-1980",35.196977,-106.642444,"trem.em",0
"2462","MSB:Fish:4984",1978,9,5,"MSB 4984-4","JAR8642F","JG","KL","06-23-2025",NA,32,25,338,"impact","impact_1971-1980",35.196977,-106.642444,"trem.em",0
"2463","MSB:Fish:4984",1978,9,5,"MSB 4984-5","JAR8644F","BP","CW","06-23-2025",NA,32,24,341,"impact","impact_1971-1980",35.196977,-106.642444,"trem.em",0
"2464","MSB:Fish:4984",1978,9,5,"MSB 4984-2","JAR8662F","BP","CLW","06-23-2025",NA,38,30,541,"impact","impact_1971-1980",35.196977,-106.642444,"trem.em",0
"2465","MSB:Fish:4984",1978,9,5,"MSB 4984-1","JAR8660F","EO","CLW","06-23-2025",NA,39,30,621,"impact","impact_1971-1980",35.196977,-106.642444,"trem.em",0
"2466","MSB:Fish:4987",1977,7,6,"MSB 4987-5","JAR8788F","JG","GC","07-01-2025",NA,40,33,672,"control","control_1971-1980",35.232431,-106.594272,"trem.em",0
"2467","MSB:Fish:4987",1977,7,6,"MSB 4987-1","JAR8849F","JG","KL","07-01-2025",NA,52,40,1450,"control","control_1971-1980",35.232431,-106.594272,"trem.em",0
"2468","MSB:Fish:4987",1977,7,6,"MSB 4987-3","JAR8851F","JG","KL","07-01-2025",NA,47,37,1297,"control","control_1971-1980",35.232431,-106.594272,"trem.em",0
"2469","MSB:Fish:4987",1977,7,6,"MSB 4987-2","JAR8790F","EO","JG KL","07-01-2025",NA,54,44,1436,"control","control_1971-1980",35.232431,-106.594272,"trem.em",0
"2470","MSB:Fish:4987",1977,7,6,"MSB 4987-4","JAR8853F","EO","BP","07-01-2025",NA,47,37,1163,"control","control_1971-1980",35.232431,-106.594272,"trem.em",0
"2471","MSB:Fish:49970",1994,5,5,"MSB 49970-1","JAR8641F","EO","CLW","06-20-2025",NA,66,52,2386,"control","control_1991-2000",35.28302778,-106.5981389,"trem.em",0
"2472","MSB:Fish:49970",1994,5,5,"MSB 49970-5","JAR8646F","EO","EO KL","06-20-2025",NA,64,51,2231,"control","control_1991-2000",35.28302778,-106.5981389,"trem.em",0
"2473","MSB:Fish:49970",1994,5,5,"MSB 49970-3","JAR8645F","EO","KL BP CW","06-20-2025",NA,69,55,2817,"control","control_1991-2000",35.28302778,-106.5981389,"trem.em",0
"2474","MSB:Fish:49970",1994,5,5,"MSB 49970-4","JAR8648F","JG","KL","06-20-2025",FALSE,65,53,2749,"control","control_1991-2000",35.28302778,-106.5981389,"trem.em",0
"2475","MSB:Fish:49970",1994,5,5,"MSB 49970-2","JAR8643F","JG","CW JG","06-20-2025",NA,63,52,2230,"control","control_1991-2000",35.28302778,-106.5981389,"trem.em",0
"2476","MSB:Fish:5263",1986,8,12,"MSB 5263-1","JAR8856F","BP","GC","07-02-2025",NA,36,29,497,"control","control_1981-1990",35.28302778,-106.5981389,"trem.em",0
"2477","MSB:Fish:5263",1986,8,12,"MSB 5263-4","JAR8857F","BP","KL","07-02-2025",NA,35,27,407,"control","control_1981-1990",35.28302778,-106.5981389,"trem.em",0
"2478","MSB:Fish:5263",1986,8,12,"MSB 5263-2","JAR8861F","BP","CW","07-02-2025",NA,36,29,462,"control","control_1981-1990",35.28302778,-106.5981389,"trem.em",0
"2479","MSB:Fish:5263",1986,8,12,"MSB 5263-3","JAR8855F","BP","CW","07-02-2025",NA,35,31,653,"control","control_1981-1990",35.28302778,-106.5981389,"trem.em",0
"2480","MSB:Fish:5263",1986,8,12,"MSB 5263-5","JAR8859F","BP","BP EO","07-02-2025",NA,36,29,444,"control","control_1981-1990",35.28302778,-106.5981389,"trem.em",0
"2481","MSB:Fish:5814",1987,9,10,"MSB 5814-1","JAR8631F","KL","KL","06-16-2025",NA,66,52,2223,"impact","impact_1981-1990",34.905272,-106.685564,"trem.em",0
"2482","MSB:Fish:5814",1987,9,10,"MSB 5814-2","JAR8634F","JG","CW","06-17-2025",NA,55,47,1856,"impact","impact_1981-1990",34.905272,-106.685564,"trem.em",0
"2483","MSB:Fish:5814",1987,9,10,"MSB 5814-3","JAR8630F","EO","CLW CW","06-18-2025",NA,67,52,2759,"impact","impact_1981-1990",34.905272,-106.685564,"trem.em",0
"2484","MSB:Fish:5814",1987,9,10,"MSB 5814-5","JAR8636F","JG","KL","06-19-2025",NA,85,68,5700,"impact","impact_1981-1990",34.905272,-106.685564,"trem.em",0
"2485","MSB:Fish:5814",1987,9,10,"MSB 5814-4","JAR8633F","EO","KL","06-16-2025",NA,52,41,1282,"impact","impact_1981-1990",34.905272,-106.685564,"trem.em",0
"2486","MSB:Fish:5825",1987,9,10,"MSB 5825-4","JAR8663F","BP","EO CW","06-18-2025",NA,63,49,2591,"impact","impact_1981-1990",34.875039,-106.717581,"trem.em",0
"2487","MSB:Fish:5825",1987,9,10,"MSB 5825-3","JAR8661F","BP","CLW KL","06-18-2025",NA,77,62,4671,"impact","impact_1981-1990",34.875039,-106.717581,"trem.em",0
"2488","MSB:Fish:5825",1987,9,10,"MSB 5825-5","JAR8639F","BP","CW","06-18-2025",NA,52,42,1542,"impact","impact_1981-1990",34.875039,-106.717581,"trem.em",0
"2489","MSB:Fish:5825",1987,9,10,"MSB 5825-2","JAR8659F","BP","CW","06-18-2025",NA,54,42,1606,"impact","impact_1981-1990",34.875039,-106.717581,"trem.em",0
"2490","MSB:Fish:5825",1987,9,10,"MSB 5825-1","JAR8657F","BP","BP KL","06-18-2025",FALSE,59,47,2305,"impact","impact_1981-1990",34.875039,-106.717581,"trem.em",0
"2491","MSB:Fish:68463",1984,8,15,"MSB 68463-1","JAR8864F","BP","GC","07-02-2025",NA,37,30,505,"impact","impact_1981-1990",35.089293,-106.680842,"trem.em",0
"2492","MSB:Fish:68463",1984,8,15,"MSB 68463-4","JAR8870F","BP","CW","07-02-2025",NA,42,34,485,"impact","impact_1981-1990",35.089293,-106.680842,"trem.em",0
"2493","MSB:Fish:68463",1984,8,15,"MSB 68463-3","JAR8868F","BP","CW","07-02-2025",NA,36,27,313,"impact","impact_1981-1990",35.089293,-106.680842,"trem.em",0
"2494","MSB:Fish:68463",1984,8,15,"MSB 68463-5","JAR8860F","BP","GC","07-02-2025",NA,35,27,398,"impact","impact_1981-1990",35.089293,-106.680842,"trem.em",0
"2495","MSB:Fish:68463",1984,8,15,"MSB 68463-2","JAR8866F","BP","CW","07-02-2025",NA,48,37,950,"impact","impact_1981-1990",35.089293,-106.680842,"trem.em",0
"2496","MSB:Fish:68501",1984,8,15,"MSB 68501-4","JAR8787F","JG","CW","07-01-2025",NA,79,64,4731,"control","control_1981-1990",35.225523,-106.597651,"trem.em",0
"2497","MSB:Fish:68501",1984,8,15,"MSB 68501-3","JAR8785F","JG","KL","07-01-2025",NA,36,29,472,"control","control_1981-1990",35.225523,-106.597651,"trem.em",0
"2498","MSB:Fish:68501",1984,8,15,"MSB 68501-5","JAR8789F","JG","CW","07-01-2025",NA,72,60,3973,"control","control_1981-1990",35.225523,-106.597651,"trem.em",0
"2499","MSB:Fish:68501",1984,8,15,"MSB 68501-2","JAR8783F","JG","KL","07-01-2025",NA,37,29,513,"control","control_1981-1990",35.225523,-106.597651,"trem.em",0
"2500","MSB:Fish:68501",1984,8,15,"MSB 68501-1","JAR8786F","JG","GC","07-01-2025",NA,35,26,349,"control","control_1981-1990",35.225523,-106.597651,"trem.em",0
"2501","MSB:Fish:68513",1984,8,16,"MSB 68513-4","JAR8896F","EO","CW","07-03-2025",NA,41,32,638,"control","control_1981-1990",35.211416,-106.612833,"trem.em",0
"2502","MSB:Fish:68513",1984,8,16,"MSB 68513-2","JAR8897F","EO","KL","07-03-2025",NA,47,36,941,"control","control_1981-1990",35.211416,-106.612833,"trem.em",0
"2503","MSB:Fish:68513",1984,8,16,"MSB 68513-1","JAR8895F","BP","GC","07-03-2025",NA,44,34,769,"control","control_1981-1990",35.211416,-106.612833,"trem.em",0
"2504","MSB:Fish:68513",1984,8,16,"MSB 68513-5","JAR8901F","EO","BP","07-03-2025",NA,40,31,606,"control","control_1981-1990",35.211416,-106.612833,"trem.em",0
"2505","MSB:Fish:68513",1984,8,16,"MSB 68513-3","JAR8899F","BP","CW","07-03-2025",NA,37,27,397,"control","control_1981-1990",35.211416,-106.612833,"trem.em",0
"2506","MSB:Fish:68528",1984,8,16,"MSB 68528-1","JAR8731F","EO","KL","06-25-2025",NA,69,55,3206,"control","control_1981-1990",35.322164,-106.557448,"trem.em",0
"2507","MSB:Fish:68528",1984,8,16,"MSB 68528-5","JAR8733F","BP","CLW","06-25-2025",NA,47,37,1014,"control","control_1981-1990",35.322164,-106.557448,"trem.em",0
"2508","MSB:Fish:68528",1984,8,16,"MSB 68528-2","JAR8728F","EO","KL","06-25-2025",FALSE,72,57,2986,"control","control_1981-1990",35.322164,-106.557448,"trem.em",0
"2509","MSB:Fish:68528",1984,8,16,"MSB 68528-3","JAR8732F","BP","JG CW","06-25-2025",NA,67,53,2767,"control","control_1981-1990",35.322164,-106.557448,"trem.em",NA
"2510","MSB:Fish:68528",1984,8,16,"MSB 68528-4","JAR8730F","EO","KL","06-25-2025",NA,68,55,2391,"control","control_1981-1990",35.322164,-106.557448,"trem.em",0
"2511","MSB:Fish:7593",1988,5,25,"MSB 7593-2","JAR8705F","EO","JG CW","06-24-2025",NA,64,50,2324,"impact","impact_1981-1990",34.905272,-106.685564,"trem.em",0
"2512","MSB:Fish:7593",1988,5,25,"MSB 7593-5","JAR8709F","BP","BP CLW","06-24-2025",NA,62,51,2400,"impact","impact_1981-1990",34.905272,-106.685564,"trem.em",0
"2513","MSB:Fish:7593",1988,5,25,"MSB 7593-4","JAR8707F","EO","BP KL","06-24-2025",FALSE,61,48,1922,"impact","impact_1981-1990",34.905272,-106.685564,"trem.em",0
"2514","MSB:Fish:7593",1988,5,25,"MSB 7593-3","JAR8706F","BP","BP KL","06-24-2025",FALSE,58,45,2248,"impact","impact_1981-1990",34.905272,-106.685564,"trem.em",0
"2515","MSB:Fish:7593",1988,5,25,"MSB 7593-1","JAR8704F","BP","KL","06-24-2025",FALSE,64,50,3600,"impact","impact_1981-1990",34.905272,-106.685564,"trem.em",0
"2516","MSB:Fish:7788",1988,5,25,"MSB 7788-2","JAR8769F","BP","KL","06-30-2025",NA,69,53,2804,"control","control_1981-1990",35.322164,-106.557448,"trem.em",0
"2517","MSB:Fish:7788",2988,5,25,"MSB 7788-4","JAR8764F","BP","BP","06-30-2025",NA,56,45,1819,"control","control_1981-1990",35.322164,-106.557448,"trem.em",0
"2518","MSB:Fish:7788",1988,5,25,"MSB 7788-3","JAR8767F","EO","KL","06-30-2025",NA,69,55,3017,"control","control_1981-1990",35.322164,-106.557448,"trem.em",0
"2519","MSB:Fish:7788",1988,5,25,"MSB 7788-1","JAR8763F","EO","KL","06-30-2025",NA,64,51,2418,"control","control_1981-1990",35.322164,-106.557448,"trem.em",0
"2520","MSB:Fish:7788",1988,5,25,"MSB 7788-5","JAR8762F","EO","KL","06-30-2025",NA,60,47,2139,"control","control_1981-1990",35.322164,-106.557448,"trem.em",0
"2521","MSB:Fish:1129",1959,2,20,"MSB 1129-5","JAR8672F","JG","CW","06-20-2025",NA,40,32,383,"control","control_1951-1960",35.350556,-106.535497,"trem.fim",0
"2522","MSB:Fish:1129",1959,2,20,"MSB 1129-2","JAR8674F","EO","CLW","06-20-2025",NA,46,34,697,"control","control_1951-1960",35.350556,-106.535497,"trem.fim",0
"2523","MSB:Fish:1129",1959,2,20,"MSB 1129-1","JAR8668F","JG","KL","06-20-2025",NA,41,33,519,"control","control_1951-1960",35.350556,-106.535497,"trem.fim",0
"2524","MSB:Fish:1129",1959,2,20,"MSB 1129-4","JAR8671F","EO","JG KL","06-20-2025",NA,41,31,580,"control","control_1951-1960",35.350556,-106.535497,"trem.fim",0
"2525","MSB:Fish:1129",1959,2,20,"MSB 1129-3","JAR8673F","JG","CW","06-20-2025",NA,43,36,659,"control","control_1951-1960",35.350556,-106.535497,"trem.fim",0
"2526","MSB:Fish:1130",1949,10,29,"MSB 1130-5","JAR8701F","EO","KL","06-24-2025",NA,57,48,2022,"impact","impact_1941-1950",34.87537,-106.717837,"trem.fim",2
"2527","MSB:Fish:1130",1949,10,29,"MSB 1130-3","JAR8697F","JG","JG CW","06-24-2025",NA,61,49,1811,"impact","impact_1941-1950",34.87537,-106.717837,"trem.fim",0
"2528","MSB:Fish:1130",1949,10,29,"MSB 1130-4","JAR8699F","BP","CLW","06-24-2025",NA,62,47,2068,"impact","impact_1941-1950",34.87537,-106.717837,"trem.fim",0
"2529","MSB:Fish:1130",1949,10,29,"MSB 1130-1","JAR8690F","JG","JG KL","06-24-2025",FALSE,71,58,3286,"impact","impact_1941-1950",34.87537,-106.717837,"trem.fim",0
"2530","MSB:Fish:1130",1949,10,29,"MSB 1130-2","JAR8695F","BP","KL","06-24-2025",FALSE,68,54,3151,"impact","impact_1941-1950",34.87537,-106.717837,"trem.fim",0
"2531","MSB:Fish:1131",1959,2,24,"MSB 1131-5","JAR8682F","BP","KL","06-23-2025",NA,53,44,1289,"impact","impact_1951-1960",34.987044,-106.690293,"trem.fim",0
"2532","MSB:Fish:1131",1959,2,24,"MSB 1131-2","JAR8689F","EO","CW","06-23-2025",NA,60,47,1798,"impact","impact_1951-1960",34.987044,-106.690293,"trem.fim",0
"2533","MSB:Fish:1131",1959,2,24,"MSB 1131-3","JAR8693F","BP","CW","06-23-2025",FALSE,54,44,1280,"impact","impact_1951-1960",34.987044,-106.690293,"trem.fim",0
"2534","MSB:Fish:1131",1959,2,24,"MSB 1131-4","JAR8680F","EO","KL","06-23-2025",NA,52,43,1316,"impact","impact_1951-1960",34.987044,-106.690293,"trem.fim",0
"2535","MSB:Fish:1131",1959,2,24,"MSB 1131-2","JAR8691F","JG","CLW","06-23-2025",NA,63,51,1849,"impact","impact_1951-1960",34.987044,-106.690293,"trem.fim",NA
"2536","MSB:Fish:1132",1947,10,25,"MSB 1132-1","JAR8684F","JG","CW","06-23-2025",NA,71,58,3310,"control","control_1941-1950",35.380629,-106.503529,"trem.fim",0
"2537","MSB:Fish:1132",1947,10,25,"MSB 1132-4","JAR8694F","JG","KL","06-23-2025",NA,63,54,2744,"control","control_1941-1950",35.380629,-106.503529,"trem.fim",0
"2538","MSB:Fish:1132",2947,10,25,"MSB 1132-5","JAR8692F","JG","CW","06-23-2025",NA,61,49,1975,"control","control_1941-1950",35.380629,-106.503529,"trem.fim",0
"2539","MSB:Fish:1132",1947,10,25,"MSB 1132-3","JAR8688F","JG","CLW","06-23-2025",NA,77,64,4621,"control","control_1941-1950",35.380629,-106.503529,"trem.fim",0
"2540","MSB:Fish:1132",1947,10,25,"MSB 1132-2","JAR8686F","JG","CW","06-23-2025",NA,73,62,3934,"control","control_1941-1950",35.380629,-106.503529,"trem.fim",0
"2541","MSB:Fish:1149",1939,2,26,"MSB 1149-1","JAR8871F","JG","GC","07-02-2025",NA,55,45,1360,"impact","impact_1931-1940",35.100259,-106.692107,"trem.fim",0
"2542","MSB:Fish:1149",1939,2,26,"MSB 1149-5","JAR8872F","EO","KL","07-02-2025",FALSE,76,57,3276,"impact","impact_1931-1940",35.100259,-106.692107,"trem.fim",0
"2543","MSB:Fish:1149",1939,2,26,"MSB 1149-3","JAR8875F","EO","EO KL","07-02-2025",NA,61,47,1795,"impact","impact_1931-1940",35.100259,-106.692107,"trem.fim",0
"2544","MSB:Fish:1149",1939,2,26,"MSB 1149-4","JAR8877F","JG","CW","07-02-2025",NA,57,45,1435,"impact","impact_1931-1940",35.100259,-106.692107,"trem.fim",0
"2545","MSB:Fish:1149",1939,2,26,"MSB 1149-2","JAR8873F","JG","GC","07-02-2025",FALSE,64,52,2298,"impact","impact_1931-1940",35.100259,-106.692107,"trem.fim",0
"2546","MSB:Fish:1150",1939,6,9,"MSB 1150-3","JAR8712F","BP","CW","06-24-2025",FALSE,71,54,4462,"impact","impact_1931-1940",34.906619,-106.685289,"trem.fim",0
"2547","MSB:Fish:1150",1939,6,9,"MSB 1150-1","JAR8708F","BP","KL","06-24-2025",NA,63,50,2550,"impact","impact_1931-1940",34.906619,-106.685289,"trem.fim",0
"2548","MSB:Fish:1150",1939,6,9,"MSB 1150-2","JAR8714F","JG","CLW","06-24-2025",FALSE,72,61,4536,"impact","impact_1931-1940",34.906619,-106.685289,"trem.fim",0
"2549","MSB:Fish:1150",1939,6,9,"MSB 1150-5","JAR8710F","BP","CW","06-24-2025",FALSE,60,49,2576,"impact","impact_1931-1940",34.906619,-106.685289,"trem.fim",0
"2550","MSB:Fish:1150",1939,6,9,"MSB 1150-4","JAR8716F","JG","KL","06-24-2025",FALSE,65,53,3213,"impact","impact_1931-1940",34.906619,-106.685289,"trem.fim",0
"2551","MSB:Fish:1154",1949,10,21,"MSB 1154-4","JAR8770F","EO","CW","06-30-2025",NA,54,43,1207,"impact","impact_1941-1950",34.929201,-106.681499,"trem.fim",0
"2552","MSB:Fish:1154",1949,10,21,"MSB 1154-2","JAR8773F","EO","KL","06-30-2025",FALSE,66,52,2229,"impact","impact_1941-1950",34.929201,-106.681499,"trem.fim",0
"2553","MSB:Fish:1154",1949,10,21,"MSB 1154-3","JAR8768","BP","BP","06-30-2025",NA,60,48,1790,"impact","impact_1941-1950",34.929201,-106.681499,"trem.fim",0
"2554","MSB:Fish:1154",1949,10,21,"MSB 1154-5","JAR8772F","BP","BP","06-30-2025",FALSE,44,34,644,"impact","impact_1941-1950",34.929201,-106.681499,"trem.fim",0
"2555","MSB:Fish:1154",1949,10,21,"MSB 1154-1","JAR8771F","BP","EO GC CW","06-30-2025",NA,65,51,2430,"impact","impact_1941-1950",34.929201,-106.681499,"trem.fim",0
"2556","MSB:Fish:1155",1943,6,23,"MSB 1155-3","JAR8685F","BP","CW","06-23-2025",NA,69,56,3145,"control","control_1941-1950",35.322418,-106.557971,"trem.fim",0
"2557","MSB:Fish:1155",1943,6,23,"MSB 1155-4","JAR8683F","EO","BP KL","06-23-2025",FALSE,54,45,1684,"control","control_1941-1950",35.322418,-106.557971,"trem.fim",NA
"2558","MSB:Fish:1155",2943,6,23,"MSB1155-1","JAR8679F","BP","BP CW KL","06-23-2025",NA,62,50,2170,"control","control_1941-1950",35.322418,-106.557971,"trem.fim",0
"2559","MSB:Fish:1155",1943,6,23,"MSB 1155-5","JAR8687F","EO","KL","06-23-2025",NA,53,45,1706,"control","control_1941-1950",35.322418,-106.557971,"trem.fim",NA
"2560","MSB:Fish:1155",1943,6,23,"MSB 1155-2","JAR8681F","EO","KL","06-23-2025",NA,63,50,2536,"control","control_1941-1950",35.322418,-106.557971,"trem.fim",NA
"2561","MSB:Fish:1160",1939,1,28,"MSB 1160-3","JAR8784F","JG","CW","07-01-2025",NA,51,42,1253,"impact","impact_1931-1940",35.100259,-106.692107,"trem.fim",0
"2562","MSB:Fish:1160",1939,1,28,"MSB 1160-2","JAR8779","JG","EO GC","07-01-2025",NA,48,38,800,"impact","impact_1931-1940",35.100259,-106.692107,"trem.fim",0
"2563","MSB:Fish:1160",1939,1,28,"MSB 1160-1","JAR8781F","JG","GC","07-01-2025",NA,51,43,1112,"impact","impact_1931-1940",35.100259,-106.692107,"trem.fim",0
"2564","MSB:Fish:1160",1939,1,28,"MSB 1160-4","JAR8780F","JG","GC","07-01-2025",FALSE,50,41,1020,"impact","impact_1931-1940",35.100259,-106.692107,"trem.fim",0
"2565","MSB:Fish:1160",1939,1,28,"MSB 1160-5","JAR8782F","EO","GC","07-01-2025",NA,51,40,1021,"impact","impact_1931-1940",35.100259,-106.692107,"trem.fim",0
"2566","MSB:Fish:19389",1994,5,27,"MSB 19389-1","JAR8874F","JG","JG","07-02-2025",FALSE,56,44,1941,"control","control_1991-2000",35.322164,-106.557448,"trem.fim",0
"2567","MSB:Fish:19389",1994,5,27,"MSB 19389-2","JAR8862F","EO","KL","07-02-2025",NA,52,40,1391,"control","control_1991-2000",35.322164,-106.557448,"trem.fim",0
"2568","MSB:Fish:19389",1994,5,27,"MSB 19389-5","JAR8878F","BP","CW","07-02-2025",NA,44,35,909,"control","control_1991-2000",35.322164,-106.557448,"trem.fim",0
"2569","MSB:Fish:19389",1994,5,27,"MSB 19389-4","JAR8858F","EO","GC","07-02-2025",NA,48,38,1096,"control","control_1991-2000",35.322164,-106.557448,"trem.fim",0
"2570","MSB:Fish:19389",1994,5,27,"MSB 19389-3","JAR8876F","JG","KL","07-02-2025",FALSE,55,46,2190,"control","control_1991-2000",35.322164,-106.557448,"trem.fim",0
"2571","MSB:Fish:19537",1994,9,16,"MSB 19537-3","JAR8635F","EO","CLW","06-20-2025",NA,59,46,1370,"impact","impact_1991-2000",34.85683333,-106.7208056,"trem.fim",0
"2572","MSB:Fish:19537",1994,9,16,"MSB 19537-2","JAR8664F","EO","CW","06-16-2025",NA,58,46,1650,"impact","impact_1991-2000",34.85683333,-106.7208056,"trem.fim",0
"2573","MSB:Fish:19537",1994,9,16,"MSB 19537-1","JAR8632F","JG","KL","06-16-2025",NA,54,48,1824,"impact","impact_1991-2000",34.85683333,-106.7208056,"trem.fim",0
"2574","MSB:Fish:19537",1994,9,16,"MSB 19537-4","JAR8638F","JG","CLW","06-16-2025",NA,53,44,1183,"impact","impact_1991-2000",34.85683333,-106.7208056,"trem.fim",0
"2575","MSB:Fish:19537",1994,9,16,"MSB 19537-5","JAR8637F","EO","CW","06-16-2025",NA,47,38,760,"impact","impact_1991-2000",34.85683333,-106.7208056,"trem.fim",0
"2576","MSB:Fish:19688",1994,10,10,"MSB 19688-2","JAR8863F","BP","JG CW","07-02-2025",NA,57,44,1805,"impact","impact_1991-2000",34.85683333,-106.7208056,"trem.fim",0
"2577","MSB:Fish:19688",1994,10,10,"MSB 19688-4","JAR8867F","BP","CW","07-02-2025",NA,58,46,1810,"impact","impact_1991-2000",34.85683333,-106.7208056,"trem.fim",0
"2578","MSB:Fish:19688",1994,10,10,"MSB 19688-5","JAR8869F","BP","KL","07-02-2025",NA,48,38,993,"impact","impact_1991-2000",34.85683333,-106.7208056,"trem.fim",0
"2579","MSB:Fish:19688",1994,10,10,"MSB 19688-1","JAR8886F","BP","JG CW","07-02-2025",NA,65,51,2667,"impact","impact_1991-2000",34.85683333,-106.7208056,"trem.fim",0
"2580","MSB:Fish:19688",1994,10,10,"MSB 19688-3","JAR8865F","BP","KL","07-02-2025",FALSE,56,45,2032,"impact","impact_1991-2000",34.85683333,-106.7208056,"trem.fim",0
"2581","MSB:Fish:20390",1994,8,11,"MSB 20390-2","JAR8881F","JG","GC","07-02-2025",NA,40,36,923,"impact","impact_1991-2000",34.85683333,-106.7208056,"trem.fim",0
"2582","MSB:Fish:20390",1994,8,11,"MSB 20390-3","JAR8880F","JG","EO","07-02-2025",NA,41,33,528,"impact","impact_1991-2000",34.85683333,-106.7208056,"trem.fim",0
"2583","MSB:Fish:20390",1994,8,11,"MSB 20390-1","JAR8883F","JG","JG","07-02-2025",NA,53,41,1467,"impact","impact_1991-2000",34.85683333,-106.7208056,"trem.fim",0
"2584","MSB:Fish:20390",1994,8,11,"MSB 20390-4","JAR8882F","JG","BP","07-02-2025",NA,49,38,968,"impact","impact_1991-2000",34.85683333,-106.7208056,"trem.fim",0
"2585","MSB:Fish:20390",1994,8,11,"MSB 20390-5","JAR8884F","JG","CW","07-02-2025",NA,49,40,1145,"impact","impact_1991-2000",34.85683333,-106.7208056,"trem.fim",0
"2586","MSB:Fish:20526",1994,7,27,"MSB 20526-5","JAR8666F","EO","CW","06-20-2025",NA,37,29,510,"impact","impact_1991-2000",34.905272,-106.685564,"trem.fim",0
"2587","MSB:Fish:20526",1994,7,27,"MSB 20526-4","JAR8669F","BP","CLW","06-20-2025",NA,34,26,375,"impact","impact_1991-2000",34.905272,-106.685564,"trem.fim",0
"2588","MSB:Fish:20526",1994,7,27,"MSB 20526-2","JAR8665F","BP","CW","06-20-2025",NA,37,29,507,"impact","impact_1991-2000",34.905272,-106.685564,"trem.fim",NA
"2589","MSB:Fish:20526",1994,7,27,"MSB 20526-3","JAR8667F","EO","CLW","06-20-2025",NA,38,30,599,"impact","impact_1991-2000",34.905272,-106.685564,"trem.fim",0
"2590","MSB:Fish:20526",1994,7,27,"MSB 20526-1","JAR8647F","EO","KL","06-20-2025",NA,53,44,1498,"impact","impact_1991-2000",34.905272,-106.685564,"trem.fim",0
"2591","MSB:Fish:25010",1995,8,2,"MSB 25010-2","JAR8650F","JG","KL","06-16-2025",NA,37,30,475,"control","control_1991-2000",35.28302778,-106.5981389,"trem.fim",0
"2592","MSB:Fish:25010",1995,8,2,"MSB 25010-3","JAR8649F","EO","KL","06-16-2025",NA,39,31,531,"control","control_1991-2000",35.28302778,-106.5981389,"trem.fim",0
"2593","MSB:Fish:25010",1995,8,2,"MSB 25010-4","JAR8652F","JG","JG CLW","06-16-2025",NA,35,28,503,"control","control_1991-2000",35.28302778,-106.5981389,"trem.fim",0
"2594","MSB:Fish:25010",1995,8,2,"MSB 25010-1","JAR8629F","EO","CW","06-16-2025",NA,43,32,743,"control","control_1991-2000",35.28302778,-106.5981389,"trem.fim",0
"2595","MSB:Fish:25010",1995,8,2,"MSB 25010-5","JAR8651F","EO","KL","06-16-2025",NA,38,30,494,"control","control_1991-2000",35.28302778,-106.5981389,"trem.fim",0
"2596","MSB:Fish:25023",1995,8,2,"MSB 25023-3","JAR8723F","EO","CW","06-25-2025",NA,38,29,422,"impact","impact_1991-2000",35.089293,-106.680842,"trem.fim",0
"2597","MSB:Fish:25023",1995,8,2,"MSB 25023-5","JAR8719F","EO","KL","06-25-2025",NA,40,31,571,"impact","impact_1991-2000",35.089293,-106.680842,"trem.fim",0
"2598","MSB:Fish:25023",1995,8,2,"MSB 25023-1","JAR8720F","EO","JG EO KL","06-25-2025",NA,39,30,586,"impact","impact_1991-2000",35.089293,-106.680842,"trem.fim",0
"2599","MSB:Fish:25023",1995,8,2,"MSB 25023-2","JAR8725F","EO","KL","06-25-2025",NA,36,29,560,"impact","impact_1991-2000",35.089293,-106.680842,"trem.fim",0
"2600","MSB:Fish:25023",1995,8,2,"MSB 25023-4","JAR8721F","EO","CW","06-25-2025",NA,37,29,524,"impact","impact_1991-2000",35.089293,-106.680842,"trem.fim",0
"2601","MSB:Fish:30075",1996,4,10,"MSB 30075-4","JAR8775F","EO","GC","06-30-2025",NA,63,49,2305,"impact","impact_1991-2000",35.13539167,-106.6684167,"trem.fim",0
"2602","MSB:Fish:30075",1996,4,10,"MSB 30075-5","JAR8776","EO","EO KL ","06-30-2025",FALSE,68,54,3090,"impact","impact_1991-2000",35.13539167,-106.6684167,"trem.fim",0
"2603","MSB:Fish:30075",1996,4,10,"MSB 30075-3","JAR8774F","JG","GC","06-30-2025",NA,57,46,1641,"impact","impact_1991-2000",35.13539167,-106.6684167,"trem.fim",0
"2604","MSB:Fish:30075",1996,4,10,"MSB 30075-1","JAR8777F","JG","KL","06-30-2025",FALSE,55,45,1416,"impact","impact_1991-2000",35.13539167,-106.6684167,"trem.fim",1
"2605","MSB:Fish:30075",1996,4,10,"MSB 30075-2","JAR8778F","EO","CW","06-30-2025",NA,70,57,3072,"impact","impact_1991-2000",35.13539167,-106.6684167,"trem.fim",0
"2606","MSB:Fish:30282",1996,5,16,"MSB 30282-2","JAR8653F","EO","CW","06-23-2025",NA,64,50,2621,"control","control_1991-2000",35.322164,-106.557448,"trem.fim",0
"2607","MSB:Fish:30282",1996,5,16,"MSB 20282-5","JAR8655F","JG","CLW","06-23-2025",NA,72,59,3808,"control","control_1991-2000",35.322164,-106.557448,"trem.fim",0
"2608","MSB:Fish:30282",1996,5,16,"MSB 30282-1","JAR8654F","JG","CLW","06-23-2025",NA,58,49,2054,"control","control_1991-2000",35.322164,-106.557448,"trem.fim",0
"2609","MSB:Fish:30282",1996,5,16,"MSB 30282-3","JAR8656F","EO","KL","06-23-2025",NA,71,56,3863,"control","control_1991-2000",35.322164,-106.557448,"trem.fim",0
"2610","MSB:Fish:30282",1996,5,16,"MSB 30282-4","JAR8658F","BP","JG KL","06-23-2025",FALSE,58,46,1814,"control","control_1991-2000",35.322164,-106.557448,"trem.fim",0
"2611","MSB:Fish:30410",1996,6,28,"MSB 30410-2","JAR8742F","BP","CW","06-25-2025",FALSE,66,53,3676,"impact","impact_1991-2000",34.85683333,-106.7208056,"trem.fim",0
"2612","MSB:Fish:30410",1996,6,28,"MSB 30410-3","JAR8740F","BP","KL","06-25-2025",FALSE,74,59,4025,"impact","impact_1991-2000",34.85683333,-106.7208056,"trem.fim",0
"2613","MSB:Fish:30410",1996,6,28,"MSB 30410-5","JAR8743F","BP","BP CW ","06-25-2025",NA,69,58,2424,"impact","impact_1991-2000",34.85683333,-106.7208056,"trem.fim",0
"2614","MSB:Fish:30410",1996,6,28,"MSB 30410-1","JAR8736F","BP","CLW","06-25-2025",FALSE,72,59,NA,"impact","impact_1991-2000",34.85683333,-106.7208056,"trem.fim",0
"2615","MSB:Fish:30410",1996,6,28,"MSB 30410-4","JAR8738F","JG","CLW","06-25-2025",FALSE,75,61,4376,"impact","impact_1991-2000",34.85683333,-106.7208056,"trem.fim",0
"2616","MSB:Fish:30810",1996,2,7,"MSB 30810-3","JAR8737F","EO","KL","06-25-2026",FALSE,55,43,1306,"impact","impact_1991-2000",35.089293,-106.680842,"trem.fim",0
"2617","MSB:Fish:30810",1996,2,7,"MSB 30810-2","JAR8735F","BP","JG KL","06-25-2025",FALSE,59,48,1673,"impact","impact_1991-2000",35.089293,-106.680842,"trem.fim",0
"2618","MSB:Fish:30810",1996,2,7,"MSB 30810-4","JAR8739F","BP","CW","06-25-2026",NA,66,52,2148,"impact","impact_1991-2000",35.089293,-106.680842,"trem.fim",0
"2619","MSB:Fish:30810",1996,2,7,"MSB 30910-1","JAR8734F","EO","CW","06-25-2025",NA,68,54,2437,"impact","impact_1991-2000",35.089293,-106.680842,"trem.fim",0
"2620","MSB:Fish:30810",1996,2,7,"MSB 30810-5","JAR8741F","BP","CW","06-25-2025",NA,63,52,2142,"impact","impact_1991-2000",35.089293,-106.680842,"trem.fim",0
"2621","MSB:Fish:39103",1997,10,15,"MSB 39103-1","JAR8670F","BP","JG KL","06-23-2025",NA,57,53,2560,"control","control_1991-2000",35.28302778,-106.5981389,"trem.fim",0
"2622","MSB:Fish:39103",1997,10,15,"MSB 39103-3","JAR8675F","BP","KL","06-23-2025",NA,61,47,2132,"control","control_1991-2000",35.28302778,-106.5981389,"trem.fim",0
"2623","MSB:Fish:39103",1997,10,15,"MSB 39103-5","JAR8678F","EO","CW","06-23-2025",NA,60,47,2006,"control","control_1991-2000",35.28302778,-106.5981389,"trem.fim",0
"2624","MSB:Fish:39103",2997,10,15,"MSB 39103-4","JAR8676F","EO","EO CLW","06-23-2025",NA,69,54,3110,"control","control_1991-2000",35.28302778,-106.5981389,"trem.fim",0
"2625","MSB:Fish:39103",1997,10,15,"MSB 39103-2","JAR8677F","JG","KL","06-23-2025",NA,69,56,3012,"control","control_1991-2000",35.28302778,-106.5981389,"trem.fim",0
"2626","MSB:Fish:3966",1977,9,28,"MSB 3966-5","JAR8879F","JG","CW","07-02-2025",NA,51,41,1353,"impact","impact_1971-1980",35.134883,-106.690838,"trem.fim",0
"2627","MSB:Fish:3966",1977,9,28,"MSB 3966-3","JAR8894F","JG","GC","07-02-2025",NA,50,39,1164,"impact","impact_1971-1980",35.134883,-106.690838,"trem.fim",0
"2628","MSB:Fish:3966",1977,9,28,"MSB 3966-1","JAR8888F","JG","KL","07-02-2025",NA,55,44,1530,"impact","impact_1971-1980",35.134883,-106.690838,"trem.fim",0
"2629","MSB:Fish:3966",1977,9,28,"MSB 3966-4","JAR8885F","JG","GC","07-02-2025",NA,57,47,2076,"impact","impact_1971-1980",35.134883,-106.690838,"trem.fim",0
"2630","MSB:Fish:3966",1977,9,28,"MSB 3966-2","JAR8892F","JG","CW","07-02-2025",NA,38,30,477,"impact","impact_1971-1980",35.134883,-106.690838,"trem.fim",0
"2631","MSB:Fish:4096",1978,9,5,"MSB 4096-1","JAR8718F","BP","KL","06-24-2025",NA,44,36,1043,"impact","impact_1971-1980",35.10625,-106.692633,"trem.fim",0
"2632","MSB:Fish:4096",1978,9,5,"MSB 4096-5","JAR8715F","BP","KL","06-24-2025",NA,41,33,774,"impact","impact_1971-1980",35.10625,-106.692633,"trem.fim",0
"2633","MSB:Fish:4096",1978,9,5,"MSB 4096-3","JAR8713F","BP","EO CW","06-24-2025",FALSE,49,39,1118,"impact","impact_1971-1980",35.10625,-106.692633,"trem.fim",0
"2634","MSB:Fish:4096",1978,9,5,"MSB 4096-4","JAR8717F","EO","CW","06-24-2025",NA,45,35,856,"impact","impact_1971-1980",35.10625,-106.692633,"trem.fim",0
"2635","MSB:Fish:4096",1978,9,5,"MSB 4096-2","JAR8711F","EO","CW","06-24-2025",NA,44,34,903,"impact","impact_1971-1980",35.10625,-106.692633,"trem.fim",0
"2636","MSB:Fish:4161",1977,8,5,"MSB 4161-3","JAR8700F","BP","CW","06-24-2025",NA,39,29,511,"impact","impact_1971-1980",34.905272,-106.685564,"trem.fim",0
"2637","MSB:Fish:4161",1977,8,5,"MSB 4161-4","JAR8702F","JG","CLW","06-24-2025",NA,41,31,632,"impact","impact_1971-1980",34.905272,-106.685564,"trem.fim",0
"2638","MSB:Fish:4161",1977,8,5,"MSB 4161-5","JAR8703F","JG","CLW","06-24-2025",NA,36,29,444,"impact","impact_1971-1980",34.905272,-106.685564,"trem.fim",0
"2639","MSB:Fish:4161",1977,8,5,"MSB 4161-1","JAR8696F","JG","KL","06-24-2025",NA,53,43,1166,"impact","impact_1971-1980",34.905272,-106.685564,"trem.fim",0
"2640","MSB:Fish:4161",1977,8,5,"MSB 4161-2","JAR8698F","JG","JG KL","06-24-2025",NA,44,35,753,"impact","impact_1971-1980",34.905272,-106.685564,"trem.fim",0
"2641","MSB:Fish:4206",1978,9,8,"MSB 4206-3","JAR8847F","EO","KL","07-01-2025",NA,39,30,567,"control","control_1971-1980",35.256141,-106.596281,"trem.fim",0
"2642","MSB:Fish:4206",1978,9,8,"MSB 4206-1","JAR8848F","EO","JG KL","07-01-2025",NA,43,33,739,"control","control_1971-1980",35.256141,-106.596281,"trem.fim",0
"2643","MSB:Fish:4206",1978,9,8,"MSB 4206-4","JAR8852F","EO","GC","07-01-2025",NA,37,29,503,"control","control_1971-1980",35.256141,-106.596281,"trem.fim",0
"2644","MSB:Fish:4206",1978,9,8,"MSB 4206-2","JAR8850F","EO","CW","07-01-2025",NA,40,31,665,"control","control_1971-1980",35.256141,-106.596281,"trem.fim",0
"2645","MSB:Fish:4206",1978,9,8,"MSB 4206-5","JAR8854F","EO","JG KL","07-01-2025",NA,36,29,433,"control","control_1971-1980",35.256141,-106.596281,"trem.fim",0
"2646","MSB:Fish:43490",1999,10,11,"MSB 43490-1","JAR8745F","BP","CW","06-26-2025",NA,72,57,3244,"control","control_1991-2000",35.28302778,-106.5981389,"trem.fim",0
"2647","MSB:Fish:43490",1999,10,11,"MSB 43490-3","JAR8749F","BP","CLW","06-26-2025",FALSE,61,49,2200,"control","control_1991-2000",35.28302778,-106.5981389,"trem.fim",0
"2648","MSB:Fish:43490",1999,10,11,"MSB 43490-5","JAR8746F","BP","CLW","06-26-2025",FALSE,60,51,2094,"control","control_1991-2000",35.28302778,-106.5981389,"trem.fim",0
"2649","MSB:Fish:43490",1999,10,11,"MSB 43490-2","JAR8747F","JG","CLW","06-26-2025",NA,61,55,2713,"control","control_1991-2000",35.28302778,-106.5981389,"trem.fim",0
"2650","MSB:Fish:43490",1999,10,11,"MSB 43490-4","JAR8744F","JG","EO CLW","06-26-2025",FALSE,67,54,2031,"control","control_1991-2000",35.28302778,-106.5981389,"trem.fim",0
"2651","MSB:Fish:4384",1978,9,23,"MSB 4384-3","JAR8748F","BP","KL","06-30-2025",FALSE,55,44,1919,"impact","impact_1971-1980",34.905272,-106.685564,"trem.fim",0
"2652","MSB:Fish:4384",1978,9,23,"MSB 4384-4","JAR8752F","EO","GC","06-30-2025",NA,63,49,2458,"impact","impact_1971-1980",34.905272,-106.685564,"trem.fim",0
"2653","MSB:Fish:4384",1978,9,23,"MSB 4384-2","JAR8757F","EO","CW","06-30-2025",NA,64,49,2390,"impact","impact_1971-1980",34.905272,-106.685564,"trem.fim",0
"2654","MSB:Fish:4384",1978,9,23,"MSB 4384-1","JAR8750F","BP","CW","06-30-2025",NA,67,55,3024,"impact","impact_1971-1980",34.905272,-106.685564,"trem.fim",0
"2655","MSB:Fish:4384",1978,9,23,"MSB 4384-5","JAR8756F","BP","KL","06-30-2025",NA,63,51,2594,"impact","impact_1971-1980",34.905272,-106.685564,"trem.fim",0
"2656","MSB:Fish:4423",1978,8,3,"MSB 4423-4","JAR8724F","BP","KL","06-30-2025",NA,44,36,880,"impact","impact_1971-1980",34.905272,-106.685564,"trem.fim",0
"2657","MSB:Fish:4423",1978,8,3,"MSB 4423-1","JAR8758F","EO","GC","06-30-2025",NA,46,37,1128,"impact","impact_1971-1980",34.905272,-106.685564,"trem.fim",0
"2658","MSB:Fish:4423",1978,8,3,"MSB 4423-2","JAR8754F","BP","CW","06-30-2025",NA,49,38,1164,"impact","impact_1971-1980",34.905272,-106.685564,"trem.fim",0
"2659","MSB:Fish:4423",1978,8,3,"MSB 4423-5","JAR8751F","EO","CW","06-30-2025",NA,42,33,832,"impact","impact_1971-1980",34.905272,-106.685564,"trem.fim",0
"2660","MSB:Fish:4423",1978,8,3,"MSB 4423-3","JAR8726F","EO","KL","06-30-2025",NA,47,37,1155,"impact","impact_1971-1980",34.905272,-106.685564,"trem.fim",0
"2661","MSB:Fish:4432",1978,9,8,"MSB 4432-3","JAR8727F","BP","CW","06-30-2025",NA,39,31,570,"control","control_1971-1980",35.239638,-106.587548,"trem.fim",0
"2662","MSB:Fish:4432",1978,9,8,"MSB 4432-1","JAR8759F","BP","JG","06-30-2025",NA,39,30,568,"control","control_1971-1980",35.239638,-106.587548,"trem.fim",0
"2663","MSB:Fish:4432",1978,9,8,"MSB 4432-5","JAR8753F","BP","JG GC","06-30-2025",NA,35,26,360,"control","control_1971-1980",35.239638,-106.587548,"trem.fim",0
"2664","MSB:Fish:4432",1978,9,8,"MSB 4432-4","JAR8729F","EO","CW","06-30-2025",NA,39,29,548,"control","control_1971-1980",35.239638,-106.587548,"trem.fim",0
"2665","MSB:Fish:4432",1978,9,8,"MSB 4432-2","JAR8722F","EO","EO GC","06-30-2025",NA,52,42,1431,"control","control_1971-1980",35.239638,-106.587548,"trem.fim",0
"2666","MSB:Fish:4487",1978,9,29,"MSB 4487-1","JAR8887F","EO","GC","07-03-2025",NA,47,37,1143,"control","control_1971-1980",35.383856,-106.490929,"trem.fim",0
"2667","MSB:Fish:4487",1978,9,29,"MSB 4487-5","JAR8890F","EO","JG GC","07-03-2025",NA,38,30,543,"control","control_1971-1980",35.383856,-106.490929,"trem.fim",0
"2668","MSB:Fish:4487",1978,9,29,"MSB 4487-3","JAR8889F","EO","KL","07-03-2025",NA,46,35,1166,"control","control_1971-1980",35.383856,-106.490929,"trem.fim",0
"2669","MSB:Fish:4487",1978,9,29,"MSB 4487-4","JAR8891F","BP","GC","07-03-2025",NA,36,27,481,"control","control_1971-1980",35.383856,-106.490929,"trem.fim",0
"2670","MSB:Fish:4487",1978,9,29,"MSB 4487-2","JAR8893F","BP","GC","07-03-2025",NA,49,38,1354,"control","control_1971-1980",35.383856,-106.490929,"trem.fim",0
"2671","MSB:Fish:4984",1978,9,5,"MSB 4984-3","JAR8640F","EO","CLW","06-23-2025",NA,38,29,504,"impact","impact_1971-1980",35.196977,-106.642444,"trem.fim",0
"2672","MSB:Fish:4984",1978,9,5,"MSB 4984-4","JAR8642F","JG","KL","06-23-2025",NA,32,25,338,"impact","impact_1971-1980",35.196977,-106.642444,"trem.fim",0
"2673","MSB:Fish:4984",1978,9,5,"MSB 4984-5","JAR8644F","BP","CW","06-23-2025",NA,32,24,341,"impact","impact_1971-1980",35.196977,-106.642444,"trem.fim",0
"2674","MSB:Fish:4984",1978,9,5,"MSB 4984-2","JAR8662F","BP","CLW","06-23-2025",NA,38,30,541,"impact","impact_1971-1980",35.196977,-106.642444,"trem.fim",0
"2675","MSB:Fish:4984",1978,9,5,"MSB 4984-1","JAR8660F","EO","CLW","06-23-2025",NA,39,30,621,"impact","impact_1971-1980",35.196977,-106.642444,"trem.fim",0
"2676","MSB:Fish:4987",1977,7,6,"MSB 4987-5","JAR8788F","JG","GC","07-01-2025",NA,40,33,672,"control","control_1971-1980",35.232431,-106.594272,"trem.fim",0
"2677","MSB:Fish:4987",1977,7,6,"MSB 4987-1","JAR8849F","JG","KL","07-01-2025",NA,52,40,1450,"control","control_1971-1980",35.232431,-106.594272,"trem.fim",0
"2678","MSB:Fish:4987",1977,7,6,"MSB 4987-3","JAR8851F","JG","KL","07-01-2025",NA,47,37,1297,"control","control_1971-1980",35.232431,-106.594272,"trem.fim",0
"2679","MSB:Fish:4987",1977,7,6,"MSB 4987-2","JAR8790F","EO","JG KL","07-01-2025",NA,54,44,1436,"control","control_1971-1980",35.232431,-106.594272,"trem.fim",0
"2680","MSB:Fish:4987",1977,7,6,"MSB 4987-4","JAR8853F","EO","BP","07-01-2025",NA,47,37,1163,"control","control_1971-1980",35.232431,-106.594272,"trem.fim",0
"2681","MSB:Fish:49970",1994,5,5,"MSB 49970-1","JAR8641F","EO","CLW","06-20-2025",NA,66,52,2386,"control","control_1991-2000",35.28302778,-106.5981389,"trem.fim",0
"2682","MSB:Fish:49970",1994,5,5,"MSB 49970-5","JAR8646F","EO","EO KL","06-20-2025",NA,64,51,2231,"control","control_1991-2000",35.28302778,-106.5981389,"trem.fim",0
"2683","MSB:Fish:49970",1994,5,5,"MSB 49970-3","JAR8645F","EO","KL BP CW","06-20-2025",NA,69,55,2817,"control","control_1991-2000",35.28302778,-106.5981389,"trem.fim",6
"2684","MSB:Fish:49970",1994,5,5,"MSB 49970-4","JAR8648F","JG","KL","06-20-2025",FALSE,65,53,2749,"control","control_1991-2000",35.28302778,-106.5981389,"trem.fim",0
"2685","MSB:Fish:49970",1994,5,5,"MSB 49970-2","JAR8643F","JG","CW JG","06-20-2025",NA,63,52,2230,"control","control_1991-2000",35.28302778,-106.5981389,"trem.fim",0
"2686","MSB:Fish:5263",1986,8,12,"MSB 5263-1","JAR8856F","BP","GC","07-02-2025",NA,36,29,497,"control","control_1981-1990",35.28302778,-106.5981389,"trem.fim",0
"2687","MSB:Fish:5263",1986,8,12,"MSB 5263-4","JAR8857F","BP","KL","07-02-2025",NA,35,27,407,"control","control_1981-1990",35.28302778,-106.5981389,"trem.fim",0
"2688","MSB:Fish:5263",1986,8,12,"MSB 5263-2","JAR8861F","BP","CW","07-02-2025",NA,36,29,462,"control","control_1981-1990",35.28302778,-106.5981389,"trem.fim",0
"2689","MSB:Fish:5263",1986,8,12,"MSB 5263-3","JAR8855F","BP","CW","07-02-2025",NA,35,31,653,"control","control_1981-1990",35.28302778,-106.5981389,"trem.fim",0
"2690","MSB:Fish:5263",1986,8,12,"MSB 5263-5","JAR8859F","BP","BP EO","07-02-2025",NA,36,29,444,"control","control_1981-1990",35.28302778,-106.5981389,"trem.fim",0
"2691","MSB:Fish:5814",1987,9,10,"MSB 5814-1","JAR8631F","KL","KL","06-16-2025",NA,66,52,2223,"impact","impact_1981-1990",34.905272,-106.685564,"trem.fim",0
"2692","MSB:Fish:5814",1987,9,10,"MSB 5814-2","JAR8634F","JG","CW","06-17-2025",NA,55,47,1856,"impact","impact_1981-1990",34.905272,-106.685564,"trem.fim",0
"2693","MSB:Fish:5814",1987,9,10,"MSB 5814-3","JAR8630F","EO","CLW CW","06-18-2025",NA,67,52,2759,"impact","impact_1981-1990",34.905272,-106.685564,"trem.fim",0
"2694","MSB:Fish:5814",1987,9,10,"MSB 5814-5","JAR8636F","JG","KL","06-19-2025",NA,85,68,5700,"impact","impact_1981-1990",34.905272,-106.685564,"trem.fim",0
"2695","MSB:Fish:5814",1987,9,10,"MSB 5814-4","JAR8633F","EO","KL","06-16-2025",NA,52,41,1282,"impact","impact_1981-1990",34.905272,-106.685564,"trem.fim",0
"2696","MSB:Fish:5825",1987,9,10,"MSB 5825-4","JAR8663F","BP","EO CW","06-18-2025",NA,63,49,2591,"impact","impact_1981-1990",34.875039,-106.717581,"trem.fim",0
"2697","MSB:Fish:5825",1987,9,10,"MSB 5825-3","JAR8661F","BP","CLW KL","06-18-2025",NA,77,62,4671,"impact","impact_1981-1990",34.875039,-106.717581,"trem.fim",0
"2698","MSB:Fish:5825",1987,9,10,"MSB 5825-5","JAR8639F","BP","CW","06-18-2025",NA,52,42,1542,"impact","impact_1981-1990",34.875039,-106.717581,"trem.fim",0
"2699","MSB:Fish:5825",1987,9,10,"MSB 5825-2","JAR8659F","BP","CW","06-18-2025",NA,54,42,1606,"impact","impact_1981-1990",34.875039,-106.717581,"trem.fim",0
"2700","MSB:Fish:5825",1987,9,10,"MSB 5825-1","JAR8657F","BP","BP KL","06-18-2025",FALSE,59,47,2305,"impact","impact_1981-1990",34.875039,-106.717581,"trem.fim",0
"2701","MSB:Fish:68463",1984,8,15,"MSB 68463-1","JAR8864F","BP","GC","07-02-2025",NA,37,30,505,"impact","impact_1981-1990",35.089293,-106.680842,"trem.fim",0
"2702","MSB:Fish:68463",1984,8,15,"MSB 68463-4","JAR8870F","BP","CW","07-02-2025",NA,42,34,485,"impact","impact_1981-1990",35.089293,-106.680842,"trem.fim",0
"2703","MSB:Fish:68463",1984,8,15,"MSB 68463-3","JAR8868F","BP","CW","07-02-2025",NA,36,27,313,"impact","impact_1981-1990",35.089293,-106.680842,"trem.fim",0
"2704","MSB:Fish:68463",1984,8,15,"MSB 68463-5","JAR8860F","BP","GC","07-02-2025",NA,35,27,398,"impact","impact_1981-1990",35.089293,-106.680842,"trem.fim",0
"2705","MSB:Fish:68463",1984,8,15,"MSB 68463-2","JAR8866F","BP","CW","07-02-2025",NA,48,37,950,"impact","impact_1981-1990",35.089293,-106.680842,"trem.fim",0
"2706","MSB:Fish:68501",1984,8,15,"MSB 68501-4","JAR8787F","JG","CW","07-01-2025",NA,79,64,4731,"control","control_1981-1990",35.225523,-106.597651,"trem.fim",0
"2707","MSB:Fish:68501",1984,8,15,"MSB 68501-3","JAR8785F","JG","KL","07-01-2025",NA,36,29,472,"control","control_1981-1990",35.225523,-106.597651,"trem.fim",0
"2708","MSB:Fish:68501",1984,8,15,"MSB 68501-5","JAR8789F","JG","CW","07-01-2025",NA,72,60,3973,"control","control_1981-1990",35.225523,-106.597651,"trem.fim",0
"2709","MSB:Fish:68501",1984,8,15,"MSB 68501-2","JAR8783F","JG","KL","07-01-2025",NA,37,29,513,"control","control_1981-1990",35.225523,-106.597651,"trem.fim",0
"2710","MSB:Fish:68501",1984,8,15,"MSB 68501-1","JAR8786F","JG","GC","07-01-2025",NA,35,26,349,"control","control_1981-1990",35.225523,-106.597651,"trem.fim",0
"2711","MSB:Fish:68513",1984,8,16,"MSB 68513-4","JAR8896F","EO","CW","07-03-2025",NA,41,32,638,"control","control_1981-1990",35.211416,-106.612833,"trem.fim",0
"2712","MSB:Fish:68513",1984,8,16,"MSB 68513-2","JAR8897F","EO","KL","07-03-2025",NA,47,36,941,"control","control_1981-1990",35.211416,-106.612833,"trem.fim",0
"2713","MSB:Fish:68513",1984,8,16,"MSB 68513-1","JAR8895F","BP","GC","07-03-2025",NA,44,34,769,"control","control_1981-1990",35.211416,-106.612833,"trem.fim",0
"2714","MSB:Fish:68513",1984,8,16,"MSB 68513-5","JAR8901F","EO","BP","07-03-2025",NA,40,31,606,"control","control_1981-1990",35.211416,-106.612833,"trem.fim",0
"2715","MSB:Fish:68513",1984,8,16,"MSB 68513-3","JAR8899F","BP","CW","07-03-2025",NA,37,27,397,"control","control_1981-1990",35.211416,-106.612833,"trem.fim",0
"2716","MSB:Fish:68528",1984,8,16,"MSB 68528-1","JAR8731F","EO","KL","06-25-2025",NA,69,55,3206,"control","control_1981-1990",35.322164,-106.557448,"trem.fim",0
"2717","MSB:Fish:68528",1984,8,16,"MSB 68528-5","JAR8733F","BP","CLW","06-25-2025",NA,47,37,1014,"control","control_1981-1990",35.322164,-106.557448,"trem.fim",0
"2718","MSB:Fish:68528",1984,8,16,"MSB 68528-2","JAR8728F","EO","KL","06-25-2025",FALSE,72,57,2986,"control","control_1981-1990",35.322164,-106.557448,"trem.fim",0
"2719","MSB:Fish:68528",1984,8,16,"MSB 68528-3","JAR8732F","BP","JG CW","06-25-2025",NA,67,53,2767,"control","control_1981-1990",35.322164,-106.557448,"trem.fim",0
"2720","MSB:Fish:68528",1984,8,16,"MSB 68528-4","JAR8730F","EO","KL","06-25-2025",NA,68,55,2391,"control","control_1981-1990",35.322164,-106.557448,"trem.fim",0
"2721","MSB:Fish:7593",1988,5,25,"MSB 7593-2","JAR8705F","EO","JG CW","06-24-2025",NA,64,50,2324,"impact","impact_1981-1990",34.905272,-106.685564,"trem.fim",0
"2722","MSB:Fish:7593",1988,5,25,"MSB 7593-5","JAR8709F","BP","BP CLW","06-24-2025",NA,62,51,2400,"impact","impact_1981-1990",34.905272,-106.685564,"trem.fim",0
"2723","MSB:Fish:7593",1988,5,25,"MSB 7593-4","JAR8707F","EO","BP KL","06-24-2025",FALSE,61,48,1922,"impact","impact_1981-1990",34.905272,-106.685564,"trem.fim",0
"2724","MSB:Fish:7593",1988,5,25,"MSB 7593-3","JAR8706F","BP","BP KL","06-24-2025",FALSE,58,45,2248,"impact","impact_1981-1990",34.905272,-106.685564,"trem.fim",4
"2725","MSB:Fish:7593",1988,5,25,"MSB 7593-1","JAR8704F","BP","KL","06-24-2025",FALSE,64,50,3600,"impact","impact_1981-1990",34.905272,-106.685564,"trem.fim",0
"2726","MSB:Fish:7788",1988,5,25,"MSB 7788-2","JAR8769F","BP","KL","06-30-2025",NA,69,53,2804,"control","control_1981-1990",35.322164,-106.557448,"trem.fim",0
"2727","MSB:Fish:7788",2988,5,25,"MSB 7788-4","JAR8764F","BP","BP","06-30-2025",NA,56,45,1819,"control","control_1981-1990",35.322164,-106.557448,"trem.fim",0
"2728","MSB:Fish:7788",1988,5,25,"MSB 7788-3","JAR8767F","EO","KL","06-30-2025",NA,69,55,3017,"control","control_1981-1990",35.322164,-106.557448,"trem.fim",0
"2729","MSB:Fish:7788",1988,5,25,"MSB 7788-1","JAR8763F","EO","KL","06-30-2025",NA,64,51,2418,"control","control_1981-1990",35.322164,-106.557448,"trem.fim",0
"2730","MSB:Fish:7788",1988,5,25,"MSB 7788-5","JAR8762F","EO","KL","06-30-2025",NA,60,47,2139,"control","control_1981-1990",35.322164,-106.557448,"trem.fim",0
"2731","MSB:Fish:1129",1959,2,20,"MSB 1129-5","JAR8672F","JG","CW","06-20-2025",NA,40,32,383,"control","control_1951-1960",35.350556,-106.535497,"trem.gold",0
"2732","MSB:Fish:1129",1959,2,20,"MSB 1129-2","JAR8674F","EO","CLW","06-20-2025",NA,46,34,697,"control","control_1951-1960",35.350556,-106.535497,"trem.gold",0
"2733","MSB:Fish:1129",1959,2,20,"MSB 1129-1","JAR8668F","JG","KL","06-20-2025",NA,41,33,519,"control","control_1951-1960",35.350556,-106.535497,"trem.gold",0
"2734","MSB:Fish:1129",1959,2,20,"MSB 1129-4","JAR8671F","EO","JG KL","06-20-2025",NA,41,31,580,"control","control_1951-1960",35.350556,-106.535497,"trem.gold",0
"2735","MSB:Fish:1129",1959,2,20,"MSB 1129-3","JAR8673F","JG","CW","06-20-2025",NA,43,36,659,"control","control_1951-1960",35.350556,-106.535497,"trem.gold",0
"2736","MSB:Fish:1130",1949,10,29,"MSB 1130-5","JAR8701F","EO","KL","06-24-2025",NA,57,48,2022,"impact","impact_1941-1950",34.87537,-106.717837,"trem.gold",0
"2737","MSB:Fish:1130",1949,10,29,"MSB 1130-3","JAR8697F","JG","JG CW","06-24-2025",NA,61,49,1811,"impact","impact_1941-1950",34.87537,-106.717837,"trem.gold",0
"2738","MSB:Fish:1130",1949,10,29,"MSB 1130-4","JAR8699F","BP","CLW","06-24-2025",NA,62,47,2068,"impact","impact_1941-1950",34.87537,-106.717837,"trem.gold",0
"2739","MSB:Fish:1130",1949,10,29,"MSB 1130-1","JAR8690F","JG","JG KL","06-24-2025",FALSE,71,58,3286,"impact","impact_1941-1950",34.87537,-106.717837,"trem.gold",1
"2740","MSB:Fish:1130",1949,10,29,"MSB 1130-2","JAR8695F","BP","KL","06-24-2025",FALSE,68,54,3151,"impact","impact_1941-1950",34.87537,-106.717837,"trem.gold",0
"2741","MSB:Fish:1131",1959,2,24,"MSB 1131-5","JAR8682F","BP","KL","06-23-2025",NA,53,44,1289,"impact","impact_1951-1960",34.987044,-106.690293,"trem.gold",0
"2742","MSB:Fish:1131",1959,2,24,"MSB 1131-2","JAR8689F","EO","CW","06-23-2025",NA,60,47,1798,"impact","impact_1951-1960",34.987044,-106.690293,"trem.gold",0
"2743","MSB:Fish:1131",1959,2,24,"MSB 1131-3","JAR8693F","BP","CW","06-23-2025",FALSE,54,44,1280,"impact","impact_1951-1960",34.987044,-106.690293,"trem.gold",0
"2744","MSB:Fish:1131",1959,2,24,"MSB 1131-4","JAR8680F","EO","KL","06-23-2025",NA,52,43,1316,"impact","impact_1951-1960",34.987044,-106.690293,"trem.gold",0
"2745","MSB:Fish:1131",1959,2,24,"MSB 1131-2","JAR8691F","JG","CLW","06-23-2025",NA,63,51,1849,"impact","impact_1951-1960",34.987044,-106.690293,"trem.gold",0
"2746","MSB:Fish:1132",1947,10,25,"MSB 1132-1","JAR8684F","JG","CW","06-23-2025",NA,71,58,3310,"control","control_1941-1950",35.380629,-106.503529,"trem.gold",9
"2747","MSB:Fish:1132",1947,10,25,"MSB 1132-4","JAR8694F","JG","KL","06-23-2025",NA,63,54,2744,"control","control_1941-1950",35.380629,-106.503529,"trem.gold",0
"2748","MSB:Fish:1132",2947,10,25,"MSB 1132-5","JAR8692F","JG","CW","06-23-2025",NA,61,49,1975,"control","control_1941-1950",35.380629,-106.503529,"trem.gold",0
"2749","MSB:Fish:1132",1947,10,25,"MSB 1132-3","JAR8688F","JG","CLW","06-23-2025",NA,77,64,4621,"control","control_1941-1950",35.380629,-106.503529,"trem.gold",0
"2750","MSB:Fish:1132",1947,10,25,"MSB 1132-2","JAR8686F","JG","CW","06-23-2025",NA,73,62,3934,"control","control_1941-1950",35.380629,-106.503529,"trem.gold",0
"2751","MSB:Fish:1149",1939,2,26,"MSB 1149-1","JAR8871F","JG","GC","07-02-2025",NA,55,45,1360,"impact","impact_1931-1940",35.100259,-106.692107,"trem.gold",0
"2752","MSB:Fish:1149",1939,2,26,"MSB 1149-5","JAR8872F","EO","KL","07-02-2025",FALSE,76,57,3276,"impact","impact_1931-1940",35.100259,-106.692107,"trem.gold",0
"2753","MSB:Fish:1149",1939,2,26,"MSB 1149-3","JAR8875F","EO","EO KL","07-02-2025",NA,61,47,1795,"impact","impact_1931-1940",35.100259,-106.692107,"trem.gold",0
"2754","MSB:Fish:1149",1939,2,26,"MSB 1149-4","JAR8877F","JG","CW","07-02-2025",NA,57,45,1435,"impact","impact_1931-1940",35.100259,-106.692107,"trem.gold",0
"2755","MSB:Fish:1149",1939,2,26,"MSB 1149-2","JAR8873F","JG","GC","07-02-2025",FALSE,64,52,2298,"impact","impact_1931-1940",35.100259,-106.692107,"trem.gold",0
"2756","MSB:Fish:1150",1939,6,9,"MSB 1150-3","JAR8712F","BP","CW","06-24-2025",FALSE,71,54,4462,"impact","impact_1931-1940",34.906619,-106.685289,"trem.gold",0
"2757","MSB:Fish:1150",1939,6,9,"MSB 1150-1","JAR8708F","BP","KL","06-24-2025",NA,63,50,2550,"impact","impact_1931-1940",34.906619,-106.685289,"trem.gold",0
"2758","MSB:Fish:1150",1939,6,9,"MSB 1150-2","JAR8714F","JG","CLW","06-24-2025",FALSE,72,61,4536,"impact","impact_1931-1940",34.906619,-106.685289,"trem.gold",0
"2759","MSB:Fish:1150",1939,6,9,"MSB 1150-5","JAR8710F","BP","CW","06-24-2025",FALSE,60,49,2576,"impact","impact_1931-1940",34.906619,-106.685289,"trem.gold",0
"2760","MSB:Fish:1150",1939,6,9,"MSB 1150-4","JAR8716F","JG","KL","06-24-2025",FALSE,65,53,3213,"impact","impact_1931-1940",34.906619,-106.685289,"trem.gold",0
"2761","MSB:Fish:1154",1949,10,21,"MSB 1154-4","JAR8770F","EO","CW","06-30-2025",NA,54,43,1207,"impact","impact_1941-1950",34.929201,-106.681499,"trem.gold",0
"2762","MSB:Fish:1154",1949,10,21,"MSB 1154-2","JAR8773F","EO","KL","06-30-2025",FALSE,66,52,2229,"impact","impact_1941-1950",34.929201,-106.681499,"trem.gold",0
"2763","MSB:Fish:1154",1949,10,21,"MSB 1154-3","JAR8768","BP","BP","06-30-2025",NA,60,48,1790,"impact","impact_1941-1950",34.929201,-106.681499,"trem.gold",0
"2764","MSB:Fish:1154",1949,10,21,"MSB 1154-5","JAR8772F","BP","BP","06-30-2025",FALSE,44,34,644,"impact","impact_1941-1950",34.929201,-106.681499,"trem.gold",0
"2765","MSB:Fish:1154",1949,10,21,"MSB 1154-1","JAR8771F","BP","EO GC CW","06-30-2025",NA,65,51,2430,"impact","impact_1941-1950",34.929201,-106.681499,"trem.gold",0
"2766","MSB:Fish:1155",1943,6,23,"MSB 1155-3","JAR8685F","BP","CW","06-23-2025",NA,69,56,3145,"control","control_1941-1950",35.322418,-106.557971,"trem.gold",0
"2767","MSB:Fish:1155",1943,6,23,"MSB 1155-4","JAR8683F","EO","BP KL","06-23-2025",FALSE,54,45,1684,"control","control_1941-1950",35.322418,-106.557971,"trem.gold",0
"2768","MSB:Fish:1155",2943,6,23,"MSB1155-1","JAR8679F","BP","BP CW KL","06-23-2025",NA,62,50,2170,"control","control_1941-1950",35.322418,-106.557971,"trem.gold",0
"2769","MSB:Fish:1155",1943,6,23,"MSB 1155-5","JAR8687F","EO","KL","06-23-2025",NA,53,45,1706,"control","control_1941-1950",35.322418,-106.557971,"trem.gold",0
"2770","MSB:Fish:1155",1943,6,23,"MSB 1155-2","JAR8681F","EO","KL","06-23-2025",NA,63,50,2536,"control","control_1941-1950",35.322418,-106.557971,"trem.gold",0
"2771","MSB:Fish:1160",1939,1,28,"MSB 1160-3","JAR8784F","JG","CW","07-01-2025",NA,51,42,1253,"impact","impact_1931-1940",35.100259,-106.692107,"trem.gold",0
"2772","MSB:Fish:1160",1939,1,28,"MSB 1160-2","JAR8779","JG","EO GC","07-01-2025",NA,48,38,800,"impact","impact_1931-1940",35.100259,-106.692107,"trem.gold",0
"2773","MSB:Fish:1160",1939,1,28,"MSB 1160-1","JAR8781F","JG","GC","07-01-2025",NA,51,43,1112,"impact","impact_1931-1940",35.100259,-106.692107,"trem.gold",0
"2774","MSB:Fish:1160",1939,1,28,"MSB 1160-4","JAR8780F","JG","GC","07-01-2025",FALSE,50,41,1020,"impact","impact_1931-1940",35.100259,-106.692107,"trem.gold",0
"2775","MSB:Fish:1160",1939,1,28,"MSB 1160-5","JAR8782F","EO","GC","07-01-2025",NA,51,40,1021,"impact","impact_1931-1940",35.100259,-106.692107,"trem.gold",0
"2776","MSB:Fish:19389",1994,5,27,"MSB 19389-1","JAR8874F","JG","JG","07-02-2025",FALSE,56,44,1941,"control","control_1991-2000",35.322164,-106.557448,"trem.gold",0
"2777","MSB:Fish:19389",1994,5,27,"MSB 19389-2","JAR8862F","EO","KL","07-02-2025",NA,52,40,1391,"control","control_1991-2000",35.322164,-106.557448,"trem.gold",0
"2778","MSB:Fish:19389",1994,5,27,"MSB 19389-5","JAR8878F","BP","CW","07-02-2025",NA,44,35,909,"control","control_1991-2000",35.322164,-106.557448,"trem.gold",0
"2779","MSB:Fish:19389",1994,5,27,"MSB 19389-4","JAR8858F","EO","GC","07-02-2025",NA,48,38,1096,"control","control_1991-2000",35.322164,-106.557448,"trem.gold",0
"2780","MSB:Fish:19389",1994,5,27,"MSB 19389-3","JAR8876F","JG","KL","07-02-2025",FALSE,55,46,2190,"control","control_1991-2000",35.322164,-106.557448,"trem.gold",0
"2781","MSB:Fish:19537",1994,9,16,"MSB 19537-3","JAR8635F","EO","CLW","06-20-2025",NA,59,46,1370,"impact","impact_1991-2000",34.85683333,-106.7208056,"trem.gold",0
"2782","MSB:Fish:19537",1994,9,16,"MSB 19537-2","JAR8664F","EO","CW","06-16-2025",NA,58,46,1650,"impact","impact_1991-2000",34.85683333,-106.7208056,"trem.gold",0
"2783","MSB:Fish:19537",1994,9,16,"MSB 19537-1","JAR8632F","JG","KL","06-16-2025",NA,54,48,1824,"impact","impact_1991-2000",34.85683333,-106.7208056,"trem.gold",0
"2784","MSB:Fish:19537",1994,9,16,"MSB 19537-4","JAR8638F","JG","CLW","06-16-2025",NA,53,44,1183,"impact","impact_1991-2000",34.85683333,-106.7208056,"trem.gold",0
"2785","MSB:Fish:19537",1994,9,16,"MSB 19537-5","JAR8637F","EO","CW","06-16-2025",NA,47,38,760,"impact","impact_1991-2000",34.85683333,-106.7208056,"trem.gold",0
"2786","MSB:Fish:19688",1994,10,10,"MSB 19688-2","JAR8863F","BP","JG CW","07-02-2025",NA,57,44,1805,"impact","impact_1991-2000",34.85683333,-106.7208056,"trem.gold",0
"2787","MSB:Fish:19688",1994,10,10,"MSB 19688-4","JAR8867F","BP","CW","07-02-2025",NA,58,46,1810,"impact","impact_1991-2000",34.85683333,-106.7208056,"trem.gold",0
"2788","MSB:Fish:19688",1994,10,10,"MSB 19688-5","JAR8869F","BP","KL","07-02-2025",NA,48,38,993,"impact","impact_1991-2000",34.85683333,-106.7208056,"trem.gold",0
"2789","MSB:Fish:19688",1994,10,10,"MSB 19688-1","JAR8886F","BP","JG CW","07-02-2025",NA,65,51,2667,"impact","impact_1991-2000",34.85683333,-106.7208056,"trem.gold",0
"2790","MSB:Fish:19688",1994,10,10,"MSB 19688-3","JAR8865F","BP","KL","07-02-2025",FALSE,56,45,2032,"impact","impact_1991-2000",34.85683333,-106.7208056,"trem.gold",0
"2791","MSB:Fish:20390",1994,8,11,"MSB 20390-2","JAR8881F","JG","GC","07-02-2025",NA,40,36,923,"impact","impact_1991-2000",34.85683333,-106.7208056,"trem.gold",0
"2792","MSB:Fish:20390",1994,8,11,"MSB 20390-3","JAR8880F","JG","EO","07-02-2025",NA,41,33,528,"impact","impact_1991-2000",34.85683333,-106.7208056,"trem.gold",0
"2793","MSB:Fish:20390",1994,8,11,"MSB 20390-1","JAR8883F","JG","JG","07-02-2025",NA,53,41,1467,"impact","impact_1991-2000",34.85683333,-106.7208056,"trem.gold",0
"2794","MSB:Fish:20390",1994,8,11,"MSB 20390-4","JAR8882F","JG","BP","07-02-2025",NA,49,38,968,"impact","impact_1991-2000",34.85683333,-106.7208056,"trem.gold",0
"2795","MSB:Fish:20390",1994,8,11,"MSB 20390-5","JAR8884F","JG","CW","07-02-2025",NA,49,40,1145,"impact","impact_1991-2000",34.85683333,-106.7208056,"trem.gold",0
"2796","MSB:Fish:20526",1994,7,27,"MSB 20526-5","JAR8666F","EO","CW","06-20-2025",NA,37,29,510,"impact","impact_1991-2000",34.905272,-106.685564,"trem.gold",0
"2797","MSB:Fish:20526",1994,7,27,"MSB 20526-4","JAR8669F","BP","CLW","06-20-2025",NA,34,26,375,"impact","impact_1991-2000",34.905272,-106.685564,"trem.gold",0
"2798","MSB:Fish:20526",1994,7,27,"MSB 20526-2","JAR8665F","BP","CW","06-20-2025",NA,37,29,507,"impact","impact_1991-2000",34.905272,-106.685564,"trem.gold",0
"2799","MSB:Fish:20526",1994,7,27,"MSB 20526-3","JAR8667F","EO","CLW","06-20-2025",NA,38,30,599,"impact","impact_1991-2000",34.905272,-106.685564,"trem.gold",0
"2800","MSB:Fish:20526",1994,7,27,"MSB 20526-1","JAR8647F","EO","KL","06-20-2025",NA,53,44,1498,"impact","impact_1991-2000",34.905272,-106.685564,"trem.gold",0
"2801","MSB:Fish:25010",1995,8,2,"MSB 25010-2","JAR8650F","JG","KL","06-16-2025",NA,37,30,475,"control","control_1991-2000",35.28302778,-106.5981389,"trem.gold",0
"2802","MSB:Fish:25010",1995,8,2,"MSB 25010-3","JAR8649F","EO","KL","06-16-2025",NA,39,31,531,"control","control_1991-2000",35.28302778,-106.5981389,"trem.gold",0
"2803","MSB:Fish:25010",1995,8,2,"MSB 25010-4","JAR8652F","JG","JG CLW","06-16-2025",NA,35,28,503,"control","control_1991-2000",35.28302778,-106.5981389,"trem.gold",0
"2804","MSB:Fish:25010",1995,8,2,"MSB 25010-1","JAR8629F","EO","CW","06-16-2025",NA,43,32,743,"control","control_1991-2000",35.28302778,-106.5981389,"trem.gold",0
"2805","MSB:Fish:25010",1995,8,2,"MSB 25010-5","JAR8651F","EO","KL","06-16-2025",NA,38,30,494,"control","control_1991-2000",35.28302778,-106.5981389,"trem.gold",0
"2806","MSB:Fish:25023",1995,8,2,"MSB 25023-3","JAR8723F","EO","CW","06-25-2025",NA,38,29,422,"impact","impact_1991-2000",35.089293,-106.680842,"trem.gold",0
"2807","MSB:Fish:25023",1995,8,2,"MSB 25023-5","JAR8719F","EO","KL","06-25-2025",NA,40,31,571,"impact","impact_1991-2000",35.089293,-106.680842,"trem.gold",0
"2808","MSB:Fish:25023",1995,8,2,"MSB 25023-1","JAR8720F","EO","JG EO KL","06-25-2025",NA,39,30,586,"impact","impact_1991-2000",35.089293,-106.680842,"trem.gold",0
"2809","MSB:Fish:25023",1995,8,2,"MSB 25023-2","JAR8725F","EO","KL","06-25-2025",NA,36,29,560,"impact","impact_1991-2000",35.089293,-106.680842,"trem.gold",0
"2810","MSB:Fish:25023",1995,8,2,"MSB 25023-4","JAR8721F","EO","CW","06-25-2025",NA,37,29,524,"impact","impact_1991-2000",35.089293,-106.680842,"trem.gold",0
"2811","MSB:Fish:30075",1996,4,10,"MSB 30075-4","JAR8775F","EO","GC","06-30-2025",NA,63,49,2305,"impact","impact_1991-2000",35.13539167,-106.6684167,"trem.gold",0
"2812","MSB:Fish:30075",1996,4,10,"MSB 30075-5","JAR8776","EO","EO KL ","06-30-2025",FALSE,68,54,3090,"impact","impact_1991-2000",35.13539167,-106.6684167,"trem.gold",0
"2813","MSB:Fish:30075",1996,4,10,"MSB 30075-3","JAR8774F","JG","GC","06-30-2025",NA,57,46,1641,"impact","impact_1991-2000",35.13539167,-106.6684167,"trem.gold",0
"2814","MSB:Fish:30075",1996,4,10,"MSB 30075-1","JAR8777F","JG","KL","06-30-2025",FALSE,55,45,1416,"impact","impact_1991-2000",35.13539167,-106.6684167,"trem.gold",0
"2815","MSB:Fish:30075",1996,4,10,"MSB 30075-2","JAR8778F","EO","CW","06-30-2025",NA,70,57,3072,"impact","impact_1991-2000",35.13539167,-106.6684167,"trem.gold",0
"2816","MSB:Fish:30282",1996,5,16,"MSB 30282-2","JAR8653F","EO","CW","06-23-2025",NA,64,50,2621,"control","control_1991-2000",35.322164,-106.557448,"trem.gold",0
"2817","MSB:Fish:30282",1996,5,16,"MSB 20282-5","JAR8655F","JG","CLW","06-23-2025",NA,72,59,3808,"control","control_1991-2000",35.322164,-106.557448,"trem.gold",0
"2818","MSB:Fish:30282",1996,5,16,"MSB 30282-1","JAR8654F","JG","CLW","06-23-2025",NA,58,49,2054,"control","control_1991-2000",35.322164,-106.557448,"trem.gold",0
"2819","MSB:Fish:30282",1996,5,16,"MSB 30282-3","JAR8656F","EO","KL","06-23-2025",NA,71,56,3863,"control","control_1991-2000",35.322164,-106.557448,"trem.gold",0
"2820","MSB:Fish:30282",1996,5,16,"MSB 30282-4","JAR8658F","BP","JG KL","06-23-2025",FALSE,58,46,1814,"control","control_1991-2000",35.322164,-106.557448,"trem.gold",0
"2821","MSB:Fish:30410",1996,6,28,"MSB 30410-2","JAR8742F","BP","CW","06-25-2025",FALSE,66,53,3676,"impact","impact_1991-2000",34.85683333,-106.7208056,"trem.gold",0
"2822","MSB:Fish:30410",1996,6,28,"MSB 30410-3","JAR8740F","BP","KL","06-25-2025",FALSE,74,59,4025,"impact","impact_1991-2000",34.85683333,-106.7208056,"trem.gold",0
"2823","MSB:Fish:30410",1996,6,28,"MSB 30410-5","JAR8743F","BP","BP CW ","06-25-2025",NA,69,58,2424,"impact","impact_1991-2000",34.85683333,-106.7208056,"trem.gold",0
"2824","MSB:Fish:30410",1996,6,28,"MSB 30410-1","JAR8736F","BP","CLW","06-25-2025",FALSE,72,59,NA,"impact","impact_1991-2000",34.85683333,-106.7208056,"trem.gold",0
"2825","MSB:Fish:30410",1996,6,28,"MSB 30410-4","JAR8738F","JG","CLW","06-25-2025",FALSE,75,61,4376,"impact","impact_1991-2000",34.85683333,-106.7208056,"trem.gold",0
"2826","MSB:Fish:30810",1996,2,7,"MSB 30810-3","JAR8737F","EO","KL","06-25-2026",FALSE,55,43,1306,"impact","impact_1991-2000",35.089293,-106.680842,"trem.gold",0
"2827","MSB:Fish:30810",1996,2,7,"MSB 30810-2","JAR8735F","BP","JG KL","06-25-2025",FALSE,59,48,1673,"impact","impact_1991-2000",35.089293,-106.680842,"trem.gold",0
"2828","MSB:Fish:30810",1996,2,7,"MSB 30810-4","JAR8739F","BP","CW","06-25-2026",NA,66,52,2148,"impact","impact_1991-2000",35.089293,-106.680842,"trem.gold",0
"2829","MSB:Fish:30810",1996,2,7,"MSB 30910-1","JAR8734F","EO","CW","06-25-2025",NA,68,54,2437,"impact","impact_1991-2000",35.089293,-106.680842,"trem.gold",0
"2830","MSB:Fish:30810",1996,2,7,"MSB 30810-5","JAR8741F","BP","CW","06-25-2025",NA,63,52,2142,"impact","impact_1991-2000",35.089293,-106.680842,"trem.gold",0
"2831","MSB:Fish:39103",1997,10,15,"MSB 39103-1","JAR8670F","BP","JG KL","06-23-2025",NA,57,53,2560,"control","control_1991-2000",35.28302778,-106.5981389,"trem.gold",0
"2832","MSB:Fish:39103",1997,10,15,"MSB 39103-3","JAR8675F","BP","KL","06-23-2025",NA,61,47,2132,"control","control_1991-2000",35.28302778,-106.5981389,"trem.gold",0
"2833","MSB:Fish:39103",1997,10,15,"MSB 39103-5","JAR8678F","EO","CW","06-23-2025",NA,60,47,2006,"control","control_1991-2000",35.28302778,-106.5981389,"trem.gold",0
"2834","MSB:Fish:39103",2997,10,15,"MSB 39103-4","JAR8676F","EO","EO CLW","06-23-2025",NA,69,54,3110,"control","control_1991-2000",35.28302778,-106.5981389,"trem.gold",0
"2835","MSB:Fish:39103",1997,10,15,"MSB 39103-2","JAR8677F","JG","KL","06-23-2025",NA,69,56,3012,"control","control_1991-2000",35.28302778,-106.5981389,"trem.gold",0
"2836","MSB:Fish:3966",1977,9,28,"MSB 3966-5","JAR8879F","JG","CW","07-02-2025",NA,51,41,1353,"impact","impact_1971-1980",35.134883,-106.690838,"trem.gold",0
"2837","MSB:Fish:3966",1977,9,28,"MSB 3966-3","JAR8894F","JG","GC","07-02-2025",NA,50,39,1164,"impact","impact_1971-1980",35.134883,-106.690838,"trem.gold",0
"2838","MSB:Fish:3966",1977,9,28,"MSB 3966-1","JAR8888F","JG","KL","07-02-2025",NA,55,44,1530,"impact","impact_1971-1980",35.134883,-106.690838,"trem.gold",0
"2839","MSB:Fish:3966",1977,9,28,"MSB 3966-4","JAR8885F","JG","GC","07-02-2025",NA,57,47,2076,"impact","impact_1971-1980",35.134883,-106.690838,"trem.gold",0
"2840","MSB:Fish:3966",1977,9,28,"MSB 3966-2","JAR8892F","JG","CW","07-02-2025",NA,38,30,477,"impact","impact_1971-1980",35.134883,-106.690838,"trem.gold",0
"2841","MSB:Fish:4096",1978,9,5,"MSB 4096-1","JAR8718F","BP","KL","06-24-2025",NA,44,36,1043,"impact","impact_1971-1980",35.10625,-106.692633,"trem.gold",0
"2842","MSB:Fish:4096",1978,9,5,"MSB 4096-5","JAR8715F","BP","KL","06-24-2025",NA,41,33,774,"impact","impact_1971-1980",35.10625,-106.692633,"trem.gold",0
"2843","MSB:Fish:4096",1978,9,5,"MSB 4096-3","JAR8713F","BP","EO CW","06-24-2025",FALSE,49,39,1118,"impact","impact_1971-1980",35.10625,-106.692633,"trem.gold",0
"2844","MSB:Fish:4096",1978,9,5,"MSB 4096-4","JAR8717F","EO","CW","06-24-2025",NA,45,35,856,"impact","impact_1971-1980",35.10625,-106.692633,"trem.gold",10
"2845","MSB:Fish:4096",1978,9,5,"MSB 4096-2","JAR8711F","EO","CW","06-24-2025",NA,44,34,903,"impact","impact_1971-1980",35.10625,-106.692633,"trem.gold",0
"2846","MSB:Fish:4161",1977,8,5,"MSB 4161-3","JAR8700F","BP","CW","06-24-2025",NA,39,29,511,"impact","impact_1971-1980",34.905272,-106.685564,"trem.gold",0
"2847","MSB:Fish:4161",1977,8,5,"MSB 4161-4","JAR8702F","JG","CLW","06-24-2025",NA,41,31,632,"impact","impact_1971-1980",34.905272,-106.685564,"trem.gold",0
"2848","MSB:Fish:4161",1977,8,5,"MSB 4161-5","JAR8703F","JG","CLW","06-24-2025",NA,36,29,444,"impact","impact_1971-1980",34.905272,-106.685564,"trem.gold",0
"2849","MSB:Fish:4161",1977,8,5,"MSB 4161-1","JAR8696F","JG","KL","06-24-2025",NA,53,43,1166,"impact","impact_1971-1980",34.905272,-106.685564,"trem.gold",0
"2850","MSB:Fish:4161",1977,8,5,"MSB 4161-2","JAR8698F","JG","JG KL","06-24-2025",NA,44,35,753,"impact","impact_1971-1980",34.905272,-106.685564,"trem.gold",0
"2851","MSB:Fish:4206",1978,9,8,"MSB 4206-3","JAR8847F","EO","KL","07-01-2025",NA,39,30,567,"control","control_1971-1980",35.256141,-106.596281,"trem.gold",0
"2852","MSB:Fish:4206",1978,9,8,"MSB 4206-1","JAR8848F","EO","JG KL","07-01-2025",NA,43,33,739,"control","control_1971-1980",35.256141,-106.596281,"trem.gold",0
"2853","MSB:Fish:4206",1978,9,8,"MSB 4206-4","JAR8852F","EO","GC","07-01-2025",NA,37,29,503,"control","control_1971-1980",35.256141,-106.596281,"trem.gold",0
"2854","MSB:Fish:4206",1978,9,8,"MSB 4206-2","JAR8850F","EO","CW","07-01-2025",NA,40,31,665,"control","control_1971-1980",35.256141,-106.596281,"trem.gold",0
"2855","MSB:Fish:4206",1978,9,8,"MSB 4206-5","JAR8854F","EO","JG KL","07-01-2025",NA,36,29,433,"control","control_1971-1980",35.256141,-106.596281,"trem.gold",0
"2856","MSB:Fish:43490",1999,10,11,"MSB 43490-1","JAR8745F","BP","CW","06-26-2025",NA,72,57,3244,"control","control_1991-2000",35.28302778,-106.5981389,"trem.gold",0
"2857","MSB:Fish:43490",1999,10,11,"MSB 43490-3","JAR8749F","BP","CLW","06-26-2025",FALSE,61,49,2200,"control","control_1991-2000",35.28302778,-106.5981389,"trem.gold",0
"2858","MSB:Fish:43490",1999,10,11,"MSB 43490-5","JAR8746F","BP","CLW","06-26-2025",FALSE,60,51,2094,"control","control_1991-2000",35.28302778,-106.5981389,"trem.gold",0
"2859","MSB:Fish:43490",1999,10,11,"MSB 43490-2","JAR8747F","JG","CLW","06-26-2025",NA,61,55,2713,"control","control_1991-2000",35.28302778,-106.5981389,"trem.gold",0
"2860","MSB:Fish:43490",1999,10,11,"MSB 43490-4","JAR8744F","JG","EO CLW","06-26-2025",FALSE,67,54,2031,"control","control_1991-2000",35.28302778,-106.5981389,"trem.gold",0
"2861","MSB:Fish:4384",1978,9,23,"MSB 4384-3","JAR8748F","BP","KL","06-30-2025",FALSE,55,44,1919,"impact","impact_1971-1980",34.905272,-106.685564,"trem.gold",0
"2862","MSB:Fish:4384",1978,9,23,"MSB 4384-4","JAR8752F","EO","GC","06-30-2025",NA,63,49,2458,"impact","impact_1971-1980",34.905272,-106.685564,"trem.gold",0
"2863","MSB:Fish:4384",1978,9,23,"MSB 4384-2","JAR8757F","EO","CW","06-30-2025",NA,64,49,2390,"impact","impact_1971-1980",34.905272,-106.685564,"trem.gold",0
"2864","MSB:Fish:4384",1978,9,23,"MSB 4384-1","JAR8750F","BP","CW","06-30-2025",NA,67,55,3024,"impact","impact_1971-1980",34.905272,-106.685564,"trem.gold",0
"2865","MSB:Fish:4384",1978,9,23,"MSB 4384-5","JAR8756F","BP","KL","06-30-2025",NA,63,51,2594,"impact","impact_1971-1980",34.905272,-106.685564,"trem.gold",0
"2866","MSB:Fish:4423",1978,8,3,"MSB 4423-4","JAR8724F","BP","KL","06-30-2025",NA,44,36,880,"impact","impact_1971-1980",34.905272,-106.685564,"trem.gold",0
"2867","MSB:Fish:4423",1978,8,3,"MSB 4423-1","JAR8758F","EO","GC","06-30-2025",NA,46,37,1128,"impact","impact_1971-1980",34.905272,-106.685564,"trem.gold",0
"2868","MSB:Fish:4423",1978,8,3,"MSB 4423-2","JAR8754F","BP","CW","06-30-2025",NA,49,38,1164,"impact","impact_1971-1980",34.905272,-106.685564,"trem.gold",0
"2869","MSB:Fish:4423",1978,8,3,"MSB 4423-5","JAR8751F","EO","CW","06-30-2025",NA,42,33,832,"impact","impact_1971-1980",34.905272,-106.685564,"trem.gold",0
"2870","MSB:Fish:4423",1978,8,3,"MSB 4423-3","JAR8726F","EO","KL","06-30-2025",NA,47,37,1155,"impact","impact_1971-1980",34.905272,-106.685564,"trem.gold",0
"2871","MSB:Fish:4432",1978,9,8,"MSB 4432-3","JAR8727F","BP","CW","06-30-2025",NA,39,31,570,"control","control_1971-1980",35.239638,-106.587548,"trem.gold",0
"2872","MSB:Fish:4432",1978,9,8,"MSB 4432-1","JAR8759F","BP","JG","06-30-2025",NA,39,30,568,"control","control_1971-1980",35.239638,-106.587548,"trem.gold",0
"2873","MSB:Fish:4432",1978,9,8,"MSB 4432-5","JAR8753F","BP","JG GC","06-30-2025",NA,35,26,360,"control","control_1971-1980",35.239638,-106.587548,"trem.gold",0
"2874","MSB:Fish:4432",1978,9,8,"MSB 4432-4","JAR8729F","EO","CW","06-30-2025",NA,39,29,548,"control","control_1971-1980",35.239638,-106.587548,"trem.gold",0
"2875","MSB:Fish:4432",1978,9,8,"MSB 4432-2","JAR8722F","EO","EO GC","06-30-2025",NA,52,42,1431,"control","control_1971-1980",35.239638,-106.587548,"trem.gold",0
"2876","MSB:Fish:4487",1978,9,29,"MSB 4487-1","JAR8887F","EO","GC","07-03-2025",NA,47,37,1143,"control","control_1971-1980",35.383856,-106.490929,"trem.gold",0
"2877","MSB:Fish:4487",1978,9,29,"MSB 4487-5","JAR8890F","EO","JG GC","07-03-2025",NA,38,30,543,"control","control_1971-1980",35.383856,-106.490929,"trem.gold",0
"2878","MSB:Fish:4487",1978,9,29,"MSB 4487-3","JAR8889F","EO","KL","07-03-2025",NA,46,35,1166,"control","control_1971-1980",35.383856,-106.490929,"trem.gold",0
"2879","MSB:Fish:4487",1978,9,29,"MSB 4487-4","JAR8891F","BP","GC","07-03-2025",NA,36,27,481,"control","control_1971-1980",35.383856,-106.490929,"trem.gold",0
"2880","MSB:Fish:4487",1978,9,29,"MSB 4487-2","JAR8893F","BP","GC","07-03-2025",NA,49,38,1354,"control","control_1971-1980",35.383856,-106.490929,"trem.gold",0
"2881","MSB:Fish:4984",1978,9,5,"MSB 4984-3","JAR8640F","EO","CLW","06-23-2025",NA,38,29,504,"impact","impact_1971-1980",35.196977,-106.642444,"trem.gold",0
"2882","MSB:Fish:4984",1978,9,5,"MSB 4984-4","JAR8642F","JG","KL","06-23-2025",NA,32,25,338,"impact","impact_1971-1980",35.196977,-106.642444,"trem.gold",0
"2883","MSB:Fish:4984",1978,9,5,"MSB 4984-5","JAR8644F","BP","CW","06-23-2025",NA,32,24,341,"impact","impact_1971-1980",35.196977,-106.642444,"trem.gold",0
"2884","MSB:Fish:4984",1978,9,5,"MSB 4984-2","JAR8662F","BP","CLW","06-23-2025",NA,38,30,541,"impact","impact_1971-1980",35.196977,-106.642444,"trem.gold",0
"2885","MSB:Fish:4984",1978,9,5,"MSB 4984-1","JAR8660F","EO","CLW","06-23-2025",NA,39,30,621,"impact","impact_1971-1980",35.196977,-106.642444,"trem.gold",0
"2886","MSB:Fish:4987",1977,7,6,"MSB 4987-5","JAR8788F","JG","GC","07-01-2025",NA,40,33,672,"control","control_1971-1980",35.232431,-106.594272,"trem.gold",0
"2887","MSB:Fish:4987",1977,7,6,"MSB 4987-1","JAR8849F","JG","KL","07-01-2025",NA,52,40,1450,"control","control_1971-1980",35.232431,-106.594272,"trem.gold",0
"2888","MSB:Fish:4987",1977,7,6,"MSB 4987-3","JAR8851F","JG","KL","07-01-2025",NA,47,37,1297,"control","control_1971-1980",35.232431,-106.594272,"trem.gold",0
"2889","MSB:Fish:4987",1977,7,6,"MSB 4987-2","JAR8790F","EO","JG KL","07-01-2025",NA,54,44,1436,"control","control_1971-1980",35.232431,-106.594272,"trem.gold",0
"2890","MSB:Fish:4987",1977,7,6,"MSB 4987-4","JAR8853F","EO","BP","07-01-2025",NA,47,37,1163,"control","control_1971-1980",35.232431,-106.594272,"trem.gold",0
"2891","MSB:Fish:49970",1994,5,5,"MSB 49970-1","JAR8641F","EO","CLW","06-20-2025",NA,66,52,2386,"control","control_1991-2000",35.28302778,-106.5981389,"trem.gold",0
"2892","MSB:Fish:49970",1994,5,5,"MSB 49970-5","JAR8646F","EO","EO KL","06-20-2025",NA,64,51,2231,"control","control_1991-2000",35.28302778,-106.5981389,"trem.gold",0
"2893","MSB:Fish:49970",1994,5,5,"MSB 49970-3","JAR8645F","EO","KL BP CW","06-20-2025",NA,69,55,2817,"control","control_1991-2000",35.28302778,-106.5981389,"trem.gold",0
"2894","MSB:Fish:49970",1994,5,5,"MSB 49970-4","JAR8648F","JG","KL","06-20-2025",FALSE,65,53,2749,"control","control_1991-2000",35.28302778,-106.5981389,"trem.gold",0
"2895","MSB:Fish:49970",1994,5,5,"MSB 49970-2","JAR8643F","JG","CW JG","06-20-2025",NA,63,52,2230,"control","control_1991-2000",35.28302778,-106.5981389,"trem.gold",0
"2896","MSB:Fish:5263",1986,8,12,"MSB 5263-1","JAR8856F","BP","GC","07-02-2025",NA,36,29,497,"control","control_1981-1990",35.28302778,-106.5981389,"trem.gold",0
"2897","MSB:Fish:5263",1986,8,12,"MSB 5263-4","JAR8857F","BP","KL","07-02-2025",NA,35,27,407,"control","control_1981-1990",35.28302778,-106.5981389,"trem.gold",0
"2898","MSB:Fish:5263",1986,8,12,"MSB 5263-2","JAR8861F","BP","CW","07-02-2025",NA,36,29,462,"control","control_1981-1990",35.28302778,-106.5981389,"trem.gold",0
"2899","MSB:Fish:5263",1986,8,12,"MSB 5263-3","JAR8855F","BP","CW","07-02-2025",NA,35,31,653,"control","control_1981-1990",35.28302778,-106.5981389,"trem.gold",0
"2900","MSB:Fish:5263",1986,8,12,"MSB 5263-5","JAR8859F","BP","BP EO","07-02-2025",NA,36,29,444,"control","control_1981-1990",35.28302778,-106.5981389,"trem.gold",0
"2901","MSB:Fish:5814",1987,9,10,"MSB 5814-1","JAR8631F","KL","KL","06-16-2025",NA,66,52,2223,"impact","impact_1981-1990",34.905272,-106.685564,"trem.gold",0
"2902","MSB:Fish:5814",1987,9,10,"MSB 5814-2","JAR8634F","JG","CW","06-17-2025",NA,55,47,1856,"impact","impact_1981-1990",34.905272,-106.685564,"trem.gold",0
"2903","MSB:Fish:5814",1987,9,10,"MSB 5814-3","JAR8630F","EO","CLW CW","06-18-2025",NA,67,52,2759,"impact","impact_1981-1990",34.905272,-106.685564,"trem.gold",1
"2904","MSB:Fish:5814",1987,9,10,"MSB 5814-5","JAR8636F","JG","KL","06-19-2025",NA,85,68,5700,"impact","impact_1981-1990",34.905272,-106.685564,"trem.gold",0
"2905","MSB:Fish:5814",1987,9,10,"MSB 5814-4","JAR8633F","EO","KL","06-16-2025",NA,52,41,1282,"impact","impact_1981-1990",34.905272,-106.685564,"trem.gold",0
"2906","MSB:Fish:5825",1987,9,10,"MSB 5825-4","JAR8663F","BP","EO CW","06-18-2025",NA,63,49,2591,"impact","impact_1981-1990",34.875039,-106.717581,"trem.gold",0
"2907","MSB:Fish:5825",1987,9,10,"MSB 5825-3","JAR8661F","BP","CLW KL","06-18-2025",NA,77,62,4671,"impact","impact_1981-1990",34.875039,-106.717581,"trem.gold",0
"2908","MSB:Fish:5825",1987,9,10,"MSB 5825-5","JAR8639F","BP","CW","06-18-2025",NA,52,42,1542,"impact","impact_1981-1990",34.875039,-106.717581,"trem.gold",0
"2909","MSB:Fish:5825",1987,9,10,"MSB 5825-2","JAR8659F","BP","CW","06-18-2025",NA,54,42,1606,"impact","impact_1981-1990",34.875039,-106.717581,"trem.gold",0
"2910","MSB:Fish:5825",1987,9,10,"MSB 5825-1","JAR8657F","BP","BP KL","06-18-2025",FALSE,59,47,2305,"impact","impact_1981-1990",34.875039,-106.717581,"trem.gold",0
"2911","MSB:Fish:68463",1984,8,15,"MSB 68463-1","JAR8864F","BP","GC","07-02-2025",NA,37,30,505,"impact","impact_1981-1990",35.089293,-106.680842,"trem.gold",0
"2912","MSB:Fish:68463",1984,8,15,"MSB 68463-4","JAR8870F","BP","CW","07-02-2025",NA,42,34,485,"impact","impact_1981-1990",35.089293,-106.680842,"trem.gold",0
"2913","MSB:Fish:68463",1984,8,15,"MSB 68463-3","JAR8868F","BP","CW","07-02-2025",NA,36,27,313,"impact","impact_1981-1990",35.089293,-106.680842,"trem.gold",0
"2914","MSB:Fish:68463",1984,8,15,"MSB 68463-5","JAR8860F","BP","GC","07-02-2025",NA,35,27,398,"impact","impact_1981-1990",35.089293,-106.680842,"trem.gold",0
"2915","MSB:Fish:68463",1984,8,15,"MSB 68463-2","JAR8866F","BP","CW","07-02-2025",NA,48,37,950,"impact","impact_1981-1990",35.089293,-106.680842,"trem.gold",0
"2916","MSB:Fish:68501",1984,8,15,"MSB 68501-4","JAR8787F","JG","CW","07-01-2025",NA,79,64,4731,"control","control_1981-1990",35.225523,-106.597651,"trem.gold",0
"2917","MSB:Fish:68501",1984,8,15,"MSB 68501-3","JAR8785F","JG","KL","07-01-2025",NA,36,29,472,"control","control_1981-1990",35.225523,-106.597651,"trem.gold",0
"2918","MSB:Fish:68501",1984,8,15,"MSB 68501-5","JAR8789F","JG","CW","07-01-2025",NA,72,60,3973,"control","control_1981-1990",35.225523,-106.597651,"trem.gold",0
"2919","MSB:Fish:68501",1984,8,15,"MSB 68501-2","JAR8783F","JG","KL","07-01-2025",NA,37,29,513,"control","control_1981-1990",35.225523,-106.597651,"trem.gold",0
"2920","MSB:Fish:68501",1984,8,15,"MSB 68501-1","JAR8786F","JG","GC","07-01-2025",NA,35,26,349,"control","control_1981-1990",35.225523,-106.597651,"trem.gold",0
"2921","MSB:Fish:68513",1984,8,16,"MSB 68513-4","JAR8896F","EO","CW","07-03-2025",NA,41,32,638,"control","control_1981-1990",35.211416,-106.612833,"trem.gold",0
"2922","MSB:Fish:68513",1984,8,16,"MSB 68513-2","JAR8897F","EO","KL","07-03-2025",NA,47,36,941,"control","control_1981-1990",35.211416,-106.612833,"trem.gold",0
"2923","MSB:Fish:68513",1984,8,16,"MSB 68513-1","JAR8895F","BP","GC","07-03-2025",NA,44,34,769,"control","control_1981-1990",35.211416,-106.612833,"trem.gold",0
"2924","MSB:Fish:68513",1984,8,16,"MSB 68513-5","JAR8901F","EO","BP","07-03-2025",NA,40,31,606,"control","control_1981-1990",35.211416,-106.612833,"trem.gold",1
"2925","MSB:Fish:68513",1984,8,16,"MSB 68513-3","JAR8899F","BP","CW","07-03-2025",NA,37,27,397,"control","control_1981-1990",35.211416,-106.612833,"trem.gold",0
"2926","MSB:Fish:68528",1984,8,16,"MSB 68528-1","JAR8731F","EO","KL","06-25-2025",NA,69,55,3206,"control","control_1981-1990",35.322164,-106.557448,"trem.gold",0
"2927","MSB:Fish:68528",1984,8,16,"MSB 68528-5","JAR8733F","BP","CLW","06-25-2025",NA,47,37,1014,"control","control_1981-1990",35.322164,-106.557448,"trem.gold",0
"2928","MSB:Fish:68528",1984,8,16,"MSB 68528-2","JAR8728F","EO","KL","06-25-2025",FALSE,72,57,2986,"control","control_1981-1990",35.322164,-106.557448,"trem.gold",0
"2929","MSB:Fish:68528",1984,8,16,"MSB 68528-3","JAR8732F","BP","JG CW","06-25-2025",NA,67,53,2767,"control","control_1981-1990",35.322164,-106.557448,"trem.gold",0
"2930","MSB:Fish:68528",1984,8,16,"MSB 68528-4","JAR8730F","EO","KL","06-25-2025",NA,68,55,2391,"control","control_1981-1990",35.322164,-106.557448,"trem.gold",0
"2931","MSB:Fish:7593",1988,5,25,"MSB 7593-2","JAR8705F","EO","JG CW","06-24-2025",NA,64,50,2324,"impact","impact_1981-1990",34.905272,-106.685564,"trem.gold",0
"2932","MSB:Fish:7593",1988,5,25,"MSB 7593-5","JAR8709F","BP","BP CLW","06-24-2025",NA,62,51,2400,"impact","impact_1981-1990",34.905272,-106.685564,"trem.gold",0
"2933","MSB:Fish:7593",1988,5,25,"MSB 7593-4","JAR8707F","EO","BP KL","06-24-2025",FALSE,61,48,1922,"impact","impact_1981-1990",34.905272,-106.685564,"trem.gold",0
"2934","MSB:Fish:7593",1988,5,25,"MSB 7593-3","JAR8706F","BP","BP KL","06-24-2025",FALSE,58,45,2248,"impact","impact_1981-1990",34.905272,-106.685564,"trem.gold",0
"2935","MSB:Fish:7593",1988,5,25,"MSB 7593-1","JAR8704F","BP","KL","06-24-2025",FALSE,64,50,3600,"impact","impact_1981-1990",34.905272,-106.685564,"trem.gold",0
"2936","MSB:Fish:7788",1988,5,25,"MSB 7788-2","JAR8769F","BP","KL","06-30-2025",NA,69,53,2804,"control","control_1981-1990",35.322164,-106.557448,"trem.gold",0
"2937","MSB:Fish:7788",2988,5,25,"MSB 7788-4","JAR8764F","BP","BP","06-30-2025",NA,56,45,1819,"control","control_1981-1990",35.322164,-106.557448,"trem.gold",0
"2938","MSB:Fish:7788",1988,5,25,"MSB 7788-3","JAR8767F","EO","KL","06-30-2025",NA,69,55,3017,"control","control_1981-1990",35.322164,-106.557448,"trem.gold",0
"2939","MSB:Fish:7788",1988,5,25,"MSB 7788-1","JAR8763F","EO","KL","06-30-2025",NA,64,51,2418,"control","control_1981-1990",35.322164,-106.557448,"trem.gold",0
"2940","MSB:Fish:7788",1988,5,25,"MSB 7788-5","JAR8762F","EO","KL","06-30-2025",NA,60,47,2139,"control","control_1981-1990",35.322164,-106.557448,"trem.gold",0
"2941","MSB:Fish:1129",1959,2,20,"MSB 1129-5","JAR8672F","JG","CW","06-20-2025",NA,40,32,383,"control","control_1951-1960",35.350556,-106.535497,"trem.l",0
"2942","MSB:Fish:1129",1959,2,20,"MSB 1129-2","JAR8674F","EO","CLW","06-20-2025",NA,46,34,697,"control","control_1951-1960",35.350556,-106.535497,"trem.l",0
"2943","MSB:Fish:1129",1959,2,20,"MSB 1129-1","JAR8668F","JG","KL","06-20-2025",NA,41,33,519,"control","control_1951-1960",35.350556,-106.535497,"trem.l",0
"2944","MSB:Fish:1129",1959,2,20,"MSB 1129-4","JAR8671F","EO","JG KL","06-20-2025",NA,41,31,580,"control","control_1951-1960",35.350556,-106.535497,"trem.l",0
"2945","MSB:Fish:1129",1959,2,20,"MSB 1129-3","JAR8673F","JG","CW","06-20-2025",NA,43,36,659,"control","control_1951-1960",35.350556,-106.535497,"trem.l",0
"2946","MSB:Fish:1130",1949,10,29,"MSB 1130-5","JAR8701F","EO","KL","06-24-2025",NA,57,48,2022,"impact","impact_1941-1950",34.87537,-106.717837,"trem.l",0
"2947","MSB:Fish:1130",1949,10,29,"MSB 1130-3","JAR8697F","JG","JG CW","06-24-2025",NA,61,49,1811,"impact","impact_1941-1950",34.87537,-106.717837,"trem.l",0
"2948","MSB:Fish:1130",1949,10,29,"MSB 1130-4","JAR8699F","BP","CLW","06-24-2025",NA,62,47,2068,"impact","impact_1941-1950",34.87537,-106.717837,"trem.l",0
"2949","MSB:Fish:1130",1949,10,29,"MSB 1130-1","JAR8690F","JG","JG KL","06-24-2025",FALSE,71,58,3286,"impact","impact_1941-1950",34.87537,-106.717837,"trem.l",0
"2950","MSB:Fish:1130",1949,10,29,"MSB 1130-2","JAR8695F","BP","KL","06-24-2025",FALSE,68,54,3151,"impact","impact_1941-1950",34.87537,-106.717837,"trem.l",0
"2951","MSB:Fish:1131",1959,2,24,"MSB 1131-5","JAR8682F","BP","KL","06-23-2025",NA,53,44,1289,"impact","impact_1951-1960",34.987044,-106.690293,"trem.l",0
"2952","MSB:Fish:1131",1959,2,24,"MSB 1131-2","JAR8689F","EO","CW","06-23-2025",NA,60,47,1798,"impact","impact_1951-1960",34.987044,-106.690293,"trem.l",0
"2953","MSB:Fish:1131",1959,2,24,"MSB 1131-3","JAR8693F","BP","CW","06-23-2025",FALSE,54,44,1280,"impact","impact_1951-1960",34.987044,-106.690293,"trem.l",0
"2954","MSB:Fish:1131",1959,2,24,"MSB 1131-4","JAR8680F","EO","KL","06-23-2025",NA,52,43,1316,"impact","impact_1951-1960",34.987044,-106.690293,"trem.l",0
"2955","MSB:Fish:1131",1959,2,24,"MSB 1131-2","JAR8691F","JG","CLW","06-23-2025",NA,63,51,1849,"impact","impact_1951-1960",34.987044,-106.690293,"trem.l",0
"2956","MSB:Fish:1132",1947,10,25,"MSB 1132-1","JAR8684F","JG","CW","06-23-2025",NA,71,58,3310,"control","control_1941-1950",35.380629,-106.503529,"trem.l",0
"2957","MSB:Fish:1132",1947,10,25,"MSB 1132-4","JAR8694F","JG","KL","06-23-2025",NA,63,54,2744,"control","control_1941-1950",35.380629,-106.503529,"trem.l",0
"2958","MSB:Fish:1132",2947,10,25,"MSB 1132-5","JAR8692F","JG","CW","06-23-2025",NA,61,49,1975,"control","control_1941-1950",35.380629,-106.503529,"trem.l",0
"2959","MSB:Fish:1132",1947,10,25,"MSB 1132-3","JAR8688F","JG","CLW","06-23-2025",NA,77,64,4621,"control","control_1941-1950",35.380629,-106.503529,"trem.l",0
"2960","MSB:Fish:1132",1947,10,25,"MSB 1132-2","JAR8686F","JG","CW","06-23-2025",NA,73,62,3934,"control","control_1941-1950",35.380629,-106.503529,"trem.l",0
"2961","MSB:Fish:1149",1939,2,26,"MSB 1149-1","JAR8871F","JG","GC","07-02-2025",NA,55,45,1360,"impact","impact_1931-1940",35.100259,-106.692107,"trem.l",0
"2962","MSB:Fish:1149",1939,2,26,"MSB 1149-5","JAR8872F","EO","KL","07-02-2025",FALSE,76,57,3276,"impact","impact_1931-1940",35.100259,-106.692107,"trem.l",0
"2963","MSB:Fish:1149",1939,2,26,"MSB 1149-3","JAR8875F","EO","EO KL","07-02-2025",NA,61,47,1795,"impact","impact_1931-1940",35.100259,-106.692107,"trem.l",0
"2964","MSB:Fish:1149",1939,2,26,"MSB 1149-4","JAR8877F","JG","CW","07-02-2025",NA,57,45,1435,"impact","impact_1931-1940",35.100259,-106.692107,"trem.l",0
"2965","MSB:Fish:1149",1939,2,26,"MSB 1149-2","JAR8873F","JG","GC","07-02-2025",FALSE,64,52,2298,"impact","impact_1931-1940",35.100259,-106.692107,"trem.l",0
"2966","MSB:Fish:1150",1939,6,9,"MSB 1150-3","JAR8712F","BP","CW","06-24-2025",FALSE,71,54,4462,"impact","impact_1931-1940",34.906619,-106.685289,"trem.l",0
"2967","MSB:Fish:1150",1939,6,9,"MSB 1150-1","JAR8708F","BP","KL","06-24-2025",NA,63,50,2550,"impact","impact_1931-1940",34.906619,-106.685289,"trem.l",0
"2968","MSB:Fish:1150",1939,6,9,"MSB 1150-2","JAR8714F","JG","CLW","06-24-2025",FALSE,72,61,4536,"impact","impact_1931-1940",34.906619,-106.685289,"trem.l",0
"2969","MSB:Fish:1150",1939,6,9,"MSB 1150-5","JAR8710F","BP","CW","06-24-2025",FALSE,60,49,2576,"impact","impact_1931-1940",34.906619,-106.685289,"trem.l",0
"2970","MSB:Fish:1150",1939,6,9,"MSB 1150-4","JAR8716F","JG","KL","06-24-2025",FALSE,65,53,3213,"impact","impact_1931-1940",34.906619,-106.685289,"trem.l",0
"2971","MSB:Fish:1154",1949,10,21,"MSB 1154-4","JAR8770F","EO","CW","06-30-2025",NA,54,43,1207,"impact","impact_1941-1950",34.929201,-106.681499,"trem.l",0
"2972","MSB:Fish:1154",1949,10,21,"MSB 1154-2","JAR8773F","EO","KL","06-30-2025",FALSE,66,52,2229,"impact","impact_1941-1950",34.929201,-106.681499,"trem.l",0
"2973","MSB:Fish:1154",1949,10,21,"MSB 1154-3","JAR8768","BP","BP","06-30-2025",NA,60,48,1790,"impact","impact_1941-1950",34.929201,-106.681499,"trem.l",0
"2974","MSB:Fish:1154",1949,10,21,"MSB 1154-5","JAR8772F","BP","BP","06-30-2025",FALSE,44,34,644,"impact","impact_1941-1950",34.929201,-106.681499,"trem.l",0
"2975","MSB:Fish:1154",1949,10,21,"MSB 1154-1","JAR8771F","BP","EO GC CW","06-30-2025",NA,65,51,2430,"impact","impact_1941-1950",34.929201,-106.681499,"trem.l",0
"2976","MSB:Fish:1155",1943,6,23,"MSB 1155-3","JAR8685F","BP","CW","06-23-2025",NA,69,56,3145,"control","control_1941-1950",35.322418,-106.557971,"trem.l",0
"2977","MSB:Fish:1155",1943,6,23,"MSB 1155-4","JAR8683F","EO","BP KL","06-23-2025",FALSE,54,45,1684,"control","control_1941-1950",35.322418,-106.557971,"trem.l",0
"2978","MSB:Fish:1155",2943,6,23,"MSB1155-1","JAR8679F","BP","BP CW KL","06-23-2025",NA,62,50,2170,"control","control_1941-1950",35.322418,-106.557971,"trem.l",0
"2979","MSB:Fish:1155",1943,6,23,"MSB 1155-5","JAR8687F","EO","KL","06-23-2025",NA,53,45,1706,"control","control_1941-1950",35.322418,-106.557971,"trem.l",0
"2980","MSB:Fish:1155",1943,6,23,"MSB 1155-2","JAR8681F","EO","KL","06-23-2025",NA,63,50,2536,"control","control_1941-1950",35.322418,-106.557971,"trem.l",0
"2981","MSB:Fish:1160",1939,1,28,"MSB 1160-3","JAR8784F","JG","CW","07-01-2025",NA,51,42,1253,"impact","impact_1931-1940",35.100259,-106.692107,"trem.l",0
"2982","MSB:Fish:1160",1939,1,28,"MSB 1160-2","JAR8779","JG","EO GC","07-01-2025",NA,48,38,800,"impact","impact_1931-1940",35.100259,-106.692107,"trem.l",0
"2983","MSB:Fish:1160",1939,1,28,"MSB 1160-1","JAR8781F","JG","GC","07-01-2025",NA,51,43,1112,"impact","impact_1931-1940",35.100259,-106.692107,"trem.l",0
"2984","MSB:Fish:1160",1939,1,28,"MSB 1160-4","JAR8780F","JG","GC","07-01-2025",FALSE,50,41,1020,"impact","impact_1931-1940",35.100259,-106.692107,"trem.l",0
"2985","MSB:Fish:1160",1939,1,28,"MSB 1160-5","JAR8782F","EO","GC","07-01-2025",NA,51,40,1021,"impact","impact_1931-1940",35.100259,-106.692107,"trem.l",0
"2986","MSB:Fish:19389",1994,5,27,"MSB 19389-1","JAR8874F","JG","JG","07-02-2025",FALSE,56,44,1941,"control","control_1991-2000",35.322164,-106.557448,"trem.l",0
"2987","MSB:Fish:19389",1994,5,27,"MSB 19389-2","JAR8862F","EO","KL","07-02-2025",NA,52,40,1391,"control","control_1991-2000",35.322164,-106.557448,"trem.l",0
"2988","MSB:Fish:19389",1994,5,27,"MSB 19389-5","JAR8878F","BP","CW","07-02-2025",NA,44,35,909,"control","control_1991-2000",35.322164,-106.557448,"trem.l",0
"2989","MSB:Fish:19389",1994,5,27,"MSB 19389-4","JAR8858F","EO","GC","07-02-2025",NA,48,38,1096,"control","control_1991-2000",35.322164,-106.557448,"trem.l",0
"2990","MSB:Fish:19389",1994,5,27,"MSB 19389-3","JAR8876F","JG","KL","07-02-2025",FALSE,55,46,2190,"control","control_1991-2000",35.322164,-106.557448,"trem.l",0
"2991","MSB:Fish:19537",1994,9,16,"MSB 19537-3","JAR8635F","EO","CLW","06-20-2025",NA,59,46,1370,"impact","impact_1991-2000",34.85683333,-106.7208056,"trem.l",0
"2992","MSB:Fish:19537",1994,9,16,"MSB 19537-2","JAR8664F","EO","CW","06-16-2025",NA,58,46,1650,"impact","impact_1991-2000",34.85683333,-106.7208056,"trem.l",0
"2993","MSB:Fish:19537",1994,9,16,"MSB 19537-1","JAR8632F","JG","KL","06-16-2025",NA,54,48,1824,"impact","impact_1991-2000",34.85683333,-106.7208056,"trem.l",0
"2994","MSB:Fish:19537",1994,9,16,"MSB 19537-4","JAR8638F","JG","CLW","06-16-2025",NA,53,44,1183,"impact","impact_1991-2000",34.85683333,-106.7208056,"trem.l",0
"2995","MSB:Fish:19537",1994,9,16,"MSB 19537-5","JAR8637F","EO","CW","06-16-2025",NA,47,38,760,"impact","impact_1991-2000",34.85683333,-106.7208056,"trem.l",0
"2996","MSB:Fish:19688",1994,10,10,"MSB 19688-2","JAR8863F","BP","JG CW","07-02-2025",NA,57,44,1805,"impact","impact_1991-2000",34.85683333,-106.7208056,"trem.l",0
"2997","MSB:Fish:19688",1994,10,10,"MSB 19688-4","JAR8867F","BP","CW","07-02-2025",NA,58,46,1810,"impact","impact_1991-2000",34.85683333,-106.7208056,"trem.l",0
"2998","MSB:Fish:19688",1994,10,10,"MSB 19688-5","JAR8869F","BP","KL","07-02-2025",NA,48,38,993,"impact","impact_1991-2000",34.85683333,-106.7208056,"trem.l",0
"2999","MSB:Fish:19688",1994,10,10,"MSB 19688-1","JAR8886F","BP","JG CW","07-02-2025",NA,65,51,2667,"impact","impact_1991-2000",34.85683333,-106.7208056,"trem.l",0
"3000","MSB:Fish:19688",1994,10,10,"MSB 19688-3","JAR8865F","BP","KL","07-02-2025",FALSE,56,45,2032,"impact","impact_1991-2000",34.85683333,-106.7208056,"trem.l",0
"3001","MSB:Fish:20390",1994,8,11,"MSB 20390-2","JAR8881F","JG","GC","07-02-2025",NA,40,36,923,"impact","impact_1991-2000",34.85683333,-106.7208056,"trem.l",0
"3002","MSB:Fish:20390",1994,8,11,"MSB 20390-3","JAR8880F","JG","EO","07-02-2025",NA,41,33,528,"impact","impact_1991-2000",34.85683333,-106.7208056,"trem.l",0
"3003","MSB:Fish:20390",1994,8,11,"MSB 20390-1","JAR8883F","JG","JG","07-02-2025",NA,53,41,1467,"impact","impact_1991-2000",34.85683333,-106.7208056,"trem.l",0
"3004","MSB:Fish:20390",1994,8,11,"MSB 20390-4","JAR8882F","JG","BP","07-02-2025",NA,49,38,968,"impact","impact_1991-2000",34.85683333,-106.7208056,"trem.l",0
"3005","MSB:Fish:20390",1994,8,11,"MSB 20390-5","JAR8884F","JG","CW","07-02-2025",NA,49,40,1145,"impact","impact_1991-2000",34.85683333,-106.7208056,"trem.l",0
"3006","MSB:Fish:20526",1994,7,27,"MSB 20526-5","JAR8666F","EO","CW","06-20-2025",NA,37,29,510,"impact","impact_1991-2000",34.905272,-106.685564,"trem.l",0
"3007","MSB:Fish:20526",1994,7,27,"MSB 20526-4","JAR8669F","BP","CLW","06-20-2025",NA,34,26,375,"impact","impact_1991-2000",34.905272,-106.685564,"trem.l",0
"3008","MSB:Fish:20526",1994,7,27,"MSB 20526-2","JAR8665F","BP","CW","06-20-2025",NA,37,29,507,"impact","impact_1991-2000",34.905272,-106.685564,"trem.l",0
"3009","MSB:Fish:20526",1994,7,27,"MSB 20526-3","JAR8667F","EO","CLW","06-20-2025",NA,38,30,599,"impact","impact_1991-2000",34.905272,-106.685564,"trem.l",0
"3010","MSB:Fish:20526",1994,7,27,"MSB 20526-1","JAR8647F","EO","KL","06-20-2025",NA,53,44,1498,"impact","impact_1991-2000",34.905272,-106.685564,"trem.l",0
"3011","MSB:Fish:25010",1995,8,2,"MSB 25010-2","JAR8650F","JG","KL","06-16-2025",NA,37,30,475,"control","control_1991-2000",35.28302778,-106.5981389,"trem.l",0
"3012","MSB:Fish:25010",1995,8,2,"MSB 25010-3","JAR8649F","EO","KL","06-16-2025",NA,39,31,531,"control","control_1991-2000",35.28302778,-106.5981389,"trem.l",0
"3013","MSB:Fish:25010",1995,8,2,"MSB 25010-4","JAR8652F","JG","JG CLW","06-16-2025",NA,35,28,503,"control","control_1991-2000",35.28302778,-106.5981389,"trem.l",0
"3014","MSB:Fish:25010",1995,8,2,"MSB 25010-1","JAR8629F","EO","CW","06-16-2025",NA,43,32,743,"control","control_1991-2000",35.28302778,-106.5981389,"trem.l",0
"3015","MSB:Fish:25010",1995,8,2,"MSB 25010-5","JAR8651F","EO","KL","06-16-2025",NA,38,30,494,"control","control_1991-2000",35.28302778,-106.5981389,"trem.l",0
"3016","MSB:Fish:25023",1995,8,2,"MSB 25023-3","JAR8723F","EO","CW","06-25-2025",NA,38,29,422,"impact","impact_1991-2000",35.089293,-106.680842,"trem.l",0
"3017","MSB:Fish:25023",1995,8,2,"MSB 25023-5","JAR8719F","EO","KL","06-25-2025",NA,40,31,571,"impact","impact_1991-2000",35.089293,-106.680842,"trem.l",0
"3018","MSB:Fish:25023",1995,8,2,"MSB 25023-1","JAR8720F","EO","JG EO KL","06-25-2025",NA,39,30,586,"impact","impact_1991-2000",35.089293,-106.680842,"trem.l",0
"3019","MSB:Fish:25023",1995,8,2,"MSB 25023-2","JAR8725F","EO","KL","06-25-2025",NA,36,29,560,"impact","impact_1991-2000",35.089293,-106.680842,"trem.l",0
"3020","MSB:Fish:25023",1995,8,2,"MSB 25023-4","JAR8721F","EO","CW","06-25-2025",NA,37,29,524,"impact","impact_1991-2000",35.089293,-106.680842,"trem.l",0
"3021","MSB:Fish:30075",1996,4,10,"MSB 30075-4","JAR8775F","EO","GC","06-30-2025",NA,63,49,2305,"impact","impact_1991-2000",35.13539167,-106.6684167,"trem.l",1
"3022","MSB:Fish:30075",1996,4,10,"MSB 30075-5","JAR8776","EO","EO KL ","06-30-2025",FALSE,68,54,3090,"impact","impact_1991-2000",35.13539167,-106.6684167,"trem.l",0
"3023","MSB:Fish:30075",1996,4,10,"MSB 30075-3","JAR8774F","JG","GC","06-30-2025",NA,57,46,1641,"impact","impact_1991-2000",35.13539167,-106.6684167,"trem.l",0
"3024","MSB:Fish:30075",1996,4,10,"MSB 30075-1","JAR8777F","JG","KL","06-30-2025",FALSE,55,45,1416,"impact","impact_1991-2000",35.13539167,-106.6684167,"trem.l",0
"3025","MSB:Fish:30075",1996,4,10,"MSB 30075-2","JAR8778F","EO","CW","06-30-2025",NA,70,57,3072,"impact","impact_1991-2000",35.13539167,-106.6684167,"trem.l",0
"3026","MSB:Fish:30282",1996,5,16,"MSB 30282-2","JAR8653F","EO","CW","06-23-2025",NA,64,50,2621,"control","control_1991-2000",35.322164,-106.557448,"trem.l",0
"3027","MSB:Fish:30282",1996,5,16,"MSB 20282-5","JAR8655F","JG","CLW","06-23-2025",NA,72,59,3808,"control","control_1991-2000",35.322164,-106.557448,"trem.l",0
"3028","MSB:Fish:30282",1996,5,16,"MSB 30282-1","JAR8654F","JG","CLW","06-23-2025",NA,58,49,2054,"control","control_1991-2000",35.322164,-106.557448,"trem.l",0
"3029","MSB:Fish:30282",1996,5,16,"MSB 30282-3","JAR8656F","EO","KL","06-23-2025",NA,71,56,3863,"control","control_1991-2000",35.322164,-106.557448,"trem.l",0
"3030","MSB:Fish:30282",1996,5,16,"MSB 30282-4","JAR8658F","BP","JG KL","06-23-2025",FALSE,58,46,1814,"control","control_1991-2000",35.322164,-106.557448,"trem.l",0
"3031","MSB:Fish:30410",1996,6,28,"MSB 30410-2","JAR8742F","BP","CW","06-25-2025",FALSE,66,53,3676,"impact","impact_1991-2000",34.85683333,-106.7208056,"trem.l",0
"3032","MSB:Fish:30410",1996,6,28,"MSB 30410-3","JAR8740F","BP","KL","06-25-2025",FALSE,74,59,4025,"impact","impact_1991-2000",34.85683333,-106.7208056,"trem.l",0
"3033","MSB:Fish:30410",1996,6,28,"MSB 30410-5","JAR8743F","BP","BP CW ","06-25-2025",NA,69,58,2424,"impact","impact_1991-2000",34.85683333,-106.7208056,"trem.l",0
"3034","MSB:Fish:30410",1996,6,28,"MSB 30410-1","JAR8736F","BP","CLW","06-25-2025",FALSE,72,59,NA,"impact","impact_1991-2000",34.85683333,-106.7208056,"trem.l",0
"3035","MSB:Fish:30410",1996,6,28,"MSB 30410-4","JAR8738F","JG","CLW","06-25-2025",FALSE,75,61,4376,"impact","impact_1991-2000",34.85683333,-106.7208056,"trem.l",0
"3036","MSB:Fish:30810",1996,2,7,"MSB 30810-3","JAR8737F","EO","KL","06-25-2026",FALSE,55,43,1306,"impact","impact_1991-2000",35.089293,-106.680842,"trem.l",0
"3037","MSB:Fish:30810",1996,2,7,"MSB 30810-2","JAR8735F","BP","JG KL","06-25-2025",FALSE,59,48,1673,"impact","impact_1991-2000",35.089293,-106.680842,"trem.l",0
"3038","MSB:Fish:30810",1996,2,7,"MSB 30810-4","JAR8739F","BP","CW","06-25-2026",NA,66,52,2148,"impact","impact_1991-2000",35.089293,-106.680842,"trem.l",0
"3039","MSB:Fish:30810",1996,2,7,"MSB 30910-1","JAR8734F","EO","CW","06-25-2025",NA,68,54,2437,"impact","impact_1991-2000",35.089293,-106.680842,"trem.l",0
"3040","MSB:Fish:30810",1996,2,7,"MSB 30810-5","JAR8741F","BP","CW","06-25-2025",NA,63,52,2142,"impact","impact_1991-2000",35.089293,-106.680842,"trem.l",0
"3041","MSB:Fish:39103",1997,10,15,"MSB 39103-1","JAR8670F","BP","JG KL","06-23-2025",NA,57,53,2560,"control","control_1991-2000",35.28302778,-106.5981389,"trem.l",0
"3042","MSB:Fish:39103",1997,10,15,"MSB 39103-3","JAR8675F","BP","KL","06-23-2025",NA,61,47,2132,"control","control_1991-2000",35.28302778,-106.5981389,"trem.l",0
"3043","MSB:Fish:39103",1997,10,15,"MSB 39103-5","JAR8678F","EO","CW","06-23-2025",NA,60,47,2006,"control","control_1991-2000",35.28302778,-106.5981389,"trem.l",0
"3044","MSB:Fish:39103",2997,10,15,"MSB 39103-4","JAR8676F","EO","EO CLW","06-23-2025",NA,69,54,3110,"control","control_1991-2000",35.28302778,-106.5981389,"trem.l",0
"3045","MSB:Fish:39103",1997,10,15,"MSB 39103-2","JAR8677F","JG","KL","06-23-2025",NA,69,56,3012,"control","control_1991-2000",35.28302778,-106.5981389,"trem.l",0
"3046","MSB:Fish:3966",1977,9,28,"MSB 3966-5","JAR8879F","JG","CW","07-02-2025",NA,51,41,1353,"impact","impact_1971-1980",35.134883,-106.690838,"trem.l",0
"3047","MSB:Fish:3966",1977,9,28,"MSB 3966-3","JAR8894F","JG","GC","07-02-2025",NA,50,39,1164,"impact","impact_1971-1980",35.134883,-106.690838,"trem.l",0
"3048","MSB:Fish:3966",1977,9,28,"MSB 3966-1","JAR8888F","JG","KL","07-02-2025",NA,55,44,1530,"impact","impact_1971-1980",35.134883,-106.690838,"trem.l",0
"3049","MSB:Fish:3966",1977,9,28,"MSB 3966-4","JAR8885F","JG","GC","07-02-2025",NA,57,47,2076,"impact","impact_1971-1980",35.134883,-106.690838,"trem.l",0
"3050","MSB:Fish:3966",1977,9,28,"MSB 3966-2","JAR8892F","JG","CW","07-02-2025",NA,38,30,477,"impact","impact_1971-1980",35.134883,-106.690838,"trem.l",0
"3051","MSB:Fish:4096",1978,9,5,"MSB 4096-1","JAR8718F","BP","KL","06-24-2025",NA,44,36,1043,"impact","impact_1971-1980",35.10625,-106.692633,"trem.l",0
"3052","MSB:Fish:4096",1978,9,5,"MSB 4096-5","JAR8715F","BP","KL","06-24-2025",NA,41,33,774,"impact","impact_1971-1980",35.10625,-106.692633,"trem.l",0
"3053","MSB:Fish:4096",1978,9,5,"MSB 4096-3","JAR8713F","BP","EO CW","06-24-2025",FALSE,49,39,1118,"impact","impact_1971-1980",35.10625,-106.692633,"trem.l",0
"3054","MSB:Fish:4096",1978,9,5,"MSB 4096-4","JAR8717F","EO","CW","06-24-2025",NA,45,35,856,"impact","impact_1971-1980",35.10625,-106.692633,"trem.l",0
"3055","MSB:Fish:4096",1978,9,5,"MSB 4096-2","JAR8711F","EO","CW","06-24-2025",NA,44,34,903,"impact","impact_1971-1980",35.10625,-106.692633,"trem.l",0
"3056","MSB:Fish:4161",1977,8,5,"MSB 4161-3","JAR8700F","BP","CW","06-24-2025",NA,39,29,511,"impact","impact_1971-1980",34.905272,-106.685564,"trem.l",0
"3057","MSB:Fish:4161",1977,8,5,"MSB 4161-4","JAR8702F","JG","CLW","06-24-2025",NA,41,31,632,"impact","impact_1971-1980",34.905272,-106.685564,"trem.l",0
"3058","MSB:Fish:4161",1977,8,5,"MSB 4161-5","JAR8703F","JG","CLW","06-24-2025",NA,36,29,444,"impact","impact_1971-1980",34.905272,-106.685564,"trem.l",0
"3059","MSB:Fish:4161",1977,8,5,"MSB 4161-1","JAR8696F","JG","KL","06-24-2025",NA,53,43,1166,"impact","impact_1971-1980",34.905272,-106.685564,"trem.l",0
"3060","MSB:Fish:4161",1977,8,5,"MSB 4161-2","JAR8698F","JG","JG KL","06-24-2025",NA,44,35,753,"impact","impact_1971-1980",34.905272,-106.685564,"trem.l",0
"3061","MSB:Fish:4206",1978,9,8,"MSB 4206-3","JAR8847F","EO","KL","07-01-2025",NA,39,30,567,"control","control_1971-1980",35.256141,-106.596281,"trem.l",0
"3062","MSB:Fish:4206",1978,9,8,"MSB 4206-1","JAR8848F","EO","JG KL","07-01-2025",NA,43,33,739,"control","control_1971-1980",35.256141,-106.596281,"trem.l",0
"3063","MSB:Fish:4206",1978,9,8,"MSB 4206-4","JAR8852F","EO","GC","07-01-2025",NA,37,29,503,"control","control_1971-1980",35.256141,-106.596281,"trem.l",0
"3064","MSB:Fish:4206",1978,9,8,"MSB 4206-2","JAR8850F","EO","CW","07-01-2025",NA,40,31,665,"control","control_1971-1980",35.256141,-106.596281,"trem.l",0
"3065","MSB:Fish:4206",1978,9,8,"MSB 4206-5","JAR8854F","EO","JG KL","07-01-2025",NA,36,29,433,"control","control_1971-1980",35.256141,-106.596281,"trem.l",0
"3066","MSB:Fish:43490",1999,10,11,"MSB 43490-1","JAR8745F","BP","CW","06-26-2025",NA,72,57,3244,"control","control_1991-2000",35.28302778,-106.5981389,"trem.l",0
"3067","MSB:Fish:43490",1999,10,11,"MSB 43490-3","JAR8749F","BP","CLW","06-26-2025",FALSE,61,49,2200,"control","control_1991-2000",35.28302778,-106.5981389,"trem.l",0
"3068","MSB:Fish:43490",1999,10,11,"MSB 43490-5","JAR8746F","BP","CLW","06-26-2025",FALSE,60,51,2094,"control","control_1991-2000",35.28302778,-106.5981389,"trem.l",0
"3069","MSB:Fish:43490",1999,10,11,"MSB 43490-2","JAR8747F","JG","CLW","06-26-2025",NA,61,55,2713,"control","control_1991-2000",35.28302778,-106.5981389,"trem.l",0
"3070","MSB:Fish:43490",1999,10,11,"MSB 43490-4","JAR8744F","JG","EO CLW","06-26-2025",FALSE,67,54,2031,"control","control_1991-2000",35.28302778,-106.5981389,"trem.l",0
"3071","MSB:Fish:4384",1978,9,23,"MSB 4384-3","JAR8748F","BP","KL","06-30-2025",FALSE,55,44,1919,"impact","impact_1971-1980",34.905272,-106.685564,"trem.l",0
"3072","MSB:Fish:4384",1978,9,23,"MSB 4384-4","JAR8752F","EO","GC","06-30-2025",NA,63,49,2458,"impact","impact_1971-1980",34.905272,-106.685564,"trem.l",0
"3073","MSB:Fish:4384",1978,9,23,"MSB 4384-2","JAR8757F","EO","CW","06-30-2025",NA,64,49,2390,"impact","impact_1971-1980",34.905272,-106.685564,"trem.l",0
"3074","MSB:Fish:4384",1978,9,23,"MSB 4384-1","JAR8750F","BP","CW","06-30-2025",NA,67,55,3024,"impact","impact_1971-1980",34.905272,-106.685564,"trem.l",0
"3075","MSB:Fish:4384",1978,9,23,"MSB 4384-5","JAR8756F","BP","KL","06-30-2025",NA,63,51,2594,"impact","impact_1971-1980",34.905272,-106.685564,"trem.l",0
"3076","MSB:Fish:4423",1978,8,3,"MSB 4423-4","JAR8724F","BP","KL","06-30-2025",NA,44,36,880,"impact","impact_1971-1980",34.905272,-106.685564,"trem.l",0
"3077","MSB:Fish:4423",1978,8,3,"MSB 4423-1","JAR8758F","EO","GC","06-30-2025",NA,46,37,1128,"impact","impact_1971-1980",34.905272,-106.685564,"trem.l",0
"3078","MSB:Fish:4423",1978,8,3,"MSB 4423-2","JAR8754F","BP","CW","06-30-2025",NA,49,38,1164,"impact","impact_1971-1980",34.905272,-106.685564,"trem.l",0
"3079","MSB:Fish:4423",1978,8,3,"MSB 4423-5","JAR8751F","EO","CW","06-30-2025",NA,42,33,832,"impact","impact_1971-1980",34.905272,-106.685564,"trem.l",0
"3080","MSB:Fish:4423",1978,8,3,"MSB 4423-3","JAR8726F","EO","KL","06-30-2025",NA,47,37,1155,"impact","impact_1971-1980",34.905272,-106.685564,"trem.l",0
"3081","MSB:Fish:4432",1978,9,8,"MSB 4432-3","JAR8727F","BP","CW","06-30-2025",NA,39,31,570,"control","control_1971-1980",35.239638,-106.587548,"trem.l",0
"3082","MSB:Fish:4432",1978,9,8,"MSB 4432-1","JAR8759F","BP","JG","06-30-2025",NA,39,30,568,"control","control_1971-1980",35.239638,-106.587548,"trem.l",0
"3083","MSB:Fish:4432",1978,9,8,"MSB 4432-5","JAR8753F","BP","JG GC","06-30-2025",NA,35,26,360,"control","control_1971-1980",35.239638,-106.587548,"trem.l",0
"3084","MSB:Fish:4432",1978,9,8,"MSB 4432-4","JAR8729F","EO","CW","06-30-2025",NA,39,29,548,"control","control_1971-1980",35.239638,-106.587548,"trem.l",0
"3085","MSB:Fish:4432",1978,9,8,"MSB 4432-2","JAR8722F","EO","EO GC","06-30-2025",NA,52,42,1431,"control","control_1971-1980",35.239638,-106.587548,"trem.l",0
"3086","MSB:Fish:4487",1978,9,29,"MSB 4487-1","JAR8887F","EO","GC","07-03-2025",NA,47,37,1143,"control","control_1971-1980",35.383856,-106.490929,"trem.l",0
"3087","MSB:Fish:4487",1978,9,29,"MSB 4487-5","JAR8890F","EO","JG GC","07-03-2025",NA,38,30,543,"control","control_1971-1980",35.383856,-106.490929,"trem.l",0
"3088","MSB:Fish:4487",1978,9,29,"MSB 4487-3","JAR8889F","EO","KL","07-03-2025",NA,46,35,1166,"control","control_1971-1980",35.383856,-106.490929,"trem.l",0
"3089","MSB:Fish:4487",1978,9,29,"MSB 4487-4","JAR8891F","BP","GC","07-03-2025",NA,36,27,481,"control","control_1971-1980",35.383856,-106.490929,"trem.l",0
"3090","MSB:Fish:4487",1978,9,29,"MSB 4487-2","JAR8893F","BP","GC","07-03-2025",NA,49,38,1354,"control","control_1971-1980",35.383856,-106.490929,"trem.l",0
"3091","MSB:Fish:4984",1978,9,5,"MSB 4984-3","JAR8640F","EO","CLW","06-23-2025",NA,38,29,504,"impact","impact_1971-1980",35.196977,-106.642444,"trem.l",0
"3092","MSB:Fish:4984",1978,9,5,"MSB 4984-4","JAR8642F","JG","KL","06-23-2025",NA,32,25,338,"impact","impact_1971-1980",35.196977,-106.642444,"trem.l",0
"3093","MSB:Fish:4984",1978,9,5,"MSB 4984-5","JAR8644F","BP","CW","06-23-2025",NA,32,24,341,"impact","impact_1971-1980",35.196977,-106.642444,"trem.l",0
"3094","MSB:Fish:4984",1978,9,5,"MSB 4984-2","JAR8662F","BP","CLW","06-23-2025",NA,38,30,541,"impact","impact_1971-1980",35.196977,-106.642444,"trem.l",0
"3095","MSB:Fish:4984",1978,9,5,"MSB 4984-1","JAR8660F","EO","CLW","06-23-2025",NA,39,30,621,"impact","impact_1971-1980",35.196977,-106.642444,"trem.l",0
"3096","MSB:Fish:4987",1977,7,6,"MSB 4987-5","JAR8788F","JG","GC","07-01-2025",NA,40,33,672,"control","control_1971-1980",35.232431,-106.594272,"trem.l",0
"3097","MSB:Fish:4987",1977,7,6,"MSB 4987-1","JAR8849F","JG","KL","07-01-2025",NA,52,40,1450,"control","control_1971-1980",35.232431,-106.594272,"trem.l",0
"3098","MSB:Fish:4987",1977,7,6,"MSB 4987-3","JAR8851F","JG","KL","07-01-2025",NA,47,37,1297,"control","control_1971-1980",35.232431,-106.594272,"trem.l",0
"3099","MSB:Fish:4987",1977,7,6,"MSB 4987-2","JAR8790F","EO","JG KL","07-01-2025",NA,54,44,1436,"control","control_1971-1980",35.232431,-106.594272,"trem.l",0
"3100","MSB:Fish:4987",1977,7,6,"MSB 4987-4","JAR8853F","EO","BP","07-01-2025",NA,47,37,1163,"control","control_1971-1980",35.232431,-106.594272,"trem.l",0
"3101","MSB:Fish:49970",1994,5,5,"MSB 49970-1","JAR8641F","EO","CLW","06-20-2025",NA,66,52,2386,"control","control_1991-2000",35.28302778,-106.5981389,"trem.l",0
"3102","MSB:Fish:49970",1994,5,5,"MSB 49970-5","JAR8646F","EO","EO KL","06-20-2025",NA,64,51,2231,"control","control_1991-2000",35.28302778,-106.5981389,"trem.l",0
"3103","MSB:Fish:49970",1994,5,5,"MSB 49970-3","JAR8645F","EO","KL BP CW","06-20-2025",NA,69,55,2817,"control","control_1991-2000",35.28302778,-106.5981389,"trem.l",0
"3104","MSB:Fish:49970",1994,5,5,"MSB 49970-4","JAR8648F","JG","KL","06-20-2025",FALSE,65,53,2749,"control","control_1991-2000",35.28302778,-106.5981389,"trem.l",0
"3105","MSB:Fish:49970",1994,5,5,"MSB 49970-2","JAR8643F","JG","CW JG","06-20-2025",NA,63,52,2230,"control","control_1991-2000",35.28302778,-106.5981389,"trem.l",0
"3106","MSB:Fish:5263",1986,8,12,"MSB 5263-1","JAR8856F","BP","GC","07-02-2025",NA,36,29,497,"control","control_1981-1990",35.28302778,-106.5981389,"trem.l",0
"3107","MSB:Fish:5263",1986,8,12,"MSB 5263-4","JAR8857F","BP","KL","07-02-2025",NA,35,27,407,"control","control_1981-1990",35.28302778,-106.5981389,"trem.l",0
"3108","MSB:Fish:5263",1986,8,12,"MSB 5263-2","JAR8861F","BP","CW","07-02-2025",NA,36,29,462,"control","control_1981-1990",35.28302778,-106.5981389,"trem.l",0
"3109","MSB:Fish:5263",1986,8,12,"MSB 5263-3","JAR8855F","BP","CW","07-02-2025",NA,35,31,653,"control","control_1981-1990",35.28302778,-106.5981389,"trem.l",0
"3110","MSB:Fish:5263",1986,8,12,"MSB 5263-5","JAR8859F","BP","BP EO","07-02-2025",NA,36,29,444,"control","control_1981-1990",35.28302778,-106.5981389,"trem.l",0
"3111","MSB:Fish:5814",1987,9,10,"MSB 5814-1","JAR8631F","KL","KL","06-16-2025",NA,66,52,2223,"impact","impact_1981-1990",34.905272,-106.685564,"trem.l",0
"3112","MSB:Fish:5814",1987,9,10,"MSB 5814-2","JAR8634F","JG","CW","06-17-2025",NA,55,47,1856,"impact","impact_1981-1990",34.905272,-106.685564,"trem.l",0
"3113","MSB:Fish:5814",1987,9,10,"MSB 5814-3","JAR8630F","EO","CLW CW","06-18-2025",NA,67,52,2759,"impact","impact_1981-1990",34.905272,-106.685564,"trem.l",0
"3114","MSB:Fish:5814",1987,9,10,"MSB 5814-5","JAR8636F","JG","KL","06-19-2025",NA,85,68,5700,"impact","impact_1981-1990",34.905272,-106.685564,"trem.l",0
"3115","MSB:Fish:5814",1987,9,10,"MSB 5814-4","JAR8633F","EO","KL","06-16-2025",NA,52,41,1282,"impact","impact_1981-1990",34.905272,-106.685564,"trem.l",0
"3116","MSB:Fish:5825",1987,9,10,"MSB 5825-4","JAR8663F","BP","EO CW","06-18-2025",NA,63,49,2591,"impact","impact_1981-1990",34.875039,-106.717581,"trem.l",0
"3117","MSB:Fish:5825",1987,9,10,"MSB 5825-3","JAR8661F","BP","CLW KL","06-18-2025",NA,77,62,4671,"impact","impact_1981-1990",34.875039,-106.717581,"trem.l",0
"3118","MSB:Fish:5825",1987,9,10,"MSB 5825-5","JAR8639F","BP","CW","06-18-2025",NA,52,42,1542,"impact","impact_1981-1990",34.875039,-106.717581,"trem.l",0
"3119","MSB:Fish:5825",1987,9,10,"MSB 5825-2","JAR8659F","BP","CW","06-18-2025",NA,54,42,1606,"impact","impact_1981-1990",34.875039,-106.717581,"trem.l",0
"3120","MSB:Fish:5825",1987,9,10,"MSB 5825-1","JAR8657F","BP","BP KL","06-18-2025",FALSE,59,47,2305,"impact","impact_1981-1990",34.875039,-106.717581,"trem.l",0
"3121","MSB:Fish:68463",1984,8,15,"MSB 68463-1","JAR8864F","BP","GC","07-02-2025",NA,37,30,505,"impact","impact_1981-1990",35.089293,-106.680842,"trem.l",0
"3122","MSB:Fish:68463",1984,8,15,"MSB 68463-4","JAR8870F","BP","CW","07-02-2025",NA,42,34,485,"impact","impact_1981-1990",35.089293,-106.680842,"trem.l",0
"3123","MSB:Fish:68463",1984,8,15,"MSB 68463-3","JAR8868F","BP","CW","07-02-2025",NA,36,27,313,"impact","impact_1981-1990",35.089293,-106.680842,"trem.l",0
"3124","MSB:Fish:68463",1984,8,15,"MSB 68463-5","JAR8860F","BP","GC","07-02-2025",NA,35,27,398,"impact","impact_1981-1990",35.089293,-106.680842,"trem.l",0
"3125","MSB:Fish:68463",1984,8,15,"MSB 68463-2","JAR8866F","BP","CW","07-02-2025",NA,48,37,950,"impact","impact_1981-1990",35.089293,-106.680842,"trem.l",0
"3126","MSB:Fish:68501",1984,8,15,"MSB 68501-4","JAR8787F","JG","CW","07-01-2025",NA,79,64,4731,"control","control_1981-1990",35.225523,-106.597651,"trem.l",0
"3127","MSB:Fish:68501",1984,8,15,"MSB 68501-3","JAR8785F","JG","KL","07-01-2025",NA,36,29,472,"control","control_1981-1990",35.225523,-106.597651,"trem.l",0
"3128","MSB:Fish:68501",1984,8,15,"MSB 68501-5","JAR8789F","JG","CW","07-01-2025",NA,72,60,3973,"control","control_1981-1990",35.225523,-106.597651,"trem.l",0
"3129","MSB:Fish:68501",1984,8,15,"MSB 68501-2","JAR8783F","JG","KL","07-01-2025",NA,37,29,513,"control","control_1981-1990",35.225523,-106.597651,"trem.l",0
"3130","MSB:Fish:68501",1984,8,15,"MSB 68501-1","JAR8786F","JG","GC","07-01-2025",NA,35,26,349,"control","control_1981-1990",35.225523,-106.597651,"trem.l",0
"3131","MSB:Fish:68513",1984,8,16,"MSB 68513-4","JAR8896F","EO","CW","07-03-2025",NA,41,32,638,"control","control_1981-1990",35.211416,-106.612833,"trem.l",0
"3132","MSB:Fish:68513",1984,8,16,"MSB 68513-2","JAR8897F","EO","KL","07-03-2025",NA,47,36,941,"control","control_1981-1990",35.211416,-106.612833,"trem.l",0
"3133","MSB:Fish:68513",1984,8,16,"MSB 68513-1","JAR8895F","BP","GC","07-03-2025",NA,44,34,769,"control","control_1981-1990",35.211416,-106.612833,"trem.l",0
"3134","MSB:Fish:68513",1984,8,16,"MSB 68513-5","JAR8901F","EO","BP","07-03-2025",NA,40,31,606,"control","control_1981-1990",35.211416,-106.612833,"trem.l",0
"3135","MSB:Fish:68513",1984,8,16,"MSB 68513-3","JAR8899F","BP","CW","07-03-2025",NA,37,27,397,"control","control_1981-1990",35.211416,-106.612833,"trem.l",0
"3136","MSB:Fish:68528",1984,8,16,"MSB 68528-1","JAR8731F","EO","KL","06-25-2025",NA,69,55,3206,"control","control_1981-1990",35.322164,-106.557448,"trem.l",0
"3137","MSB:Fish:68528",1984,8,16,"MSB 68528-5","JAR8733F","BP","CLW","06-25-2025",NA,47,37,1014,"control","control_1981-1990",35.322164,-106.557448,"trem.l",0
"3138","MSB:Fish:68528",1984,8,16,"MSB 68528-2","JAR8728F","EO","KL","06-25-2025",FALSE,72,57,2986,"control","control_1981-1990",35.322164,-106.557448,"trem.l",0
"3139","MSB:Fish:68528",1984,8,16,"MSB 68528-3","JAR8732F","BP","JG CW","06-25-2025",NA,67,53,2767,"control","control_1981-1990",35.322164,-106.557448,"trem.l",0
"3140","MSB:Fish:68528",1984,8,16,"MSB 68528-4","JAR8730F","EO","KL","06-25-2025",NA,68,55,2391,"control","control_1981-1990",35.322164,-106.557448,"trem.l",0
"3141","MSB:Fish:7593",1988,5,25,"MSB 7593-2","JAR8705F","EO","JG CW","06-24-2025",NA,64,50,2324,"impact","impact_1981-1990",34.905272,-106.685564,"trem.l",0
"3142","MSB:Fish:7593",1988,5,25,"MSB 7593-5","JAR8709F","BP","BP CLW","06-24-2025",NA,62,51,2400,"impact","impact_1981-1990",34.905272,-106.685564,"trem.l",0
"3143","MSB:Fish:7593",1988,5,25,"MSB 7593-4","JAR8707F","EO","BP KL","06-24-2025",FALSE,61,48,1922,"impact","impact_1981-1990",34.905272,-106.685564,"trem.l",0
"3144","MSB:Fish:7593",1988,5,25,"MSB 7593-3","JAR8706F","BP","BP KL","06-24-2025",FALSE,58,45,2248,"impact","impact_1981-1990",34.905272,-106.685564,"trem.l",0
"3145","MSB:Fish:7593",1988,5,25,"MSB 7593-1","JAR8704F","BP","KL","06-24-2025",FALSE,64,50,3600,"impact","impact_1981-1990",34.905272,-106.685564,"trem.l",0
"3146","MSB:Fish:7788",1988,5,25,"MSB 7788-2","JAR8769F","BP","KL","06-30-2025",NA,69,53,2804,"control","control_1981-1990",35.322164,-106.557448,"trem.l",0
"3147","MSB:Fish:7788",2988,5,25,"MSB 7788-4","JAR8764F","BP","BP","06-30-2025",NA,56,45,1819,"control","control_1981-1990",35.322164,-106.557448,"trem.l",0
"3148","MSB:Fish:7788",1988,5,25,"MSB 7788-3","JAR8767F","EO","KL","06-30-2025",NA,69,55,3017,"control","control_1981-1990",35.322164,-106.557448,"trem.l",1
"3149","MSB:Fish:7788",1988,5,25,"MSB 7788-1","JAR8763F","EO","KL","06-30-2025",NA,64,51,2418,"control","control_1981-1990",35.322164,-106.557448,"trem.l",0
"3150","MSB:Fish:7788",1988,5,25,"MSB 7788-5","JAR8762F","EO","KL","06-30-2025",NA,60,47,2139,"control","control_1981-1990",35.322164,-106.557448,"trem.l",0
"3151","MSB:Fish:1129",1959,2,20,"MSB 1129-5","JAR8672F","JG","CW","06-20-2025",NA,40,32,383,"control","control_1951-1960",35.350556,-106.535497,"trem.meta.unk",0
"3152","MSB:Fish:1129",1959,2,20,"MSB 1129-2","JAR8674F","EO","CLW","06-20-2025",NA,46,34,697,"control","control_1951-1960",35.350556,-106.535497,"trem.meta.unk",0
"3153","MSB:Fish:1129",1959,2,20,"MSB 1129-1","JAR8668F","JG","KL","06-20-2025",NA,41,33,519,"control","control_1951-1960",35.350556,-106.535497,"trem.meta.unk",0
"3154","MSB:Fish:1129",1959,2,20,"MSB 1129-4","JAR8671F","EO","JG KL","06-20-2025",NA,41,31,580,"control","control_1951-1960",35.350556,-106.535497,"trem.meta.unk",0
"3155","MSB:Fish:1129",1959,2,20,"MSB 1129-3","JAR8673F","JG","CW","06-20-2025",NA,43,36,659,"control","control_1951-1960",35.350556,-106.535497,"trem.meta.unk",0
"3156","MSB:Fish:1130",1949,10,29,"MSB 1130-5","JAR8701F","EO","KL","06-24-2025",NA,57,48,2022,"impact","impact_1941-1950",34.87537,-106.717837,"trem.meta.unk",0
"3157","MSB:Fish:1130",1949,10,29,"MSB 1130-3","JAR8697F","JG","JG CW","06-24-2025",NA,61,49,1811,"impact","impact_1941-1950",34.87537,-106.717837,"trem.meta.unk",0
"3158","MSB:Fish:1130",1949,10,29,"MSB 1130-4","JAR8699F","BP","CLW","06-24-2025",NA,62,47,2068,"impact","impact_1941-1950",34.87537,-106.717837,"trem.meta.unk",0
"3159","MSB:Fish:1130",1949,10,29,"MSB 1130-1","JAR8690F","JG","JG KL","06-24-2025",FALSE,71,58,3286,"impact","impact_1941-1950",34.87537,-106.717837,"trem.meta.unk",0
"3160","MSB:Fish:1130",1949,10,29,"MSB 1130-2","JAR8695F","BP","KL","06-24-2025",FALSE,68,54,3151,"impact","impact_1941-1950",34.87537,-106.717837,"trem.meta.unk",0
"3161","MSB:Fish:1131",1959,2,24,"MSB 1131-5","JAR8682F","BP","KL","06-23-2025",NA,53,44,1289,"impact","impact_1951-1960",34.987044,-106.690293,"trem.meta.unk",0
"3162","MSB:Fish:1131",1959,2,24,"MSB 1131-2","JAR8689F","EO","CW","06-23-2025",NA,60,47,1798,"impact","impact_1951-1960",34.987044,-106.690293,"trem.meta.unk",0
"3163","MSB:Fish:1131",1959,2,24,"MSB 1131-3","JAR8693F","BP","CW","06-23-2025",FALSE,54,44,1280,"impact","impact_1951-1960",34.987044,-106.690293,"trem.meta.unk",0
"3164","MSB:Fish:1131",1959,2,24,"MSB 1131-4","JAR8680F","EO","KL","06-23-2025",NA,52,43,1316,"impact","impact_1951-1960",34.987044,-106.690293,"trem.meta.unk",0
"3165","MSB:Fish:1131",1959,2,24,"MSB 1131-2","JAR8691F","JG","CLW","06-23-2025",NA,63,51,1849,"impact","impact_1951-1960",34.987044,-106.690293,"trem.meta.unk",NA
"3166","MSB:Fish:1132",1947,10,25,"MSB 1132-1","JAR8684F","JG","CW","06-23-2025",NA,71,58,3310,"control","control_1941-1950",35.380629,-106.503529,"trem.meta.unk",0
"3167","MSB:Fish:1132",1947,10,25,"MSB 1132-4","JAR8694F","JG","KL","06-23-2025",NA,63,54,2744,"control","control_1941-1950",35.380629,-106.503529,"trem.meta.unk",0
"3168","MSB:Fish:1132",2947,10,25,"MSB 1132-5","JAR8692F","JG","CW","06-23-2025",NA,61,49,1975,"control","control_1941-1950",35.380629,-106.503529,"trem.meta.unk",0
"3169","MSB:Fish:1132",1947,10,25,"MSB 1132-3","JAR8688F","JG","CLW","06-23-2025",NA,77,64,4621,"control","control_1941-1950",35.380629,-106.503529,"trem.meta.unk",0
"3170","MSB:Fish:1132",1947,10,25,"MSB 1132-2","JAR8686F","JG","CW","06-23-2025",NA,73,62,3934,"control","control_1941-1950",35.380629,-106.503529,"trem.meta.unk",0
"3171","MSB:Fish:1149",1939,2,26,"MSB 1149-1","JAR8871F","JG","GC","07-02-2025",NA,55,45,1360,"impact","impact_1931-1940",35.100259,-106.692107,"trem.meta.unk",0
"3172","MSB:Fish:1149",1939,2,26,"MSB 1149-5","JAR8872F","EO","KL","07-02-2025",FALSE,76,57,3276,"impact","impact_1931-1940",35.100259,-106.692107,"trem.meta.unk",0
"3173","MSB:Fish:1149",1939,2,26,"MSB 1149-3","JAR8875F","EO","EO KL","07-02-2025",NA,61,47,1795,"impact","impact_1931-1940",35.100259,-106.692107,"trem.meta.unk",0
"3174","MSB:Fish:1149",1939,2,26,"MSB 1149-4","JAR8877F","JG","CW","07-02-2025",NA,57,45,1435,"impact","impact_1931-1940",35.100259,-106.692107,"trem.meta.unk",0
"3175","MSB:Fish:1149",1939,2,26,"MSB 1149-2","JAR8873F","JG","GC","07-02-2025",FALSE,64,52,2298,"impact","impact_1931-1940",35.100259,-106.692107,"trem.meta.unk",0
"3176","MSB:Fish:1150",1939,6,9,"MSB 1150-3","JAR8712F","BP","CW","06-24-2025",FALSE,71,54,4462,"impact","impact_1931-1940",34.906619,-106.685289,"trem.meta.unk",0
"3177","MSB:Fish:1150",1939,6,9,"MSB 1150-1","JAR8708F","BP","KL","06-24-2025",NA,63,50,2550,"impact","impact_1931-1940",34.906619,-106.685289,"trem.meta.unk",0
"3178","MSB:Fish:1150",1939,6,9,"MSB 1150-2","JAR8714F","JG","CLW","06-24-2025",FALSE,72,61,4536,"impact","impact_1931-1940",34.906619,-106.685289,"trem.meta.unk",0
"3179","MSB:Fish:1150",1939,6,9,"MSB 1150-5","JAR8710F","BP","CW","06-24-2025",FALSE,60,49,2576,"impact","impact_1931-1940",34.906619,-106.685289,"trem.meta.unk",0
"3180","MSB:Fish:1150",1939,6,9,"MSB 1150-4","JAR8716F","JG","KL","06-24-2025",FALSE,65,53,3213,"impact","impact_1931-1940",34.906619,-106.685289,"trem.meta.unk",0
"3181","MSB:Fish:1154",1949,10,21,"MSB 1154-4","JAR8770F","EO","CW","06-30-2025",NA,54,43,1207,"impact","impact_1941-1950",34.929201,-106.681499,"trem.meta.unk",0
"3182","MSB:Fish:1154",1949,10,21,"MSB 1154-2","JAR8773F","EO","KL","06-30-2025",FALSE,66,52,2229,"impact","impact_1941-1950",34.929201,-106.681499,"trem.meta.unk",0
"3183","MSB:Fish:1154",1949,10,21,"MSB 1154-3","JAR8768","BP","BP","06-30-2025",NA,60,48,1790,"impact","impact_1941-1950",34.929201,-106.681499,"trem.meta.unk",0
"3184","MSB:Fish:1154",1949,10,21,"MSB 1154-5","JAR8772F","BP","BP","06-30-2025",FALSE,44,34,644,"impact","impact_1941-1950",34.929201,-106.681499,"trem.meta.unk",0
"3185","MSB:Fish:1154",1949,10,21,"MSB 1154-1","JAR8771F","BP","EO GC CW","06-30-2025",NA,65,51,2430,"impact","impact_1941-1950",34.929201,-106.681499,"trem.meta.unk",0
"3186","MSB:Fish:1155",1943,6,23,"MSB 1155-3","JAR8685F","BP","CW","06-23-2025",NA,69,56,3145,"control","control_1941-1950",35.322418,-106.557971,"trem.meta.unk",0
"3187","MSB:Fish:1155",1943,6,23,"MSB 1155-4","JAR8683F","EO","BP KL","06-23-2025",FALSE,54,45,1684,"control","control_1941-1950",35.322418,-106.557971,"trem.meta.unk",NA
"3188","MSB:Fish:1155",2943,6,23,"MSB1155-1","JAR8679F","BP","BP CW KL","06-23-2025",NA,62,50,2170,"control","control_1941-1950",35.322418,-106.557971,"trem.meta.unk",0
"3189","MSB:Fish:1155",1943,6,23,"MSB 1155-5","JAR8687F","EO","KL","06-23-2025",NA,53,45,1706,"control","control_1941-1950",35.322418,-106.557971,"trem.meta.unk",NA
"3190","MSB:Fish:1155",1943,6,23,"MSB 1155-2","JAR8681F","EO","KL","06-23-2025",NA,63,50,2536,"control","control_1941-1950",35.322418,-106.557971,"trem.meta.unk",NA
"3191","MSB:Fish:1160",1939,1,28,"MSB 1160-3","JAR8784F","JG","CW","07-01-2025",NA,51,42,1253,"impact","impact_1931-1940",35.100259,-106.692107,"trem.meta.unk",0
"3192","MSB:Fish:1160",1939,1,28,"MSB 1160-2","JAR8779","JG","EO GC","07-01-2025",NA,48,38,800,"impact","impact_1931-1940",35.100259,-106.692107,"trem.meta.unk",0
"3193","MSB:Fish:1160",1939,1,28,"MSB 1160-1","JAR8781F","JG","GC","07-01-2025",NA,51,43,1112,"impact","impact_1931-1940",35.100259,-106.692107,"trem.meta.unk",0
"3194","MSB:Fish:1160",1939,1,28,"MSB 1160-4","JAR8780F","JG","GC","07-01-2025",FALSE,50,41,1020,"impact","impact_1931-1940",35.100259,-106.692107,"trem.meta.unk",0
"3195","MSB:Fish:1160",1939,1,28,"MSB 1160-5","JAR8782F","EO","GC","07-01-2025",NA,51,40,1021,"impact","impact_1931-1940",35.100259,-106.692107,"trem.meta.unk",0
"3196","MSB:Fish:19389",1994,5,27,"MSB 19389-1","JAR8874F","JG","JG","07-02-2025",FALSE,56,44,1941,"control","control_1991-2000",35.322164,-106.557448,"trem.meta.unk",0
"3197","MSB:Fish:19389",1994,5,27,"MSB 19389-2","JAR8862F","EO","KL","07-02-2025",NA,52,40,1391,"control","control_1991-2000",35.322164,-106.557448,"trem.meta.unk",0
"3198","MSB:Fish:19389",1994,5,27,"MSB 19389-5","JAR8878F","BP","CW","07-02-2025",NA,44,35,909,"control","control_1991-2000",35.322164,-106.557448,"trem.meta.unk",0
"3199","MSB:Fish:19389",1994,5,27,"MSB 19389-4","JAR8858F","EO","GC","07-02-2025",NA,48,38,1096,"control","control_1991-2000",35.322164,-106.557448,"trem.meta.unk",0
"3200","MSB:Fish:19389",1994,5,27,"MSB 19389-3","JAR8876F","JG","KL","07-02-2025",FALSE,55,46,2190,"control","control_1991-2000",35.322164,-106.557448,"trem.meta.unk",0
"3201","MSB:Fish:19537",1994,9,16,"MSB 19537-3","JAR8635F","EO","CLW","06-20-2025",NA,59,46,1370,"impact","impact_1991-2000",34.85683333,-106.7208056,"trem.meta.unk",0
"3202","MSB:Fish:19537",1994,9,16,"MSB 19537-2","JAR8664F","EO","CW","06-16-2025",NA,58,46,1650,"impact","impact_1991-2000",34.85683333,-106.7208056,"trem.meta.unk",0
"3203","MSB:Fish:19537",1994,9,16,"MSB 19537-1","JAR8632F","JG","KL","06-16-2025",NA,54,48,1824,"impact","impact_1991-2000",34.85683333,-106.7208056,"trem.meta.unk",0
"3204","MSB:Fish:19537",1994,9,16,"MSB 19537-4","JAR8638F","JG","CLW","06-16-2025",NA,53,44,1183,"impact","impact_1991-2000",34.85683333,-106.7208056,"trem.meta.unk",0
"3205","MSB:Fish:19537",1994,9,16,"MSB 19537-5","JAR8637F","EO","CW","06-16-2025",NA,47,38,760,"impact","impact_1991-2000",34.85683333,-106.7208056,"trem.meta.unk",0
"3206","MSB:Fish:19688",1994,10,10,"MSB 19688-2","JAR8863F","BP","JG CW","07-02-2025",NA,57,44,1805,"impact","impact_1991-2000",34.85683333,-106.7208056,"trem.meta.unk",0
"3207","MSB:Fish:19688",1994,10,10,"MSB 19688-4","JAR8867F","BP","CW","07-02-2025",NA,58,46,1810,"impact","impact_1991-2000",34.85683333,-106.7208056,"trem.meta.unk",0
"3208","MSB:Fish:19688",1994,10,10,"MSB 19688-5","JAR8869F","BP","KL","07-02-2025",NA,48,38,993,"impact","impact_1991-2000",34.85683333,-106.7208056,"trem.meta.unk",0
"3209","MSB:Fish:19688",1994,10,10,"MSB 19688-1","JAR8886F","BP","JG CW","07-02-2025",NA,65,51,2667,"impact","impact_1991-2000",34.85683333,-106.7208056,"trem.meta.unk",0
"3210","MSB:Fish:19688",1994,10,10,"MSB 19688-3","JAR8865F","BP","KL","07-02-2025",FALSE,56,45,2032,"impact","impact_1991-2000",34.85683333,-106.7208056,"trem.meta.unk",0
"3211","MSB:Fish:20390",1994,8,11,"MSB 20390-2","JAR8881F","JG","GC","07-02-2025",NA,40,36,923,"impact","impact_1991-2000",34.85683333,-106.7208056,"trem.meta.unk",0
"3212","MSB:Fish:20390",1994,8,11,"MSB 20390-3","JAR8880F","JG","EO","07-02-2025",NA,41,33,528,"impact","impact_1991-2000",34.85683333,-106.7208056,"trem.meta.unk",0
"3213","MSB:Fish:20390",1994,8,11,"MSB 20390-1","JAR8883F","JG","JG","07-02-2025",NA,53,41,1467,"impact","impact_1991-2000",34.85683333,-106.7208056,"trem.meta.unk",0
"3214","MSB:Fish:20390",1994,8,11,"MSB 20390-4","JAR8882F","JG","BP","07-02-2025",NA,49,38,968,"impact","impact_1991-2000",34.85683333,-106.7208056,"trem.meta.unk",0
"3215","MSB:Fish:20390",1994,8,11,"MSB 20390-5","JAR8884F","JG","CW","07-02-2025",NA,49,40,1145,"impact","impact_1991-2000",34.85683333,-106.7208056,"trem.meta.unk",0
"3216","MSB:Fish:20526",1994,7,27,"MSB 20526-5","JAR8666F","EO","CW","06-20-2025",NA,37,29,510,"impact","impact_1991-2000",34.905272,-106.685564,"trem.meta.unk",0
"3217","MSB:Fish:20526",1994,7,27,"MSB 20526-4","JAR8669F","BP","CLW","06-20-2025",NA,34,26,375,"impact","impact_1991-2000",34.905272,-106.685564,"trem.meta.unk",0
"3218","MSB:Fish:20526",1994,7,27,"MSB 20526-2","JAR8665F","BP","CW","06-20-2025",NA,37,29,507,"impact","impact_1991-2000",34.905272,-106.685564,"trem.meta.unk",NA
"3219","MSB:Fish:20526",1994,7,27,"MSB 20526-3","JAR8667F","EO","CLW","06-20-2025",NA,38,30,599,"impact","impact_1991-2000",34.905272,-106.685564,"trem.meta.unk",0
"3220","MSB:Fish:20526",1994,7,27,"MSB 20526-1","JAR8647F","EO","KL","06-20-2025",NA,53,44,1498,"impact","impact_1991-2000",34.905272,-106.685564,"trem.meta.unk",0
"3221","MSB:Fish:25010",1995,8,2,"MSB 25010-2","JAR8650F","JG","KL","06-16-2025",NA,37,30,475,"control","control_1991-2000",35.28302778,-106.5981389,"trem.meta.unk",0
"3222","MSB:Fish:25010",1995,8,2,"MSB 25010-3","JAR8649F","EO","KL","06-16-2025",NA,39,31,531,"control","control_1991-2000",35.28302778,-106.5981389,"trem.meta.unk",0
"3223","MSB:Fish:25010",1995,8,2,"MSB 25010-4","JAR8652F","JG","JG CLW","06-16-2025",NA,35,28,503,"control","control_1991-2000",35.28302778,-106.5981389,"trem.meta.unk",0
"3224","MSB:Fish:25010",1995,8,2,"MSB 25010-1","JAR8629F","EO","CW","06-16-2025",NA,43,32,743,"control","control_1991-2000",35.28302778,-106.5981389,"trem.meta.unk",0
"3225","MSB:Fish:25010",1995,8,2,"MSB 25010-5","JAR8651F","EO","KL","06-16-2025",NA,38,30,494,"control","control_1991-2000",35.28302778,-106.5981389,"trem.meta.unk",0
"3226","MSB:Fish:25023",1995,8,2,"MSB 25023-3","JAR8723F","EO","CW","06-25-2025",NA,38,29,422,"impact","impact_1991-2000",35.089293,-106.680842,"trem.meta.unk",0
"3227","MSB:Fish:25023",1995,8,2,"MSB 25023-5","JAR8719F","EO","KL","06-25-2025",NA,40,31,571,"impact","impact_1991-2000",35.089293,-106.680842,"trem.meta.unk",0
"3228","MSB:Fish:25023",1995,8,2,"MSB 25023-1","JAR8720F","EO","JG EO KL","06-25-2025",NA,39,30,586,"impact","impact_1991-2000",35.089293,-106.680842,"trem.meta.unk",0
"3229","MSB:Fish:25023",1995,8,2,"MSB 25023-2","JAR8725F","EO","KL","06-25-2025",NA,36,29,560,"impact","impact_1991-2000",35.089293,-106.680842,"trem.meta.unk",0
"3230","MSB:Fish:25023",1995,8,2,"MSB 25023-4","JAR8721F","EO","CW","06-25-2025",NA,37,29,524,"impact","impact_1991-2000",35.089293,-106.680842,"trem.meta.unk",0
"3231","MSB:Fish:30075",1996,4,10,"MSB 30075-4","JAR8775F","EO","GC","06-30-2025",NA,63,49,2305,"impact","impact_1991-2000",35.13539167,-106.6684167,"trem.meta.unk",0
"3232","MSB:Fish:30075",1996,4,10,"MSB 30075-5","JAR8776","EO","EO KL ","06-30-2025",FALSE,68,54,3090,"impact","impact_1991-2000",35.13539167,-106.6684167,"trem.meta.unk",0
"3233","MSB:Fish:30075",1996,4,10,"MSB 30075-3","JAR8774F","JG","GC","06-30-2025",NA,57,46,1641,"impact","impact_1991-2000",35.13539167,-106.6684167,"trem.meta.unk",0
"3234","MSB:Fish:30075",1996,4,10,"MSB 30075-1","JAR8777F","JG","KL","06-30-2025",FALSE,55,45,1416,"impact","impact_1991-2000",35.13539167,-106.6684167,"trem.meta.unk",0
"3235","MSB:Fish:30075",1996,4,10,"MSB 30075-2","JAR8778F","EO","CW","06-30-2025",NA,70,57,3072,"impact","impact_1991-2000",35.13539167,-106.6684167,"trem.meta.unk",0
"3236","MSB:Fish:30282",1996,5,16,"MSB 30282-2","JAR8653F","EO","CW","06-23-2025",NA,64,50,2621,"control","control_1991-2000",35.322164,-106.557448,"trem.meta.unk",0
"3237","MSB:Fish:30282",1996,5,16,"MSB 20282-5","JAR8655F","JG","CLW","06-23-2025",NA,72,59,3808,"control","control_1991-2000",35.322164,-106.557448,"trem.meta.unk",0
"3238","MSB:Fish:30282",1996,5,16,"MSB 30282-1","JAR8654F","JG","CLW","06-23-2025",NA,58,49,2054,"control","control_1991-2000",35.322164,-106.557448,"trem.meta.unk",0
"3239","MSB:Fish:30282",1996,5,16,"MSB 30282-3","JAR8656F","EO","KL","06-23-2025",NA,71,56,3863,"control","control_1991-2000",35.322164,-106.557448,"trem.meta.unk",0
"3240","MSB:Fish:30282",1996,5,16,"MSB 30282-4","JAR8658F","BP","JG KL","06-23-2025",FALSE,58,46,1814,"control","control_1991-2000",35.322164,-106.557448,"trem.meta.unk",0
"3241","MSB:Fish:30410",1996,6,28,"MSB 30410-2","JAR8742F","BP","CW","06-25-2025",FALSE,66,53,3676,"impact","impact_1991-2000",34.85683333,-106.7208056,"trem.meta.unk",0
"3242","MSB:Fish:30410",1996,6,28,"MSB 30410-3","JAR8740F","BP","KL","06-25-2025",FALSE,74,59,4025,"impact","impact_1991-2000",34.85683333,-106.7208056,"trem.meta.unk",0
"3243","MSB:Fish:30410",1996,6,28,"MSB 30410-5","JAR8743F","BP","BP CW ","06-25-2025",NA,69,58,2424,"impact","impact_1991-2000",34.85683333,-106.7208056,"trem.meta.unk",0
"3244","MSB:Fish:30410",1996,6,28,"MSB 30410-1","JAR8736F","BP","CLW","06-25-2025",FALSE,72,59,NA,"impact","impact_1991-2000",34.85683333,-106.7208056,"trem.meta.unk",0
"3245","MSB:Fish:30410",1996,6,28,"MSB 30410-4","JAR8738F","JG","CLW","06-25-2025",FALSE,75,61,4376,"impact","impact_1991-2000",34.85683333,-106.7208056,"trem.meta.unk",0
"3246","MSB:Fish:30810",1996,2,7,"MSB 30810-3","JAR8737F","EO","KL","06-25-2026",FALSE,55,43,1306,"impact","impact_1991-2000",35.089293,-106.680842,"trem.meta.unk",0
"3247","MSB:Fish:30810",1996,2,7,"MSB 30810-2","JAR8735F","BP","JG KL","06-25-2025",FALSE,59,48,1673,"impact","impact_1991-2000",35.089293,-106.680842,"trem.meta.unk",0
"3248","MSB:Fish:30810",1996,2,7,"MSB 30810-4","JAR8739F","BP","CW","06-25-2026",NA,66,52,2148,"impact","impact_1991-2000",35.089293,-106.680842,"trem.meta.unk",2
"3249","MSB:Fish:30810",1996,2,7,"MSB 30910-1","JAR8734F","EO","CW","06-25-2025",NA,68,54,2437,"impact","impact_1991-2000",35.089293,-106.680842,"trem.meta.unk",0
"3250","MSB:Fish:30810",1996,2,7,"MSB 30810-5","JAR8741F","BP","CW","06-25-2025",NA,63,52,2142,"impact","impact_1991-2000",35.089293,-106.680842,"trem.meta.unk",0
"3251","MSB:Fish:39103",1997,10,15,"MSB 39103-1","JAR8670F","BP","JG KL","06-23-2025",NA,57,53,2560,"control","control_1991-2000",35.28302778,-106.5981389,"trem.meta.unk",0
"3252","MSB:Fish:39103",1997,10,15,"MSB 39103-3","JAR8675F","BP","KL","06-23-2025",NA,61,47,2132,"control","control_1991-2000",35.28302778,-106.5981389,"trem.meta.unk",0
"3253","MSB:Fish:39103",1997,10,15,"MSB 39103-5","JAR8678F","EO","CW","06-23-2025",NA,60,47,2006,"control","control_1991-2000",35.28302778,-106.5981389,"trem.meta.unk",0
"3254","MSB:Fish:39103",2997,10,15,"MSB 39103-4","JAR8676F","EO","EO CLW","06-23-2025",NA,69,54,3110,"control","control_1991-2000",35.28302778,-106.5981389,"trem.meta.unk",0
"3255","MSB:Fish:39103",1997,10,15,"MSB 39103-2","JAR8677F","JG","KL","06-23-2025",NA,69,56,3012,"control","control_1991-2000",35.28302778,-106.5981389,"trem.meta.unk",0
"3256","MSB:Fish:3966",1977,9,28,"MSB 3966-5","JAR8879F","JG","CW","07-02-2025",NA,51,41,1353,"impact","impact_1971-1980",35.134883,-106.690838,"trem.meta.unk",0
"3257","MSB:Fish:3966",1977,9,28,"MSB 3966-3","JAR8894F","JG","GC","07-02-2025",NA,50,39,1164,"impact","impact_1971-1980",35.134883,-106.690838,"trem.meta.unk",0
"3258","MSB:Fish:3966",1977,9,28,"MSB 3966-1","JAR8888F","JG","KL","07-02-2025",NA,55,44,1530,"impact","impact_1971-1980",35.134883,-106.690838,"trem.meta.unk",0
"3259","MSB:Fish:3966",1977,9,28,"MSB 3966-4","JAR8885F","JG","GC","07-02-2025",NA,57,47,2076,"impact","impact_1971-1980",35.134883,-106.690838,"trem.meta.unk",0
"3260","MSB:Fish:3966",1977,9,28,"MSB 3966-2","JAR8892F","JG","CW","07-02-2025",NA,38,30,477,"impact","impact_1971-1980",35.134883,-106.690838,"trem.meta.unk",0
"3261","MSB:Fish:4096",1978,9,5,"MSB 4096-1","JAR8718F","BP","KL","06-24-2025",NA,44,36,1043,"impact","impact_1971-1980",35.10625,-106.692633,"trem.meta.unk",0
"3262","MSB:Fish:4096",1978,9,5,"MSB 4096-5","JAR8715F","BP","KL","06-24-2025",NA,41,33,774,"impact","impact_1971-1980",35.10625,-106.692633,"trem.meta.unk",0
"3263","MSB:Fish:4096",1978,9,5,"MSB 4096-3","JAR8713F","BP","EO CW","06-24-2025",FALSE,49,39,1118,"impact","impact_1971-1980",35.10625,-106.692633,"trem.meta.unk",0
"3264","MSB:Fish:4096",1978,9,5,"MSB 4096-4","JAR8717F","EO","CW","06-24-2025",NA,45,35,856,"impact","impact_1971-1980",35.10625,-106.692633,"trem.meta.unk",0
"3265","MSB:Fish:4096",1978,9,5,"MSB 4096-2","JAR8711F","EO","CW","06-24-2025",NA,44,34,903,"impact","impact_1971-1980",35.10625,-106.692633,"trem.meta.unk",0
"3266","MSB:Fish:4161",1977,8,5,"MSB 4161-3","JAR8700F","BP","CW","06-24-2025",NA,39,29,511,"impact","impact_1971-1980",34.905272,-106.685564,"trem.meta.unk",0
"3267","MSB:Fish:4161",1977,8,5,"MSB 4161-4","JAR8702F","JG","CLW","06-24-2025",NA,41,31,632,"impact","impact_1971-1980",34.905272,-106.685564,"trem.meta.unk",0
"3268","MSB:Fish:4161",1977,8,5,"MSB 4161-5","JAR8703F","JG","CLW","06-24-2025",NA,36,29,444,"impact","impact_1971-1980",34.905272,-106.685564,"trem.meta.unk",0
"3269","MSB:Fish:4161",1977,8,5,"MSB 4161-1","JAR8696F","JG","KL","06-24-2025",NA,53,43,1166,"impact","impact_1971-1980",34.905272,-106.685564,"trem.meta.unk",0
"3270","MSB:Fish:4161",1977,8,5,"MSB 4161-2","JAR8698F","JG","JG KL","06-24-2025",NA,44,35,753,"impact","impact_1971-1980",34.905272,-106.685564,"trem.meta.unk",0
"3271","MSB:Fish:4206",1978,9,8,"MSB 4206-3","JAR8847F","EO","KL","07-01-2025",NA,39,30,567,"control","control_1971-1980",35.256141,-106.596281,"trem.meta.unk",0
"3272","MSB:Fish:4206",1978,9,8,"MSB 4206-1","JAR8848F","EO","JG KL","07-01-2025",NA,43,33,739,"control","control_1971-1980",35.256141,-106.596281,"trem.meta.unk",0
"3273","MSB:Fish:4206",1978,9,8,"MSB 4206-4","JAR8852F","EO","GC","07-01-2025",NA,37,29,503,"control","control_1971-1980",35.256141,-106.596281,"trem.meta.unk",0
"3274","MSB:Fish:4206",1978,9,8,"MSB 4206-2","JAR8850F","EO","CW","07-01-2025",NA,40,31,665,"control","control_1971-1980",35.256141,-106.596281,"trem.meta.unk",0
"3275","MSB:Fish:4206",1978,9,8,"MSB 4206-5","JAR8854F","EO","JG KL","07-01-2025",NA,36,29,433,"control","control_1971-1980",35.256141,-106.596281,"trem.meta.unk",0
"3276","MSB:Fish:43490",1999,10,11,"MSB 43490-1","JAR8745F","BP","CW","06-26-2025",NA,72,57,3244,"control","control_1991-2000",35.28302778,-106.5981389,"trem.meta.unk",0
"3277","MSB:Fish:43490",1999,10,11,"MSB 43490-3","JAR8749F","BP","CLW","06-26-2025",FALSE,61,49,2200,"control","control_1991-2000",35.28302778,-106.5981389,"trem.meta.unk",0
"3278","MSB:Fish:43490",1999,10,11,"MSB 43490-5","JAR8746F","BP","CLW","06-26-2025",FALSE,60,51,2094,"control","control_1991-2000",35.28302778,-106.5981389,"trem.meta.unk",0
"3279","MSB:Fish:43490",1999,10,11,"MSB 43490-2","JAR8747F","JG","CLW","06-26-2025",NA,61,55,2713,"control","control_1991-2000",35.28302778,-106.5981389,"trem.meta.unk",0
"3280","MSB:Fish:43490",1999,10,11,"MSB 43490-4","JAR8744F","JG","EO CLW","06-26-2025",FALSE,67,54,2031,"control","control_1991-2000",35.28302778,-106.5981389,"trem.meta.unk",0
"3281","MSB:Fish:4384",1978,9,23,"MSB 4384-3","JAR8748F","BP","KL","06-30-2025",FALSE,55,44,1919,"impact","impact_1971-1980",34.905272,-106.685564,"trem.meta.unk",0
"3282","MSB:Fish:4384",1978,9,23,"MSB 4384-4","JAR8752F","EO","GC","06-30-2025",NA,63,49,2458,"impact","impact_1971-1980",34.905272,-106.685564,"trem.meta.unk",0
"3283","MSB:Fish:4384",1978,9,23,"MSB 4384-2","JAR8757F","EO","CW","06-30-2025",NA,64,49,2390,"impact","impact_1971-1980",34.905272,-106.685564,"trem.meta.unk",0
"3284","MSB:Fish:4384",1978,9,23,"MSB 4384-1","JAR8750F","BP","CW","06-30-2025",NA,67,55,3024,"impact","impact_1971-1980",34.905272,-106.685564,"trem.meta.unk",0
"3285","MSB:Fish:4384",1978,9,23,"MSB 4384-5","JAR8756F","BP","KL","06-30-2025",NA,63,51,2594,"impact","impact_1971-1980",34.905272,-106.685564,"trem.meta.unk",0
"3286","MSB:Fish:4423",1978,8,3,"MSB 4423-4","JAR8724F","BP","KL","06-30-2025",NA,44,36,880,"impact","impact_1971-1980",34.905272,-106.685564,"trem.meta.unk",0
"3287","MSB:Fish:4423",1978,8,3,"MSB 4423-1","JAR8758F","EO","GC","06-30-2025",NA,46,37,1128,"impact","impact_1971-1980",34.905272,-106.685564,"trem.meta.unk",0
"3288","MSB:Fish:4423",1978,8,3,"MSB 4423-2","JAR8754F","BP","CW","06-30-2025",NA,49,38,1164,"impact","impact_1971-1980",34.905272,-106.685564,"trem.meta.unk",0
"3289","MSB:Fish:4423",1978,8,3,"MSB 4423-5","JAR8751F","EO","CW","06-30-2025",NA,42,33,832,"impact","impact_1971-1980",34.905272,-106.685564,"trem.meta.unk",0
"3290","MSB:Fish:4423",1978,8,3,"MSB 4423-3","JAR8726F","EO","KL","06-30-2025",NA,47,37,1155,"impact","impact_1971-1980",34.905272,-106.685564,"trem.meta.unk",0
"3291","MSB:Fish:4432",1978,9,8,"MSB 4432-3","JAR8727F","BP","CW","06-30-2025",NA,39,31,570,"control","control_1971-1980",35.239638,-106.587548,"trem.meta.unk",2
"3292","MSB:Fish:4432",1978,9,8,"MSB 4432-1","JAR8759F","BP","JG","06-30-2025",NA,39,30,568,"control","control_1971-1980",35.239638,-106.587548,"trem.meta.unk",0
"3293","MSB:Fish:4432",1978,9,8,"MSB 4432-5","JAR8753F","BP","JG GC","06-30-2025",NA,35,26,360,"control","control_1971-1980",35.239638,-106.587548,"trem.meta.unk",0
"3294","MSB:Fish:4432",1978,9,8,"MSB 4432-4","JAR8729F","EO","CW","06-30-2025",NA,39,29,548,"control","control_1971-1980",35.239638,-106.587548,"trem.meta.unk",0
"3295","MSB:Fish:4432",1978,9,8,"MSB 4432-2","JAR8722F","EO","EO GC","06-30-2025",NA,52,42,1431,"control","control_1971-1980",35.239638,-106.587548,"trem.meta.unk",0
"3296","MSB:Fish:4487",1978,9,29,"MSB 4487-1","JAR8887F","EO","GC","07-03-2025",NA,47,37,1143,"control","control_1971-1980",35.383856,-106.490929,"trem.meta.unk",0
"3297","MSB:Fish:4487",1978,9,29,"MSB 4487-5","JAR8890F","EO","JG GC","07-03-2025",NA,38,30,543,"control","control_1971-1980",35.383856,-106.490929,"trem.meta.unk",0
"3298","MSB:Fish:4487",1978,9,29,"MSB 4487-3","JAR8889F","EO","KL","07-03-2025",NA,46,35,1166,"control","control_1971-1980",35.383856,-106.490929,"trem.meta.unk",0
"3299","MSB:Fish:4487",1978,9,29,"MSB 4487-4","JAR8891F","BP","GC","07-03-2025",NA,36,27,481,"control","control_1971-1980",35.383856,-106.490929,"trem.meta.unk",0
"3300","MSB:Fish:4487",1978,9,29,"MSB 4487-2","JAR8893F","BP","GC","07-03-2025",NA,49,38,1354,"control","control_1971-1980",35.383856,-106.490929,"trem.meta.unk",0
"3301","MSB:Fish:4984",1978,9,5,"MSB 4984-3","JAR8640F","EO","CLW","06-23-2025",NA,38,29,504,"impact","impact_1971-1980",35.196977,-106.642444,"trem.meta.unk",0
"3302","MSB:Fish:4984",1978,9,5,"MSB 4984-4","JAR8642F","JG","KL","06-23-2025",NA,32,25,338,"impact","impact_1971-1980",35.196977,-106.642444,"trem.meta.unk",0
"3303","MSB:Fish:4984",1978,9,5,"MSB 4984-5","JAR8644F","BP","CW","06-23-2025",NA,32,24,341,"impact","impact_1971-1980",35.196977,-106.642444,"trem.meta.unk",0
"3304","MSB:Fish:4984",1978,9,5,"MSB 4984-2","JAR8662F","BP","CLW","06-23-2025",NA,38,30,541,"impact","impact_1971-1980",35.196977,-106.642444,"trem.meta.unk",0
"3305","MSB:Fish:4984",1978,9,5,"MSB 4984-1","JAR8660F","EO","CLW","06-23-2025",NA,39,30,621,"impact","impact_1971-1980",35.196977,-106.642444,"trem.meta.unk",0
"3306","MSB:Fish:4987",1977,7,6,"MSB 4987-5","JAR8788F","JG","GC","07-01-2025",NA,40,33,672,"control","control_1971-1980",35.232431,-106.594272,"trem.meta.unk",0
"3307","MSB:Fish:4987",1977,7,6,"MSB 4987-1","JAR8849F","JG","KL","07-01-2025",NA,52,40,1450,"control","control_1971-1980",35.232431,-106.594272,"trem.meta.unk",0
"3308","MSB:Fish:4987",1977,7,6,"MSB 4987-3","JAR8851F","JG","KL","07-01-2025",NA,47,37,1297,"control","control_1971-1980",35.232431,-106.594272,"trem.meta.unk",0
"3309","MSB:Fish:4987",1977,7,6,"MSB 4987-2","JAR8790F","EO","JG KL","07-01-2025",NA,54,44,1436,"control","control_1971-1980",35.232431,-106.594272,"trem.meta.unk",0
"3310","MSB:Fish:4987",1977,7,6,"MSB 4987-4","JAR8853F","EO","BP","07-01-2025",NA,47,37,1163,"control","control_1971-1980",35.232431,-106.594272,"trem.meta.unk",0
"3311","MSB:Fish:49970",1994,5,5,"MSB 49970-1","JAR8641F","EO","CLW","06-20-2025",NA,66,52,2386,"control","control_1991-2000",35.28302778,-106.5981389,"trem.meta.unk",0
"3312","MSB:Fish:49970",1994,5,5,"MSB 49970-5","JAR8646F","EO","EO KL","06-20-2025",NA,64,51,2231,"control","control_1991-2000",35.28302778,-106.5981389,"trem.meta.unk",0
"3313","MSB:Fish:49970",1994,5,5,"MSB 49970-3","JAR8645F","EO","KL BP CW","06-20-2025",NA,69,55,2817,"control","control_1991-2000",35.28302778,-106.5981389,"trem.meta.unk",0
"3314","MSB:Fish:49970",1994,5,5,"MSB 49970-4","JAR8648F","JG","KL","06-20-2025",FALSE,65,53,2749,"control","control_1991-2000",35.28302778,-106.5981389,"trem.meta.unk",0
"3315","MSB:Fish:49970",1994,5,5,"MSB 49970-2","JAR8643F","JG","CW JG","06-20-2025",NA,63,52,2230,"control","control_1991-2000",35.28302778,-106.5981389,"trem.meta.unk",0
"3316","MSB:Fish:5263",1986,8,12,"MSB 5263-1","JAR8856F","BP","GC","07-02-2025",NA,36,29,497,"control","control_1981-1990",35.28302778,-106.5981389,"trem.meta.unk",0
"3317","MSB:Fish:5263",1986,8,12,"MSB 5263-4","JAR8857F","BP","KL","07-02-2025",NA,35,27,407,"control","control_1981-1990",35.28302778,-106.5981389,"trem.meta.unk",0
"3318","MSB:Fish:5263",1986,8,12,"MSB 5263-2","JAR8861F","BP","CW","07-02-2025",NA,36,29,462,"control","control_1981-1990",35.28302778,-106.5981389,"trem.meta.unk",0
"3319","MSB:Fish:5263",1986,8,12,"MSB 5263-3","JAR8855F","BP","CW","07-02-2025",NA,35,31,653,"control","control_1981-1990",35.28302778,-106.5981389,"trem.meta.unk",0
"3320","MSB:Fish:5263",1986,8,12,"MSB 5263-5","JAR8859F","BP","BP EO","07-02-2025",NA,36,29,444,"control","control_1981-1990",35.28302778,-106.5981389,"trem.meta.unk",0
"3321","MSB:Fish:5814",1987,9,10,"MSB 5814-1","JAR8631F","KL","KL","06-16-2025",NA,66,52,2223,"impact","impact_1981-1990",34.905272,-106.685564,"trem.meta.unk",0
"3322","MSB:Fish:5814",1987,9,10,"MSB 5814-2","JAR8634F","JG","CW","06-17-2025",NA,55,47,1856,"impact","impact_1981-1990",34.905272,-106.685564,"trem.meta.unk",0
"3323","MSB:Fish:5814",1987,9,10,"MSB 5814-3","JAR8630F","EO","CLW CW","06-18-2025",NA,67,52,2759,"impact","impact_1981-1990",34.905272,-106.685564,"trem.meta.unk",0
"3324","MSB:Fish:5814",1987,9,10,"MSB 5814-5","JAR8636F","JG","KL","06-19-2025",NA,85,68,5700,"impact","impact_1981-1990",34.905272,-106.685564,"trem.meta.unk",0
"3325","MSB:Fish:5814",1987,9,10,"MSB 5814-4","JAR8633F","EO","KL","06-16-2025",NA,52,41,1282,"impact","impact_1981-1990",34.905272,-106.685564,"trem.meta.unk",0
"3326","MSB:Fish:5825",1987,9,10,"MSB 5825-4","JAR8663F","BP","EO CW","06-18-2025",NA,63,49,2591,"impact","impact_1981-1990",34.875039,-106.717581,"trem.meta.unk",0
"3327","MSB:Fish:5825",1987,9,10,"MSB 5825-3","JAR8661F","BP","CLW KL","06-18-2025",NA,77,62,4671,"impact","impact_1981-1990",34.875039,-106.717581,"trem.meta.unk",0
"3328","MSB:Fish:5825",1987,9,10,"MSB 5825-5","JAR8639F","BP","CW","06-18-2025",NA,52,42,1542,"impact","impact_1981-1990",34.875039,-106.717581,"trem.meta.unk",0
"3329","MSB:Fish:5825",1987,9,10,"MSB 5825-2","JAR8659F","BP","CW","06-18-2025",NA,54,42,1606,"impact","impact_1981-1990",34.875039,-106.717581,"trem.meta.unk",0
"3330","MSB:Fish:5825",1987,9,10,"MSB 5825-1","JAR8657F","BP","BP KL","06-18-2025",FALSE,59,47,2305,"impact","impact_1981-1990",34.875039,-106.717581,"trem.meta.unk",0
"3331","MSB:Fish:68463",1984,8,15,"MSB 68463-1","JAR8864F","BP","GC","07-02-2025",NA,37,30,505,"impact","impact_1981-1990",35.089293,-106.680842,"trem.meta.unk",0
"3332","MSB:Fish:68463",1984,8,15,"MSB 68463-4","JAR8870F","BP","CW","07-02-2025",NA,42,34,485,"impact","impact_1981-1990",35.089293,-106.680842,"trem.meta.unk",0
"3333","MSB:Fish:68463",1984,8,15,"MSB 68463-3","JAR8868F","BP","CW","07-02-2025",NA,36,27,313,"impact","impact_1981-1990",35.089293,-106.680842,"trem.meta.unk",0
"3334","MSB:Fish:68463",1984,8,15,"MSB 68463-5","JAR8860F","BP","GC","07-02-2025",NA,35,27,398,"impact","impact_1981-1990",35.089293,-106.680842,"trem.meta.unk",0
"3335","MSB:Fish:68463",1984,8,15,"MSB 68463-2","JAR8866F","BP","CW","07-02-2025",NA,48,37,950,"impact","impact_1981-1990",35.089293,-106.680842,"trem.meta.unk",0
"3336","MSB:Fish:68501",1984,8,15,"MSB 68501-4","JAR8787F","JG","CW","07-01-2025",NA,79,64,4731,"control","control_1981-1990",35.225523,-106.597651,"trem.meta.unk",0
"3337","MSB:Fish:68501",1984,8,15,"MSB 68501-3","JAR8785F","JG","KL","07-01-2025",NA,36,29,472,"control","control_1981-1990",35.225523,-106.597651,"trem.meta.unk",0
"3338","MSB:Fish:68501",1984,8,15,"MSB 68501-5","JAR8789F","JG","CW","07-01-2025",NA,72,60,3973,"control","control_1981-1990",35.225523,-106.597651,"trem.meta.unk",0
"3339","MSB:Fish:68501",1984,8,15,"MSB 68501-2","JAR8783F","JG","KL","07-01-2025",NA,37,29,513,"control","control_1981-1990",35.225523,-106.597651,"trem.meta.unk",0
"3340","MSB:Fish:68501",1984,8,15,"MSB 68501-1","JAR8786F","JG","GC","07-01-2025",NA,35,26,349,"control","control_1981-1990",35.225523,-106.597651,"trem.meta.unk",0
"3341","MSB:Fish:68513",1984,8,16,"MSB 68513-4","JAR8896F","EO","CW","07-03-2025",NA,41,32,638,"control","control_1981-1990",35.211416,-106.612833,"trem.meta.unk",0
"3342","MSB:Fish:68513",1984,8,16,"MSB 68513-2","JAR8897F","EO","KL","07-03-2025",NA,47,36,941,"control","control_1981-1990",35.211416,-106.612833,"trem.meta.unk",0
"3343","MSB:Fish:68513",1984,8,16,"MSB 68513-1","JAR8895F","BP","GC","07-03-2025",NA,44,34,769,"control","control_1981-1990",35.211416,-106.612833,"trem.meta.unk",0
"3344","MSB:Fish:68513",1984,8,16,"MSB 68513-5","JAR8901F","EO","BP","07-03-2025",NA,40,31,606,"control","control_1981-1990",35.211416,-106.612833,"trem.meta.unk",0
"3345","MSB:Fish:68513",1984,8,16,"MSB 68513-3","JAR8899F","BP","CW","07-03-2025",NA,37,27,397,"control","control_1981-1990",35.211416,-106.612833,"trem.meta.unk",0
"3346","MSB:Fish:68528",1984,8,16,"MSB 68528-1","JAR8731F","EO","KL","06-25-2025",NA,69,55,3206,"control","control_1981-1990",35.322164,-106.557448,"trem.meta.unk",0
"3347","MSB:Fish:68528",1984,8,16,"MSB 68528-5","JAR8733F","BP","CLW","06-25-2025",NA,47,37,1014,"control","control_1981-1990",35.322164,-106.557448,"trem.meta.unk",0
"3348","MSB:Fish:68528",1984,8,16,"MSB 68528-2","JAR8728F","EO","KL","06-25-2025",FALSE,72,57,2986,"control","control_1981-1990",35.322164,-106.557448,"trem.meta.unk",0
"3349","MSB:Fish:68528",1984,8,16,"MSB 68528-3","JAR8732F","BP","JG CW","06-25-2025",NA,67,53,2767,"control","control_1981-1990",35.322164,-106.557448,"trem.meta.unk",0
"3350","MSB:Fish:68528",1984,8,16,"MSB 68528-4","JAR8730F","EO","KL","06-25-2025",NA,68,55,2391,"control","control_1981-1990",35.322164,-106.557448,"trem.meta.unk",0
"3351","MSB:Fish:7593",1988,5,25,"MSB 7593-2","JAR8705F","EO","JG CW","06-24-2025",NA,64,50,2324,"impact","impact_1981-1990",34.905272,-106.685564,"trem.meta.unk",0
"3352","MSB:Fish:7593",1988,5,25,"MSB 7593-5","JAR8709F","BP","BP CLW","06-24-2025",NA,62,51,2400,"impact","impact_1981-1990",34.905272,-106.685564,"trem.meta.unk",0
"3353","MSB:Fish:7593",1988,5,25,"MSB 7593-4","JAR8707F","EO","BP KL","06-24-2025",FALSE,61,48,1922,"impact","impact_1981-1990",34.905272,-106.685564,"trem.meta.unk",0
"3354","MSB:Fish:7593",1988,5,25,"MSB 7593-3","JAR8706F","BP","BP KL","06-24-2025",FALSE,58,45,2248,"impact","impact_1981-1990",34.905272,-106.685564,"trem.meta.unk",0
"3355","MSB:Fish:7593",1988,5,25,"MSB 7593-1","JAR8704F","BP","KL","06-24-2025",FALSE,64,50,3600,"impact","impact_1981-1990",34.905272,-106.685564,"trem.meta.unk",0
"3356","MSB:Fish:7788",1988,5,25,"MSB 7788-2","JAR8769F","BP","KL","06-30-2025",NA,69,53,2804,"control","control_1981-1990",35.322164,-106.557448,"trem.meta.unk",0
"3357","MSB:Fish:7788",2988,5,25,"MSB 7788-4","JAR8764F","BP","BP","06-30-2025",NA,56,45,1819,"control","control_1981-1990",35.322164,-106.557448,"trem.meta.unk",0
"3358","MSB:Fish:7788",1988,5,25,"MSB 7788-3","JAR8767F","EO","KL","06-30-2025",NA,69,55,3017,"control","control_1981-1990",35.322164,-106.557448,"trem.meta.unk",0
"3359","MSB:Fish:7788",1988,5,25,"MSB 7788-1","JAR8763F","EO","KL","06-30-2025",NA,64,51,2418,"control","control_1981-1990",35.322164,-106.557448,"trem.meta.unk",0
"3360","MSB:Fish:7788",1988,5,25,"MSB 7788-5","JAR8762F","EO","KL","06-30-2025",NA,60,47,2139,"control","control_1981-1990",35.322164,-106.557448,"trem.meta.unk",0
"3361","MSB:Fish:1129",1959,2,20,"MSB 1129-5","JAR8672F","JG","CW","06-20-2025",NA,40,32,383,"control","control_1951-1960",35.350556,-106.535497,"trem.ridge",0
"3362","MSB:Fish:1129",1959,2,20,"MSB 1129-2","JAR8674F","EO","CLW","06-20-2025",NA,46,34,697,"control","control_1951-1960",35.350556,-106.535497,"trem.ridge",0
"3363","MSB:Fish:1129",1959,2,20,"MSB 1129-1","JAR8668F","JG","KL","06-20-2025",NA,41,33,519,"control","control_1951-1960",35.350556,-106.535497,"trem.ridge",0
"3364","MSB:Fish:1129",1959,2,20,"MSB 1129-4","JAR8671F","EO","JG KL","06-20-2025",NA,41,31,580,"control","control_1951-1960",35.350556,-106.535497,"trem.ridge",0
"3365","MSB:Fish:1129",1959,2,20,"MSB 1129-3","JAR8673F","JG","CW","06-20-2025",NA,43,36,659,"control","control_1951-1960",35.350556,-106.535497,"trem.ridge",0
"3366","MSB:Fish:1130",1949,10,29,"MSB 1130-5","JAR8701F","EO","KL","06-24-2025",NA,57,48,2022,"impact","impact_1941-1950",34.87537,-106.717837,"trem.ridge",0
"3367","MSB:Fish:1130",1949,10,29,"MSB 1130-3","JAR8697F","JG","JG CW","06-24-2025",NA,61,49,1811,"impact","impact_1941-1950",34.87537,-106.717837,"trem.ridge",0
"3368","MSB:Fish:1130",1949,10,29,"MSB 1130-4","JAR8699F","BP","CLW","06-24-2025",NA,62,47,2068,"impact","impact_1941-1950",34.87537,-106.717837,"trem.ridge",0
"3369","MSB:Fish:1130",1949,10,29,"MSB 1130-1","JAR8690F","JG","JG KL","06-24-2025",FALSE,71,58,3286,"impact","impact_1941-1950",34.87537,-106.717837,"trem.ridge",0
"3370","MSB:Fish:1130",1949,10,29,"MSB 1130-2","JAR8695F","BP","KL","06-24-2025",FALSE,68,54,3151,"impact","impact_1941-1950",34.87537,-106.717837,"trem.ridge",0
"3371","MSB:Fish:1131",1959,2,24,"MSB 1131-5","JAR8682F","BP","KL","06-23-2025",NA,53,44,1289,"impact","impact_1951-1960",34.987044,-106.690293,"trem.ridge",0
"3372","MSB:Fish:1131",1959,2,24,"MSB 1131-2","JAR8689F","EO","CW","06-23-2025",NA,60,47,1798,"impact","impact_1951-1960",34.987044,-106.690293,"trem.ridge",0
"3373","MSB:Fish:1131",1959,2,24,"MSB 1131-3","JAR8693F","BP","CW","06-23-2025",FALSE,54,44,1280,"impact","impact_1951-1960",34.987044,-106.690293,"trem.ridge",0
"3374","MSB:Fish:1131",1959,2,24,"MSB 1131-4","JAR8680F","EO","KL","06-23-2025",NA,52,43,1316,"impact","impact_1951-1960",34.987044,-106.690293,"trem.ridge",0
"3375","MSB:Fish:1131",1959,2,24,"MSB 1131-2","JAR8691F","JG","CLW","06-23-2025",NA,63,51,1849,"impact","impact_1951-1960",34.987044,-106.690293,"trem.ridge",0
"3376","MSB:Fish:1132",1947,10,25,"MSB 1132-1","JAR8684F","JG","CW","06-23-2025",NA,71,58,3310,"control","control_1941-1950",35.380629,-106.503529,"trem.ridge",0
"3377","MSB:Fish:1132",1947,10,25,"MSB 1132-4","JAR8694F","JG","KL","06-23-2025",NA,63,54,2744,"control","control_1941-1950",35.380629,-106.503529,"trem.ridge",0
"3378","MSB:Fish:1132",2947,10,25,"MSB 1132-5","JAR8692F","JG","CW","06-23-2025",NA,61,49,1975,"control","control_1941-1950",35.380629,-106.503529,"trem.ridge",0
"3379","MSB:Fish:1132",1947,10,25,"MSB 1132-3","JAR8688F","JG","CLW","06-23-2025",NA,77,64,4621,"control","control_1941-1950",35.380629,-106.503529,"trem.ridge",0
"3380","MSB:Fish:1132",1947,10,25,"MSB 1132-2","JAR8686F","JG","CW","06-23-2025",NA,73,62,3934,"control","control_1941-1950",35.380629,-106.503529,"trem.ridge",0
"3381","MSB:Fish:1149",1939,2,26,"MSB 1149-1","JAR8871F","JG","GC","07-02-2025",NA,55,45,1360,"impact","impact_1931-1940",35.100259,-106.692107,"trem.ridge",0
"3382","MSB:Fish:1149",1939,2,26,"MSB 1149-5","JAR8872F","EO","KL","07-02-2025",FALSE,76,57,3276,"impact","impact_1931-1940",35.100259,-106.692107,"trem.ridge",0
"3383","MSB:Fish:1149",1939,2,26,"MSB 1149-3","JAR8875F","EO","EO KL","07-02-2025",NA,61,47,1795,"impact","impact_1931-1940",35.100259,-106.692107,"trem.ridge",0
"3384","MSB:Fish:1149",1939,2,26,"MSB 1149-4","JAR8877F","JG","CW","07-02-2025",NA,57,45,1435,"impact","impact_1931-1940",35.100259,-106.692107,"trem.ridge",0
"3385","MSB:Fish:1149",1939,2,26,"MSB 1149-2","JAR8873F","JG","GC","07-02-2025",FALSE,64,52,2298,"impact","impact_1931-1940",35.100259,-106.692107,"trem.ridge",0
"3386","MSB:Fish:1150",1939,6,9,"MSB 1150-3","JAR8712F","BP","CW","06-24-2025",FALSE,71,54,4462,"impact","impact_1931-1940",34.906619,-106.685289,"trem.ridge",0
"3387","MSB:Fish:1150",1939,6,9,"MSB 1150-1","JAR8708F","BP","KL","06-24-2025",NA,63,50,2550,"impact","impact_1931-1940",34.906619,-106.685289,"trem.ridge",0
"3388","MSB:Fish:1150",1939,6,9,"MSB 1150-2","JAR8714F","JG","CLW","06-24-2025",FALSE,72,61,4536,"impact","impact_1931-1940",34.906619,-106.685289,"trem.ridge",0
"3389","MSB:Fish:1150",1939,6,9,"MSB 1150-5","JAR8710F","BP","CW","06-24-2025",FALSE,60,49,2576,"impact","impact_1931-1940",34.906619,-106.685289,"trem.ridge",0
"3390","MSB:Fish:1150",1939,6,9,"MSB 1150-4","JAR8716F","JG","KL","06-24-2025",FALSE,65,53,3213,"impact","impact_1931-1940",34.906619,-106.685289,"trem.ridge",0
"3391","MSB:Fish:1154",1949,10,21,"MSB 1154-4","JAR8770F","EO","CW","06-30-2025",NA,54,43,1207,"impact","impact_1941-1950",34.929201,-106.681499,"trem.ridge",0
"3392","MSB:Fish:1154",1949,10,21,"MSB 1154-2","JAR8773F","EO","KL","06-30-2025",FALSE,66,52,2229,"impact","impact_1941-1950",34.929201,-106.681499,"trem.ridge",0
"3393","MSB:Fish:1154",1949,10,21,"MSB 1154-3","JAR8768","BP","BP","06-30-2025",NA,60,48,1790,"impact","impact_1941-1950",34.929201,-106.681499,"trem.ridge",0
"3394","MSB:Fish:1154",1949,10,21,"MSB 1154-5","JAR8772F","BP","BP","06-30-2025",FALSE,44,34,644,"impact","impact_1941-1950",34.929201,-106.681499,"trem.ridge",0
"3395","MSB:Fish:1154",1949,10,21,"MSB 1154-1","JAR8771F","BP","EO GC CW","06-30-2025",NA,65,51,2430,"impact","impact_1941-1950",34.929201,-106.681499,"trem.ridge",0
"3396","MSB:Fish:1155",1943,6,23,"MSB 1155-3","JAR8685F","BP","CW","06-23-2025",NA,69,56,3145,"control","control_1941-1950",35.322418,-106.557971,"trem.ridge",0
"3397","MSB:Fish:1155",1943,6,23,"MSB 1155-4","JAR8683F","EO","BP KL","06-23-2025",FALSE,54,45,1684,"control","control_1941-1950",35.322418,-106.557971,"trem.ridge",0
"3398","MSB:Fish:1155",2943,6,23,"MSB1155-1","JAR8679F","BP","BP CW KL","06-23-2025",NA,62,50,2170,"control","control_1941-1950",35.322418,-106.557971,"trem.ridge",0
"3399","MSB:Fish:1155",1943,6,23,"MSB 1155-5","JAR8687F","EO","KL","06-23-2025",NA,53,45,1706,"control","control_1941-1950",35.322418,-106.557971,"trem.ridge",0
"3400","MSB:Fish:1155",1943,6,23,"MSB 1155-2","JAR8681F","EO","KL","06-23-2025",NA,63,50,2536,"control","control_1941-1950",35.322418,-106.557971,"trem.ridge",0
"3401","MSB:Fish:1160",1939,1,28,"MSB 1160-3","JAR8784F","JG","CW","07-01-2025",NA,51,42,1253,"impact","impact_1931-1940",35.100259,-106.692107,"trem.ridge",0
"3402","MSB:Fish:1160",1939,1,28,"MSB 1160-2","JAR8779","JG","EO GC","07-01-2025",NA,48,38,800,"impact","impact_1931-1940",35.100259,-106.692107,"trem.ridge",0
"3403","MSB:Fish:1160",1939,1,28,"MSB 1160-1","JAR8781F","JG","GC","07-01-2025",NA,51,43,1112,"impact","impact_1931-1940",35.100259,-106.692107,"trem.ridge",0
"3404","MSB:Fish:1160",1939,1,28,"MSB 1160-4","JAR8780F","JG","GC","07-01-2025",FALSE,50,41,1020,"impact","impact_1931-1940",35.100259,-106.692107,"trem.ridge",0
"3405","MSB:Fish:1160",1939,1,28,"MSB 1160-5","JAR8782F","EO","GC","07-01-2025",NA,51,40,1021,"impact","impact_1931-1940",35.100259,-106.692107,"trem.ridge",0
"3406","MSB:Fish:19389",1994,5,27,"MSB 19389-1","JAR8874F","JG","JG","07-02-2025",FALSE,56,44,1941,"control","control_1991-2000",35.322164,-106.557448,"trem.ridge",0
"3407","MSB:Fish:19389",1994,5,27,"MSB 19389-2","JAR8862F","EO","KL","07-02-2025",NA,52,40,1391,"control","control_1991-2000",35.322164,-106.557448,"trem.ridge",0
"3408","MSB:Fish:19389",1994,5,27,"MSB 19389-5","JAR8878F","BP","CW","07-02-2025",NA,44,35,909,"control","control_1991-2000",35.322164,-106.557448,"trem.ridge",0
"3409","MSB:Fish:19389",1994,5,27,"MSB 19389-4","JAR8858F","EO","GC","07-02-2025",NA,48,38,1096,"control","control_1991-2000",35.322164,-106.557448,"trem.ridge",0
"3410","MSB:Fish:19389",1994,5,27,"MSB 19389-3","JAR8876F","JG","KL","07-02-2025",FALSE,55,46,2190,"control","control_1991-2000",35.322164,-106.557448,"trem.ridge",1
"3411","MSB:Fish:19537",1994,9,16,"MSB 19537-3","JAR8635F","EO","CLW","06-20-2025",NA,59,46,1370,"impact","impact_1991-2000",34.85683333,-106.7208056,"trem.ridge",0
"3412","MSB:Fish:19537",1994,9,16,"MSB 19537-2","JAR8664F","EO","CW","06-16-2025",NA,58,46,1650,"impact","impact_1991-2000",34.85683333,-106.7208056,"trem.ridge",0
"3413","MSB:Fish:19537",1994,9,16,"MSB 19537-1","JAR8632F","JG","KL","06-16-2025",NA,54,48,1824,"impact","impact_1991-2000",34.85683333,-106.7208056,"trem.ridge",0
"3414","MSB:Fish:19537",1994,9,16,"MSB 19537-4","JAR8638F","JG","CLW","06-16-2025",NA,53,44,1183,"impact","impact_1991-2000",34.85683333,-106.7208056,"trem.ridge",0
"3415","MSB:Fish:19537",1994,9,16,"MSB 19537-5","JAR8637F","EO","CW","06-16-2025",NA,47,38,760,"impact","impact_1991-2000",34.85683333,-106.7208056,"trem.ridge",0
"3416","MSB:Fish:19688",1994,10,10,"MSB 19688-2","JAR8863F","BP","JG CW","07-02-2025",NA,57,44,1805,"impact","impact_1991-2000",34.85683333,-106.7208056,"trem.ridge",0
"3417","MSB:Fish:19688",1994,10,10,"MSB 19688-4","JAR8867F","BP","CW","07-02-2025",NA,58,46,1810,"impact","impact_1991-2000",34.85683333,-106.7208056,"trem.ridge",0
"3418","MSB:Fish:19688",1994,10,10,"MSB 19688-5","JAR8869F","BP","KL","07-02-2025",NA,48,38,993,"impact","impact_1991-2000",34.85683333,-106.7208056,"trem.ridge",0
"3419","MSB:Fish:19688",1994,10,10,"MSB 19688-1","JAR8886F","BP","JG CW","07-02-2025",NA,65,51,2667,"impact","impact_1991-2000",34.85683333,-106.7208056,"trem.ridge",0
"3420","MSB:Fish:19688",1994,10,10,"MSB 19688-3","JAR8865F","BP","KL","07-02-2025",FALSE,56,45,2032,"impact","impact_1991-2000",34.85683333,-106.7208056,"trem.ridge",0
"3421","MSB:Fish:20390",1994,8,11,"MSB 20390-2","JAR8881F","JG","GC","07-02-2025",NA,40,36,923,"impact","impact_1991-2000",34.85683333,-106.7208056,"trem.ridge",0
"3422","MSB:Fish:20390",1994,8,11,"MSB 20390-3","JAR8880F","JG","EO","07-02-2025",NA,41,33,528,"impact","impact_1991-2000",34.85683333,-106.7208056,"trem.ridge",0
"3423","MSB:Fish:20390",1994,8,11,"MSB 20390-1","JAR8883F","JG","JG","07-02-2025",NA,53,41,1467,"impact","impact_1991-2000",34.85683333,-106.7208056,"trem.ridge",0
"3424","MSB:Fish:20390",1994,8,11,"MSB 20390-4","JAR8882F","JG","BP","07-02-2025",NA,49,38,968,"impact","impact_1991-2000",34.85683333,-106.7208056,"trem.ridge",0
"3425","MSB:Fish:20390",1994,8,11,"MSB 20390-5","JAR8884F","JG","CW","07-02-2025",NA,49,40,1145,"impact","impact_1991-2000",34.85683333,-106.7208056,"trem.ridge",0
"3426","MSB:Fish:20526",1994,7,27,"MSB 20526-5","JAR8666F","EO","CW","06-20-2025",NA,37,29,510,"impact","impact_1991-2000",34.905272,-106.685564,"trem.ridge",0
"3427","MSB:Fish:20526",1994,7,27,"MSB 20526-4","JAR8669F","BP","CLW","06-20-2025",NA,34,26,375,"impact","impact_1991-2000",34.905272,-106.685564,"trem.ridge",0
"3428","MSB:Fish:20526",1994,7,27,"MSB 20526-2","JAR8665F","BP","CW","06-20-2025",NA,37,29,507,"impact","impact_1991-2000",34.905272,-106.685564,"trem.ridge",0
"3429","MSB:Fish:20526",1994,7,27,"MSB 20526-3","JAR8667F","EO","CLW","06-20-2025",NA,38,30,599,"impact","impact_1991-2000",34.905272,-106.685564,"trem.ridge",0
"3430","MSB:Fish:20526",1994,7,27,"MSB 20526-1","JAR8647F","EO","KL","06-20-2025",NA,53,44,1498,"impact","impact_1991-2000",34.905272,-106.685564,"trem.ridge",0
"3431","MSB:Fish:25010",1995,8,2,"MSB 25010-2","JAR8650F","JG","KL","06-16-2025",NA,37,30,475,"control","control_1991-2000",35.28302778,-106.5981389,"trem.ridge",0
"3432","MSB:Fish:25010",1995,8,2,"MSB 25010-3","JAR8649F","EO","KL","06-16-2025",NA,39,31,531,"control","control_1991-2000",35.28302778,-106.5981389,"trem.ridge",0
"3433","MSB:Fish:25010",1995,8,2,"MSB 25010-4","JAR8652F","JG","JG CLW","06-16-2025",NA,35,28,503,"control","control_1991-2000",35.28302778,-106.5981389,"trem.ridge",0
"3434","MSB:Fish:25010",1995,8,2,"MSB 25010-1","JAR8629F","EO","CW","06-16-2025",NA,43,32,743,"control","control_1991-2000",35.28302778,-106.5981389,"trem.ridge",0
"3435","MSB:Fish:25010",1995,8,2,"MSB 25010-5","JAR8651F","EO","KL","06-16-2025",NA,38,30,494,"control","control_1991-2000",35.28302778,-106.5981389,"trem.ridge",0
"3436","MSB:Fish:25023",1995,8,2,"MSB 25023-3","JAR8723F","EO","CW","06-25-2025",NA,38,29,422,"impact","impact_1991-2000",35.089293,-106.680842,"trem.ridge",0
"3437","MSB:Fish:25023",1995,8,2,"MSB 25023-5","JAR8719F","EO","KL","06-25-2025",NA,40,31,571,"impact","impact_1991-2000",35.089293,-106.680842,"trem.ridge",0
"3438","MSB:Fish:25023",1995,8,2,"MSB 25023-1","JAR8720F","EO","JG EO KL","06-25-2025",NA,39,30,586,"impact","impact_1991-2000",35.089293,-106.680842,"trem.ridge",0
"3439","MSB:Fish:25023",1995,8,2,"MSB 25023-2","JAR8725F","EO","KL","06-25-2025",NA,36,29,560,"impact","impact_1991-2000",35.089293,-106.680842,"trem.ridge",0
"3440","MSB:Fish:25023",1995,8,2,"MSB 25023-4","JAR8721F","EO","CW","06-25-2025",NA,37,29,524,"impact","impact_1991-2000",35.089293,-106.680842,"trem.ridge",0
"3441","MSB:Fish:30075",1996,4,10,"MSB 30075-4","JAR8775F","EO","GC","06-30-2025",NA,63,49,2305,"impact","impact_1991-2000",35.13539167,-106.6684167,"trem.ridge",0
"3442","MSB:Fish:30075",1996,4,10,"MSB 30075-5","JAR8776","EO","EO KL ","06-30-2025",FALSE,68,54,3090,"impact","impact_1991-2000",35.13539167,-106.6684167,"trem.ridge",0
"3443","MSB:Fish:30075",1996,4,10,"MSB 30075-3","JAR8774F","JG","GC","06-30-2025",NA,57,46,1641,"impact","impact_1991-2000",35.13539167,-106.6684167,"trem.ridge",0
"3444","MSB:Fish:30075",1996,4,10,"MSB 30075-1","JAR8777F","JG","KL","06-30-2025",FALSE,55,45,1416,"impact","impact_1991-2000",35.13539167,-106.6684167,"trem.ridge",0
"3445","MSB:Fish:30075",1996,4,10,"MSB 30075-2","JAR8778F","EO","CW","06-30-2025",NA,70,57,3072,"impact","impact_1991-2000",35.13539167,-106.6684167,"trem.ridge",0
"3446","MSB:Fish:30282",1996,5,16,"MSB 30282-2","JAR8653F","EO","CW","06-23-2025",NA,64,50,2621,"control","control_1991-2000",35.322164,-106.557448,"trem.ridge",0
"3447","MSB:Fish:30282",1996,5,16,"MSB 20282-5","JAR8655F","JG","CLW","06-23-2025",NA,72,59,3808,"control","control_1991-2000",35.322164,-106.557448,"trem.ridge",0
"3448","MSB:Fish:30282",1996,5,16,"MSB 30282-1","JAR8654F","JG","CLW","06-23-2025",NA,58,49,2054,"control","control_1991-2000",35.322164,-106.557448,"trem.ridge",0
"3449","MSB:Fish:30282",1996,5,16,"MSB 30282-3","JAR8656F","EO","KL","06-23-2025",NA,71,56,3863,"control","control_1991-2000",35.322164,-106.557448,"trem.ridge",0
"3450","MSB:Fish:30282",1996,5,16,"MSB 30282-4","JAR8658F","BP","JG KL","06-23-2025",FALSE,58,46,1814,"control","control_1991-2000",35.322164,-106.557448,"trem.ridge",0
"3451","MSB:Fish:30410",1996,6,28,"MSB 30410-2","JAR8742F","BP","CW","06-25-2025",FALSE,66,53,3676,"impact","impact_1991-2000",34.85683333,-106.7208056,"trem.ridge",0
"3452","MSB:Fish:30410",1996,6,28,"MSB 30410-3","JAR8740F","BP","KL","06-25-2025",FALSE,74,59,4025,"impact","impact_1991-2000",34.85683333,-106.7208056,"trem.ridge",0
"3453","MSB:Fish:30410",1996,6,28,"MSB 30410-5","JAR8743F","BP","BP CW ","06-25-2025",NA,69,58,2424,"impact","impact_1991-2000",34.85683333,-106.7208056,"trem.ridge",3
"3454","MSB:Fish:30410",1996,6,28,"MSB 30410-1","JAR8736F","BP","CLW","06-25-2025",FALSE,72,59,NA,"impact","impact_1991-2000",34.85683333,-106.7208056,"trem.ridge",3
"3455","MSB:Fish:30410",1996,6,28,"MSB 30410-4","JAR8738F","JG","CLW","06-25-2025",FALSE,75,61,4376,"impact","impact_1991-2000",34.85683333,-106.7208056,"trem.ridge",0
"3456","MSB:Fish:30810",1996,2,7,"MSB 30810-3","JAR8737F","EO","KL","06-25-2026",FALSE,55,43,1306,"impact","impact_1991-2000",35.089293,-106.680842,"trem.ridge",0
"3457","MSB:Fish:30810",1996,2,7,"MSB 30810-2","JAR8735F","BP","JG KL","06-25-2025",FALSE,59,48,1673,"impact","impact_1991-2000",35.089293,-106.680842,"trem.ridge",0
"3458","MSB:Fish:30810",1996,2,7,"MSB 30810-4","JAR8739F","BP","CW","06-25-2026",NA,66,52,2148,"impact","impact_1991-2000",35.089293,-106.680842,"trem.ridge",0
"3459","MSB:Fish:30810",1996,2,7,"MSB 30910-1","JAR8734F","EO","CW","06-25-2025",NA,68,54,2437,"impact","impact_1991-2000",35.089293,-106.680842,"trem.ridge",0
"3460","MSB:Fish:30810",1996,2,7,"MSB 30810-5","JAR8741F","BP","CW","06-25-2025",NA,63,52,2142,"impact","impact_1991-2000",35.089293,-106.680842,"trem.ridge",0
"3461","MSB:Fish:39103",1997,10,15,"MSB 39103-1","JAR8670F","BP","JG KL","06-23-2025",NA,57,53,2560,"control","control_1991-2000",35.28302778,-106.5981389,"trem.ridge",0
"3462","MSB:Fish:39103",1997,10,15,"MSB 39103-3","JAR8675F","BP","KL","06-23-2025",NA,61,47,2132,"control","control_1991-2000",35.28302778,-106.5981389,"trem.ridge",0
"3463","MSB:Fish:39103",1997,10,15,"MSB 39103-5","JAR8678F","EO","CW","06-23-2025",NA,60,47,2006,"control","control_1991-2000",35.28302778,-106.5981389,"trem.ridge",0
"3464","MSB:Fish:39103",2997,10,15,"MSB 39103-4","JAR8676F","EO","EO CLW","06-23-2025",NA,69,54,3110,"control","control_1991-2000",35.28302778,-106.5981389,"trem.ridge",0
"3465","MSB:Fish:39103",1997,10,15,"MSB 39103-2","JAR8677F","JG","KL","06-23-2025",NA,69,56,3012,"control","control_1991-2000",35.28302778,-106.5981389,"trem.ridge",0
"3466","MSB:Fish:3966",1977,9,28,"MSB 3966-5","JAR8879F","JG","CW","07-02-2025",NA,51,41,1353,"impact","impact_1971-1980",35.134883,-106.690838,"trem.ridge",0
"3467","MSB:Fish:3966",1977,9,28,"MSB 3966-3","JAR8894F","JG","GC","07-02-2025",NA,50,39,1164,"impact","impact_1971-1980",35.134883,-106.690838,"trem.ridge",0
"3468","MSB:Fish:3966",1977,9,28,"MSB 3966-1","JAR8888F","JG","KL","07-02-2025",NA,55,44,1530,"impact","impact_1971-1980",35.134883,-106.690838,"trem.ridge",0
"3469","MSB:Fish:3966",1977,9,28,"MSB 3966-4","JAR8885F","JG","GC","07-02-2025",NA,57,47,2076,"impact","impact_1971-1980",35.134883,-106.690838,"trem.ridge",0
"3470","MSB:Fish:3966",1977,9,28,"MSB 3966-2","JAR8892F","JG","CW","07-02-2025",NA,38,30,477,"impact","impact_1971-1980",35.134883,-106.690838,"trem.ridge",0
"3471","MSB:Fish:4096",1978,9,5,"MSB 4096-1","JAR8718F","BP","KL","06-24-2025",NA,44,36,1043,"impact","impact_1971-1980",35.10625,-106.692633,"trem.ridge",0
"3472","MSB:Fish:4096",1978,9,5,"MSB 4096-5","JAR8715F","BP","KL","06-24-2025",NA,41,33,774,"impact","impact_1971-1980",35.10625,-106.692633,"trem.ridge",0
"3473","MSB:Fish:4096",1978,9,5,"MSB 4096-3","JAR8713F","BP","EO CW","06-24-2025",FALSE,49,39,1118,"impact","impact_1971-1980",35.10625,-106.692633,"trem.ridge",0
"3474","MSB:Fish:4096",1978,9,5,"MSB 4096-4","JAR8717F","EO","CW","06-24-2025",NA,45,35,856,"impact","impact_1971-1980",35.10625,-106.692633,"trem.ridge",0
"3475","MSB:Fish:4096",1978,9,5,"MSB 4096-2","JAR8711F","EO","CW","06-24-2025",NA,44,34,903,"impact","impact_1971-1980",35.10625,-106.692633,"trem.ridge",0
"3476","MSB:Fish:4161",1977,8,5,"MSB 4161-3","JAR8700F","BP","CW","06-24-2025",NA,39,29,511,"impact","impact_1971-1980",34.905272,-106.685564,"trem.ridge",0
"3477","MSB:Fish:4161",1977,8,5,"MSB 4161-4","JAR8702F","JG","CLW","06-24-2025",NA,41,31,632,"impact","impact_1971-1980",34.905272,-106.685564,"trem.ridge",5
"3478","MSB:Fish:4161",1977,8,5,"MSB 4161-5","JAR8703F","JG","CLW","06-24-2025",NA,36,29,444,"impact","impact_1971-1980",34.905272,-106.685564,"trem.ridge",0
"3479","MSB:Fish:4161",1977,8,5,"MSB 4161-1","JAR8696F","JG","KL","06-24-2025",NA,53,43,1166,"impact","impact_1971-1980",34.905272,-106.685564,"trem.ridge",0
"3480","MSB:Fish:4161",1977,8,5,"MSB 4161-2","JAR8698F","JG","JG KL","06-24-2025",NA,44,35,753,"impact","impact_1971-1980",34.905272,-106.685564,"trem.ridge",1
"3481","MSB:Fish:4206",1978,9,8,"MSB 4206-3","JAR8847F","EO","KL","07-01-2025",NA,39,30,567,"control","control_1971-1980",35.256141,-106.596281,"trem.ridge",0
"3482","MSB:Fish:4206",1978,9,8,"MSB 4206-1","JAR8848F","EO","JG KL","07-01-2025",NA,43,33,739,"control","control_1971-1980",35.256141,-106.596281,"trem.ridge",0
"3483","MSB:Fish:4206",1978,9,8,"MSB 4206-4","JAR8852F","EO","GC","07-01-2025",NA,37,29,503,"control","control_1971-1980",35.256141,-106.596281,"trem.ridge",0
"3484","MSB:Fish:4206",1978,9,8,"MSB 4206-2","JAR8850F","EO","CW","07-01-2025",NA,40,31,665,"control","control_1971-1980",35.256141,-106.596281,"trem.ridge",0
"3485","MSB:Fish:4206",1978,9,8,"MSB 4206-5","JAR8854F","EO","JG KL","07-01-2025",NA,36,29,433,"control","control_1971-1980",35.256141,-106.596281,"trem.ridge",0
"3486","MSB:Fish:43490",1999,10,11,"MSB 43490-1","JAR8745F","BP","CW","06-26-2025",NA,72,57,3244,"control","control_1991-2000",35.28302778,-106.5981389,"trem.ridge",0
"3487","MSB:Fish:43490",1999,10,11,"MSB 43490-3","JAR8749F","BP","CLW","06-26-2025",FALSE,61,49,2200,"control","control_1991-2000",35.28302778,-106.5981389,"trem.ridge",0
"3488","MSB:Fish:43490",1999,10,11,"MSB 43490-5","JAR8746F","BP","CLW","06-26-2025",FALSE,60,51,2094,"control","control_1991-2000",35.28302778,-106.5981389,"trem.ridge",0
"3489","MSB:Fish:43490",1999,10,11,"MSB 43490-2","JAR8747F","JG","CLW","06-26-2025",NA,61,55,2713,"control","control_1991-2000",35.28302778,-106.5981389,"trem.ridge",0
"3490","MSB:Fish:43490",1999,10,11,"MSB 43490-4","JAR8744F","JG","EO CLW","06-26-2025",FALSE,67,54,2031,"control","control_1991-2000",35.28302778,-106.5981389,"trem.ridge",0
"3491","MSB:Fish:4384",1978,9,23,"MSB 4384-3","JAR8748F","BP","KL","06-30-2025",FALSE,55,44,1919,"impact","impact_1971-1980",34.905272,-106.685564,"trem.ridge",0
"3492","MSB:Fish:4384",1978,9,23,"MSB 4384-4","JAR8752F","EO","GC","06-30-2025",NA,63,49,2458,"impact","impact_1971-1980",34.905272,-106.685564,"trem.ridge",2
"3493","MSB:Fish:4384",1978,9,23,"MSB 4384-2","JAR8757F","EO","CW","06-30-2025",NA,64,49,2390,"impact","impact_1971-1980",34.905272,-106.685564,"trem.ridge",0
"3494","MSB:Fish:4384",1978,9,23,"MSB 4384-1","JAR8750F","BP","CW","06-30-2025",NA,67,55,3024,"impact","impact_1971-1980",34.905272,-106.685564,"trem.ridge",0
"3495","MSB:Fish:4384",1978,9,23,"MSB 4384-5","JAR8756F","BP","KL","06-30-2025",NA,63,51,2594,"impact","impact_1971-1980",34.905272,-106.685564,"trem.ridge",1
"3496","MSB:Fish:4423",1978,8,3,"MSB 4423-4","JAR8724F","BP","KL","06-30-2025",NA,44,36,880,"impact","impact_1971-1980",34.905272,-106.685564,"trem.ridge",0
"3497","MSB:Fish:4423",1978,8,3,"MSB 4423-1","JAR8758F","EO","GC","06-30-2025",NA,46,37,1128,"impact","impact_1971-1980",34.905272,-106.685564,"trem.ridge",0
"3498","MSB:Fish:4423",1978,8,3,"MSB 4423-2","JAR8754F","BP","CW","06-30-2025",NA,49,38,1164,"impact","impact_1971-1980",34.905272,-106.685564,"trem.ridge",0
"3499","MSB:Fish:4423",1978,8,3,"MSB 4423-5","JAR8751F","EO","CW","06-30-2025",NA,42,33,832,"impact","impact_1971-1980",34.905272,-106.685564,"trem.ridge",0
"3500","MSB:Fish:4423",1978,8,3,"MSB 4423-3","JAR8726F","EO","KL","06-30-2025",NA,47,37,1155,"impact","impact_1971-1980",34.905272,-106.685564,"trem.ridge",2
"3501","MSB:Fish:4432",1978,9,8,"MSB 4432-3","JAR8727F","BP","CW","06-30-2025",NA,39,31,570,"control","control_1971-1980",35.239638,-106.587548,"trem.ridge",0
"3502","MSB:Fish:4432",1978,9,8,"MSB 4432-1","JAR8759F","BP","JG","06-30-2025",NA,39,30,568,"control","control_1971-1980",35.239638,-106.587548,"trem.ridge",0
"3503","MSB:Fish:4432",1978,9,8,"MSB 4432-5","JAR8753F","BP","JG GC","06-30-2025",NA,35,26,360,"control","control_1971-1980",35.239638,-106.587548,"trem.ridge",0
"3504","MSB:Fish:4432",1978,9,8,"MSB 4432-4","JAR8729F","EO","CW","06-30-2025",NA,39,29,548,"control","control_1971-1980",35.239638,-106.587548,"trem.ridge",0
"3505","MSB:Fish:4432",1978,9,8,"MSB 4432-2","JAR8722F","EO","EO GC","06-30-2025",NA,52,42,1431,"control","control_1971-1980",35.239638,-106.587548,"trem.ridge",1
"3506","MSB:Fish:4487",1978,9,29,"MSB 4487-1","JAR8887F","EO","GC","07-03-2025",NA,47,37,1143,"control","control_1971-1980",35.383856,-106.490929,"trem.ridge",0
"3507","MSB:Fish:4487",1978,9,29,"MSB 4487-5","JAR8890F","EO","JG GC","07-03-2025",NA,38,30,543,"control","control_1971-1980",35.383856,-106.490929,"trem.ridge",0
"3508","MSB:Fish:4487",1978,9,29,"MSB 4487-3","JAR8889F","EO","KL","07-03-2025",NA,46,35,1166,"control","control_1971-1980",35.383856,-106.490929,"trem.ridge",0
"3509","MSB:Fish:4487",1978,9,29,"MSB 4487-4","JAR8891F","BP","GC","07-03-2025",NA,36,27,481,"control","control_1971-1980",35.383856,-106.490929,"trem.ridge",0
"3510","MSB:Fish:4487",1978,9,29,"MSB 4487-2","JAR8893F","BP","GC","07-03-2025",NA,49,38,1354,"control","control_1971-1980",35.383856,-106.490929,"trem.ridge",0
"3511","MSB:Fish:4984",1978,9,5,"MSB 4984-3","JAR8640F","EO","CLW","06-23-2025",NA,38,29,504,"impact","impact_1971-1980",35.196977,-106.642444,"trem.ridge",1
"3512","MSB:Fish:4984",1978,9,5,"MSB 4984-4","JAR8642F","JG","KL","06-23-2025",NA,32,25,338,"impact","impact_1971-1980",35.196977,-106.642444,"trem.ridge",0
"3513","MSB:Fish:4984",1978,9,5,"MSB 4984-5","JAR8644F","BP","CW","06-23-2025",NA,32,24,341,"impact","impact_1971-1980",35.196977,-106.642444,"trem.ridge",0
"3514","MSB:Fish:4984",1978,9,5,"MSB 4984-2","JAR8662F","BP","CLW","06-23-2025",NA,38,30,541,"impact","impact_1971-1980",35.196977,-106.642444,"trem.ridge",0
"3515","MSB:Fish:4984",1978,9,5,"MSB 4984-1","JAR8660F","EO","CLW","06-23-2025",NA,39,30,621,"impact","impact_1971-1980",35.196977,-106.642444,"trem.ridge",0
"3516","MSB:Fish:4987",1977,7,6,"MSB 4987-5","JAR8788F","JG","GC","07-01-2025",NA,40,33,672,"control","control_1971-1980",35.232431,-106.594272,"trem.ridge",0
"3517","MSB:Fish:4987",1977,7,6,"MSB 4987-1","JAR8849F","JG","KL","07-01-2025",NA,52,40,1450,"control","control_1971-1980",35.232431,-106.594272,"trem.ridge",0
"3518","MSB:Fish:4987",1977,7,6,"MSB 4987-3","JAR8851F","JG","KL","07-01-2025",NA,47,37,1297,"control","control_1971-1980",35.232431,-106.594272,"trem.ridge",0
"3519","MSB:Fish:4987",1977,7,6,"MSB 4987-2","JAR8790F","EO","JG KL","07-01-2025",NA,54,44,1436,"control","control_1971-1980",35.232431,-106.594272,"trem.ridge",0
"3520","MSB:Fish:4987",1977,7,6,"MSB 4987-4","JAR8853F","EO","BP","07-01-2025",NA,47,37,1163,"control","control_1971-1980",35.232431,-106.594272,"trem.ridge",0
"3521","MSB:Fish:49970",1994,5,5,"MSB 49970-1","JAR8641F","EO","CLW","06-20-2025",NA,66,52,2386,"control","control_1991-2000",35.28302778,-106.5981389,"trem.ridge",0
"3522","MSB:Fish:49970",1994,5,5,"MSB 49970-5","JAR8646F","EO","EO KL","06-20-2025",NA,64,51,2231,"control","control_1991-2000",35.28302778,-106.5981389,"trem.ridge",0
"3523","MSB:Fish:49970",1994,5,5,"MSB 49970-3","JAR8645F","EO","KL BP CW","06-20-2025",NA,69,55,2817,"control","control_1991-2000",35.28302778,-106.5981389,"trem.ridge",0
"3524","MSB:Fish:49970",1994,5,5,"MSB 49970-4","JAR8648F","JG","KL","06-20-2025",FALSE,65,53,2749,"control","control_1991-2000",35.28302778,-106.5981389,"trem.ridge",0
"3525","MSB:Fish:49970",1994,5,5,"MSB 49970-2","JAR8643F","JG","CW JG","06-20-2025",NA,63,52,2230,"control","control_1991-2000",35.28302778,-106.5981389,"trem.ridge",0
"3526","MSB:Fish:5263",1986,8,12,"MSB 5263-1","JAR8856F","BP","GC","07-02-2025",NA,36,29,497,"control","control_1981-1990",35.28302778,-106.5981389,"trem.ridge",0
"3527","MSB:Fish:5263",1986,8,12,"MSB 5263-4","JAR8857F","BP","KL","07-02-2025",NA,35,27,407,"control","control_1981-1990",35.28302778,-106.5981389,"trem.ridge",0
"3528","MSB:Fish:5263",1986,8,12,"MSB 5263-2","JAR8861F","BP","CW","07-02-2025",NA,36,29,462,"control","control_1981-1990",35.28302778,-106.5981389,"trem.ridge",0
"3529","MSB:Fish:5263",1986,8,12,"MSB 5263-3","JAR8855F","BP","CW","07-02-2025",NA,35,31,653,"control","control_1981-1990",35.28302778,-106.5981389,"trem.ridge",0
"3530","MSB:Fish:5263",1986,8,12,"MSB 5263-5","JAR8859F","BP","BP EO","07-02-2025",NA,36,29,444,"control","control_1981-1990",35.28302778,-106.5981389,"trem.ridge",0
"3531","MSB:Fish:5814",1987,9,10,"MSB 5814-1","JAR8631F","KL","KL","06-16-2025",NA,66,52,2223,"impact","impact_1981-1990",34.905272,-106.685564,"trem.ridge",0
"3532","MSB:Fish:5814",1987,9,10,"MSB 5814-2","JAR8634F","JG","CW","06-17-2025",NA,55,47,1856,"impact","impact_1981-1990",34.905272,-106.685564,"trem.ridge",0
"3533","MSB:Fish:5814",1987,9,10,"MSB 5814-3","JAR8630F","EO","CLW CW","06-18-2025",NA,67,52,2759,"impact","impact_1981-1990",34.905272,-106.685564,"trem.ridge",0
"3534","MSB:Fish:5814",1987,9,10,"MSB 5814-5","JAR8636F","JG","KL","06-19-2025",NA,85,68,5700,"impact","impact_1981-1990",34.905272,-106.685564,"trem.ridge",0
"3535","MSB:Fish:5814",1987,9,10,"MSB 5814-4","JAR8633F","EO","KL","06-16-2025",NA,52,41,1282,"impact","impact_1981-1990",34.905272,-106.685564,"trem.ridge",0
"3536","MSB:Fish:5825",1987,9,10,"MSB 5825-4","JAR8663F","BP","EO CW","06-18-2025",NA,63,49,2591,"impact","impact_1981-1990",34.875039,-106.717581,"trem.ridge",0
"3537","MSB:Fish:5825",1987,9,10,"MSB 5825-3","JAR8661F","BP","CLW KL","06-18-2025",NA,77,62,4671,"impact","impact_1981-1990",34.875039,-106.717581,"trem.ridge",0
"3538","MSB:Fish:5825",1987,9,10,"MSB 5825-5","JAR8639F","BP","CW","06-18-2025",NA,52,42,1542,"impact","impact_1981-1990",34.875039,-106.717581,"trem.ridge",0
"3539","MSB:Fish:5825",1987,9,10,"MSB 5825-2","JAR8659F","BP","CW","06-18-2025",NA,54,42,1606,"impact","impact_1981-1990",34.875039,-106.717581,"trem.ridge",0
"3540","MSB:Fish:5825",1987,9,10,"MSB 5825-1","JAR8657F","BP","BP KL","06-18-2025",FALSE,59,47,2305,"impact","impact_1981-1990",34.875039,-106.717581,"trem.ridge",0
"3541","MSB:Fish:68463",1984,8,15,"MSB 68463-1","JAR8864F","BP","GC","07-02-2025",NA,37,30,505,"impact","impact_1981-1990",35.089293,-106.680842,"trem.ridge",0
"3542","MSB:Fish:68463",1984,8,15,"MSB 68463-4","JAR8870F","BP","CW","07-02-2025",NA,42,34,485,"impact","impact_1981-1990",35.089293,-106.680842,"trem.ridge",0
"3543","MSB:Fish:68463",1984,8,15,"MSB 68463-3","JAR8868F","BP","CW","07-02-2025",NA,36,27,313,"impact","impact_1981-1990",35.089293,-106.680842,"trem.ridge",0
"3544","MSB:Fish:68463",1984,8,15,"MSB 68463-5","JAR8860F","BP","GC","07-02-2025",NA,35,27,398,"impact","impact_1981-1990",35.089293,-106.680842,"trem.ridge",0
"3545","MSB:Fish:68463",1984,8,15,"MSB 68463-2","JAR8866F","BP","CW","07-02-2025",NA,48,37,950,"impact","impact_1981-1990",35.089293,-106.680842,"trem.ridge",0
"3546","MSB:Fish:68501",1984,8,15,"MSB 68501-4","JAR8787F","JG","CW","07-01-2025",NA,79,64,4731,"control","control_1981-1990",35.225523,-106.597651,"trem.ridge",0
"3547","MSB:Fish:68501",1984,8,15,"MSB 68501-3","JAR8785F","JG","KL","07-01-2025",NA,36,29,472,"control","control_1981-1990",35.225523,-106.597651,"trem.ridge",0
"3548","MSB:Fish:68501",1984,8,15,"MSB 68501-5","JAR8789F","JG","CW","07-01-2025",NA,72,60,3973,"control","control_1981-1990",35.225523,-106.597651,"trem.ridge",0
"3549","MSB:Fish:68501",1984,8,15,"MSB 68501-2","JAR8783F","JG","KL","07-01-2025",NA,37,29,513,"control","control_1981-1990",35.225523,-106.597651,"trem.ridge",0
"3550","MSB:Fish:68501",1984,8,15,"MSB 68501-1","JAR8786F","JG","GC","07-01-2025",NA,35,26,349,"control","control_1981-1990",35.225523,-106.597651,"trem.ridge",0
"3551","MSB:Fish:68513",1984,8,16,"MSB 68513-4","JAR8896F","EO","CW","07-03-2025",NA,41,32,638,"control","control_1981-1990",35.211416,-106.612833,"trem.ridge",0
"3552","MSB:Fish:68513",1984,8,16,"MSB 68513-2","JAR8897F","EO","KL","07-03-2025",NA,47,36,941,"control","control_1981-1990",35.211416,-106.612833,"trem.ridge",0
"3553","MSB:Fish:68513",1984,8,16,"MSB 68513-1","JAR8895F","BP","GC","07-03-2025",NA,44,34,769,"control","control_1981-1990",35.211416,-106.612833,"trem.ridge",0
"3554","MSB:Fish:68513",1984,8,16,"MSB 68513-5","JAR8901F","EO","BP","07-03-2025",NA,40,31,606,"control","control_1981-1990",35.211416,-106.612833,"trem.ridge",0
"3555","MSB:Fish:68513",1984,8,16,"MSB 68513-3","JAR8899F","BP","CW","07-03-2025",NA,37,27,397,"control","control_1981-1990",35.211416,-106.612833,"trem.ridge",0
"3556","MSB:Fish:68528",1984,8,16,"MSB 68528-1","JAR8731F","EO","KL","06-25-2025",NA,69,55,3206,"control","control_1981-1990",35.322164,-106.557448,"trem.ridge",0
"3557","MSB:Fish:68528",1984,8,16,"MSB 68528-5","JAR8733F","BP","CLW","06-25-2025",NA,47,37,1014,"control","control_1981-1990",35.322164,-106.557448,"trem.ridge",0
"3558","MSB:Fish:68528",1984,8,16,"MSB 68528-2","JAR8728F","EO","KL","06-25-2025",FALSE,72,57,2986,"control","control_1981-1990",35.322164,-106.557448,"trem.ridge",0
"3559","MSB:Fish:68528",1984,8,16,"MSB 68528-3","JAR8732F","BP","JG CW","06-25-2025",NA,67,53,2767,"control","control_1981-1990",35.322164,-106.557448,"trem.ridge",0
"3560","MSB:Fish:68528",1984,8,16,"MSB 68528-4","JAR8730F","EO","KL","06-25-2025",NA,68,55,2391,"control","control_1981-1990",35.322164,-106.557448,"trem.ridge",0
"3561","MSB:Fish:7593",1988,5,25,"MSB 7593-2","JAR8705F","EO","JG CW","06-24-2025",NA,64,50,2324,"impact","impact_1981-1990",34.905272,-106.685564,"trem.ridge",0
"3562","MSB:Fish:7593",1988,5,25,"MSB 7593-5","JAR8709F","BP","BP CLW","06-24-2025",NA,62,51,2400,"impact","impact_1981-1990",34.905272,-106.685564,"trem.ridge",0
"3563","MSB:Fish:7593",1988,5,25,"MSB 7593-4","JAR8707F","EO","BP KL","06-24-2025",FALSE,61,48,1922,"impact","impact_1981-1990",34.905272,-106.685564,"trem.ridge",0
"3564","MSB:Fish:7593",1988,5,25,"MSB 7593-3","JAR8706F","BP","BP KL","06-24-2025",FALSE,58,45,2248,"impact","impact_1981-1990",34.905272,-106.685564,"trem.ridge",0
"3565","MSB:Fish:7593",1988,5,25,"MSB 7593-1","JAR8704F","BP","KL","06-24-2025",FALSE,64,50,3600,"impact","impact_1981-1990",34.905272,-106.685564,"trem.ridge",0
"3566","MSB:Fish:7788",1988,5,25,"MSB 7788-2","JAR8769F","BP","KL","06-30-2025",NA,69,53,2804,"control","control_1981-1990",35.322164,-106.557448,"trem.ridge",0
"3567","MSB:Fish:7788",2988,5,25,"MSB 7788-4","JAR8764F","BP","BP","06-30-2025",NA,56,45,1819,"control","control_1981-1990",35.322164,-106.557448,"trem.ridge",0
"3568","MSB:Fish:7788",1988,5,25,"MSB 7788-3","JAR8767F","EO","KL","06-30-2025",NA,69,55,3017,"control","control_1981-1990",35.322164,-106.557448,"trem.ridge",0
"3569","MSB:Fish:7788",1988,5,25,"MSB 7788-1","JAR8763F","EO","KL","06-30-2025",NA,64,51,2418,"control","control_1981-1990",35.322164,-106.557448,"trem.ridge",0
"3570","MSB:Fish:7788",1988,5,25,"MSB 7788-5","JAR8762F","EO","KL","06-30-2025",NA,60,47,2139,"control","control_1981-1990",35.322164,-106.557448,"trem.ridge",0
