"","X","InstitutionCode","CollectionCode","CatalogNumber","IndividualCount","ScientificName","Family","PreparationType","Tissues","Latitude","Longitude","CoordinateUncertaintyInMeters","HorizontalDatum","Country","StateProvince","County","Island","IslandGroup","Locality","VerbatimElevation","VerbatimDepth","YearCollected","MonthCollected","DayCollected","Collector","GeorefMethod","LatLongComments","BasisOfRecord","Remarks","DateLastModified","CI","decade","combo","number_individuals_requested"
"19",53,"MSB","Fish specimens","MSB:Fish:327",21,"Gambusia affinis","Poeciliidae","unknown; whole organism (formalin-fixed, 70% ethanol)",NA,35.37417,-106.49278,3036,"World Geodetic System 1984","United States","New Mexico","Sandoval County",NA,NA,"Algodones Riverside Drain, north of Bernalillo near Angostura.",NA,"",1942,2,28,"Collector(s): William J. Koster, Merle A. Gee","GeoLocate",NA,"PreservedSpecimen","verbatim collectors: William J. Koster, Merle A. Gee","2019-05-26 21:51:39.0","control","1941-1950","control_1941-1950",5
"20",216,"MSB","Fish specimens","MSB:Fish:365",61,"Gambusia affinis","Poeciliidae","tissue (freeze-dried); whole organism (formalin-fixed, 70% ethanol)",NA,35.321576,-106.555389,NA,"World Geodetic System 1984","United States","New Mexico","Sandoval County",NA,NA,"East Riverside Drain, above Bernalillo.",NA,"",1947,9,27,"Collector(s): William J. Koster, R. Ivey","not recorded",NA,"PreservedSpecimen","verbatim collectors: William J. Koster, R. Ivey","2019-05-26 21:22:51.0","control","1941-1950","control_1941-1950",5
"28",168,"MSB","Fish specimens","MSB:Fish:330",139,"Gambusia affinis","Poeciliidae","whole organism (formalin-fixed, 70% ethanol)",NA,35.211994,-106.631125,658,"World Geodetic System 1984","United States","New Mexico","Sandoval County",NA,NA,"Drain on west of Rio Grande, 1.25 mile northwest of Alameda.",NA,"",1949,11,5,"Collector(s): William J. Koster","GeoLocate",NA,"PreservedSpecimen","Storage: 70% EtOH","2019-05-26 21:51:44.0","control","1941-1950","control_1941-1950",5
"29",13,"MSB","Fish specimens","MSB:Fish:324",69,"Gambusia affinis","Poeciliidae","whole organism (formalin-fixed, 70% ethanol)",NA,35.229809,-106.616288,NA,"World Geodetic System 1984","United States","New Mexico","Sandoval County",NA,NA,"Riverside Drain on Rio Grande, 3.0 miles north of Alameda Boulevard or NM State HWY 528 bridge, Albuquerque.",NA,"",1950,10,18,"Collector(s): William J. Koster","not recorded",NA,"PreservedSpecimen","Storage: 70% EtOH","2019-05-26 21:51:38.0","control","1941-1950","control_1941-1950",5
"30",83,"MSB","Fish specimens","MSB:Fish:334",14,"Gambusia affinis","Poeciliidae","whole organism (formalin-fixed, 70% ethanol)",NA,35.302146,-106.571551,NA,"World Geodetic System 1984","United States","New Mexico","Sandoval County",NA,NA,"Rio Grande, Bernalillo Riverside Drain.",NA,"",1952,5,3,"Collector(s): William J. Koster","not recorded",NA,"PreservedSpecimen","Kind_Type: VIAL JAR; Calcfld: 212-A; Storage: 70% EtOH, 212-A;","2019-05-26 21:51:45.0","control","1951-1960","control_1951-1960",5
"34",8,"MSB","Fish specimens","MSB:Fish:292",12,"Gambusia affinis","Poeciliidae","whole organism (formalin-fixed, 70% ethanol)",NA,35.408152,-106.470544,NA,"World Geodetic System 1984","United States","New Mexico","Sandoval County",NA,NA,"Rio Grande, 2.0 miles south of San Felipe Pueblo, off the Atchison, Topeka and Santa Fe Railroad tracks and BIA Road 852, San Felipe Indian Reservation.",NA,"",1961,2,12,"Collector(s): J. K. Winther Jr.","not recorded",NA,"PreservedSpecimen","Kind_Type: VIAL JAR; Calcfld: 212-A; Storage: 70% EtOH, 212-A;","2019-05-26 21:37:22.0","control","1961-1970","control_1961-1970",5
"36",103,"MSB","Fish specimens","MSB:Fish:3391",768,"Gambusia affinis","Poeciliidae","whole organism (formalin-fixed, 70% ethanol)",NA,35.383813,-106.481,NA,"World Geodetic System 1984","United States","New Mexico","Sandoval County",NA,NA,"A clear ditch flowing between Rio Grande and Algodones Riverside Drain, San Felipe Indian Reservation.",NA,"",1965,5,18,"Collector(s): G. C. Kobetich, L. T. Lamb","not recorded",NA,"PreservedSpecimen","verbatim collectors: G. C. Kobetich, L. T. Lamb","2019-05-27 02:57:52.0","control","1961-1970","control_1961-1970",5
"37",37,"MSB","Fish specimens","MSB:Fish:2795",62,"Gambusia affinis","Poeciliidae","whole organism (formalin-fixed, 70% ethanol)",NA,35.253452,-106.592892,1000,"World Geodetic System 1984","United States","New Mexico","Sandoval County",NA,NA,"Rio Grande, at turnoff from NM State HWY 448, 5.4 miles north of west end of Alameda Boulevard or NM State HWY 528 bridge, Albuquerque.",NA,"",1969,4,2,"Collector(s): William J. Koster","GeoLocate",NA,"PreservedSpecimen","Storage: 70% EtOH","2019-05-27 00:20:42.0","control","1961-1970","control_1961-1970",5
"38",96,"MSB","Fish specimens","MSB:Fish:3421",62,"Gambusia affinis","Poeciliidae","whole organism (formalin-fixed, 70% ethanol)",NA,35.249718,-106.603396,2077,"World Geodetic System 1984","United States","New Mexico","Sandoval County",NA,NA,"Corrales Lateral Canal, ca. 2.0 miles north of Corrales, west of NM State HWY 448 and Rio Grande.",NA,"",1972,6,19,"Collector(s): William J. Koster","GeoLocate",NA,"PreservedSpecimen","Storage: 70% EtOH","2019-05-27 03:01:02.0","control","1971-1980","control_1971-1980",5
"41",46,"MSB","Fish specimens","MSB:Fish:4172",225,"Gambusia affinis","Poeciliidae","whole organism (formalin-fixed, 70% ethanol)",NA,35.26637,-106.598674,NA,"World Geodetic System 1984","United States","New Mexico","Sandoval County",NA,NA,"Upper Corrales Riverside Drain, 2.0 miles NNE of Corrales, between NM State HWY 448 and Rio Grande.",NA,"",1977,5,10,"Collector(s): Charles W. Painter, E. W. Hansman, D. Earp","not recorded",NA,"PreservedSpecimen","verbatim collectors: Charles W. Painter, E. W. Hansman, D. Earp","2019-05-27 03:25:51.0","control","1971-1980","control_1971-1980",5
"49",126,"MSB","Fish specimens","MSB:Fish:4353",18,"Gambusia affinis","Poeciliidae","whole organism (formalin-fixed, 70% ethanol)",NA,35.222784,-106.601974,1000,"World Geodetic System 1984","United States","New Mexico","Bernalillo County",NA,NA,"Upper Corrales Riverside Drain, 3 mi north NM Hwy 46 at Corrales Bridge.",NA,"",1978,9,8,"Collector(s): Charles W. Painter, David W. Reducker, D. L. Chavez","GeoLocate",NA,"PreservedSpecimen","verbatim collectors: Charles W. Painter, D. W. Reduker, D. L. Chavez","2019-05-27 03:25:55.0","control","1971-1980","control_1971-1980",5
"50",91,"MSB","Fish specimens","MSB:Fish:4176",63,"Gambusia affinis","Poeciliidae","whole organism (formalin-fixed, 70% ethanol)",NA,35.253481,-106.591225,971,"World Geodetic System 1984","United States","New Mexico","Sandoval County",NA,NA,"Rio Grande, ca. 0.9 kilometers south of Arroyo de los Montoyas, Corrales.",NA,"",1978,5,21,"Collector(s): Charles W. Painter, D. L. Chavez","GeoLocate",NA,"PreservedSpecimen","verbatim collectors: Charles W. Painter, D. L. Chavez","2019-05-27 02:45:05.0","control","1971-1980","control_1971-1980",5
"51",92,"MSB","Fish specimens","MSB:Fish:4056",11,"Gambusia affinis","Poeciliidae","whole organism (formalin-fixed, 70% ethanol)",NA,35.253481,-106.591225,971,"World Geodetic System 1984","United States","New Mexico","Sandoval County",NA,NA,"Rio Grande, ca. 0.9 kilometers south of Arroyo de los Montoyas, Corrales.",NA,"",1978,5,19,"Collector(s): Charles W. Painter, D. L. Chavez","GeoLocate",NA,"PreservedSpecimen","verbatim collectors: Charles W. Painter, D. L. Chavez","2019-05-27 03:16:23.0","control","1971-1980","control_1971-1980",5
"52",112,"MSB","Fish specimens","MSB:Fish:4462",46,"Gambusia affinis","Poeciliidae","whole organism (formalin-fixed, 70% ethanol)",NA,35.322164,-106.557448,90,"World Geodetic System 1984","United States","New Mexico","Sandoval County",NA,NA,"Rio Grande, at US HWY 550 bridge, Bernalillo.",NA,"",1978,6,14,"Collector(s): S. P. Gloss, D. L. Chavez","GeoLocate",NA,"PreservedSpecimen","verbatim collectors: S. P. Gloss, D. L. Chavez","2019-05-27 03:10:20.0","control","1971-1980","control_1971-1980",5
"53",89,"MSB","Fish specimens","MSB:Fish:4086",43,"Gambusia affinis","Poeciliidae","whole organism (formalin-fixed, 70% ethanol)",NA,35.380072,-106.499406,NA,"World Geodetic System 1984","United States","New Mexico","Sandoval County",NA,NA,"Rio Grande, area referred to as Angostura Diversion Works, but most likely the Angostura Grant with complex of levees, diversion canals, flumes, and gates.",NA,"",1978,9,29,"Collector(s): Charles W. Painter, Robert P. Reynolds, D. L. Chavez","not recorded",NA,"PreservedSpecimen","verbatim collectors: Charles W. Painter, Robert P. Reynolds, D. L. Chavez","2019-05-27 03:25:47.0","control","1971-1980","control_1971-1980",5
"54",79,"MSB","Fish specimens","MSB:Fish:4486",61,"Gambusia affinis","Poeciliidae","whole organism (formalin-fixed, 70% ethanol)",NA,35.383856,-106.490929,NA,"World Geodetic System 1984","United States","New Mexico","Sandoval County",NA,NA,"Rio Grande, 0.5 mile northwest Algodones, San Felipe Indian Reservation.",NA,"",1978,9,29,"Collector(s): Charles W. Painter, Robert P. Reynolds, D. L. Chavez","not recorded",NA,"PreservedSpecimen","verbatim collectors: Charles W. Painter, Robert P. Reynolds, D. L. Chavez","2019-05-27 03:13:23.0","control","1971-1980","control_1971-1980",5
"55",72,"MSB","Fish specimens","MSB:Fish:4750",291,"Gambusia affinis","Poeciliidae","tissue (freeze-dried); whole organism (formalin-fixed, 70% ethanol)",NA,35.385246,-106.478952,NA,"World Geodetic System 1984","United States","New Mexico","Sandoval County",NA,NA,"Algodones Riverside Drain, off Rio Grande 0.3 mile north of Algodones, San Felipe Indian Reservation.",NA,"",1978,9,29,"Collector(s): Charles W. Painter, D. L. Chavez, Robert P. Reynolds","not recorded",NA,"PreservedSpecimen","verbatim collectors: Charles W. Painter, D. L. Chavez, Robert P. Reynolds","2019-05-27 02:54:48.0","control","1971-1980","control_1971-1980",5
"59",3,"MSB","Fish specimens","MSB:Fish:68521",52,"Gambusia affinis","Poeciliidae","whole organism (formalin-fixed, 55% isopropanol)",NA,35.211416,-106.612833,210,"World Geodetic System 1984","United States","New Mexico","Bernalillo County",NA,NA,"New Mexico: Bernalillo Co., Rio Grande Drainage. Rio Grande and mouth of flood control canal W of US 85 and Rt. 422 N of Albuquerque. Collector(s): G. Clemmer, S. Platania",NA,"",1984,8,16,"Collector(s): G. H. Clemmer, Steven P. Platania, USGS Biological Survey Fort Collins","GeoLocate",NA,"PreservedSpecimen","USGS Fort Collins CO Biological Survey Collections; verbatim collectors: Glenn H. Clemmer, Steven P. Platania, USGS Biological Survey Fort Collins","2019-05-27 02:03:13.0","control","1981-1990","control_1981-1990",5
"60",182,"MSB","Fish specimens","MSB:Fish:68508",12,"Gambusia affinis","Poeciliidae","whole organism (formalin-fixed, 55% isopropanol)",NA,35.225523,-106.597651,5196,"World Geodetic System 1984","United States","New Mexico","Sandoval County",NA,NA,"New Mexico: Bernalillo Co., Rio Grande Drainage. Rio Grande at Corrales Road, N of Albuquerque. Collector(s): G. Clemmer, S. Platania",NA,"",1984,8,15,"Collector(s): G. H. Clemmer, Steven P. Platania, USGS Biological Survey Fort Collins","GeoLocate",NA,"PreservedSpecimen","USGS Fort Collins CO Biological Survey Collections; verbatim collectors: Glenn H. Clemmer, Steven P. Platania, USGS Biological Survey Fort Collins","2019-05-27 02:03:17.0","control","1981-1990","control_1981-1990",5
"61",111,"MSB","Fish specimens","MSB:Fish:5253",11,"Gambusia affinis","Poeciliidae","whole organism (formalin-fixed, 55% isopropanol)",NA,35.322164,-106.557448,90,"World Geodetic System 1984","United States","New Mexico","Sandoval County",NA,NA,"Rio Grande, at NM State HWY 44 bridge, Bernalillo.",NA,"",1986,7,13,"Collector(s): Kevin R. Bestgen, Steven P. Platania","GeoLocate",NA,"PreservedSpecimen","Kind_Type: VIAL JAR; Calcfld: 212-K; Storage: 50% ISOP, 212-K; ALSO KRB-611.;","2019-05-27 02:57:54.0","control","1981-1990","control_1981-1990",5
"63",114,"MSB","Fish specimens","MSB:Fish:5811",75,"Gambusia affinis","Poeciliidae","whole organism (formalin-fixed, 70% ethanol)",NA,35.322164,-106.557448,90,"World Geodetic System 1984","United States","New Mexico","Sandoval County",NA,NA,"Rio Grande, at US HWY 550 bridge, Bernalillo.",NA,"",1987,9,9,"Collector(s): Kevin R. Bestgen, Steven P. Platania","GeoLocate",NA,"PreservedSpecimen","verbatim collectors: Kevin R. Bestgen, Steven P. Platania","2019-05-27 04:46:03.0","control","1981-1990","control_1981-1990",5
"76",109,"MSB","Fish specimens","MSB:Fish:9011",14,"Gambusia affinis","Poeciliidae","whole organism (formalin-fixed, 70% ethanol)",NA,35.28086111,-106.5988056,NA,"World Geodetic System 1984","United States","New Mexico","Sandoval County",NA,NA,"Rio Grande, at Corrales Waterway Canal, ca. 0.7 mi. south of NM State Route 528/46 intersection, Corrales.",NA,"",1990,10,28,"Collector(s): Steven P. Platania, Brooks M. Burr","not recorded",NA,"PreservedSpecimen","Kind_Type: VIAL JAR; Calcfld: 212-E; Storage: 70% EtOH, 212-E;","2019-05-27 04:34:29.0","control","1981-1990","control_1981-1990",5
"130",138,"MSB","Fish specimens","MSB:Fish:11171",19,"Gambusia affinis","Poeciliidae","whole organism (formalin-fixed, 70% ethanol)",NA,35.38111111,-106.495,NA,"World Geodetic System 1984","United States","New Mexico","Sandoval County",NA,NA,"Rio Grande, ca. 0.2 miles upstream of Angostura Diversion Dam.",NA,"",1992,7,23,"Collector(s): Brian K. Lang","not recorded",NA,"PreservedSpecimen","Kind_Type: VIAL JAR; Calcfld: 212-F; Storage: 70% EtOH, 212-F;","2019-05-27 02:03:31.0","control","1991-2000","control_1991-2000",5
"207",48,"MSB","Fish specimens","MSB:Fish:43225",28,"Gambusia affinis","Poeciliidae","whole organism (formalin-fixed, 70% ethanol)",NA,35.38033333,-106.4990556,NA,"World Geodetic System 1984","United States","New Mexico","Sandoval County",NA,NA,"Rio Grande, at Angostura Diversion Dam, Algodones.",NA,"2 meters",1999,7,14,"Collector(s): Steven P. Platania, Robert K. Dudley, Joshua R. Walters","not recorded",NA,"PreservedSpecimen","Rio Grande Silvery Minnow Population Monitoring Project; verbatim collectors: Steven P. Platania, Robert K. Dudley, Joshua R. Walters","2019-05-27 04:44:57.0","control","1991-2000","control_1991-2000",5
"152",30,"MSB","Fish specimens","MSB:Fish:19567",35,"Gambusia affinis","Poeciliidae","whole organism (formalin-fixed, 70% ethanol)",NA,35.28302778,-106.5981389,NA,"World Geodetic System 1984","United States","New Mexico","Sandoval County",NA,NA,"Rio Grande, 4 miles downstream of NM State HWY 44 bridge, at Rio Rancho Wastewater treatment plant, Rio Rancho.",NA,"1.5 meters",1994,11,21,"Collector(s): Steven P. Platania, Gregory M. Lein","not recorded",NA,"PreservedSpecimen","Hybognathus amarus Life History Study; verbatim collectors: Steven P. Platania, Gregory M. Lein","2019-05-27 03:16:49.0","control","1991-2000","control_1991-2000",5
"164",130,"MSB","Fish specimens","MSB:Fish:24924",13,"Gambusia affinis","Poeciliidae","whole organism (formalin-fixed, 70% ethanol)",NA,35.28302778,-106.5981389,NA,"World Geodetic System 1984","United States","New Mexico","Sandoval County",NA,NA,"Rio Grande, ca. 4.0 miles downstream of US HWY 550 bridge, at Rio Rancho Wastewater Treatment Plant.",NA,"2 meters",1995,5,11,"Collector(s): Steven P. Platania, Gregory M. Lein","not recorded",NA,"PreservedSpecimen","Hybognathus amarus Life History Study; verbatim collectors: Steven P. Platania, Gregory M. Lein","2019-05-27 04:46:26.0","control","1991-2000","control_1991-2000",5
"217",172,"MSB","Fish specimens","MSB:Fish:45437",190,"Gambusia affinis","Poeciliidae","tissue (freeze-dried); whole organism (formalin-fixed, 70% ethanol)",NA,35.283027,-106.598138,80,"World Geodetic System 1984","United States","New Mexico","Sandoval County",NA,NA,"Rio Grande, at Rio Rancho Wastewater Treatment Plant, ca. 6.3 kiilometers downstream of US HWY 550 bridge.",NA,"",2000,8,15,"Collector(s): W. H. Brandenburg, Michael A. Farrington","GeoLocate",NA,"PreservedSpecimen","Rio Grande Silvery Minnow Population Monitoring Project; verbatim collectors: W. Howard Brandenburg, Michael A. Farrington","2019-05-27 05:18:14.0","control","1991-2000","control_1991-2000",5
"209",134,"MSB","Fish specimens","MSB:Fish:43968",10,"Gambusia affinis","Poeciliidae","whole organism (formalin-fixed, 70% ethanol)",NA,35.38033333,-106.4990556,NA,"World Geodetic System 1984","United States","New Mexico","Sandoval County",NA,NA,"Rio Grande, at Angostura Diversion Dam, Algodones.",NA,".9 meters",1999,12,8,"Collector(s): Robert K. Dudley, Michael A. Farrington, Donald E. Gibson","not recorded",NA,"PreservedSpecimen","Rio Grande Silvery Minnow Population Monitoring Project; verbatim collectors: Robert K. Dudley, Michael A. Farrington, Donald E. Gibson; WATER BEING RELEASED AT DIVERSION GATE","2019-05-27 05:17:56.0","control","1991-2000","control_1991-2000",5
"204",90,"MSB","Fish specimens","MSB:Fish:43360",14,"Gambusia affinis","Poeciliidae","whole organism (formalin-fixed, 70% ethanol)",NA,35.322164,-106.557448,90,"World Geodetic System 1984","United States","New Mexico","Sandoval County",NA,NA,"Rio Grande, at NM State HWY 44 bridge, Bernalillo.",NA,".7 meters",1999,8,25,"Collector(s): Robert K. Dudley, Joshua R. Walters, Michael A. Farrington","GeoLocate",NA,"PreservedSpecimen","Rio Grande Silvery Minnow Population Monitoring Project; verbatim collectors: Robert K. Dudley, Joshua R. Walters, Michael A. Farrington","2019-05-27 05:20:23.0","control","1991-2000","control_1991-2000",5
"202",211,"MSB","Fish specimens","MSB:Fish:43370",19,"Gambusia affinis","Poeciliidae","whole organism (formalin-fixed, 70% ethanol)",NA,35.28302778,-106.5981389,NA,"World Geodetic System 1984","United States","New Mexico","Sandoval County",NA,NA,"Rio Grande, ca. 4.0 miles downstream of US HWY 550 bridge, at Rio Rancho Wastewater Treatment Plant.",NA,".7 meters",1999,8,25,"Collector(s): Robert K. Dudley, Joshua R. Walters, Michael A. Farrington","not recorded",NA,"PreservedSpecimen","Rio Grande Silvery Minnow Population Monitoring Project; verbatim collectors: Robert K. Dudley, Joshua R. Walters, Michael A. Farrington; FISH CONGREGATING IN WARM WATER, LOW VELOCITY AREAS","2019-05-27 05:11:53.0","control","1991-2000","control_1991-2000",5
"156",214,"MSB","Fish specimens","MSB:Fish:18629",23,"Gambusia affinis","Poeciliidae","whole organism (formalin-fixed, 70% ethanol)",NA,35.39216667,-106.4783611,NA,"World Geodetic System 1984","United States","New Mexico","Sandoval County",NA,NA,"Rio Grande, 1.8 miles upstream of Angostura Diversion Dam, San Felipe Pueblo.",NA,"",1994,7,21,"Collector(s): Steven P. Platania, Christopher S. Altenbach, Nancy M. Johnston","not recorded",NA,"PreservedSpecimen","MSB 1994 Survey of Pueblo Lands for Hybognathus amarus; verbatim collectors: Steven P. Platania, Christopher S. Altenbach, Nancy M. Johnston","2019-05-27 02:52:13.0","control","1991-2000","control_1991-2000",5
"190",36,"MSB","Fish specimens","MSB:Fish:38942",41,"Gambusia affinis","Poeciliidae","whole organism (formalin-fixed, 70% ethanol)",NA,35.28302778,-106.5981389,NA,"World Geodetic System 1984","United States","New Mexico","Sandoval County",NA,NA,"Rio Grande, ca. 4.0 miles downstream of US HWY 550 bridge, at Rio Rancho Wastewater Treatment Plant.",NA,"",1997,7,5,"Collector(s): Steven P. Platania, Christopher S. Altenbach, Stephen R. Davenport","not recorded",NA,"PreservedSpecimen","Rio Grande Silvery Minnow Population Monitoring Project; verbatim collectors: Steven P. Platania, Christopher S. Altenbach, Stephen R. Davenport","2019-05-27 04:45:45.0","control","1991-2000","control_1991-2000",5
"220",117,"MSB","Fish specimens","MSB:Fish:73719",27,"Gambusia affinis","Poeciliidae","whole organism (formalin-fixed, 70% ethanol)",NA,35.322164,-106.557448,90,"World Geodetic System 1984","United States","New Mexico","Sandoval County",NA,NA,"Bernalillo Bridge Hwy 550 crossing, Rio Grande",NA,"",2002,9,16,"Collector(s): Thomas F. Turner","GeoLocate",NA,"PreservedSpecimen","UNM BIOL 487 Ichthyology 2002 Field Trips; Very few pools or backwater habitats available.","2019-05-27 06:00:31.0","control","2001-2010","control_2001-2010",5
"2",201,"MSB","Fish specimens","MSB:Fish:1082",278,"Gambusia affinis","Poeciliidae","whole organism (formalin-fixed, 70% ethanol)",NA,35.100259,-106.692107,650,"North American Datum 1983","United States","New Mexico","Bernalillo County",NA,NA,"Palmer's Slough, east of Rio Grande Albuquerque NW Section, an area of remanant bosque and wetlands.",NA,"",1938,10,19,"Collector(s): William J. Koster","GeoLocate",NA,"PreservedSpecimen","Storage: 70% EtOH","2019-05-26 21:37:20.0","impact","1931-1940","impact_1931-1940",5
"17",28,"MSB","Fish specimens","MSB:Fish:1085",91,"Gambusia affinis","Poeciliidae","whole organism (formalin-fixed, 70% ethanol)",NA,35.192334,-106.619678,2064,"World Geodetic System 1984","United States","New Mexico","Bernalillo County",NA,NA,"Conservancy ditch, just north of Alameda.",NA,"",1939,5,13,"Collector(s): William J. Koster, R. Troxel","GeoLocate",NA,"PreservedSpecimen","verbatim collectors: William J. Koster, R. Troxel","2019-05-26 21:13:02.0","impact","1931-1940","impact_1931-1940",5
"6",64,"MSB","Fish specimens","MSB:Fish:1081",133,"Gambusia affinis","Poeciliidae","whole organism (formalin-fixed, 70% ethanol)",NA,35.072363,-106.668064,3507,"World Geodetic System 1984","United States","New Mexico","Bernalillo County",NA,NA,"First ditch west of Rio Grande, Albuquerque.",NA,"",1939,3,17,"Collector(s): Robert Troxel","GeoLocate",NA,"PreservedSpecimen","Storage: 70% EtOH","2019-05-26 21:22:57.0","impact","1931-1940","impact_1931-1940",5
"12",204,"MSB","Fish specimens","MSB:Fish:1105",53,"Gambusia affinis","Poeciliidae","whole organism (formalin-fixed, 70% ethanol)",NA,35.100259,-106.692107,650,"North American Datum 1983","United States","New Mexico","Bernalillo County",NA,NA,"Palmer's Slough, east of Rio Grande Albuquerque NW Section, an area of remanant bosque and wetlands.",NA,"",1939,1,30,"Collector(s): Robert Troxel, R. T. Fincke","GeoLocate",NA,"PreservedSpecimen","verbatim collectors: Robert Troxel, R. Fincke","2019-05-26 21:46:41.0","impact","1931-1940","impact_1931-1940",5
"10",202,"MSB","Fish specimens","MSB:Fish:1080",10,"Gambusia affinis","Poeciliidae","whole organism (formalin-fixed, 70% ethanol)",NA,35.100259,-106.692107,650,"North American Datum 1983","United States","New Mexico","Bernalillo County",NA,NA,"Palmer's Slough, east of Rio Grande Albuquerque NW Section, an area of remanant bosque and wetlands.",NA,"",1939,2,26,"Collector(s): William J. Koster, R. Troxel","GeoLocate",NA,"PreservedSpecimen","Kind_Type: VIAL JAR; Calcfld: 212-A; Storage: 70% EtOH, 212-A;","2019-05-26 21:37:26.0","impact","1931-1940","impact_1931-1940",5
"15",54,"MSB","Fish specimens","MSB:Fish:1088",65,"Gambusia affinis","Poeciliidae","whole organism (formalin-fixed, 70% ethanol)",NA,35.174587,-106.625563,NA,"World Geodetic System 1984","United States","New Mexico","Bernalillo County",NA,NA,"Conservancy ditch, north Second Street NW, .25 mile south of Alameda.",NA,"",1939,6,13,"Collector(s): William J. Koster, Lela R. Koster, P. Bretney","not recorded",NA,"PreservedSpecimen","verbatim collectors: William J. Koster, Lela R. Koster, P. Bretney","2019-05-26 21:23:03.0","impact","1931-1940","impact_1931-1940",5
"8",155,"MSB","Fish specimens","MSB:Fish:1078",328,"Gambusia affinis","Poeciliidae","whole organism (formalin-fixed, 70% ethanol)",NA,35.087167,-106.682164,160,"World Geodetic System 1984","United States","New Mexico","Bernalillo County",NA,NA,"First ditch west of Rio Grande at US HWY 66 or Central Avenue bridge, Albuquerque.",NA,"",1939,1,30,"Collector(s): Robert Troxel, R. T. Fincke","GeoLocate",NA,"PreservedSpecimen","verbatim collectors: Robert Troxel, R. Fincke","2019-05-26 21:18:26.0","impact","1931-1940","impact_1931-1940",5
"13",177,"MSB","Fish specimens","MSB:Fish:1091",71,"Gambusia affinis","Poeciliidae","whole organism (formalin-fixed, 70% ethanol)",NA,35.15548,-106.631533,1000,"World Geodetic System 1984","United States","New Mexico","Bernalillo County",NA,NA,"Conservancy ditch, north Second Street NW, 5.3 miles north of Albuquerque city limits.",NA,"",1939,4,22,"Collector(s): William J. Koster, R. Troxel","GeoLocate",NA,"PreservedSpecimen","verbatim collectors: William J. Koster, R. Troxel","2019-05-26 21:41:56.0","impact","1931-1940","impact_1931-1940",5
"5",98,"MSB","Fish specimens","MSB:Fish:1090",114,"Gambusia affinis","Poeciliidae","unknown; whole organism (formalin-fixed, 70% ethanol)",NA,34.906619,-106.685289,NA,"World Geodetic System 1984","United States","New Mexico","Bernalillo County",NA,NA,"Rio Grande, just north of Valencia County.",NA,"",1939,6,9,"Collector(s): William J. Koster, Lela R. Koster, P. Bretney","not recorded",NA,"PreservedSpecimen","verbatim collectors: William J. Koster, Lela R. Koster, P. Bretney","2019-05-26 21:13:01.0","impact","1931-1940","impact_1931-1940",5
"4",60,"MSB","Fish specimens","MSB:Fish:1104",27,"Gambusia affinis","Poeciliidae","whole organism (formalin-fixed, 70% ethanol)",NA,35.169258,-106.62832,NA,"World Geodetic System 1984","United States","New Mexico","Bernalillo County",NA,NA,"Conservancy ditch, north Second Street NW, south of Alameda.",NA,"",1938,10,13,"Collector(s): William J. Koster","not recorded",NA,"PreservedSpecimen","Storage: 70% EtOH","2019-05-26 21:41:52.0","impact","1931-1940","impact_1931-1940",5
"18",196,"MSB","Fish specimens","MSB:Fish:1079",60,"Gambusia affinis","Poeciliidae","whole organism (formalin-fixed, 70% ethanol)",NA,35.096748,-106.692027,776,"World Geodetic System 1984","United States","New Mexico","Bernalillo County",NA,NA,"Rio Grande, below a diversion dam, Albuquerque.",NA,"",1941,9,14,"Collector(s): William J. Koster, Frederick W. Worman, Earl Camp","GeoLocate",NA,"PreservedSpecimen","verbatim collectors: William J. Koster, Frederick W. Worman, Earl Camp","2019-05-26 22:01:55.0","impact","1941-1950","impact_1941-1950",5
"21",104,"MSB","Fish specimens","MSB:Fish:288",200,"Gambusia affinis","Poeciliidae","whole organism (formalin-fixed, 70% ethanol)",NA,35.068939,-106.663683,NA,"World Geodetic System 1984","United States","New Mexico","Bernalillo County",NA,NA,"Drain at Five Points.",NA,"",1949,12,3,"Collector(s): William J. Koster, G. Atkinson","not recorded",NA,"PreservedSpecimen","verbatim collectors: William J. Koster, G. Atkinson","2019-05-26 21:32:34.0","impact","1941-1950","impact_1941-1950",5
"22",55,"MSB","Fish specimens","MSB:Fish:280",424,"Gambusia affinis","Poeciliidae","whole organism (formalin-fixed, 70% ethanol)",NA,35.155761,-106.655157,90,"World Geodetic System 1984","United States","New Mexico","Bernalillo County",NA,NA,"Griegos Drain, near head at Chavez Avenue, Los Ranchos de Albuquerque.",NA,"",1949,10,28,"Collector(s): William J. Koster","GeoLocate",NA,"PreservedSpecimen","Storage: 70% EtOH","2019-05-26 21:32:26.0","impact","1941-1950","impact_1941-1950",5
"23",106,"MSB","Fish specimens","MSB:Fish:340",10,"Gambusia affinis","Poeciliidae","whole organism (formalin-fixed, 70% ethanol)",NA,35.185977,-106.653113,1578,"World Geodetic System 1984","United States","New Mexico","Bernalillo County",NA,NA,"Corrales Riverside Drain, ca. 1.6 kilometers south of Alameda Boulevard or NM State HWY 528 bridge, Albuquerque.",NA,"",1949,11,5,"Collector(s): William J. Koster","GeoLocate",NA,"PreservedSpecimen","Kind_Type: VIAL JAR; Calcfld: 212-A; Storage: 70% EtOH, 212-A;","2019-05-26 21:56:46.0","impact","1941-1950","impact_1941-1950",5
"24",22,"MSB","Fish specimens","MSB:Fish:315",27,"Gambusia affinis","Poeciliidae","whole organism (formalin-fixed, 70% ethanol)",NA,35.188761,-106.64706,NA,"World Geodetic System 1984","United States","New Mexico","Bernalillo County",NA,NA,"Rio Grande, 0.75 mile below Alameda Boulevard or NM State HWY 528 bridge, Albuquerque.",NA,"",1949,7,28,"Collector(s): William J. Koster","not recorded",NA,"PreservedSpecimen","Storage: 70% EtOH","2019-05-26 21:46:37.0","impact","1941-1950","impact_1941-1950",5
"25",135,"MSB","Fish specimens","MSB:Fish:305",37,"Gambusia affinis","Poeciliidae","whole organism (formalin-fixed, 70% ethanol)",NA,35.204443,-106.610046,NA,"World Geodetic System 1984","United States","New Mexico","Bernalillo County",NA,NA,"Alameda Drain, off Second Street or NM State HWY 47, north of Alameda.",NA,"",1949,7,21,"Collector(s): William J. Koster","not recorded",NA,"PreservedSpecimen","Storage: 70% EtOH","2019-05-26 21:41:59.0","impact","1941-1950","impact_1941-1950",5
"26",193,"MSB","Fish specimens","MSB:Fish:515",130,"Gambusia affinis","Poeciliidae","whole organism (formalin-fixed, 70% ethanol)",NA,35.20447,-106.610066,2000,"World Geodetic System 1984","United States","New Mexico","Bernalillo County",NA,NA,"Alameda Drain, off Second Street or NM State HWY 47 near Sandoval County line.",NA,"",1949,11,19,"Collector(s): William J. Koster, Kenneth R. Coburn, G. Atkinson","GeoLocate",NA,"PreservedSpecimen","verbatim collectors: William J. Koster, Kenneth R. Coburn, G. Atkinson","2019-05-26 20:57:16.0","impact","1941-1950","impact_1941-1950",5
"27",88,"MSB","Fish specimens","MSB:Fish:326",114,"Gambusia affinis","Poeciliidae","whole organism (formalin-fixed, 70% ethanol)",NA,35.210652,-106.627124,1000,"World Geodetic System 1984","United States","New Mexico","Bernalillo County",NA,NA,"Riverside Drain on Rio Grande, north of Alameda Boulevard or NM State HWY 528 bridge, Albuquerque.",NA,"",1949,7,21,"Collector(s): William J. Koster","GeoLocate",NA,"PreservedSpecimen","Storage: 70% EtOH","2019-05-26 21:51:39.0","impact","1941-1950","impact_1941-1950",5
"31",17,"MSB","Fish specimens","MSB:Fish:307",27,"Gambusia affinis","Poeciliidae","whole organism (formalin-fixed, 70% ethanol)",NA,34.987044,-106.690293,3466,"World Geodetic System 1984","United States","New Mexico","Bernalillo County",NA,NA,"Atrisco Riverside Drain, on westside of Rio Grande, ca 4 kilometers upstream of Interstate 25 bridge, in vicinity of Pajarito Community in South Valley, an unicorporated section of Albuquerque.",NA,"",1959,2,24,"Collector(s): William J. Koster","GeoLocate",NA,"PreservedSpecimen","Storage: 70% EtOH","2019-05-26 21:41:59.0","impact","1951-1960","impact_1951-1960",5
"32",85,"MSB","Fish specimens","MSB:Fish:285",23,"Gambusia affinis","Poeciliidae","whole organism (formalin-fixed, 70% ethanol)",NA,35.051774,-106.671997,4148,"World Geodetic System 1984","United States","New Mexico","Bernalillo County",NA,NA,"Atrisco Riverside Drain, on westside of Rio Grande, in the South Valley, an unicorporated section of Albuquerque.",NA,"",1961,2,17,"Collector(s): William J. Koster","GeoLocate",NA,"PreservedSpecimen","Storage: 70% EtOH","2019-05-26 21:32:27.0","impact","1961-1970","impact_1961-1970",5
"33",136,"MSB","Fish specimens","MSB:Fish:283",28,"Gambusia affinis","Poeciliidae","whole organism (formalin-fixed, 70% ethanol)",NA,35.197915,-106.644476,500,"World Geodetic System 1984","United States","New Mexico","Bernalillo County",NA,NA,"Drain canal west of Rio Grande, Alameda.",NA,"",1961,2,12,"Collector(s): J. K. Winther Jr.","GeoLocate",NA,"PreservedSpecimen","Kind_Type: VIAL JAR; Calcfld: 212-A; Storage: 70% EtOH, 212-A; ; IN VIAL JAR 212-G","2019-05-26 21:32:27.0","impact","1961-1970","impact_1961-1970",5
"35",164,"MSB","Fish specimens","MSB:Fish:1068",17,"Gambusia affinis","Poeciliidae","whole organism (formalin-fixed, 70% ethanol)",NA,35.051774,-106.671997,4148,"World Geodetic System 1984","United States","New Mexico","Bernalillo County",NA,NA,"Atrisco Riverside Drain, on westside of Rio Grande, in the South Valley, an unicorporated section of Albuquerque.",NA,"",1963,2,22,"Collector(s): William J. Koster","GeoLocate",NA,"PreservedSpecimen","Kind_Type: VIAL JAR; Calcfld: 212-A; Storage: 70% EtOH, 212-A;","2019-05-26 21:37:38.0","impact","1961-1970","impact_1961-1970",5
"39",181,"MSB","Fish specimens","MSB:Fish:4012",25,"Gambusia affinis","Poeciliidae","whole organism (formalin-fixed, 55% isopropanol)",NA,35.134932,-106.690783,654,"World Geodetic System 1984","United States","New Mexico","Bernalillo County",NA,NA,"Corrales Riverside Drain, northeast of St Pius X High School grounds, formerly the University of Albuquerque, between Rio Grande and NM State HWY 448.",NA,"",1977,9,28,"Collector(s): Charles W. Painter, D. L. Chavez, Robert P. Reynolds","GeoLocate",NA,"PreservedSpecimen","verbatim collectors: Charles W. Painter, D. L. Chavez, Robert P. Reynolds","2019-05-27 03:32:14.0","impact","1971-1980","impact_1971-1980",5
"40",40,"MSB","Fish specimens","MSB:Fish:3993",31,"Gambusia affinis","Poeciliidae","whole organism (formalin-fixed, 55% isopropanol)",NA,35.136341,-106.685742,1075,"World Geodetic System 1984","United States","New Mexico","Bernalillo County",NA,NA,"Rio Grande, northeast of St Pius X High School grounds, formerly the University of Albuquerque, off NM State HWY 448.",NA,"",1977,9,28,"Collector(s): Charles W. Painter, D. L. Chavez, Robert P. Reynolds","GeoLocate",NA,"PreservedSpecimen","verbatim collectors: Charles W. Painter, D. L. Chavez, Robert P. Reynolds","2019-05-27 03:10:09.0","impact","1971-1980","impact_1971-1980",5
"42",121,"MSB","Fish specimens","MSB:Fish:4418",37,"Gambusia affinis","Poeciliidae","whole organism (formalin-fixed, 70% ethanol)",NA,34.905272,-106.685564,120,"World Geodetic System 1984","United States","New Mexico","Valencia County",NA,NA,"Rio Grande, at the Isleta Diversion Dam, off NM State HWY 147, Isleta Pueblo.",NA,"",1978,8,3,"Collector(s): Charles W. Painter, S. P. Gloss","GeoLocate",NA,"PreservedSpecimen","verbatim collectors: Charles W. Painter, S. P. Gloss","2019-05-27 03:13:18.0","impact","1971-1980","impact_1971-1980",5
"43",122,"MSB","Fish specimens","MSB:Fish:4385",71,"Gambusia affinis","Poeciliidae","whole organism (formalin-fixed, 70% ethanol)",NA,34.905272,-106.685564,120,"World Geodetic System 1984","United States","New Mexico","Valencia County",NA,NA,"Rio Grande, at the Isleta Diversion Dam, off NM State HWY 147, Isleta Pueblo.",NA,"",1978,9,23,"Collector(s): Charles W. Painter, David W. Reducker, David J. Hafner","GeoLocate",NA,"PreservedSpecimen","verbatim collectors: Charles W. Painter, D. W. Reduker, David J. Hafner","2019-05-27 03:25:56.0","impact","1971-1980","impact_1971-1980",5
"44",123,"MSB","Fish specimens","MSB:Fish:4378",15,"Gambusia affinis","Poeciliidae","whole organism (formalin-fixed, 70% ethanol)",NA,34.905272,-106.685564,120,"World Geodetic System 1984","United States","New Mexico","Valencia County",NA,NA,"Rio Grande, at the Isleta Diversion Dam, off NM State HWY 147, Isleta Pueblo.",NA,"",1978,9,23,"Collector(s): Charles W. Painter, David W. Reducker, David J. Hafner","GeoLocate",NA,"PreservedSpecimen","verbatim collectors: Charles W. Painter, D. W. Reduker, David J. Hafner","2019-05-27 03:25:56.0","impact","1971-1980","impact_1971-1980",5
"45",47,"MSB","Fish specimens","MSB:Fish:4440",15,"Gambusia affinis","Poeciliidae","whole organism (formalin-fixed, 70% ethanol)",NA,35.090702,-106.684514,NA,"World Geodetic System 1984","United States","New Mexico","Bernalillo County",NA,NA,"Rio Grande, 0.2 mi north Central Ave., Albuq.",NA,"",1978,9,5,"Collector(s): Charles W. Painter, D. L. Chavez","not recorded",NA,"PreservedSpecimen","Kind_Type: VIAL JAR; Calcfld: 212-B; Storage: 70% EtOH, 212-B;","2019-05-27 02:51:51.0","impact","1971-1980","impact_1971-1980",5
"46",12,"MSB","Fish specimens","MSB:Fish:4389",449,"Gambusia affinis","Poeciliidae","whole organism (formalin-fixed, 70% ethanol)",NA,35.092867,-106.682332,NA,"World Geodetic System 1984","United States","New Mexico","Bernalillo County",NA,NA,"Clear ditch, 0.2 mi north Central Ave., Albuquerque.",NA,"",1978,9,5,"Collector(s): Charles W. Painter, D. L. Chavez","not recorded",NA,"PreservedSpecimen","verbatim collectors: Charles W. Painter, D. L. Chavez","2019-05-27 03:29:06.0","impact","1971-1980","impact_1971-1980",5
"47",198,"MSB","Fish specimens","MSB:Fish:4453",67,"Gambusia affinis","Poeciliidae","whole organism (formalin-fixed, 70% ethanol)",NA,35.10562,-106.681074,NA,"World Geodetic System 1984","United States","New Mexico","Bernalillo County",NA,NA,"Clear ditch, east of Rio Grande at Interstate 40.",NA,"",1978,9,5,"Collector(s): Charles W. Painter, D. L. Chavez","not recorded",NA,"PreservedSpecimen","verbatim collectors: Charles W. Painter, D. L. Chavez","2019-05-27 03:32:19.0","impact","1971-1980","impact_1971-1980",5
"48",49,"MSB","Fish specimens","MSB:Fish:4748",30,"Gambusia affinis","Poeciliidae","whole organism (formalin-fixed, 70% ethanol)",NA,35.197227,-106.642667,90,"World Geodetic System 1984","United States","New Mexico","Bernalillo County",NA,NA,"Rio Grande, at NM Highway 46 at Corrales bridge.",NA,"",1978,9,5,"Collector(s): Charles W. Painter, D. L. Chavez","GeoLocate",NA,"PreservedSpecimen","verbatim collectors: Charles W. Painter, D. L. Chavez","2019-05-27 02:51:48.0","impact","1971-1980","impact_1971-1980",5
"72",139,"MSB","Fish specimens","MSB:Fish:7166",14,"Gambusia affinis","Poeciliidae","whole organism (formalin-fixed, 70% ethanol)",NA,35.089293,-106.680842,90,"World Geodetic System 1984","United States","New Mexico","Bernalillo County",NA,NA,"Rio Grande, at Central Avenue or US HWY 66 bridge, Albuquerque.",NA,"",1990,4,20,"Collector(s): Steven P. Platania, Douglas A. Young","GeoLocate",NA,"PreservedSpecimen","Kind_Type: VIAL JAR; Calcfld: 212-C; Storage: 70% EtOH, 212-C;","2019-05-27 02:04:18.0","impact","1981-1990","impact_1981-1990",5
"73",144,"MSB","Fish specimens","MSB:Fish:8995",125,"Gambusia affinis","Poeciliidae","whole organism (formalin-fixed, 70% ethanol)",NA,35.089293,-106.680842,90,"World Geodetic System 1984","United States","New Mexico","Bernalillo County",NA,NA,"Rio Grande, at Central Avenue or US HWY 66 bridge, Albuquerque.",NA,"",1990,10,28,"Collector(s): Steven P. Platania, Brooks M. Burr","GeoLocate",NA,"PreservedSpecimen","verbatim collectors: Steven P. Platania, Brooks M. Burr","2019-05-27 03:04:19.0","impact","1981-1990","impact_1981-1990",5
"58",141,"MSB","Fish specimens","MSB:Fish:68470",61,"Gambusia affinis","Poeciliidae","whole organism (formalin-fixed, 55% isopropanol)",NA,35.089293,-106.680842,90,"World Geodetic System 1984","United States","New Mexico","Bernalillo County",NA,NA,"New Mexico: Bernalillo Co., Rio Grande Drainage. Rio Grande, Hwy 66, Old Town Bridge in Albquerque. Collector(s): G. Clemmer, S. Platania",NA,"",1984,8,15,"Collector(s): G. H. Clemmer, Steven P. Platania, USGS Biological Survey Fort Collins","GeoLocate",NA,"PreservedSpecimen","USGS Fort Collins CO Biological Survey Collections; verbatim collectors: Glenn H. Clemmer, Steven P. Platania, USGS Biological Survey Fort Collins","2019-05-27 02:38:47.0","impact","1981-1990","impact_1981-1990",5
"65",209,"MSB","Fish specimens","MSB:Fish:7765",14,"Gambusia affinis","Poeciliidae","whole organism (formalin-fixed, 55% isopropanol)",NA,35.027111,-106.672944,90,"World Geodetic System 1984","United States","New Mexico","Bernalillo County",NA,NA,"Rio Grande, at NM State HWY 500 or Rio Bravo Boulevard Bridge, in the South Valley, an unicorporated area of Albuquerque.",NA,"",1988,10,5,"Collector(s): Kevin R. Bestgen, Steven P. Platania","GeoLocate",NA,"PreservedSpecimen","Kind_Type: VIAL JAR; Calcfld: 212-K; Storage: 50% ISOP, 212-K;","2019-05-27 03:29:18.0","impact","1981-1990","impact_1981-1990",5
"75",71,"MSB","Fish specimens","MSB:Fish:9004",81,"Gambusia affinis","Poeciliidae","whole organism (formalin-fixed, 70% ethanol)",NA,35.196977,-106.642444,102,"World Geodetic System 1984","United States","New Mexico","Bernalillo County",NA,NA,"Rio Grande, at Alameda Boulevard or NM State HWY 528 bridge, Albuquerque.",NA,"",1990,10,28,"Collector(s): Steven P. Platania, Brooks M. Burr","GeoLocate",NA,"PreservedSpecimen","verbatim collectors: Steven P. Platania, Brooks M. Burr","2019-05-27 03:04:20.0","impact","1981-1990","impact_1981-1990",5
"74",146,"MSB","Fish specimens","MSB:Fish:7971",198,"Gambusia affinis","Poeciliidae","whole organism (formalin-fixed, 70% ethanol)",NA,35.089293,-106.680842,90,"World Geodetic System 1984","United States","New Mexico","Bernalillo County",NA,NA,"Rio Grande, at Central Avenue or US HWY 66 bridge, Albuquerque.",NA,"",1990,10,22,"Collector(s): Steven P. Platania, Brooks M. Burr, Douglas A. Young","GeoLocate",NA,"PreservedSpecimen","verbatim collectors: Steven P. Platania, Brooks M. Burr, Douglas A. Young","2019-05-27 03:26:02.0","impact","1981-1990","impact_1981-1990",5
"66",66,"MSB","Fish specimens","MSB:Fish:9465",1675,"Gambusia affinis","Poeciliidae","whole organism (formalin-fixed, 70% ethanol)",NA,34.917008,-106.675195,NA,"World Geodetic System 1984","United States","New Mexico","Valencia County",NA,NA,"Ditch on east side adjacent to the Rio Grande, 7.6 miles N of Los Lunas",NA,"",1989,2,26,"Collector(s): Kevin R. Bestgen, H. T. Bestgen","not recorded",NA,"PreservedSpecimen","verbatim collectors: Kevin R. Bestgen, H. T. Bestgen","2019-05-27 03:41:48.0","impact","1981-1990","impact_1981-1990",5
"64",58,"MSB","Fish specimens","MSB:Fish:6300",17,"Gambusia affinis","Poeciliidae","whole organism (formalin-fixed, 55% isopropanol)",NA,35.017903,-106.661847,90,"World Geodetic System 1984","United States","New Mexico","Bernalillo County",NA,NA,"South side of the North street crossing of Barr Canal, south end of Albuquerque",NA,"",1988,11,12,"Collector(s): Christopher S. Altenbach, J. Scott Altenbach","GeoLocate",NA,"PreservedSpecimen","verbatim collectors: Christopher S. Altenbach, J. Scott Altenbach","2019-05-27 02:49:33.0","impact","1981-1990","impact_1981-1990",5
"67",212,"MSB","Fish specimens","MSB:Fish:7239",23,"Gambusia affinis","Poeciliidae","whole organism (formalin-fixed, 70% ethanol)",NA,34.994298,-106.678945,90,"World Geodetic System 1984","United States","New Mexico","Bernalillo County",NA,NA,"Barr Canal, just south of Clark Road SW crossing, south end of Albuquerque",NA,"",1989,11,12,"Collector(s): Christopher S. Altenbach","GeoLocate",NA,"PreservedSpecimen","Storage: 70% EtOH","2019-05-27 03:26:01.0","impact","1981-1990","impact_1981-1990",5
"57",14,"MSB","Fish specimens","MSB:Fish:68483",21,"Gambusia affinis","Poeciliidae","whole organism (formalin-fixed, 55% isopropanol)",NA,35.069907,-106.658878,90,"World Geodetic System 1984","United States","New Mexico","Bernalillo County",NA,NA,"New Mexico: Bernalillo Co., Rio Grande Drainage. Rio Grande, US Hwy 85 in Albuquerque. Collector(s): G. Clemmer, S. Platania",NA,"",1984,8,15,"Collector(s): G. H. Clemmer, Steven P. Platania, USGS Biological Survey Fort Collins","GeoLocate",NA,"PreservedSpecimen","USGS Fort Collins CO Biological Survey Collections; verbatim collectors: Glenn H. Clemmer, Steven P. Platania, USGS Biological Survey Fort Collins","2019-05-27 02:41:33.0","impact","1981-1990","impact_1981-1990",5
"132",166,"MSB","Fish specimens","MSB:Fish:14485",15,"Gambusia affinis","Poeciliidae","whole organism (formalin-fixed, 70% ethanol)",NA,34.929964,-106.681431,NA,"World Geodetic System 1984","United States","New Mexico","Bernalillo County",NA,NA,"Albuquerque Barr Riverside Drain, return to Rio Grande just upstream of the Atchison, Topeka & Santa Fe Railroad bridge crossing on Isleta Pueblo.",NA,"",1993,7,13,"Collector(s): Brian K. Lang, Christopher S. Altenbach","not recorded",NA,"PreservedSpecimen","Rio Grande Irrigation Canal Study; verbatim collectors: Brian K. Lang, Christopher S. Altenbach","2019-05-27 04:34:39.0","impact","1991-2000","impact_1991-2000",5
"95",206,"MSB","Fish specimens","MSB:Fish:11926",55,"Gambusia affinis","Poeciliidae","whole organism (formalin-fixed, 70% ethanol)",NA,35.027111,-106.672944,90,"World Geodetic System 1984","United States","New Mexico","Bernalillo County",NA,NA,"Rio Grande, at NM State HWY 500 or Rio Bravo Boulevard Bridge, in the South Valley, an unicorporated area of Albuquerque.",NA,"",1992,9,21,"Collector(s): Brian K. Lang","GeoLocate",NA,"PreservedSpecimen","Storage: 70% EtOH","2019-05-27 02:24:15.0","impact","1991-2000","impact_1991-2000",5
"176",57,"MSB","Fish specimens","MSB:Fish:30516",90,"Gambusia affinis","Poeciliidae","whole organism (formalin-fixed, 70% ethanol)",NA,35.13539167,-106.6684167,90,"World Geodetic System 1984","United States","New Mexico","Bernalillo County",NA,NA,"Rio Grande, at Montano Bridge crossing on Montano Road, Albuquerque.",NA,".5 meters",1996,10,30,"Collector(s): Robert K. Dudley, Christopher S. Altenbach, James P. Larson","GeoLocate",NA,"PreservedSpecimen","MSB 1995-96 Monitoring of Rio Grande, Montano Bridge Construction Area; verbatim collectors: Robert K. Dudley, Christopher S. Altenbach, James P. Larson; MANY LOW AND HIGH VELOCITY HABITATS PRESENT","2019-05-27 05:02:57.0","impact","1991-2000","impact_1991-2000",5
"211",78,"MSB","Fish specimens","MSB:Fish:45196",11,"Gambusia affinis","Poeciliidae","whole organism (formalin-fixed, 70% ethanol)",NA,35.027111,-106.672944,90,"World Geodetic System 1984","United States","New Mexico","Bernalillo County",NA,NA,"Rio Grande, at NM State HWY 500 or Rio Bravo Boulevard Bridge, in the South Valley, an unicorporated area of Albuquerque.",NA,"0 meters-.7 meters",2000,4,24,"Collector(s): Robert K. Dudley, W. H. Brandenburg, Donald E. Gibson","GeoLocate",NA,"PreservedSpecimen","Rio Grande Silvery Minnow Population Monitoring Project; verbatim collectors: Robert K. Dudley, W. Howard Brandenburg, Donald E. Gibson","2019-05-27 02:55:38.0","impact","1991-2000","impact_1991-2000",5
"195",179,"MSB","Fish specimens","MSB:Fish:43261",75,"Gambusia affinis","Poeciliidae","whole organism (formalin-fixed, 70% ethanol)",NA,35.027111,-106.672944,90,"World Geodetic System 1984","United States","New Mexico","Bernalillo County",NA,NA,"Rio Grande, at NM State HWY 500 or Rio Bravo Boulevard Bridge, in the South Valley, an unicorporated area of Albuquerque.",NA,"2 meters",1999,7,15,"Collector(s): Steven P. Platania, Robert K. Dudley, Joshua R. Walters","GeoLocate",NA,"PreservedSpecimen","Rio Grande Silvery Minnow Population Monitoring Project; verbatim collectors: Steven P. Platania, Robert K. Dudley, Joshua R. Walters","2019-05-27 05:06:22.0","impact","1991-2000","impact_1991-2000",5
"114",70,"MSB","Fish specimens","MSB:Fish:11976",123,"Gambusia affinis","Poeciliidae","whole organism (formalin-fixed, 70% ethanol)",NA,35.196977,-106.642444,102,"World Geodetic System 1984","United States","New Mexico","Bernalillo County",NA,NA,"Rio Grande, at Alameda Boulevard or NM State HWY 528 bridge, Albuquerque.",NA,"",1992,9,28,"Collector(s): Brian K. Lang","GeoLocate",NA,"PreservedSpecimen","Storage: 70% EtOH","2019-05-27 02:27:22.0","impact","1991-2000","impact_1991-2000",5
"149",24,"MSB","Fish specimens","MSB:Fish:19643",23,"Gambusia affinis","Poeciliidae","whole organism (formalin-fixed, 70% ethanol)",NA,35.027111,-106.672944,90,"World Geodetic System 1984","United States","New Mexico","Bernalillo County",NA,NA,"Rio Grande, at NM State HWY 500 or Rio Bravo Boulevard Bridge, in the South Valley, an unicorporated area of Albuquerque.",NA,"1 meter",1994,10,8,"Collector(s): Steven P. Platania, Christopher S. Altenbach, James P. Larson","GeoLocate",NA,"PreservedSpecimen","Rio Grande Silvery Minnow Population Monitoring Project; verbatim collectors: Steven P. Platania, Christopher S. Altenbach, James P. Larson","2019-05-27 03:23:18.0","impact","1991-2000","impact_1991-2000",5
"86",20,"MSB","Fish specimens","MSB:Fish:11126",182,"Gambusia affinis","Poeciliidae","whole organism (formalin-fixed, 70% ethanol)",NA,34.97052778,-106.6911111,NA,"World Geodetic System 1984","United States","New Mexico","Bernalillo County",NA,NA,"Rio Grande, ca. 4.4 miles downstream of NM State HWY 500 or Rio Bravo Boulevard Bridge, in the South Valley, an unicorporated area of Albuquerque.",NA,"",1992,7,22,"Collector(s): Brian K. Lang","not recorded",NA,"PreservedSpecimen","Storage: 70% EtOH","2019-05-27 01:59:38.0","impact","1991-2000","impact_1991-2000",5
"185",173,"MSB","Fish specimens","MSB:Fish:38823",23,"Gambusia affinis","Poeciliidae","whole organism (formalin-fixed, 70% ethanol)",NA,35.004846,-106.683131,NA,"World Geodetic System 1984","United States","New Mexico","Bernalillo County",NA,NA,"Rio Grande, ca. 1.9 miles downstream of NM State HWY 500 or Rio Bravo Boulevard Bridge, just downstream of the South Diversion Canal outflow, in the South Valley, an unicorporated area of Albuquerque.",NA,".4 meters",1997,3,5,"Collector(s): Robert K. Dudley, Christopher S. Altenbach, James P. Larson, M. G. Thomas","not recorded",NA,"PreservedSpecimen","Rio Grande Silvery Minnow Population Monitoring Project; verbatim collectors: Robert K. Dudley, Christopher S. Altenbach, James P. Larson, M. G. Thomas, ; HYBOGNATHUS AT THIS SITE WERE IN POOR CONDITION","2019-05-27 05:08:54.0","impact","1991-2000","impact_1991-2000",5
"197",19,"MSB","Fish specimens","MSB:Fish:43382",84,"Gambusia affinis","Poeciliidae","whole organism (formalin-fixed, 70% ethanol)",NA,35.089293,-106.680842,90,"World Geodetic System 1984","United States","New Mexico","Bernalillo County",NA,NA,"Rio Grande, at Central Avenue or US HWY 66 bridge, Albuquerque.",NA,".7 meters",1999,8,25,"Collector(s): Robert K. Dudley, Joshua R. Walters, Michael A. Farrington","GeoLocate",NA,"PreservedSpecimen","Rio Grande Silvery Minnow Population Monitoring Project; verbatim collectors: Robert K. Dudley, Joshua R. Walters, Michael A. Farrington","2019-05-27 05:06:27.0","impact","1991-2000","impact_1991-2000",5
"7",224,"MSB","Fish specimens","MSB:Fish:1155",76,"Hybognathus amarus","Cyprinidae","tissue (freeze-dried); whole organism (formalin-fixed, 70% ethanol)",NA,35.322418,-106.557971,90,"World Geodetic System 1984","United States","New Mexico","Sandoval County",NA,NA,"Rio Grande, at bridge, Bernalillo.",NA,"",1943,6,23,"Collector(s): William J. Koster","GeoLocate",NA,"PreservedSpecimen","Storage: 70% EtOH","2019-05-26 21:22:50.0","control","1941-1950","control_1941-1950",5
"81",253,"MSB","Fish specimens","MSB:Fish:1132",65,"Hybognathus amarus","Cyprinidae","unknown; whole organism (formalin-fixed, 70% ethanol)",NA,35.380629,-106.503529,NA,"World Geodetic System 1984","United States","New Mexico","Sandoval County",NA,NA,"Rio Grande, 0.25 mile below Angostura Diversion Dam, Algodones.",NA,"",1947,10,25,"Collector(s): William J. Koster, G. Mertz","not recorded",NA,"PreservedSpecimen","Storage: 70% EtOH; Published: 1994. Contribution 69 of Larval Fish Lab, CSU:101pp; Redet. K. R. Bestgen and D.L. Propst.  N=35 counted on 22 March 2002","2019-05-26 21:51:38.0","control","1941-1950","control_1941-1950",5
"121",229,"MSB","Fish specimens","MSB:Fish:1129",1188,"Hybognathus amarus","Cyprinidae","whole organism (formalin-fixed, 70% ethanol)",NA,35.350556,-106.535497,NA,"World Geodetic System 1984","United States","New Mexico","Sandoval County",NA,NA,"Rio Grande,  2.0 miles north of Bernalillo.",NA,"",1959,2,20,"Collector(s): William J. Koster","not recorded",NA,"PreservedSpecimen","Storage: 70% EtOH; Specimens refixed in 10% formalin, July 1994; still fragile.  Counts are N=1176 or 1149, 1065 and finally, 1188 counted November 2003.","2019-05-26 21:32:41.0","control","1951-1960","control_1951-1960",5
"151",339,"MSB","Fish specimens","MSB:Fish:4987",27,"Hybognathus amarus","Cyprinidae","whole organism (formalin-fixed, 70% ethanol)",NA,35.232431,-106.594272,2660,"World Geodetic System 1984","United States","New Mexico","Bernalillo County",NA,NA,"Sandoval Lateral Site 1, somewhere between Skylark Lane and Romero Road, Corrales.",NA,"",1977,7,6,"Collector(s): Charles W. Painter, D. L. Chavez, D. Tague","GeoLocate",NA,"PreservedSpecimen","verbatim collectors: Charles W. Painter, D. L. Chavez, D. Taque","2019-05-27 02:14:43.0","control","1971-1980","control_1971-1980",5
"201",316,"MSB","Fish specimens","MSB:Fish:4432",64,"Hybognathus amarus","Cyprinidae","whole organism (formalin-fixed, 70% ethanol)",NA,35.239638,-106.587548,NA,"World Geodetic System 1984","United States","New Mexico","Sandoval County",NA,NA,"Rio Grande, 3.0 miles north of NM State HWY 46 at Corrales bridge.",NA,"",1978,9,8,"Collector(s): Charles W. Painter, D. L. Chavez, David W. Reducker","not recorded",NA,"PreservedSpecimen","verbatim collectors: Charles W. Painter, D. L. Chavez, D. W. Reduker","2019-05-27 03:32:27.0","control","1971-1980","control_1971-1980",5
"212",251,"MSB","Fish specimens","MSB:Fish:4206",16,"Hybognathus amarus","Cyprinidae","whole organism (formalin-fixed, 70% ethanol)",NA,35.256141,-106.596281,620,"World Geodetic System 1984","United States","New Mexico","Sandoval County",NA,NA,"Sandoval Lateral, ca. 0.6 kilometers south of Romero Road at north end of lateral, between NM State HWY 448 and Rio Grande, Corrales.",NA,"",1978,9,8,"Collector(s): Charles W. Painter, D. L. Chavez, David W. Reducker","GeoLocate",NA,"PreservedSpecimen","verbatim collectors: Charles W. Painter, D. L. Chavez, D. W. Reduker","2019-05-27 03:13:13.0","control","1971-1980","control_1971-1980",5
"221",332,"MSB","Fish specimens","MSB:Fish:4487",30,"Hybognathus amarus","Cyprinidae","tissue (freeze-dried); whole organism (formalin-fixed, 70% ethanol)",NA,35.383856,-106.490929,NA,"World Geodetic System 1984","United States","New Mexico","Sandoval County",NA,NA,"Rio Grande, 0.5 mile northwest Algodones.",NA,"",1978,9,29,"Collector(s): Charles W. Painter, Robert P. Reynolds, D. L. Chavez","not recorded",NA,"PreservedSpecimen","verbatim collectors: Charles W. Painter, Robert P. Reynolds, D. L. Chavez","2019-05-27 02:07:45.0","control","1971-1980","control_1971-1980",5
"241",221,"MSB","Fish specimens","MSB:Fish:68513",581,"Hybognathus amarus","Cyprinidae","whole organism (formalin-fixed, 55% isopropanol)",NA,35.211416,-106.612833,210,"World Geodetic System 1984","United States","New Mexico","Bernalillo County",NA,NA,"New Mexico: Bernalillo Co., Rio Grande Drainage. Rio Grande and mouth of flood control canal W of US 85 and Rt. 422 N of Albuquerque. Collector(s): G. Clemmer, S. Platania",NA,"",1984,8,16,"Collector(s): G. H. Clemmer, Steven P. Platania, USGS Biological Survey Fort Collins","GeoLocate",NA,"PreservedSpecimen","USGS Fort Collins CO Biological Survey Collections; verbatim collectors: Glenn H. Clemmer, Steven P. Platania, USGS Biological Survey Fort Collins","2019-05-27 02:03:13.0","control","1981-1990","control_1981-1990",5
"251",347,"MSB","Fish specimens","MSB:Fish:68501",340,"Hybognathus amarus","Cyprinidae","whole organism (formalin-fixed, 55% isopropanol)",NA,35.225523,-106.597651,5196,"World Geodetic System 1984","United States","New Mexico","Sandoval County",NA,NA,"New Mexico: Bernalillo Co., Rio Grande Drainage. Rio Grande at Corrales Road, N of Albuquerque. Collector(s): G. Clemmer, S. Platania",NA,"",1984,8,15,"Collector(s): G. H. Clemmer, Steven P. Platania, USGS Biological Survey Fort Collins","GeoLocate",NA,"PreservedSpecimen","USGS Fort Collins CO Biological Survey Collections; verbatim collectors: Glenn H. Clemmer, Steven P. Platania, USGS Biological Survey Fort Collins","2019-05-27 02:03:17.0","control","1981-1990","control_1981-1990",5
"261",292,"MSB","Fish specimens","MSB:Fish:68528",99,"Hybognathus amarus","Cyprinidae","whole organism (formalin-fixed, 55% isopropanol)",NA,35.322164,-106.557448,90,"World Geodetic System 1984","United States","New Mexico","Sandoval County",NA,NA,"New Mexico: Sandoval Co., Rio Grande Drainage. Rio Grande, Hwy 44 just W of Bernalillo. Collector(s): G. Clemmer, S. Platania",NA,"",1984,8,16,"Collector(s): G. H. Clemmer, Steven P. Platania, USGS Biological Survey Fort Collins","GeoLocate",NA,"PreservedSpecimen","USGS Fort Collins CO Biological Survey Collections; verbatim collectors: Glenn H. Clemmer, Steven P. Platania, USGS Biological Survey Fort Collins","2019-05-27 02:06:48.0","control","1981-1990","control_1981-1990",5
"271",323,"MSB","Fish specimens","MSB:Fish:5272",28,"Hybognathus amarus","Cyprinidae","whole organism (formalin-fixed, 55% isopropanol)",NA,35.256259,-106.594367,204,"World Geodetic System 1984","United States","New Mexico","Sandoval County",NA,NA,"Rio Grande, ca. 0.4 kilometers downstream of Arroyo de los Montoyas, ca 9.4 kilometers downstream of US HWY 550 bridge, Bernalillo.",NA,"",1986,8,12,"Collector(s): Kevin R. Bestgen, Steven P. Platania, Christopher S. Altenbach","GeoLocate",NA,"PreservedSpecimen","verbatim collectors: Kevin R. Bestgen, Steven P. Platania, Christopher S. Altenbach","2019-05-27 02:11:26.0","control","1981-1990","control_1981-1990",5
"281",237,"MSB","Fish specimens","MSB:Fish:5263",63,"Hybognathus amarus","Cyprinidae","whole organism (formalin-fixed, 55% isopropanol)",NA,35.28302778,-106.5981389,NA,"World Geodetic System 1984","United States","New Mexico","Sandoval County",NA,NA,"Rio Grande, ca. 4.0 miles downstream of US HWY 550 bridge, at Rio Rancho Wastewater Treatment Plant.",NA,"",1986,8,12,"Collector(s): Kevin R. Bestgen, Steven P. Platania, Christopher S. Altenbach","not recorded",NA,"PreservedSpecimen","verbatim collectors: Kevin R. Bestgen, Steven P. Platania, Christopher S. Altenbach; SEE ALSO KRB 612, ALSO COLLECTED 1 LARVAL FISH.","2019-05-27 02:11:25.0","control","1981-1990","control_1981-1990",5
"291",338,"MSB","Fish specimens","MSB:Fish:5255",11,"Hybognathus amarus","Cyprinidae","whole organism (formalin-fixed, 55% isopropanol)",NA,35.299262,-106.578916,NA,"World Geodetic System 1984","United States","New Mexico","Sandoval County",NA,NA,"Rio Grande, 3.5 kilometers downstream of Bernalillo Bridge, NM State HWY 44 crossing.",NA,"",1986,8,12,"Collector(s): Kevin R. Bestgen, Steven P. Platania, Christopher S. Altenbach","not recorded",NA,"PreservedSpecimen","verbatim collectors: Kevin R. Bestgen, Steven P. Platania, Christopher S. Altenbach","2019-05-27 02:14:50.0","control","1981-1990","control_1981-1990",5
"301",293,"MSB","Fish specimens","MSB:Fish:5247",135,"Hybognathus amarus","Cyprinidae","whole organism (formalin-fixed, 70% ethanol)",NA,35.322164,-106.557448,90,"World Geodetic System 1984","United States","New Mexico","Sandoval County",NA,NA,"Rio Grande, at NM State HWY 44 bridge, Bernalillo.",NA,"",1986,7,13,"Collector(s): Kevin R. Bestgen, Steven P. Platania","GeoLocate",NA,"PreservedSpecimen","verbatim collectors: Kevin R. Bestgen, Steven P. Platania; ALSO KRB-611.","2019-05-27 02:57:54.0","control","1981-1990","control_1981-1990",5
"331",298,"MSB","Fish specimens","MSB:Fish:5803",24,"Hybognathus amarus","Cyprinidae","tissue (frozen); whole organism (formalin-fixed, 70% ethanol)",NA,35.322164,-106.557448,90,"World Geodetic System 1984","United States","New Mexico","Sandoval County",NA,NA,"Rio Grande, at US HWY 550 bridge, Bernalillo.",NA,"",1987,9,9,"Collector(s): Kevin R. Bestgen, Steven P. Platania","GeoLocate",NA,"PreservedSpecimen","Storage: 70% EtOH; Taxonomic history: Voucher; Originally labeled as KRB-706 on field labels (this isTaos Co. Rio Grande, 27 AUG 1987). This mistake caused split lots with genetic samples recataloged as MSB 13088.  Now corrected. 10 AUG 2015 AMS","2019-05-27 04:46:03.0","control","1981-1990","control_1981-1990",5
"351",296,"MSB","Fish specimens","MSB:Fish:7788",26,"Hybognathus amarus","Cyprinidae","whole organism (formalin-fixed, 70% ethanol)",NA,35.322164,-106.557448,90,"World Geodetic System 1984","United States","New Mexico","Sandoval County",NA,NA,"Rio Grande, at US HWY 550 bridge, Bernalillo.",NA,"",1988,5,25,"Collector(s): Kevin R. Bestgen, Steven P. Platania","GeoLocate",NA,"PreservedSpecimen","verbatim collectors: Kevin R. Bestgen, Steven P. Platania","2019-05-27 03:32:35.0","control","1981-1990","control_1981-1990",5
"361",283,"MSB","Fish specimens","MSB:Fish:7686",10,"Hybognathus amarus","Cyprinidae","whole organism (formalin-fixed, 70% ethanol)",NA,35.257454,-106.594724,NA,"World Geodetic System 1984","United States","New Mexico","Sandoval County",NA,NA,"Rio Grande, at the mouth of Rio Rancho Flood Control Canal",NA,"",1989,4,7,"Collector(s): Kevin R. Bestgen, H. T. Bestgen","not recorded",NA,"PreservedSpecimen","verbatim collectors: Kevin R. Bestgen, H. T. Bestgen","2019-05-27 03:38:43.0","control","1981-1990","control_1981-1990",5
"125",276,"MSB","Fish specimens","MSB:Fish:30346",10,"Hybognathus amarus","Cyprinidae","whole organism (formalin-fixed, 70% ethanol)",NA,35.322164,-106.557448,90,"World Geodetic System 1984","United States","New Mexico","Sandoval County",NA,NA,"Rio Grande, at NM State HWY 44 bridge, Bernalillo.",NA,"1.5 meters",1996,6,27,"Collector(s): Steven P. Platania, Christopher S. Altenbach, Robert K. Dudley","GeoLocate",NA,"PreservedSpecimen","Rio Grande Silvery Minnow Population Monitoring Project; verbatim collectors: Steven P. Platania, Christopher S. Altenbach, Robert K. Dudley; RAINS LAST NIGHT HAVE MADE THE WATER  VERY SILTY, REDUCING VISIBILITY TO 0 CM.","2019-05-27 05:00:20.0","control","1991-2000","control_1991-2000",5
"571",290,"MSB","Fish specimens","MSB:Fish:18689",59,"Hybognathus amarus","Cyprinidae","whole organism (formalin-fixed, 70% ethanol)",NA,35.280904,-106.597587,NA,"World Geodetic System 1984","United States","New Mexico","Sandoval County",NA,NA,"Rio Grande, at the Corrales Siphon (Corrales Waterway Canal) at the Rio Rancho-Corrales municipal limits.",NA,"",1993,7,12,"Collector(s): Brian K. Lang, Christopher S. Altenbach","not recorded",NA,"PreservedSpecimen","Hybognathus amarus Life History Study; verbatim collectors: Brian K. Lang, Christopher S. Altenbach; 13 SEINE HAULS; 5 LARVAL HAULS","2019-05-27 02:52:15.0","control","1991-2000","control_1991-2000",5
"79",236,"MSB","Fish specimens","MSB:Fish:18967",26,"Hybognathus amarus","Cyprinidae","whole organism; gonad (formalin-fixed, 70% ethanol); whole organism (formalin-fixed, 70% ethanol)",NA,35.28302778,-106.5981389,NA,"World Geodetic System 1984","United States","New Mexico","Sandoval County",NA,NA,"Rio Grande, ca. 4.0 miles downstream of US HWY 550 bridge, at Rio Rancho Wastewater Treatment Plant.",NA,"",1994,6,10,"Collector(s): Steven P. Platania, Christopher S. Altenbach","not recorded",NA,"PreservedSpecimen","Hybognathus amarus Life History Study; verbatim collectors: Steven P. Platania, Christopher S. Altenbach; WATER WAS CLEAR & FAST.","2019-05-27 02:07:18.0","control","1991-2000","control_1991-2000",5
"80",238,"MSB","Fish specimens","MSB:Fish:18909",22,"Hybognathus amarus","Cyprinidae","whole organism; gonad (formalin-fixed, 70% ethanol); whole organism (formalin-fixed, 70% ethanol)",NA,35.28302778,-106.5981389,NA,"World Geodetic System 1984","United States","New Mexico","Sandoval County",NA,NA,"Rio Grande, ca. 4.0 miles downstream of US HWY 550 bridge, at Rio Rancho Wastewater Treatment Plant.",NA,"",1994,3,10,"Collector(s): Steven P. Platania, Peter T. Mulvaney, Robin A. Abell","not recorded",NA,"PreservedSpecimen","Hybognathus amarus Life History Study; verbatim collectors: Steven P. Platania, Peter T. Mulvaney, Robin A. Abell; WATER WAS CLEAR.","2019-05-27 02:52:14.0","control","1991-2000","control_1991-2000",5
"84",243,"MSB","Fish specimens","MSB:Fish:49970",97,"Hybognathus amarus","Cyprinidae","whole organism (formalin-fixed, 70% ethanol)",NA,35.28302778,-106.5981389,NA,"World Geodetic System 1984","United States","New Mexico","Sandoval County",NA,NA,"Rio Grande, ca. 4.0 miles downstream of US HWY 550 bridge, at Rio Rancho Wastewater Treatment Plant.",NA,"",1994,5,5,"Collector(s): Steven P. Platania, Christopher S. Altenbach","not recorded",NA,"PreservedSpecimen","Storage: 70% EtOH; Published: 2000.  Platania, S.P. 2000 Report to USFWS  Effects of four water temperature treatments on survival, growth, and developmental rates of Rio Grande silvery minnow, Hybognathus amarus, eggs and larvae.; ; All adult specimens preserved 6 May 1994","2019-05-27 03:11:15.0","control","1991-2000","control_1991-2000",5
"1321",233,"MSB","Fish specimens","MSB:Fish:38975",15,"Hybognathus amarus","Cyprinidae","whole organism (formalin-fixed, 70% ethanol)",NA,35.28302778,-106.5981389,NA,"World Geodetic System 1984","United States","New Mexico","Sandoval County",NA,NA,"Rio Grande, ca. 4.0 miles downstream of US HWY 550 bridge, at Rio Rancho Wastewater Treatment Plant.",NA,"1.5 meters",1997,8,20,"Collector(s): Steven P. Platania, Robert K. Dudley","not recorded",NA,"PreservedSpecimen","Rio Grande Silvery Minnow Population Monitoring Project; verbatim collectors: Steven P. Platania, Robert K. Dudley; HYBOGNATHUS PRESENT IN ALMOST EVERY SEINE SAMPLE","2019-05-27 04:49:20.0","control","1991-2000","control_1991-2000",5
"1141",301,"MSB","Fish specimens","MSB:Fish:24998",10,"Hybognathus amarus","Cyprinidae","whole organism (formalin-fixed, 70% ethanol)",NA,35.322164,-106.557448,90,"World Geodetic System 1984","United States","New Mexico","Sandoval County",NA,NA,"Rio Grande, at NM State HWY 44 bridge, Bernalillo.",NA,"1.25 meters",1995,8,2,"Collector(s): Steven P. Platania, Gregory M. Lein, Christopher S. Altenbach","GeoLocate",NA,"PreservedSpecimen","Rio Grande Silvery Minnow Population Monitoring Project; verbatim collectors: Steven P. Platania, Gregory M. Lein, Christopher S. Altenbach","2019-05-27 04:39:13.0","control","1991-2000","control_1991-2000",5
"137",282,"MSB","Fish specimens","MSB:Fish:38957",87,"Hybognathus amarus","Cyprinidae","whole organism (formalin-fixed, 70% ethanol)",NA,35.38033333,-106.4990556,NA,"World Geodetic System 1984","United States","New Mexico","Sandoval County",NA,NA,"Rio Grande, at Angostura Diversion Dam, Algodones.",NA,"1.5 meters",1997,8,20,"Collector(s): Steven P. Platania, Robert K. Dudley","not recorded",NA,"PreservedSpecimen","Rio Grande Silvery Minnow Population Monitoring Project; verbatim collectors: Steven P. Platania, Robert K. Dudley; LOTS OF FISH BUT HIGH FLOW LIMITED ACCESSIBILITY","2019-05-27 05:23:49.0","control","1991-2000","control_1991-2000",5
"401",288,"MSB","Fish specimens","MSB:Fish:11953",20,"Hybognathus amarus","Cyprinidae","whole organism (formalin-fixed, 70% ethanol)",NA,35.28086111,-106.5988056,NA,"World Geodetic System 1984","United States","New Mexico","Sandoval County",NA,NA,"Rio Grande, at Corrales Waterway Canal, ca. 0.7 miles south of NM State Route 528/46 intersection, Corrales.",NA,"",1992,9,24,"Collector(s): Brian K. Lang","not recorded",NA,"PreservedSpecimen","Storage: 70% EtOH","2019-05-27 02:27:23.0","control","1991-2000","control_1991-2000",5
"91",294,"MSB","Fish specimens","MSB:Fish:19389",16,"Hybognathus amarus","Cyprinidae","whole organism (formalin-fixed, 70% ethanol)",NA,35.322164,-106.557448,90,"World Geodetic System 1984","United States","New Mexico","Sandoval County",NA,NA,"Rio Grande, at NM State HWY 44 bridge, Bernalillo.",NA,"",1994,5,27,"Collector(s): Steven P. Platania, Christopher S. Altenbach, Nancy M. Johnston","GeoLocate",NA,"PreservedSpecimen","Rio Grande Silvery Minnow Population Monitoring Project; verbatim collectors: Steven P. Platania, Christopher S. Altenbach, Nancy M. Johnston; WATER WAS VERY TURBID, FAST & COOL.","2019-05-27 03:07:34.0","control","1991-2000","control_1991-2000",5
"1",359,"MSB","Fish specimens","MSB:Fish:1171",34,"Hybognathus amarus","Cyprinidae","whole organism (formalin-fixed, 70% ethanol)",NA,35.100259,-106.692107,650,"North American Datum 1983","United States","New Mexico","Bernalillo County",NA,NA,"Palmer's Slough, east of Rio Grande Albuquerque NW Section, an area of remanant bosque and wetlands.",NA,"",1938,10,19,"Collector(s): William J. Koster","GeoLocate",NA,"PreservedSpecimen","Storage: 70% EtOH; Published: 1994. Contribution 69 of Larval Fish Lab, CSU:101pp; Redet. K. R. Bestgen and D.L. Propst.","2019-05-26 21:37:20.0","impact","1931-1940","impact_1931-1940",5
"210",285,"MSB","Fish specimens","MSB:Fish:1150",121,"Hybognathus amarus","Cyprinidae","whole organism (formalin-fixed, 70% ethanol)",NA,34.906619,-106.685289,NA,"World Geodetic System 1984","United States","New Mexico","Bernalillo County",NA,NA,"Rio Grande, just north of Valencia County.",NA,"",1939,6,9,"Collector(s): William J. Koster, Lela R. Koster, P. Bretney","not recorded",NA,"PreservedSpecimen","Storage: 70% EtOH; MSB01-003 Caudal sections removed from 2 of 129 specimens for DNA analysis (57.5 and 58.5mm SL), May 2001  MSB01-024  5 of 129 specimens for DNA analysis (42, 48, 48.5, 53, and 54.5mm SL), December 2001","2019-05-26 21:13:01.0","impact","1931-1940","impact_1931-1940",5
"3",358,"MSB","Fish specimens","MSB:Fish:1122",27,"Hybognathus amarus","Cyprinidae","whole organism (formalin-fixed, 70% ethanol)",NA,35.100259,-106.692107,650,"North American Datum 1983","United States","New Mexico","Bernalillo County",NA,NA,"Palmer's Slough, east of Rio Grande Albuquerque NW Section, an area of remanant bosque and wetlands.",NA,"",1939,9,28,"Collector(s): William J. Koster","GeoLocate",NA,"PreservedSpecimen","Storage: 70% EtOH; Published: 1994. Contribution 69 CSU Larval Fish Lab, Tech. Pub. No.101pp; Redet. K. R. Bestgen and D.L. Propst.","2019-05-26 21:18:18.0","impact","1931-1940","impact_1931-1940",5
"410",360,"MSB","Fish specimens","MSB:Fish:1149",13,"Hybognathus amarus","Cyprinidae","whole organism (formalin-fixed, 70% ethanol)",NA,35.100259,-106.692107,650,"North American Datum 1983","United States","New Mexico","Bernalillo County",NA,NA,"Palmer's Slough, east of Rio Grande Albuquerque NW Section, an area of remanant bosque and wetlands.",NA,"",1939,2,26,"Collector(s): William J. Koster, R. Troxel","GeoLocate",NA,"PreservedSpecimen","verbatim collectors: William J. Koster, R. Troxel","2019-05-26 21:37:26.0","impact","1931-1940","impact_1931-1940",5
"56",361,"MSB","Fish specimens","MSB:Fish:1160",24,"Hybognathus amarus","Cyprinidae","whole organism (formalin-fixed, 70% ethanol)",NA,35.100259,-106.692107,650,"North American Datum 1983","United States","New Mexico","Bernalillo County",NA,NA,"Palmer's Slough, east of Rio Grande Albuquerque NW Section, an area of remanant bosque and wetlands.",NA,"",1939,1,28,"Collector(s): William J. Koster, R. Troxel","GeoLocate",NA,"PreservedSpecimen","verbatim collectors: William J. Koster, R. Troxel","2019-05-26 21:41:59.0","impact","1931-1940","impact_1931-1940",5
"62",357,"MSB","Fish specimens","MSB:Fish:1162",33,"Hybognathus amarus","Cyprinidae","whole organism (formalin-fixed, 70% ethanol)",NA,35.096748,-106.692027,776,"World Geodetic System 1984","United States","New Mexico","Bernalillo County",NA,NA,"Rio Grande, below a diversion dam, Albuquerque.",NA,"",1941,9,14,"Collector(s): William J. Koster, Frederick W. Worman, Earl Camp","GeoLocate",NA,"PreservedSpecimen","verbatim collectors: William J. Koster, Frederick W. Worman, Earl Camp","2019-05-26 22:01:55.0","impact","1941-1950","impact_1941-1950",5
"9",346,"MSB","Fish specimens","MSB:Fish:1130",187,"Hybognathus amarus","Cyprinidae","whole organism (formalin-fixed, 70% ethanol)",NA,34.87537,-106.717837,650,"World Geodetic System 1984","United States","New Mexico","Bernalillo County",NA,NA,"Rio Grande, ca. 4.6 kilometers downstream of NM HWY 147, Isleta.",NA,"",1949,10,29,"Collector(s): William J. Koster, Kenneth R. Coburn, G. Atkinson","GeoLocate",NA,"PreservedSpecimen","verbatim collectors: William J. Koster, Kenneth R. Coburn, G. Atkinson","2019-05-26 21:56:44.0","impact","1941-1950","impact_1941-1950",5
"101",270,"MSB","Fish specimens","MSB:Fish:1154",13,"Hybognathus amarus","Cyprinidae","whole organism (formalin-fixed, 70% ethanol)",NA,34.929201,-106.681499,NA,"World Geodetic System 1984","United States","New Mexico","Bernalillo County",NA,NA,"Rio Grande, at Isleta railroad bridge.",NA,"",1949,10,21,"Collector(s): William J. Koster, Kenneth R. Coburn","not recorded",NA,"PreservedSpecimen","verbatim collectors: William J. Koster, Kenneth R. Coburn","2019-05-26 22:12:13.0","impact","1941-1950","impact_1941-1950",5
"11",223,"MSB","Fish specimens","MSB:Fish:1131",147,"Hybognathus amarus","Cyprinidae","whole organism (formalin-fixed, 70% ethanol)",NA,34.987044,-106.690293,3466,"World Geodetic System 1984","United States","New Mexico","Bernalillo County",NA,NA,"Atrisco Riverside Drain, on westside of Rio Grande, ca 4 kilometers upstream of Interstate 25 bridge, in vicinity of Pajarito Community in South Valley, an unicorporated section of Albuquerque.",NA,"",1959,2,24,"Collector(s): William J. Koster","GeoLocate",NA,"PreservedSpecimen","Storage: 70% EtOH; N=147 confirmed December 2003","2019-05-26 21:41:59.0","impact","1951-1960","impact_1951-1960",5
"131",305,"MSB","Fish specimens","MSB:Fish:4161",25,"Hybognathus amarus","Cyprinidae","whole organism (formalin-fixed, 70% ethanol)",NA,34.905272,-106.685564,120,"World Geodetic System 1984","United States","New Mexico","Valencia County",NA,NA,"Rio Grande, at the Isleta Diversion Dam, off NM State HWY 147, Isleta Pueblo.",NA,"",1977,8,5,"Collector(s): Charles W. Painter, D. L. Chavez, D. Schneider","GeoLocate",NA,"PreservedSpecimen","verbatim collectors: Charles W. Painter, D. L. Chavez, D. Schneider","2019-05-27 03:13:15.0","impact","1971-1980","impact_1971-1980",5
"14",272,"MSB","Fish specimens","MSB:Fish:3966",27,"Hybognathus amarus","Cyprinidae","whole organism (formalin-fixed, 70% ethanol)",NA,35.134883,-106.690838,253,"World Geodetic System 1984","United States","New Mexico","Bernalillo County",NA,NA,"Corrales Riverside Drain, near return to Rio Grande, south of Montano Road, Albuquerque.",NA,"",1977,9,28,"Collector(s): Charles W. Painter, D. L. Chavez, Robert P. Reynolds","GeoLocate",NA,"PreservedSpecimen","verbatim collectors: Charles W. Painter, D. L. Chavez, Robert P. Reynolds","2019-05-27 03:32:13.0","impact","1971-1980","impact_1971-1980",5
"16",306,"MSB","Fish specimens","MSB:Fish:4423",1002,"Hybognathus amarus","Cyprinidae","whole organism (formalin-fixed, 70% ethanol)",NA,34.905272,-106.685564,120,"World Geodetic System 1984","United States","New Mexico","Valencia County",NA,NA,"Rio Grande, at the Isleta Diversion Dam, off NM State HWY 147, Isleta Pueblo.",NA,"",1978,8,3,"Collector(s): Charles W. Painter, S. P. Gloss","GeoLocate",NA,"PreservedSpecimen","verbatim collectors: Charles W. Painter, S. P. Gloss","2019-05-27 03:13:18.0","impact","1971-1980","impact_1971-1980",5
"171",308,"MSB","Fish specimens","MSB:Fish:4384",270,"Hybognathus amarus","Cyprinidae","whole organism (formalin-fixed, 70% ethanol)",NA,34.905272,-106.685564,120,"World Geodetic System 1984","United States","New Mexico","Valencia County",NA,NA,"Rio Grande, at the Isleta Diversion Dam, off NM State HWY 147, Isleta Pueblo.",NA,"",1978,9,23,"Collector(s): Charles W. Painter, David W. Reducker, David J. Hafner","GeoLocate",NA,"PreservedSpecimen","verbatim collectors: Charles W. Painter, D. W. Reduker, David J. Hafner","2019-05-27 03:25:56.0","impact","1971-1980","impact_1971-1980",5
"181",324,"MSB","Fish specimens","MSB:Fish:4096",455,"Hybognathus amarus","Cyprinidae","whole organism (formalin-fixed, 70% ethanol)",NA,35.10625,-106.692633,90,"World Geodetic System 1984","United States","New Mexico","Bernalillo County",NA,NA,"Rio Grande, at US Interstate 40 bridge, south of Albuquerque.",NA,"",1978,9,5,"Collector(s): Charles W. Painter, D. L. Chavez","GeoLocate",NA,"PreservedSpecimen","Storage: 70% EtOH; Collection in two jars.  Original count N=453","2019-05-27 03:13:13.0","impact","1971-1980","impact_1971-1980",5
"191",269,"MSB","Fish specimens","MSB:Fish:4984",307,"Hybognathus amarus","Cyprinidae","tissue (freeze-dried); whole organism (formalin-fixed, 70% ethanol)",NA,35.196977,-106.642444,102,"World Geodetic System 1984","United States","New Mexico","Bernalillo County",NA,NA,"Rio Grande, at Alameda Boulevard or NM State HWY 528 bridge, Albuquerque.",NA,"",1978,9,5,"Collector(s): Charles W. Painter, D. L. Chavez","GeoLocate",NA,"PreservedSpecimen","verbatim collectors: Charles W. Painter, D. L. Chavez","2019-05-27 02:11:28.0","impact","1971-1980","impact_1971-1980",5
"231",317,"MSB","Fish specimens","MSB:Fish:68463",13,"Hybognathus amarus","Cyprinidae","whole organism (formalin-fixed, 55% isopropanol)",NA,35.089293,-106.680842,90,"World Geodetic System 1984","United States","New Mexico","Bernalillo County",NA,NA,"New Mexico: Bernalillo Co., Rio Grande Drainage. Rio Grande, Hwy 66, Old Town Bridge in Albquerque. Collector(s): G. Clemmer, S. Platania",NA,"",1984,8,15,"Collector(s): G. H. Clemmer, Steven P. Platania, USGS Biological Survey Fort Collins","GeoLocate",NA,"PreservedSpecimen","USGS Fort Collins CO Biological Survey Collections; verbatim collectors: Glenn H. Clemmer, Steven P. Platania, USGS Biological Survey Fort Collins","2019-05-27 02:38:47.0","impact","1981-1990","impact_1981-1990",5
"311",337,"MSB","Fish specimens","MSB:Fish:5825",139,"Hybognathus amarus","Cyprinidae","whole organism (formalin-fixed, 70% ethanol)",NA,34.875039,-106.717581,NA,"World Geodetic System 1984","United States","New Mexico","Valencia County",NA,NA,"Rio Grande, east of Bosque Farms at end of NM State HWY 147",NA,"",1987,9,10,"Collector(s): Kevin R. Bestgen, Steven P. Platania","not recorded",NA,"PreservedSpecimen","verbatim collectors: Kevin R. Bestgen, Steven P. Platania","2019-05-27 02:34:02.0","impact","1981-1990","impact_1981-1990",5
"321",302,"MSB","Fish specimens","MSB:Fish:5814",808,"Hybognathus amarus","Cyprinidae","whole organism (formalin-fixed, 70% ethanol)",NA,34.905272,-106.685564,120,"World Geodetic System 1984","United States","New Mexico","Valencia County",NA,NA,"Rio Grande, at the Isleta Diversion Dam, off NM State HWY 147, Isleta Pueblo.",NA,"",1987,9,10,"Collector(s): Kevin R. Bestgen, Steven P. Platania","GeoLocate",NA,"PreservedSpecimen","Storage: 70% EtOH; Collection in two jars.  N=50 GIFT(UF95397).","2019-05-27 02:34:02.0","impact","1981-1990","impact_1981-1990",5
"341",309,"MSB","Fish specimens","MSB:Fish:7593",20,"Hybognathus amarus","Cyprinidae","whole organism (formalin-fixed, 70% ethanol)",NA,34.905272,-106.685564,120,"World Geodetic System 1984","United States","New Mexico","Valencia County",NA,NA,"Rio Grande, at the Isleta Diversion Dam, off NM State HWY 147, Isleta Pueblo.",NA,"",1988,5,24,"Collector(s): Kevin R. Bestgen, Steven P. Platania","GeoLocate",NA,"PreservedSpecimen","verbatim collectors: Kevin R. Bestgen, Steven P. Platania","2019-05-27 03:29:19.0","impact","1981-1990","impact_1981-1990",5
"77",319,"MSB","Fish specimens","MSB:Fish:20454",24,"Hybognathus amarus","Cyprinidae","whole organism (formalin-fixed, 70% ethanol)",NA,35.089293,-106.680842,90,"World Geodetic System 1984","United States","New Mexico","Bernalillo County",NA,NA,"Rio Grande, at Central Avenue or US HWY 66 bridge, Albuquerque.",NA,"",1994,7,25,"Collector(s): Steven P. Platania, Nancy M. Johnston, Gregory M. Lein","GeoLocate",NA,"PreservedSpecimen","Rio Grande Silvery Minnow Population Monitoring Project; verbatim collectors: Steven P. Platania, Nancy M. Johnston, Gregory M. Lein; WATER HAS RUNS, RIFFLES AND POOLS","2019-05-27 03:39:07.0","impact","1991-2000","impact_1991-2000",5
"68",344,"MSB","Fish specimens","MSB:Fish:19001",236,"Hybognathus amarus","Cyprinidae","whole organism (formalin-fixed, 70% ethanol)",NA,34.85683333,-106.7208056,NA,"World Geodetic System 1984","United States","New Mexico","Valencia County",NA,NA,"Rio Grande, ca. 4.8 miles downstream of Isleta Diversion Dam, Isleta Pueblo.",NA,"",1994,6,28,"Collector(s): Steven P. Platania, Christopher S. Altenbach","not recorded",NA,"PreservedSpecimen","Hybognathus amarus Life History Study; verbatim collectors: Steven P. Platania, Christopher S. Altenbach","2019-05-27 03:26:17.0","impact","1991-2000","impact_1991-2000",5
"118",349,"MSB","Fish specimens","MSB:Fish:30401",21,"Hybognathus amarus","Cyprinidae","whole organism (formalin-fixed, 70% ethanol); egg",NA,34.905272,-106.685564,120,"World Geodetic System 1984","United States","New Mexico","Valencia County",NA,NA,"Rio Grande, at the Isleta Diversion Dam, off NM State HWY 147, Isleta Pueblo.",NA,"1.5 meters",1996,6,28,"Collector(s): Steven P. Platania, Robert K. Dudley, Christopher S. Altenbach","GeoLocate",NA,"PreservedSpecimen","Rio Grande Silvery Minnow Population Monitoring Project; verbatim collectors: Steven P. Platania, Robert K. Dudley, Christopher S. Altenbach; FLOWS STILL UP FROM RAINSTORM ON 26 JUN 1996.","2019-05-27 04:57:30.0","impact","1991-2000","impact_1991-2000",5
"431",368,"MSB","Fish specimens","MSB:Fish:18867",52,"Hybognathus amarus","Cyprinidae","whole organism (formalin-fixed, 70% ethanol)",NA,34.85683333,-106.7208056,NA,"World Geodetic System 1984","United States","New Mexico","Valencia County",NA,NA,"Rio Grande, 4.5 miles downstream of Isleta diversion dam.",NA,"",1993,12,1,"Collector(s): Steven P. Platania, Gregory M. Lein, Peter T. Mulvaney","not recorded",NA,"PreservedSpecimen","Hybognathus amarus Life History Study; verbatim collectors: Steven P. Platania, Gregory M. Lein, Peter T. Mulvaney; 13 SEINE HAULS","2019-05-27 02:55:06.0","impact","1991-2000","impact_1991-2000",5
"491",303,"MSB","Fish specimens","MSB:Fish:19046",159,"Hybognathus amarus","Cyprinidae","whole organism (formalin-fixed, 70% ethanol)",NA,34.905272,-106.685564,120,"World Geodetic System 1984","United States","New Mexico","Valencia County",NA,NA,"Rio Grande, at the Isleta Diversion Dam, off NM State HWY 147, Isleta Pueblo.",NA,"",1993,7,28,"Collector(s): Brian K. Lang, Christopher S. Altenbach, B. J. Hudenko","GeoLocate",NA,"PreservedSpecimen","Rio Grande Silvery Minnow Population Monitoring Project; verbatim collectors: Brian K. Lang, Christopher S. Altenbach, B. J. Hudenko","2019-05-27 03:01:27.0","impact","1991-2000","impact_1991-2000",5
"119",284,"MSB","Fish specimens","MSB:Fish:30390",60,"Hybognathus amarus","Cyprinidae","whole organism (5% buffered formalin); egg",NA,34.96486111,-106.6824167,90,"World Geodetic System 1984","United States","New Mexico","Bernalillo County",NA,NA,"Rio Grande, at US Interstate 25 bridge, south of Albuquerque.",NA,"1 meter",1996,6,27,"Collector(s): Steven P. Platania, Robert K. Dudley, Christopher S. Altenbach","GeoLocate",NA,"PreservedSpecimen","Rio Grande Silvery Minnow Population Monitoring Project; verbatim collectors: Steven P. Platania, Robert K. Dudley, Christopher S. Altenbach","2019-05-27 05:03:06.0","impact","1991-2000","impact_1991-2000",5
"69",345,"MSB","Fish specimens","MSB:Fish:20390",38,"Hybognathus amarus","Cyprinidae","whole organism (formalin-fixed, 70% ethanol)",NA,34.85683333,-106.7208056,NA,"World Geodetic System 1984","United States","New Mexico","Valencia County",NA,NA,"Rio Grande, ca. 4.8 miles downstream of Isleta Diversion Dam, Isleta Pueblo.",NA,"",1994,8,11,"Collector(s): Steven P. Platania, Gregory M. Lein","not recorded",NA,"PreservedSpecimen","Hybognathus amarus Life History Study; verbatim collectors: Steven P. Platania, Gregory M. Lein; WATER - MAIN CHANNEL RUN","2019-05-27 03:32:57.0","impact","1991-2000","impact_1991-2000",5
"541",256,"MSB","Fish specimens","MSB:Fish:19163",307,"Hybognathus amarus","Cyprinidae","whole organism (formalin-fixed, 70% ethanol)",NA,35.008358,-106.678909,NA,"World Geodetic System 1984","United States","New Mexico","Bernalillo County",NA,NA,"Rio Grande, ca. 1.5 miles downstream of the Rio Bravo Blvd. bridge (NM State HWY 500), Albuquerque.",NA,"",1993,8,4,"Collector(s): Brian K. Lang, Christopher S. Altenbach","not recorded",NA,"PreservedSpecimen","Rio Grande Silvery Minnow Population Monitoring Project; verbatim collectors: Brian K. Lang, Christopher S. Altenbach","2019-05-27 03:23:10.0","impact","1991-2000","impact_1991-2000",5
"117",348,"MSB","Fish specimens","MSB:Fish:30246",75,"Hybognathus amarus","Cyprinidae","whole organism (formalin-fixed, 70% ethanol)",NA,34.905272,-106.685564,120,"World Geodetic System 1984","United States","New Mexico","Valencia County",NA,NA,"Rio Grande, at the Isleta Diversion Dam, off NM State HWY 147, Isleta Pueblo.",NA,"1.5 meters",1996,5,15,"Collector(s): Steven P. Platania, Robert K. Dudley, W. H. Brandenburg","GeoLocate",NA,"PreservedSpecimen","Rio Grande Silvery Minnow Population Monitoring Project; verbatim collectors: Steven P. Platania, Robert K. Dudley, W. Howard Brandenburg; LITTLE FLOW ESCAPING FROM THE DIVERSION DAM BUT WETTED CHANNELS ON THE EAST AND WEST BANKS. NO FLOW THROUGH THE MIDDLE, AS ALL SEEPAGE MOVED EAST OR WEST TO THE PRINCIPLE CHANNELS.","2019-05-27 04:51:56.0","impact","1991-2000","impact_1991-2000",5
"129",327,"MSB","Fish specimens","MSB:Fish:39113",10,"Hybognathus amarus","Cyprinidae","whole organism (formalin-fixed, 70% ethanol)",NA,35.089293,-106.680842,90,"World Geodetic System 1984","United States","New Mexico","Bernalillo County",NA,NA,"Rio Grande, at Central Avenue or US HWY 66 bridge, Albuquerque.",NA,"1.5 meters",1997,10,15,"Collector(s): Robert K. Dudley, W. H. Brandenburg, James P. Larson","GeoLocate",NA,"PreservedSpecimen","Rio Grande Silvery Minnow Population Monitoring Project; verbatim collectors: Robert K. Dudley, W. Howard Brandenburg, James P. Larson; IN-SHORE AREAS FLOODED","2019-05-27 04:45:48.0","impact","1991-2000","impact_1991-2000",5
"140",260,"MSB","Fish specimens","MSB:Fish:73766",17,"Hybognathus amarus","Cyprinidae","whole organism (95% ethanol)",NA,35.027111,-106.672944,NA,"North American Datum 1927","United States","New Mexico","Bernalillo County",NA,NA,"Rio Grande, at NM State HWY 500 or Rio Bravo Boulevard Bridge, in the South Valley, an unicorporated area of Albuquerque.",NA,"1.5 meters",2009,10,2,"Collector(s): Robert K. Dudley, Michael A. Farrington, Mary A. Brandenburg","not recorded",NA,"PreservedSpecimen","ASIR Hybognathus amarus Growth and Aging Study; verbatim collectors: Robert K. Dudley, Michael A. Farrington, Mary A. Brandenburg","2019-05-27 04:51:19.0","impact","2001-2010","impact_2001-2010",5
"141",275,"MSB","Fish specimens","MSB:Fish:77030",16,"Hybognathus amarus","Cyprinidae","whole organism (95% ethanol)",NA,35.087092,-106.681989,90,"North American Datum 1927","United States","New Mexico","Bernalillo County",NA,NA,"Rio Grande, at Central Ave. Bridge crossing (U.S. HWY 66), Albuquerque",NA,".2 meters-.9 meters",2010,4,14,"Collector(s): Adam Barkalow, Jennifer Hester, Mary A. Brandenburg","GeoLocate",NA,"PreservedSpecimen","ASIR Hybognathus amarus Growth and Aging Study; verbatim collectors: Adam L. Barkalow, Jennifer L. Hester, Mary A. Brandenburg","2019-05-27 05:43:10.0","impact","2001-2010","impact_2001-2010",5
"142",226,"MSB","Fish specimens","MSB:Fish:77021",11,"Hybognathus amarus","Cyprinidae","whole organism (95% ethanol)",NA,35.088001,-106.680154,90,"North American Datum 1927","United States","New Mexico","Bernalillo County",NA,NA,"Rio Grande, at Central Ave. bridge (US HWY 66), Albuquerque.",NA,"1 meter",2010,4,1,"Collector(s): Michael A. Farrington, W. H. Brandenburg, Mary A. Brandenburg","GeoLocate",NA,"PreservedSpecimen","Rio Grande Silvery Minnow Population Monitoring Project; verbatim collectors: Michael A. Farrington, W. Howard Brandenburg, Mary A. Brandenburg","2019-05-27 05:38:01.0","impact","2001-2010","impact_2001-2010",5
"82",427,"MSB","Fish specimens","MSB:Fish:679",120,"Pimephales promelas","Cyprinidae","tissue (freeze-dried); whole organism (formalin-fixed, 70% ethanol)",NA,35.37417,-106.49278,3036,"World Geodetic System 1984","United States","New Mexico","Sandoval County",NA,NA,"Algodones Riverside Drain, north of Bernalillo near Angostura.",NA,"",1942,2,28,"Collector(s): William J. Koster, Merle A. Gee","GeoLocate",NA,"PreservedSpecimen","verbatim collectors: William J. Koster, Merle A. Gee","2019-05-26 21:51:39.0","control","1941-1950","control_1941-1950",5
"92",423,"MSB","Fish specimens","MSB:Fish:667",22,"Pimephales promelas","Cyprinidae","whole organism (formalin-fixed, 70% ethanol)",NA,35.380629,-106.503529,NA,"World Geodetic System 1984","United States","New Mexico","Sandoval County",NA,NA,"Rio Grande, 0.25 mile below Angostura Diversion Dam, Algodones.",NA,"",1947,10,25,"Collector(s): William J. Koster, G. Mertz","not recorded",NA,"PreservedSpecimen","verbatim collectors: William J. Koster, G. Mertz","2019-05-26 21:51:38.0","control","1941-1950","control_1941-1950",5
"143",559,"MSB","Fish specimens","MSB:Fish:706",17,"Pimephales promelas","Cyprinidae","whole organism (formalin-fixed, 70% ethanol)",NA,35.211994,-106.631125,658,"World Geodetic System 1984","United States","New Mexico","Sandoval County",NA,NA,"Drain on west of Rio Grande, 1.25 mile northwest of Alameda.",NA,"",1949,11,5,"Collector(s): William J. Koster","GeoLocate",NA,"PreservedSpecimen","Storage: 70% EtOH","2019-05-26 21:51:44.0","control","1941-1950","control_1941-1950",5
"183",471,"MSB","Fish specimens","MSB:Fish:726",183,"Pimephales promelas","Cyprinidae","whole organism (formalin-fixed, 70% ethanol)",NA,35.332004,-106.553224,NA,"World Geodetic System 1984","United States","New Mexico","Sandoval County",NA,NA,"Rio Grande 2 miles north of Bernalillo.",NA,"",1959,2,20,"Collector(s): William J. Koster","not recorded",NA,"PreservedSpecimen","Storage: 70% EtOH","2019-05-26 21:02:15.0","control","1951-1960","control_1951-1960",5
"292",567,"MSB","Fish specimens","MSB:Fish:5007",11,"Pimephales promelas","Cyprinidae","whole organism (formalin-fixed, 70% ethanol)",NA,35.232431,-106.594272,2660,"World Geodetic System 1984","United States","New Mexico","Bernalillo County",NA,NA,"Sandoval Lateral Site 1, somewhere between Skylark Lane and Romero Road, Corrales.",NA,"",1977,7,6,"Collector(s): Charles W. Painter, D. L. Chavez, D. Tague","GeoLocate",NA,"PreservedSpecimen","verbatim collectors: Charles W. Painter, D. L. Chavez, D. Tague","2019-05-27 02:54:38.0","control","1971-1980","control_1971-1980",5
"342",598,"MSB","Fish specimens","MSB:Fish:4429",10,"Pimephales promelas","Cyprinidae","whole organism (formalin-fixed, 70% ethanol)",NA,35.239638,-106.587548,NA,"World Geodetic System 1984","United States","New Mexico","Sandoval County",NA,NA,"Rio Grande, 3.0 miles north of Alameda Boulevard or NM State HWY 528 bridge, Albuquerque.",NA,"",1978,9,8,"Collector(s): Charles W. Painter, D. L. Chavez, David W. Reducker","not recorded",NA,"PreservedSpecimen","verbatim collectors: Charles W. Painter, D. L. Chavez, D. W. Reduker","2019-05-27 03:13:21.0","control","1971-1980","control_1971-1980",5
"581",523,"MSB","Fish specimens","MSB:Fish:9040",20,"Pimephales promelas","Cyprinidae","whole organism (formalin-fixed, 70% ethanol)",NA,35.38033333,-106.4990556,NA,"World Geodetic System 1984","United States","New Mexico","Sandoval County",NA,NA,"Rio Grande, at Angostura Diversion Dam, Algodones.",NA,"",1990,10,29,"Collector(s): Steven P. Platania, Brooks M. Burr","not recorded",NA,"PreservedSpecimen","verbatim collectors: Steven P. Platania, Brooks M. Burr","2019-05-27 04:38:42.0","control","1981-1990","control_1981-1990",5
"402",501,"MSB","Fish specimens","MSB:Fish:5806",19,"Pimephales promelas","Cyprinidae","whole organism (formalin-fixed, 70% ethanol)",NA,35.322164,-106.557448,90,"World Geodetic System 1984","United States","New Mexico","Sandoval County",NA,NA,"Rio Grande, at US HWY 550 bridge, Bernalillo.",NA,"",1987,9,9,"Collector(s): Kevin R. Bestgen, Steven P. Platania","GeoLocate",NA,"PreservedSpecimen","verbatim collectors: Kevin R. Bestgen, Steven P. Platania","2019-05-27 04:46:03.0","control","1981-1990","control_1981-1990",5
"441",500,"MSB","Fish specimens","MSB:Fish:7791",11,"Pimephales promelas","Cyprinidae","whole organism (formalin-fixed, 70% ethanol)",NA,35.322164,-106.557448,90,"World Geodetic System 1984","United States","New Mexico","Sandoval County",NA,NA,"Rio Grande, at US HWY 550 bridge, Bernalillo.",NA,"",1988,5,25,"Collector(s): Kevin R. Bestgen, Steven P. Platania","GeoLocate",NA,"PreservedSpecimen","verbatim collectors: Kevin R. Bestgen, Steven P. Platania","2019-05-27 03:32:35.0","control","1981-1990","control_1981-1990",5
"572",497,"MSB","Fish specimens","MSB:Fish:9023",13,"Pimephales promelas","Cyprinidae","whole organism (formalin-fixed, 70% ethanol)",NA,35.322164,-106.557448,90,"World Geodetic System 1984","United States","New Mexico","Sandoval County",NA,NA,"Rio Grande, at NM State HWY 44 bridge, Bernalillo.",NA,"",1990,10,28,"Collector(s): Steven P. Platania, Brooks M. Burr","GeoLocate",NA,"PreservedSpecimen","verbatim collectors: Steven P. Platania, Brooks M. Burr","2019-05-27 03:04:21.0","control","1981-1990","control_1981-1990",5
"531",493,"MSB","Fish specimens","MSB:Fish:9007",129,"Pimephales promelas","Cyprinidae","whole organism (formalin-fixed, 70% ethanol)",NA,35.28086111,-106.5988056,NA,"World Geodetic System 1984","United States","New Mexico","Sandoval County",NA,NA,"Rio Grande, at Corrales Waterway Canal, ca. 0.7 mi. south of NM State Route 528/46 intersection, Corrales.",NA,"",1990,10,28,"Collector(s): Steven P. Platania, Brooks M. Burr","not recorded",NA,"PreservedSpecimen","verbatim collectors: Steven P. Platania, Brooks M. Burr","2019-05-27 04:34:29.0","control","1981-1990","control_1981-1990",5
"362",496,"MSB","Fish specimens","MSB:Fish:5250",49,"Pimephales promelas","Cyprinidae","whole organism (formalin-fixed, 55% isopropanol)",NA,35.322164,-106.557448,90,"World Geodetic System 1984","United States","New Mexico","Sandoval County",NA,NA,"Rio Grande, at NM State HWY 44 bridge, Bernalillo.",NA,"",1986,7,13,"Collector(s): Kevin R. Bestgen, Steven P. Platania","GeoLocate",NA,"PreservedSpecimen","verbatim collectors: Kevin R. Bestgen, Steven P. Platania; ALSO KRB-611.","2019-05-27 02:57:54.0","control","1981-1990","control_1981-1990",5
"542",407,"MSB","Fish specimens","MSB:Fish:7832",71,"Pimephales promelas","Cyprinidae","whole organism (formalin-fixed, 70% ethanol)",NA,35.28302778,-106.5981389,NA,"World Geodetic System 1984","United States","New Mexico","Sandoval County",NA,NA,"Rio Grande, ca. 4.0 miles downstream of US HWY 550 bridge, at Rio Rancho Wastewater Treatment Plant.",NA,"",1990,4,18,"Collector(s): Steven P. Platania, Douglas A. Young","not recorded",NA,"PreservedSpecimen","verbatim collectors: Steven P. Platania, Douglas A. Young","2019-05-27 02:45:57.0","control","1981-1990","control_1981-1990",5
"551",413,"MSB","Fish specimens","MSB:Fish:9015",19,"Pimephales promelas","Cyprinidae","whole organism (formalin-fixed, 70% ethanol)",NA,35.28302778,-106.5981389,NA,"World Geodetic System 1984","United States","New Mexico","Sandoval County",NA,NA,"Rio Grande, ca. 4.0 miles downstream of US HWY 550 bridge, at Rio Rancho Wastewater Treatment Plant.",NA,"",1990,10,28,"Collector(s): Steven P. Platania, Brooks M. Burr","not recorded",NA,"PreservedSpecimen","verbatim collectors: Steven P. Platania, Brooks M. Burr","2019-05-27 04:38:42.0","control","1981-1990","control_1981-1990",5
"352",378,"MSB","Fish specimens","MSB:Fish:68516",13,"Pimephales promelas","Cyprinidae","whole organism (formalin-fixed, 55% isopropanol)",NA,35.211416,-106.612833,210,"World Geodetic System 1984","United States","New Mexico","Bernalillo County",NA,NA,"New Mexico: Bernalillo Co., Rio Grande Drainage. Rio Grande and mouth of flood control canal W of US 85 and Rt. 422 N of Albuquerque. Collector(s): G. Clemmer, S. Platania",NA,"",1984,8,16,"Collector(s): G. H. Clemmer, Steven P. Platania, USGS Biological Survey Fort Collins","GeoLocate",NA,"PreservedSpecimen","USGS Fort Collins CO Biological Survey Collections; verbatim collectors: Glenn H. Clemmer, Steven P. Platania, USGS Biological Survey Fort Collins","2019-05-27 02:03:13.0","control","1981-1990","control_1981-1990",5
"371",454,"MSB","Fish specimens","MSB:Fish:5749",16,"Pimephales promelas","Cyprinidae","whole organism (formalin-fixed, 55% isopropanol)",NA,35.384415,-106.488818,NA,"World Geodetic System 1984","United States","New Mexico","Sandoval County",NA,NA,"Rio Grande, just West of Algodones, near Algodones Power Station",NA,"",1986,10,9,"Collector(s): Kevin R. Bestgen, Steven P. Platania","not recorded",NA,"PreservedSpecimen","Kind_Type: VIAL JAR; Calcfld: 76-Z; Storage: 50% ISOP, 76-Z; + 1 BULLFROG;","2019-05-27 02:24:59.0","control","1981-1990","control_1981-1990",5
"157",411,"MSB","Fish specimens","MSB:Fish:20397",21,"Pimephales promelas","Cyprinidae","whole organism (formalin-fixed, 70% ethanol)",NA,35.28302778,-106.5981389,NA,"World Geodetic System 1984","United States","New Mexico","Sandoval County",NA,NA,"Rio Grande, ca. 4.0 miles downstream of US HWY 550 bridge, at Rio Rancho Wastewater Treatment Plant.",NA,"",1994,8,11,"Collector(s): Steven P. Platania, Gregory M. Lein","not recorded",NA,"PreservedSpecimen","Hybognathus amarus Life History Study; verbatim collectors: Steven P. Platania, Gregory M. Lein; WATER-RUNS, RIFFLES, POOLS","2019-05-27 03:32:58.0","control","1991-2000","control_1991-2000",5
"1371",530,"MSB","Fish specimens","MSB:Fish:18794",35,"Pimephales promelas","Cyprinidae","whole organism (formalin-fixed, 70% ethanol)",NA,35.280904,-106.597587,NA,"World Geodetic System 1984","United States","New Mexico","Sandoval County",NA,NA,"Rio Grande, at the Corrales siphon, at the Corrales-Rio Rancho municipal limits, Corrales.",NA,"",1993,8,12,"Collector(s): Christopher S. Altenbach, Steven P. Platania","not recorded",NA,"PreservedSpecimen","Hybognathus amarus Life History Study; verbatim collectors: Christopher S. Altenbach, Steven P. Platania; 19 SEINE HAULS, 9 LARVAL HAULS","2019-05-27 02:58:19.0","control","1991-2000","control_1991-2000",5
"206",387,"MSB","Fish specimens","MSB:Fish:38918",25,"Pimephales promelas","Cyprinidae","whole organism (formalin-fixed, 70% ethanol)",NA,35.38033333,-106.4990556,NA,"World Geodetic System 1984","United States","New Mexico","Sandoval County",NA,NA,"Rio Grande, at Angostura Diversion Dam, Algodones.",NA,"1 meter",1997,7,5,"Collector(s): Steven P. Platania, Christopher S. Altenbach, Stephen R. Davenport","not recorded",NA,"PreservedSpecimen","Rio Grande Silvery Minnow Population Monitoring Project; verbatim collectors: Steven P. Platania, Christopher S. Altenbach, Stephen R. Davenport; VERY HIGH DENSITY OF MALE RED SHINER","2019-05-27 04:52:11.0","control","1991-2000","control_1991-2000",5
"98",418,"MSB","Fish specimens","MSB:Fish:11945",21,"Pimephales promelas","Cyprinidae","whole organism (formalin-fixed, 70% ethanol)",NA,35.286347,-106.595178,278,"World Geodetic System 1984","United States","New Mexico","Sandoval County",NA,NA,"Rio Grande, ca. 0.5 kilometers upstream of the Rio Rancho Wastewater Treatment Plant, ca. 5.8 kilometeres downstream of US HWY 550 bridge.",NA,"",1992,9,24,"Collector(s): Brian K. Lang","GeoLocate",NA,"PreservedSpecimen","Storage: 70% EtOH","2019-05-27 02:27:22.0","control","1991-2000","control_1991-2000",5
"99",416,"MSB","Fish specimens","MSB:Fish:11938",35,"Pimephales promelas","Cyprinidae","whole organism (formalin-fixed, 70% ethanol)",NA,35.322164,-106.557448,NA,"World Geodetic System 1984","United States","New Mexico","Sandoval County",NA,NA,"Rio Grande, at NM State HWY 44 bridge, Bernalillo.",NA,"",1992,9,24,"Collector(s): Brian K. Lang","not recorded",NA,"PreservedSpecimen","Storage: 70% EtOH","2019-05-27 02:27:30.0","control","1991-2000","control_1991-2000",5
"1951",405,"MSB","Fish specimens","MSB:Fish:30356",45,"Pimephales promelas","Cyprinidae","whole organism (formalin-fixed, 70% ethanol)",NA,35.28302778,-106.5981389,NA,"World Geodetic System 1984","United States","New Mexico","Sandoval County",NA,NA,"Rio Grande, ca. 4.0 miles downstream of US HWY 550 bridge, at Rio Rancho Wastewater Treatment Plant.",NA,"1.5 meters",1996,6,27,"Collector(s): Steven P. Platania, Robert K. Dudley, Christopher S. Altenbach","not recorded",NA,"PreservedSpecimen","Rio Grande Silvery Minnow Population Monitoring Project; verbatim collectors: Steven P. Platania, Robert K. Dudley, Christopher S. Altenbach; HIGH TURBIDITY, LOW VISIBILITY DUE TO SILT PUSHED IN BY RAINS","2019-05-27 05:03:06.0","control","1991-2000","control_1991-2000",5
"1561",410,"MSB","Fish specimens","MSB:Fish:19005",28,"Pimephales promelas","Cyprinidae","whole organism (formalin-fixed, 70% ethanol)",NA,35.28302778,-106.5981389,NA,"World Geodetic System 1984","United States","New Mexico","Sandoval County",NA,NA,"Rio Grande, ca. 4.0 miles downstream of US HWY 550 bridge, at Rio Rancho Wastewater Treatment Plant.",NA,"",1994,6,28,"Collector(s): Steven P. Platania, Christopher S. Altenbach","not recorded",NA,"PreservedSpecimen","Hybognathus amarus Life History Study; verbatim collectors: Steven P. Platania, Christopher S. Altenbach; WATER WAS RELATIVELY CLEAR.","2019-05-27 03:26:18.0","control","1991-2000","control_1991-2000",5
"155",409,"MSB","Fish specimens","MSB:Fish:18935",13,"Pimephales promelas","Cyprinidae","whole organism (formalin-fixed, 70% ethanol)",NA,35.28302778,-106.5981389,NA,"World Geodetic System 1984","United States","New Mexico","Sandoval County",NA,NA,"Rio Grande, ca. 4.0 miles downstream of US HWY 550 bridge, at Rio Rancho Wastewater Treatment Plant.",NA,"",1994,5,10,"Collector(s): Steven P. Platania, Christopher S. Altenbach","not recorded",NA,"PreservedSpecimen","Hybognathus amarus Life History Study; verbatim collectors: Steven P. Platania, Christopher S. Altenbach","2019-05-27 03:04:23.0","control","1991-2000","control_1991-2000",5
"198",520,"MSB","Fish specimens","MSB:Fish:30768",48,"Pimephales promelas","Cyprinidae","whole organism (formalin-fixed, 70% ethanol)",NA,35.38033333,-106.4990556,NA,"World Geodetic System 1984","United States","New Mexico","Sandoval County",NA,NA,"Rio Grande, at Angostura Diversion Dam, Algodones.",NA,".5 meters",1996,10,30,"Collector(s): Robert K. Dudley, Christopher S. Altenbach, James P. Larson","not recorded",NA,"PreservedSpecimen","Rio Grande Silvery Minnow Population Monitoring Project; verbatim collectors: Robert K. Dudley, Christopher S. Altenbach, James P. Larson","2019-05-27 02:17:52.0","control","1991-2000","control_1991-2000",5
"139",389,"MSB","Fish specimens","MSB:Fish:13407",15,"Pimephales promelas","Cyprinidae","whole organism (formalin-fixed, 70% ethanol)",NA,35.282643,-106.597749,NA,"World Geodetic System 1984","United States","New Mexico","Sandoval County",NA,NA,"Rio Grande, ca. 200 meters upstream of the Corrales waterway canal, Rio Rancho-Corrales municipal limits.",NA,"",1993,5,12,"Collector(s): Brian K. Lang, David H. Diffendorfer","not recorded",NA,"PreservedSpecimen","Rio Grande Silvery Minnow Population Monitoring Project; verbatim collectors: Brian K. Lang, David H. Diffendorfer; WATER HAD HIGH FLOW CONDITIONS AND WAS RELATIVELY CLEAR","2019-05-27 03:41:59.0","control","1991-2000","control_1991-2000",5
"222",556,"MSB","Fish specimens","MSB:Fish:73722",15,"Pimephales promelas","Cyprinidae","whole organism (formalin-fixed, 70% ethanol)",NA,35.380072,-106.499406,NA,"World Geodetic System 1984","United States","New Mexico","Bernalillo County",NA,NA,"Rio Grande, at Angostura Diversion Dam, Algodones.",NA,"",2002,9,16,"Collector(s): Thomas F. Turner","not recorded",NA,"PreservedSpecimen","UNM BIOL 487 Ichthyology 2002 Field Trips","2019-05-27 06:05:39.0","control","2001-2010","control_2001-2010",5
"110",599,"MSB","Fish specimens","MSB:Fish:630",27,"Pimephales promelas","Cyprinidae","whole organism (formalin-fixed, 70% ethanol)",NA,35.100259,-106.692107,650,"North American Datum 1983","United States","New Mexico","Bernalillo County",NA,NA,"Palmer's Slough, east of Rio Grande Albuquerque NW Section, an area of remanant bosque and wetlands.",NA,"",1938,12,2,"Collector(s): William J. Koster, R. Troxel","GeoLocate",NA,"PreservedSpecimen","verbatim collectors: William J. Koster, R. Troxel","2019-05-26 21:02:14.0","impact","1931-1940","impact_1931-1940",5
"213",600,"MSB","Fish specimens","MSB:Fish:613",43,"Pimephales promelas","Cyprinidae","whole organism (formalin-fixed, 70% ethanol)",NA,35.100259,-106.692107,650,"North American Datum 1983","United States","New Mexico","Bernalillo County",NA,NA,"Palmer's Slough, east of Rio Grande Albuquerque NW Section, an area of remanant bosque and wetlands.",NA,"",1938,10,19,"Collector(s): William J. Koster","GeoLocate",NA,"PreservedSpecimen","Storage: 70% EtOH","2019-05-26 21:37:20.0","impact","1931-1940","impact_1931-1940",5
"310",601,"MSB","Fish specimens","MSB:Fish:622",50,"Pimephales promelas","Cyprinidae","whole organism (formalin-fixed, 70% ethanol)",NA,35.100259,-106.692107,650,"North American Datum 1983","United States","New Mexico","Bernalillo County",NA,NA,"Palmer's Slough, east of Rio Grande Albuquerque NW Section, an area of remanant bosque and wetlands.",NA,"",1939,2,26,"Collector(s): William J. Koster, R. Troxel","GeoLocate",NA,"PreservedSpecimen","verbatim collectors: William J. Koster, R. Troxel","2019-05-26 21:37:26.0","impact","1931-1940","impact_1931-1940",5
"411",602,"MSB","Fish specimens","MSB:Fish:612",104,"Pimephales promelas","Cyprinidae","whole organism (formalin-fixed, 70% ethanol)",NA,35.100259,-106.692107,650,"North American Datum 1983","United States","New Mexico","Bernalillo County",NA,NA,"Palmer's Slough, east of Rio Grande Albuquerque NW Section, an area of remanant bosque and wetlands.",NA,"",1939,1,28,"Collector(s): William J. Koster, R. Troxel","GeoLocate",NA,"PreservedSpecimen","verbatim collectors: William J. Koster, R. Troxel","2019-05-26 21:41:59.0","impact","1931-1940","impact_1931-1940",5
"510",603,"MSB","Fish specimens","MSB:Fish:658",17,"Pimephales promelas","Cyprinidae","whole organism (formalin-fixed, 70% ethanol)",NA,35.100259,-106.692107,650,"North American Datum 1983","United States","New Mexico","Bernalillo County",NA,NA,"Palmer's Slough, east of Rio Grande Albuquerque NW Section, an area of remanant bosque and wetlands.",NA,"",1939,1,30,"Collector(s): Robert Troxel, R. T. Fincke","GeoLocate",NA,"PreservedSpecimen","verbatim collectors: Robert Troxel, R. Fincke","2019-05-26 21:46:41.0","impact","1931-1940","impact_1931-1940",5
"610",422,"MSB","Fish specimens","MSB:Fish:646",22,"Pimephales promelas","Cyprinidae","whole organism (formalin-fixed, 70% ethanol)",NA,35.197329,-106.642983,NA,"World Geodetic System 1984","United States","New Mexico","Bernalillo County",NA,NA,"Rio Grande, at mouth of Conservancy ditch opposite Alameda.",NA,"",1939,6,13,"Collector(s): William J. Koster, Lela R. Koster, P. Bretney","not recorded",NA,"PreservedSpecimen","verbatim collectors: William J. Koster, Lela R. Koster, P. Bretney","2019-05-26 21:07:34.0","impact","1931-1940","impact_1931-1940",5
"71",597,"MSB","Fish specimens","MSB:Fish:637",96,"Pimephales promelas","Cyprinidae","whole organism (formalin-fixed, 70% ethanol)",NA,35.096748,-106.692027,776,"World Geodetic System 1984","United States","New Mexico","Bernalillo County",NA,NA,"Rio Grande, below a diversion dam, Albuquerque.",NA,"",1941,9,14,"Collector(s): William J. Koster, Frederick W. Worman, Earl Camp","GeoLocate",NA,"PreservedSpecimen","verbatim collectors: William J. Koster, Frederick W. Worman, Earl Camp","2019-05-26 22:01:55.0","impact","1941-1950","impact_1941-1950",5
"102",581,"MSB","Fish specimens","MSB:Fish:649",10,"Pimephales promelas","Cyprinidae","whole organism (formalin-fixed, 70% ethanol)",NA,34.87537,-106.717837,650,"World Geodetic System 1984","United States","New Mexico","Bernalillo County",NA,NA,"Rio Grande, ca. 4.6 kilometers downstream of NM HWY 147, Isleta.",NA,"",1949,10,29,"Collector(s): William J. Koster, Kenneth R. Coburn, G. Atkinson","GeoLocate",NA,"PreservedSpecimen","verbatim collectors: William J. Koster, Kenneth R. Coburn, G. Atkinson","2019-05-26 21:56:44.0","impact","1941-1950","impact_1941-1950",5
"111",448,"MSB","Fish specimens","MSB:Fish:705",59,"Pimephales promelas","Cyprinidae","whole organism (formalin-fixed, 70% ethanol)",NA,34.929201,-106.681499,NA,"World Geodetic System 1984","United States","New Mexico","Bernalillo County",NA,NA,"Rio Grande, at Isleta railroad bridge.",NA,"",1949,10,21,"Collector(s): William J. Koster, Kenneth R. Coburn","not recorded",NA,"PreservedSpecimen","verbatim collectors: William J. Koster, Kenneth R. Coburn","2019-05-26 22:12:13.0","impact","1941-1950","impact_1941-1950",5
"122",428,"MSB","Fish specimens","MSB:Fish:611",154,"Pimephales promelas","Cyprinidae","whole organism (formalin-fixed, 70% ethanol)",NA,35.155761,-106.655157,90,"World Geodetic System 1984","United States","New Mexico","Bernalillo County",NA,NA,"Griegos Drain, near head at Chavez Avenue, Los Ranchos de Albuquerque.",NA,"",1949,10,28,"Collector(s): William J. Koster","GeoLocate",NA,"PreservedSpecimen","Storage: 70% EtOH","2019-05-26 21:32:26.0","impact","1941-1950","impact_1941-1950",5
"133",395,"MSB","Fish specimens","MSB:Fish:727",32,"Pimephales promelas","Cyprinidae","whole organism (formalin-fixed, 70% ethanol)",NA,35.188761,-106.64706,NA,"World Geodetic System 1984","United States","New Mexico","Bernalillo County",NA,NA,"Rio Grande, 0.75 mile below Alameda Boulevard or NM State HWY 528 bridge, Albuquerque.",NA,"",1949,7,28,"Collector(s): William J. Koster","not recorded",NA,"PreservedSpecimen","Storage: 70% EtOH","2019-05-26 21:46:37.0","impact","1941-1950","impact_1941-1950",5
"153",487,"MSB","Fish specimens","MSB:Fish:3651",15,"Pimephales promelas","Cyprinidae","whole organism (5% buffered formalin)",NA,34.952692,-106.686161,NA,"World Geodetic System 1984","United States","New Mexico","Bernalillo County",NA,NA,"Atrisco Riverside Drain, 9 miles south of Albuquerque, ca 130 meters upstream of Interstate 25 bridge, just north of the Isleta Pueblo Reservation.",NA,"",1959,6,9,"Collector(s): William J. Koster","not recorded",NA,"PreservedSpecimen","Storage: 5% FORMALIN","2019-05-27 03:07:12.0","impact","1951-1960","impact_1951-1960",5
"161",390,"MSB","Fish specimens","MSB:Fish:632",15,"Pimephales promelas","Cyprinidae","whole organism (formalin-fixed, 70% ethanol)",NA,34.987044,-106.690293,3466,"World Geodetic System 1984","United States","New Mexico","Bernalillo County",NA,NA,"Atrisco Riverside Drain, on westside of Rio Grande, ca 4 kilometers upstream of Interstate 25 bridge, in vicinity of Pajarito Community in South Valley, an unicorporated section of Albuquerque.",NA,"",1959,2,5,"Collector(s): William J. Koster","GeoLocate",NA,"PreservedSpecimen","Storage: 70% EtOH","2019-05-26 21:41:58.0","impact","1951-1960","impact_1951-1960",5
"172",391,"MSB","Fish specimens","MSB:Fish:680",66,"Pimephales promelas","Cyprinidae","whole organism (formalin-fixed, 70% ethanol)",NA,34.987044,-106.690293,3466,"World Geodetic System 1984","United States","New Mexico","Bernalillo County",NA,NA,"Atrisco Riverside Drain, on westside of Rio Grande, ca 4 kilometers upstream of Interstate 25 bridge, in vicinity of Pajarito Community in South Valley, an unicorporated section of Albuquerque.",NA,"",1959,2,24,"Collector(s): William J. Koster","GeoLocate",NA,"PreservedSpecimen","Storage: 70% EtOH","2019-05-26 21:41:59.0","impact","1951-1960","impact_1951-1960",5
"192",555,"MSB","Fish specimens","MSB:Fish:1069",43,"Pimephales promelas","Cyprinidae","whole organism (formalin-fixed, 70% ethanol)",NA,35.051774,-106.671997,4148,"World Geodetic System 1984","United States","New Mexico","Bernalillo County",NA,NA,"Atrisco Riverside Drain, on westside of Rio Grande, in the South Valley, an unicorporated section of Albuquerque.",NA,"",1963,2,22,"Collector(s): William J. Koster","GeoLocate",NA,"PreservedSpecimen","Storage: 70% EtOH","2019-05-26 21:37:38.0","impact","1961-1970","impact_1961-1970",5
"312",515,"MSB","Fish specimens","MSB:Fish:4380",293,"Pimephales promelas","Cyprinidae","whole organism (formalin-fixed, 70% ethanol)",NA,34.905272,-106.685564,120,"World Geodetic System 1984","United States","New Mexico","Valencia County",NA,NA,"Rio Grande, at the Isleta Diversion Dam, off NM State HWY 147, Isleta Pueblo.",NA,"",1978,9,23,"Collector(s): Charles W. Painter, David W. Reducker, David J. Hafner","GeoLocate",NA,"PreservedSpecimen","verbatim collectors: Charles W. Painter, D. W. Reduker, David J. Hafner","2019-05-27 03:25:56.0","impact","1971-1980","impact_1971-1980",5
"282",417,"MSB","Fish specimens","MSB:Fish:3996",48,"Pimephales promelas","Cyprinidae","whole organism (formalin-fixed, 55% isopropanol)",NA,35.136341,-106.685742,1075,"World Geodetic System 1984","United States","New Mexico","Bernalillo County",NA,NA,"Rio Grande, northeast of St Pius X High School grounds, formerly the University of Albuquerque, off NM State HWY 448.",NA,"",1977,9,28,"Collector(s): Charles W. Painter, D. L. Chavez, Robert P. Reynolds","GeoLocate",NA,"PreservedSpecimen","verbatim collectors: Charles W. Painter, D. L. Chavez, Robert P. Reynolds","2019-05-27 03:16:20.0","impact","1971-1980","impact_1971-1980",5
"242",477,"MSB","Fish specimens","MSB:Fish:4045",22,"Pimephales promelas","Cyprinidae","whole organism (formalin-fixed, 70% ethanol)",NA,34.864295,-106.72527,678,"World Geodetic System 1984","United States","New Mexico","Valencia County",NA,NA,"Belen Westway Irigation Canal, 4 miles north Los Lunas.",NA,"",1977,5,12,"Collector(s): Charles W. Painter, E. W. Hansman, D. Earp","GeoLocate",NA,"PreservedSpecimen","verbatim collectors: Charles W. Painter, E. W. Hansman, D. Earp","2019-05-27 03:10:12.0","impact","1971-1980","impact_1971-1980",5
"302",514,"MSB","Fish specimens","MSB:Fish:4425",997,"Pimephales promelas","Cyprinidae","whole organism (formalin-fixed, 70% ethanol)",NA,34.905272,-106.685564,120,"World Geodetic System 1984","United States","New Mexico","Valencia County",NA,NA,"Rio Grande, at the Isleta Diversion Dam, off NM State HWY 147, Isleta Pueblo.",NA,"",1978,8,3,"Collector(s): Charles W. Painter, S. P. Gloss","GeoLocate",NA,"PreservedSpecimen","verbatim collectors: Charles W. Painter, S. P. Gloss","2019-05-27 03:13:18.0","impact","1971-1980","impact_1971-1980",5
"272",476,"MSB","Fish specimens","MSB:Fish:4781",17,"Pimephales promelas","Cyprinidae","whole organism (formalin-fixed, 70% ethanol)",NA,35.133568,-106.693327,287,"World Geodetic System 1984","United States","New Mexico","Bernalillo County",NA,NA,"An oxbow lake off Rio Grande, northeast of St Pius X High School grounds, formerly the University of Albuquerque, off NM State HWY 448.",NA,"",1977,8,4,"Collector(s): Charles W. Painter","GeoLocate",NA,"PreservedSpecimen","Kind_Type: VIAL JAR; Calcfld: 76-W; Storage: 70% EtOH, 76-W;","2019-05-27 02:11:28.0","impact","1971-1980","impact_1971-1980",5
"232",540,"MSB","Fish specimens","MSB:Fish:4031",20,"Pimephales promelas","Cyprinidae","whole organism (formalin-fixed, 70% ethanol)",NA,34.859396,-106.720148,500,"World Geodetic System 1984","United States","New Mexico","Valencia County",NA,NA,"Rio Grande, 1.2 kilometer south of Valencia County line, ca. 6.4 kilometers north of NM HWY 6, Los Lunas.",NA,"",1977,9,30,"Collector(s): Charles W. Painter, D. L. Chavez, Robert P. Reynolds","GeoLocate",NA,"PreservedSpecimen","verbatim collectors: Charles W. Painter, D. L. Chavez, Robert P. Reynolds","2019-05-27 03:38:34.0","impact","1971-1980","impact_1971-1980",5
"252",511,"MSB","Fish specimens","MSB:Fish:4114",129,"Pimephales promelas","Cyprinidae","whole organism (formalin-fixed, 70% ethanol)",NA,34.905272,-106.685564,120,"World Geodetic System 1984","United States","New Mexico","Valencia County",NA,NA,"Rio Grande, at the Isleta Diversion Dam, off NM State HWY 147, Isleta Pueblo.",NA,"",1977,5,13,"Collector(s): Charles W. Painter, E. W. Hansman, D. Earp","GeoLocate",NA,"PreservedSpecimen","verbatim collectors: Charles W. Painter, E. W. Hansman, D. Earp","2019-05-27 03:10:10.0","impact","1971-1980","impact_1971-1980",5
"203",406,"MSB","Fish specimens","MSB:Fish:4075",63,"Pimephales promelas","Cyprinidae","whole organism (formalin-fixed, 70% ethanol)",NA,34.848054,-106.716649,NA,"World Geodetic System 1984","United States","New Mexico","Valencia County",NA,NA,"Rio Grande, approx. 3 mi north of Los Lunas.",NA,"",1977,6,9,"Collector(s): Charles W. Painter, D. Chavez, Curley","not recorded",NA,"PreservedSpecimen","verbatim collectors: Charles W. Painter, D. Chavez, Curley","2019-05-27 02:45:12.0","impact","1971-1980","impact_1971-1980",5
"224",539,"MSB","Fish specimens","MSB:Fish:4174",121,"Pimephales promelas","Cyprinidae","whole organism (formalin-fixed, 70% ethanol)",NA,34.859396,-106.720148,500,"World Geodetic System 1984","United States","New Mexico","Valencia County",NA,NA,"Rio Grande, 1.2 kilometer south of Valencia County line, ca. 6.4 kilometers north of NM HWY 6, Los Lunas.",NA,"",1977,8,4,"Collector(s): Charles W. Painter, D. L. Chavez, D. Schneider","GeoLocate",NA,"PreservedSpecimen","verbatim collectors: Charles W. Painter, D. L. Chavez, D. Schneider","2019-05-27 03:25:55.0","impact","1971-1980","impact_1971-1980",5
"214",463,"MSB","Fish specimens","MSB:Fish:4101",20,"Pimephales promelas","Cyprinidae","whole organism (formalin-fixed, 70% ethanol)",NA,34.857048,-106.719821,NA,"World Geodetic System 1984","United States","New Mexico","Valencia County",NA,NA,"Rio Grande, adj. to entrance of Belen Westway Irrigation Canal, ~4 mi north Los Lunas.",NA,"",1977,5,12,"Collector(s): Charles W. Painter, E. W. Hansman, D. Earp","not recorded",NA,"PreservedSpecimen","verbatim collectors: Charles W. Painter, E. W. Hansman, D. Earp","2019-05-27 03:16:22.0","impact","1971-1980","impact_1971-1980",5
"432",431,"MSB","Fish specimens","MSB:Fish:6294",10,"Pimephales promelas","Cyprinidae","whole organism (formalin-fixed, 70% ethanol)",NA,35.017903,-106.661847,90,"World Geodetic System 1984","United States","New Mexico","Bernalillo County",NA,NA,"South side of the North street crossing of Barr Canal, south end of Albuquerque",NA,"",1988,11,12,"Collector(s): Christopher S. Altenbach, J. Scott Altenbach","GeoLocate",NA,"PreservedSpecimen","verbatim collectors: Christopher S. Altenbach, J. Scott Altenbach","2019-05-27 02:49:33.0","impact","1981-1990","impact_1981-1990",5
"461",592,"MSB","Fish specimens","MSB:Fish:7258",27,"Pimephales promelas","Cyprinidae","whole organism (formalin-fixed, 70% ethanol)",NA,35.014147,-106.665834,320,"World Geodetic System 1984","United States","New Mexico","Bernalillo County",NA,NA,"Barr Canal, ca. 0.3 kilometers south of Mary Avenue SW, south end of Albuquerque",NA,"",1989,11,20,"Collector(s): Christopher S. Altenbach, J. Scott Altenbach","GeoLocate",NA,"PreservedSpecimen","verbatim collectors: Christopher S. Altenbach, J. Scott Altenbach","2019-05-27 03:23:03.0","impact","1981-1990","impact_1981-1990",5
"521",446,"MSB","Fish specimens","MSB:Fish:8998",25,"Pimephales promelas","Cyprinidae","whole organism (formalin-fixed, 70% ethanol)",NA,35.196977,-106.642444,102,"World Geodetic System 1984","United States","New Mexico","Bernalillo County",NA,NA,"Rio Grande, at Alameda Boulevard or NM State HWY 528 bridge, Albuquerque.",NA,"",1990,10,28,"Collector(s): Steven P. Platania, Brooks M. Burr","GeoLocate",NA,"PreservedSpecimen","verbatim collectors: Steven P. Platania, Brooks M. Burr","2019-05-27 03:04:20.0","impact","1981-1990","impact_1981-1990",5
"381",564,"MSB","Fish specimens","MSB:Fish:5828",31,"Pimephales promelas","Cyprinidae","whole organism (formalin-fixed, 70% ethanol)",NA,34.875039,-106.717581,NA,"World Geodetic System 1984","United States","New Mexico","Valencia County",NA,NA,"Rio Grande, east of Bosque Farms at end of NM State HWY 147",NA,"",1987,9,10,"Collector(s): Kevin R. Bestgen, Steven P. Platania","not recorded",NA,"PreservedSpecimen","verbatim collectors: Kevin R. Bestgen, Steven P. Platania","2019-05-27 02:34:02.0","impact","1981-1990","impact_1981-1990",5
"451",608,"MSB","Fish specimens","MSB:Fish:7235",181,"Pimephales promelas","Cyprinidae","whole organism (formalin-fixed, 70% ethanol)",NA,34.994298,-106.678945,90,"World Geodetic System 1984","United States","New Mexico","Bernalillo County",NA,NA,"Barr Canal, just south of Clark Road SW crossing, south end of Albuquerque",NA,"",1989,11,12,"Collector(s): Christopher S. Altenbach","GeoLocate",NA,"PreservedSpecimen","Storage: 70% EtOH","2019-05-27 03:26:01.0","impact","1981-1990","impact_1981-1990",5
"421",591,"MSB","Fish specimens","MSB:Fish:6303",25,"Pimephales promelas","Cyprinidae","whole organism (formalin-fixed, 70% ethanol)",NA,35.014147,-106.665834,320,"World Geodetic System 1984","United States","New Mexico","Bernalillo County",NA,NA,"Barr Canal, ca. 0.3 kilometers south of Mary Avenue SW, south end of Albuquerque",NA,"",1988,11,15,"Collector(s): Christopher S. Altenbach, J. Scott Altenbach","GeoLocate",NA,"PreservedSpecimen","verbatim collectors: Christopher S. Altenbach, J. Scott Altenbach","2019-05-27 02:42:34.0","impact","1981-1990","impact_1981-1990",5
"481",460,"MSB","Fish specimens","MSB:Fish:7206",410,"Pimephales promelas","Cyprinidae","whole organism (formalin-fixed, 70% ethanol)",NA,35.205042,-106.609081,NA,"World Geodetic System 1984","United States","New Mexico","Bernalillo County",NA,NA,"Alameda Drain, at Montano Road and Second Street or NM State HWY 47, Albuquerque.",NA,"",1989,11,4,"Collector(s): Christopher S. Altenbach, Douglas A. Young","not recorded",NA,"PreservedSpecimen","verbatim collectors: Christopher S. Altenbach, Douglas A. Young","2019-05-27 03:32:33.0","impact","1981-1990","impact_1981-1990",5
"492",510,"MSB","Fish specimens","MSB:Fish:9048",6204,"Pimephales promelas","Cyprinidae","whole organism (formalin-fixed, 70% ethanol)",NA,34.905272,-106.685564,120,"World Geodetic System 1984","United States","New Mexico","Valencia County",NA,NA,"Rio Grande, at the Isleta Diversion Dam, off NM State HWY 147, Isleta Pueblo.",NA,"",1990,10,29,"Collector(s): Steven P. Platania, Brooks M. Burr","GeoLocate",NA,"PreservedSpecimen","verbatim collectors: Steven P. Platania, Brooks M. Burr","2019-05-27 03:04:15.0","impact","1981-1990","impact_1981-1990",5
"471",614,"MSB","Fish specimens","MSB:Fish:7252",16,"Pimephales promelas","Cyprinidae","whole organism (formalin-fixed, 70% ethanol)",NA,35.017903,-106.661847,90,"World Geodetic System 1984","United States","New Mexico","Bernalillo County",NA,NA,"Barr Canal, just south of North street crossing, South Albuquerque",NA,"",1989,11,19,"Collector(s): Christopher S. Altenbach, J. Scott Altenbach","GeoLocate",NA,"PreservedSpecimen","verbatim collectors: Christopher S. Altenbach, J. Scott Altenbach","2019-05-27 03:29:22.0","impact","1981-1990","impact_1981-1990",5
"501",517,"MSB","Fish specimens","MSB:Fish:7917",521,"Pimephales promelas","Cyprinidae","whole organism (formalin-fixed, 70% ethanol)",NA,34.905272,-106.685564,120,"World Geodetic System 1984","United States","New Mexico","Valencia County",NA,NA,"Rio Grande, at the Isleta Diversion Dam, off NM State HWY 147, Isleta Pueblo.",NA,"",1990,8,8,"Collector(s): Steven P. Platania, Brooks M. Burr, Christopher S. Altenbach","GeoLocate",NA,"PreservedSpecimen","verbatim collectors: Steven P. Platania, Brooks M. Burr, Christopher S. Altenbach","2019-05-27 03:29:21.0","impact","1981-1990","impact_1981-1990",5
"1761",595,"MSB","Fish specimens","MSB:Fish:30411",111,"Pimephales promelas","Cyprinidae","whole organism (formalin-fixed, 70% ethanol)",NA,34.85683333,-106.7208056,NA,"World Geodetic System 1984","United States","New Mexico","Valencia County",NA,NA,"Rio Grande, ca. 4.8 miles downstream of Isleta Diversion Dam, Isleta Pueblo.",NA,"1.5 meters",1996,6,28,"Collector(s): Steven P. Platania, Robert K. Dudley, Christopher S. Altenbach","not recorded",NA,"PreservedSpecimen","Rio Grande Silvery Minnow Population Monitoring Project; verbatim collectors: Steven P. Platania, Robert K. Dudley, Christopher S. Altenbach; WATER LEVEL UP AND RIVER FLOWING BANK TO BANK, BUT STILL NO MORE THAN 1.5 M IN ANY AREA","2019-05-27 04:57:31.0","impact","1991-2000","impact_1991-2000",5
"182",536,"MSB","Fish specimens","MSB:Fish:30689",14,"Pimephales promelas","Cyprinidae","whole organism (formalin-fixed, 70% ethanol)",NA,35.027111,-106.672944,90,"World Geodetic System 1984","United States","New Mexico","Bernalillo County",NA,NA,"Rio Grande, at NM State HWY 500 or Rio Bravo Boulevard Bridge, in the South Valley, an unicorporated area of Albuquerque.",NA,"1.5 meters",1996,10,16,"Collector(s): Steven P. Platania, Robert K. Dudley, James P. Larson","GeoLocate",NA,"PreservedSpecimen","Rio Grande Silvery Minnow Population Monitoring Project; verbatim collectors: Steven P. Platania, Robert K. Dudley, James P. Larson","2019-05-27 02:20:58.0","impact","1991-2000","impact_1991-2000",5
"166",617,"MSB","Fish specimens","MSB:Fish:24956",58,"Pimephales promelas","Cyprinidae","whole organism (formalin-fixed, 70% ethanol)",NA,34.85683333,-106.7208056,NA,"World Geodetic System 1984","United States","New Mexico","Valencia County",NA,NA,"Rio Grande, ca. 4.8 miles downstream of Isleta Diversion Dam, Isleta Pueblo.",NA,".5 meters",1995,6,20,"Collector(s): Gregory M. Lein, Christopher S. Altenbach, John P. Larson","not recorded",NA,"PreservedSpecimen","Hybognathus amarus Life History Study; verbatim collectors: Gregory M. Lein, Christopher S. Altenbach, John P. Larson; SAMPLE WAS RESTRICTED TO THE BOSQUE, MIGHT NOT BE USED IN LIFE HISTORY STUDY","2019-05-27 05:27:05.0","impact","1991-2000","impact_1991-2000",5
"188",429,"MSB","Fish specimens","MSB:Fish:30474",42,"Pimephales promelas","Cyprinidae","whole organism (formalin-fixed, 70% ethanol)",NA,35.13539167,-106.6684167,90,"World Geodetic System 1984","United States","New Mexico","Bernalillo County",NA,NA,"Rio Grande, at Montano Bridge crossing on Montano Road, Albuquerque.",NA,".5 meters",1996,6,25,"Collector(s): Robert K. Dudley, Christopher S. Altenbach, W. H. Brandenburg","GeoLocate",NA,"PreservedSpecimen","MSB 1995-96 Monitoring of Rio Grande, Montano Bridge Construction Area; verbatim collectors: Robert K. Dudley, Christopher S. Altenbach, W. Howard Brandenburg","2019-05-27 04:57:33.0","impact","1991-2000","impact_1991-2000",5
"2021",459,"MSB","Fish specimens","MSB:Fish:38827",130,"Pimephales promelas","Cyprinidae","whole organism (formalin-fixed, 70% ethanol)",NA,35.027111,-106.672944,90,"World Geodetic System 1984","United States","New Mexico","Bernalillo County",NA,NA,"Rio Grande, at NM State HWY 500 or Rio Bravo Boulevard Bridge, in the South Valley, an unicorporated area of Albuquerque.",NA,".4 meters",1997,3,5,"Collector(s): Robert K. Dudley, Christopher S. Altenbach, James P. Larson, M. G. Thomas","GeoLocate",NA,"PreservedSpecimen","Rio Grande Silvery Minnow Population Monitoring Project; verbatim collectors: Robert K. Dudley, Christopher S. Altenbach, James P. Larson, M. G. Thomas, ; CAMPOSTOMA TAKEN IN SAMPLE","2019-05-27 05:27:40.0","impact","1991-2000","impact_1991-2000",5
"126",425,"MSB","Fish specimens","MSB:Fish:19164",241,"Pimephales promelas","Cyprinidae","whole organism (formalin-fixed, 70% ethanol)",NA,35.008358,-106.678909,NA,"World Geodetic System 1984","United States","New Mexico","Bernalillo County",NA,NA,"Rio Grande, ca. 1.5 miles downstream of the Rio Bravo Blvd. bridge (NM State HWY 500), Albuquerque.",NA,"",1993,8,4,"Collector(s): Brian K. Lang, Christopher S. Altenbach","not recorded",NA,"PreservedSpecimen","Rio Grande Silvery Minnow Population Monitoring Project; verbatim collectors: Brian K. Lang, Christopher S. Altenbach","2019-05-27 03:23:10.0","impact","1991-2000","impact_1991-2000",5
"841",573,"MSB","Fish specimens","MSB:Fish:12041",223,"Pimephales promelas","Cyprinidae","whole organism (formalin-fixed, 70% ethanol)",NA,35.10469444,-106.6916667,90,"World Geodetic System 1984","United States","New Mexico","Bernalillo County",NA,NA,"Rio Grande, at I-40 bridge, Albuquerque.",NA,"",1992,9,29,"Collector(s): Brian K. Lang","GeoLocate",NA,"PreservedSpecimen","Storage: 70% EtOH","2019-05-27 02:30:22.0","impact","1991-2000","impact_1991-2000",5
"193",437,"MSB","Fish specimens","MSB:Fish:30502",68,"Pimephales promelas","Cyprinidae","whole organism (formalin-fixed, 70% ethanol)",NA,35.16402778,-106.6694722,NA,"World Geodetic System 1984","United States","New Mexico","Bernalillo County",NA,NA,"Rio Grande, ca. 1.0 mile upstream of Montano Bridge crossing, Albuquerque.",NA,".5 meters",1996,10,30,"Collector(s): Robert K. Dudley, Christopher S. Altenbach, James P. Larson","not recorded",NA,"PreservedSpecimen","MSB 1995-96 Monitoring of Rio Grande, Montano Bridge Construction Area; verbatim collectors: Robert K. Dudley, Christopher S. Altenbach, James P. Larson; CHANNEL IS WIDE WITH MANY SIDE CHANNEL LOW VELOCITY HABITATS.  DEBRIS PRESENT ALON SHORLINE","2019-05-27 04:57:33.0","impact","1991-2000","impact_1991-2000",5
"631",443,"MSB","Fish specimens","MSB:Fish:12453",21,"Pimephales promelas","Cyprinidae","whole organism (formalin-fixed, 70% ethanol)",NA,34.878505,-106.693629,NA,"World Geodetic System 1984","United States","New Mexico","Valencia County",NA,NA,"Peralta Main canal, at Control Gates, located 1.9 miles downstream of Isleta Diversion Dam, Isleta Pueblo.",NA,"",1992,11,9,"Collector(s): Brian K. Lang","not recorded",NA,"PreservedSpecimen","Rio Grande Irrigation Canal Study","2019-05-27 02:30:24.0","impact","1991-2000","impact_1991-2000",5
"2041",549,"MSB","Fish specimens","MSB:Fish:39114",24,"Pimephales promelas","Cyprinidae","whole organism (formalin-fixed, 70% ethanol)",NA,35.089293,-106.680842,90,"World Geodetic System 1984","United States","New Mexico","Bernalillo County",NA,NA,"Rio Grande, at Central Avenue or US HWY 66 bridge, Albuquerque.",NA,"1.5 meters",1997,10,15,"Collector(s): Robert K. Dudley, W. H. Brandenburg, James P. Larson","GeoLocate",NA,"PreservedSpecimen","Rio Grande Silvery Minnow Population Monitoring Project; verbatim collectors: Robert K. Dudley, W. Howard Brandenburg, James P. Larson; IN-SHORE AREAS FLOODED","2019-05-27 04:45:48.0","impact","1991-2000","impact_1991-2000",5
"223",576,"MSB","Fish specimens","MSB:Fish:94735",10,"Pimephales promelas","Cyprinidae","whole organism (formalin-fixed, 70% ethanol)",NA,34.881889,-106.717445,90,"World Geodetic System 1984","United States","New Mexico","Valencia County",NA,NA,"Isleta Riverside Drain, at Alejandro Gates, 2.7 miles downstream of Isleta Diversion Dam, Isleta Pueblo.",NA,"",2013,5,28,"Collector(s): Thomas P. Archdeacon, Tristan J. Austring","GeoLocate",NA,"PreservedSpecimen","NMFWCO Rio Grande Silvery Minnow 2013 Augmentation Program; verbatim collectors: Thomas P. Archdeacon, Tristan J. Austring; Collection made in dried channel and pool.","2019-05-27 07:00:22.0","impact","2011-2020","impact_2011-2020",5
