CatalogNumber,Individual_ID,Fish_Species,Year_Fish_Collected,month_fish_collected,day_fish_collected,Fish_Barcode,Dissector,Dissection_Date,Completion_Date,Total_Length_mm,Standard_Length_mm,Weight_mg,Examiner,Sex,Gut_Contents,Notes,CRUS.D.SKIN,Muscle,BUCCAL_CAVITY,BODY_CAVITY,PECTORALFIN,PELVICFIN,MONO.GYRO.ANALFIN,CYST.UNKN.CAUDALFIN,MONO.GYRO.DORSALFIN,CYST.UNK.DORSALFIN,GONAD,LIVER,KIDNEY,TREM.DIPS.EYE,HEART,STOMACH,TREM.DIPS.CONNECTIVE_TISSUE,NEM.LARV.CONNECTIVETISSUE,NEMA.L.CONNECTIVE_TISSUE,NEMA.STY.INTESTINE,NEMA.SC.INTESTINE,NEMA.UNK.INTESTINE,NEMA.LARV.INTESTINE,NEMA.MYST.INTESTINE,TREM.IZ.INTESTINE,CEST.BOTSP.INTESTINE,CEST.A.INTESTINE,MONO.SALSP.GILL,MONO.SS.GILLS,MONO.GYRO.GILL,MONO.UNK.GILL,MYXO.G.GILL,TREM.UNK.GILL,CRUS.D.GILL,PROT.CIL.GILL_PRESENCE_ABSENCE,CYST.UNK.GILL,MYXO.MXYID.GALLBLADDER(PRESENCE1_ABSENCE0),CRUS.LERSP.FLUSH,ACANTH.SPK.FLUSH,TREM.DIPS.FLUSH,Notes_details_about_parasites_missing,MSB:Fish_catalog_number,Fish_Species,Fish_Barcode,P1_Species,P1_Number_of_individuals,P1_collector,P1_identifier,P1_Life_Stage,P1_Organ_Found,P1_preservation,P1_barcode,P1 Box Number,P1_label:MSB_FISH_CATALOG_NUMBER,P1_label:PARASITE_CODE,P1 Notes,P2_Species,P2_Number_of_individuals,P2_collector,P2_identifier,P2_Life_Stage,P2_Organ,P2_preservation,P2_barcode,P2 Box Number,P2_label:SMB_FISH_CATALOG_NUMBER,P2_label:PARASITE_CODE,P2 Notes,P3_Species,P3_Number_of_individuals,P3_collector,P3_identifier,P3_Life_Stage,P3_Organ,P3_How_preserved,P3_barcode,P3 Box Number,P3_Label:fishID,P3_label:Parasites_Code,P3 Notes,Parasite Species 4,Number of individuals 4,parasite collector 4,parasite identifier 4,P4_Life_Stage,P4_Organ,P4_How_preserved,P4_barcode,P4 Box_number,P4_Label:fishID,P4_label:Parasites_Code,P4 Notes,P5_Species,P5_Number_of_individuals,P5_collector,P5_identifier,P5_Life_Stage,P5_Organ,P5_How_preserved,P5_barcode,P5 Box Number,P5_Label:fishID,P5_label:Parasites_Code,P5 Notes
MSB:Fish:307,MSB 307-5,Gambusia affinis,1959,2,24,JAR8793F,JG,07-07-2025,07-07-2025,33,24,304,GC,NA,Arthropod,,0,NA,0,0,0,0,0,0,0,0,0,0,0,0,0,0,0,0,0,0,0,0,0,0,0,0,0,0,0,0,0,0,0,0,0,0,0,0,0,0,,,,,,,,,,,,,,,,,,,,,,,,,,,,,,,,,,,,,,,,,,,,,,,,,,,,,,,,,,,,,,,,
MSB:Fish:307,MSB 307-1,Gambusia affinis,1959,2,24,JAR8797F,BP,07-07-2025,07-07-2025,30,24,257,GC,F,Arthropod,,0,NA,0,0,0,0,0,0,0,0,0,0,0,0,0,0,0,0,0,0,0,0,0,0,0,0,0,0,0,0,0,0,0,0,0,0,0,0,0,0,,,,,,,,,,,,,,,,,,,,,,,,,,,,,,,,,,,,,,,,,,,,,,,,,,,,,,,,,,,,,,,,
MSB:Fish:1086,MSB 1086-2,Gambusia affinis,1939,4,22,JAR8900F,BP,07-07-2025,07-07-2025,45,36,994,GC,F,Arthropod & Vegetation,,0,NA,0,0,0,0,0,0,0,0,0,0,0,0,0,0,0,0,0,0,0,0,0,0,0,0,0,0,0,0,0,0,0,0,0,0,0,0,0,0,,,,,,,,,,,,,,,,,,,,,,,,,,,,,,,,,,,,,,,,,,,,,,,,,,,,,,,,,,,,,,,,
MSB:Fish:1086,MSB1086-4,Gambusia affinis,1939,4,22,JAR8791F,BP,07-07-2025,07-07-2025,39,30,752,KL,F,Arthropod,,0,NA,0,0,0,0,0,0,0,0,0,0,0,0,0,0,0,0,0,0,0,0,0,0,0,0,0,1,0,0,0,0,0,0,0,0,0,0,0,0,,MSB 1086-4,Gambusia affinis,JAR8791F,Salsuginus sp.,1,KL,KL,Adult,Gill,70% etoh,P6L39,5,MSB 1086-4,MONO.SALSP.GILL,,,,,,,,,,,,,,,,,,,,,,,,,,,,,,,,,,,,,,,,,,,,,,,,,
MSB:Fish:1086,MSB 1086-1,Gambusia affinis,1939,4,22,JAR8898F,BP,07-07-2025,07-07-2025,47,37,1182,KL,F,Arthropod,,0,NA,0,0,0,0,0,0,0,0,0,0,0,0,0,0,0,0,0,0,0,0,0,0,0,0,0,3,0,0,0,0,0,0,0,0,0,0,0,0,,MSB 1086-1,Gambusia affinis,JAR8898F,Salsuginus sp.,3,KL,KL,Adult,Gill,70% etoh,P6L38,5,MSB 1086-1,MONO.SALSP.GILL,,,,,,,,,,,,,,,,,,,,,,,,,,,,,,,,,,,,,,,,,,,,,,,,,
MSB:Fish:307,MSB 307-4,Gambusia affinis,1959,2,24,JAR8794F,BP,07-07-2025,07-07-2025,31,26,296,KL,F,Arthropod,,0,NA,0,0,0,0,0,0,0,0,0,0,0,0,0,0,0,0,0,0,0,0,0,0,0,0,0,0,0,0,0,0,0,0,0,0,0,0,0,0,,,,,,,,,,,,,,,,,,,,,,,,,,,,,,,,,,,,,,,,,,,,,,,,,,,,,,,,,,,,,,,,
MSB:Fish:5811,MSB 5811-5,Gambusia affinis,1987,9,9,JAR8810F,BP,07-07-2025,07-07-2025,32,26,411,GC,F,NA,,0,NA,0,0,0,0,0,0,0,0,0,0,0,0,0,0,0,0,0,0,0,0,0,0,0,0,0,4,0,0,0,0,0,0,0,0,0,0,0,0,,MSB 5811-5,Gambusia affinis,JAR8810F,Salsuginus sp.,4,GC,GC,Adult,Gill,70% etoh,P6L6B,5,MSB 5811-5,MONO.SALSP.GILL,,,,,,,,,,,,,,,,,,,,,,,,,,,,,,,,,,,,,,,,,,,,,,,,,
MSB:Fish:4750,MSB 4750-5,Gambusia affinis,1978,9,29,JAR8807F,EO,07-07-2025,07-07-2025,34,27,447,JG KL,NA,Arthropod,,0,NA,0,0,0,0,0,0,0,0,0,0,0,0,0,0,0,0,0,0,0,0,0,0,0,0,0,5,0,0,0,0,0,0,0,0,NA,0,0,0,,MSB 4750-5,Gambusia affinis,JAR8807F,Salsuginus sp.,5,KL,KL,Adult,Gill,70% etoh,P6L69,5,MSB 4750-5,MONO.SALSP.GILL,,,,,,,,,,,,,,,,,,,,,,,,,,,,,,,,,,,,,,,,,,,,,,,,,
MSB:Fish:4750,MSB 4750-2,Gambusia affinis,1978,9,29,JAR8808F,JG,07-07-2025,07-07-2025,41,36,1080,KL,F,NA,,0,NA,0,0,0,0,0,2,0,0,0,0,0,0,0,0,0,0,0,0,0,0,0,0,0,0,0,1,0,0,0,0,0,0,0,0,0,0,0,0,CYST.UNK.CAUDALFIN destroyed,MSB 4750-2,Gambusia affinis,JAR8808F,Salsuginus sp.,1,KL,KL,Adult,Gill,70% etoh,P6L3C,5,MSB 4750-2,MONO.SALSP.GILL,,,,,,,,,,,,,,,,,,,,,,,,,,,,,,,,,,,,,,,,,,,,,,,,,
MSB:Fish:4750,MSB 4750-3,Gambusia affinis,1978,9,29,JAR8809F,EO,07-07-2025,07-07-2025,44,35,886,GC,F,NA,,0,NA,0,0,0,0,0,0,0,0,0,0,0,0,0,0,0,0,0,0,0,0,0,0,0,0,0,7,0,0,0,0,0,0,0,0,NA,0,0,0,,MSB 4750-3,Gambusia affinis,JAR8809F,Salsuginus sp.,7,GC,GC,Adult,Gill,70% etoh,P6L6D,5,MSB 4750-3,MONO.SALSP.GILL,,,,,,,,,,,,,,,,,,,,,,,,,,,,,,,,,,,,,,,,,,,,,,,,,
MSB:Fish:1086,MSB 1086-5,Gambusia affinis,1939,4,22,JAR8792F,JG,07-07-2025,07-07-2025,46,35,1207,GC,F,NA,,0,NA,0,0,0,0,0,0,0,0,0,0,0,0,0,0,0,0,0,0,0,0,0,0,0,0,0,1,0,0,0,0,0,0,0,0,NA,0,0,0,,MSB 1086-5,Gambusia affinis,JAR8792F,Salsuginus sp.,1,GC,GC,Adult,Gill,70% etoh,P6L6C,5,MSB 1086-5,MONO.SALSP.GILL,,,,,,,,,,,,,,,,,,,,,,,,,,,,,,,,,,,,,,,,,,,,,,,,,
MSB:Fish:307,MSB 307-2,Gambusia affinis,1959,2,24,JAR8796F,JG,07-07-2025,07-07-2025,31,23,295,KL,F,Arthropod,,0,NA,0,0,0,0,0,0,0,0,0,0,0,0,0,0,0,0,0,0,0,0,0,0,0,0,0,1,0,0,0,0,0,0,0,0,NA,0,0,0,,MSB 307-2,Gambusia affinis,JAR8796F,Salsuginus sp.,1,KL,KL,Adult,Gill,70% etoh,P6L3B,5,MSB 307-2,MONO.SALSP.GILL,,,,,,,,,,,,,,,,,,,,,,,,,,,,,,,,,,,,,,,,,,,,,,,,,
MSB:Fish:307,MSB 307-3,Gambusia affinis,1959,2,24,JAR8795F,BP,07-07-2025,07-07-2025,31,25,277,KL,NA,Arthropod,,0,NA,0,0,0,0,0,0,0,0,0,0,0,0,0,0,0,0,0,0,0,0,0,0,0,0,0,2,0,0,0,0,0,0,0,0,NA,0,0,0,,MSB 307-3,Gambusia affinis,JAR8795F,Salsuginus sp.,2,KL,KL,Adult,Gill,70% etoh,P6L3A,5,MSB 307-3,MONO.SALSP.GILL,,,,,,,,,,,,,,,,,,,,,,,,,,,,,,,,,,,,,,,,,,,,,,,,,
MSB:Fish:5811,MSB 5811-2,Gambusia affinis,1987,9,9,JAR8804F,EO,07-07-2025,07-07-2025,41,34,755,GC,NA,Arthropod,,0,NA,0,0,0,0,0,0,0,0,0,0,0,0,0,0,0,0,0,0,0,0,0,0,0,0,0,4,0,0,0,0,0,0,0,0,0,0,0,0,,MSB 5811-2,Gambusia affinis,JAR8804F,Salsuginus sp.,4,GC,GC,Adult,Gill,70% etoh,P6L6A,5,MSB 5811-2,MONO.SALSP.GILL,,,,,,,,,,,,,,,,,,,,,,,,,,,,,,,,,,,,,,,,,,,,,,,,,
MSB:Fish:19170,MSB 19170-3,Gambusia affinis,1993,8,4,JAR8800F,BP,07-07-2025,07-07-2025,34,26,421,BP GC,F,NA,,0,NA,0,0,0,0,0,0,0,0,0,0,0,0,0,0,0,0,0,0,0,0,0,0,0,0,0,0,0,0,0,0,0,0,0,0,0,0,0,0,,,,,,,,,,,,,,,,,,,,,,,,,,,,,,,,,,,,,,,,,,,,,,,,,,,,,,,,,,,,,,,,
MSB:Fish:19170,MSB 19170-5,Gambusia affinis,1993,8,4,JAR8798F,EO,07-07-2025,07-07-2025,32,25,353,JG,F,NA,,0,NA,0,0,0,0,0,0,0,0,0,0,0,0,0,0,0,0,0,0,0,0,0,0,0,0,0,0,0,0,0,0,0,0,0,0,0,0,0,0,,,,,,,,,,,,,,,,,,,,,,,,,,,,,,,,,,,,,,,,,,,,,,,,,,,,,,,,,,,,,,,,
MSB:Fish:1086,MSB 1086-3,Gambusia affinis,1939,4,22,JAR8902F,BP,07-07-2025,07-07-2025,42,35,1023,KL,NA,Arthropod,,0,NA,0,0,0,0,0,2,0,0,0,0,0,0,0,0,0,0,0,0,0,0,0,0,0,0,0,0,0,0,0,0,0,0,0,0,0,0,0,0,CYST.UNK.CAUDALFIN destroyed when trying to remove,,,,,,,,,,,,,,,,,,,,,,,,,,,,,,,,,,,,,,,,,,,,,,,,,,,,,,,,,,,,,,,
MSB:Fish:5811,MSB 5811-1,Gambusia affinis,1987,9,9,JAR8803F,BP,07-07-2025,07-07-2025,39,31,706,EO GC,F,Arthropod,,0,NA,0,0,0,0,0,0,0,0,0,0,0,0,0,0,0,0,0,0,0,0,0,0,0,0,0,3,0,0,0,0,0,0,0,0,0,0,0,0,,MSB 5811-1,Gambusia affinis,JAR8803F,Salsuginus sp.,3,EO,EO,Adult,Gill,70% etoh,P6L4T,5,MSB 5811-1,MONO.SALSP.GILL,,,,,,,,,,,,,,,,,,,,,,,,,,,,,,,,,,,,,,,,,,,,,,,,,
MSB:Fish:19170,MSB 19170-1,Gambusia affinis,1993,8,4,JAR8802F,BP,07-07-2025,07-07-2025,31,24,355,GC,F,Arthropod,,0,NA,0,0,0,0,0,0,0,0,0,0,0,0,0,0,0,0,0,0,0,0,0,0,0,0,0,0,0,0,0,0,0,0,0,0,0,0,0,0,,,,,,,,,,,,,,,,,,,,,,,,,,,,,,,,,,,,,,,,,,,,,,,,,,,,,,,,,,,,,,,,
MSB:Fish:4750,MSB 4750-1,Gambusia affinis,1978,9,29,JAR8811F,BP,07-07-2025,07-07-2025,40,32,703,JG GC,F,Arthropod,,0,NA,0,0,0,0,0,0,0,0,0,0,0,0,0,0,0,0,0,0,0,0,0,0,0,0,0,0,0,0,0,0,0,0,0,0,0,0,0,0,,,,,,,,,,,,,,,,,,,,,,,,,,,,,,,,,,,,,,,,,,,,,,,,,,,,,,,,,,,,,,,,
MSB:Fish:4750,MSB 4750-4,Gambusia affinis,1978,9,29,JAR8813F,BP,07-07-2025,07-07-2025,39,31,703,KL,F,NA,,0,NA,0,0,0,0,0,0,0,0,0,0,0,0,0,0,0,0,0,0,0,0,0,0,0,0,0,8,0,0,0,0,0,0,0,0,NA,0,0,0,,MSB 4750-4,Gambusia affinis,JAR8813F,Salsuginus sp.,8,KL,KL,Adult,Gill,70% etoh,P6L3E,5,MSB 4750-4,MONO.SALSP.GILL,,,,,,,,,,,,,,,,,,,,,,,,,,,,,,,,,,,,,,,,,,,,,,,,,
MSB:Fish:5811,MSB 5811-4,Gambusia affinis,1987,9,9,JAR8806F,EO,07-07-2025,07-07-2025,34,27,481,KL,F,Arthropod,,0,NA,0,0,0,0,0,0,0,0,0,0,0,0,0,0,0,0,0,0,0,0,0,0,0,0,0,2,0,0,0,0,0,0,0,0,NA,0,0,0,,MSB 5811-4,Gambusia affinis,JAR8806F,Salsuginus sp.,2,KL,KL,Adult,Gill,70% etoh,P6L3D,5,MSB 5811-4,MONO.SALSP.GILL,,,,,,,,,,,,,,,,,,,,,,,,,,,,,,,,,,,,,,,,,,,,,,,,,
MSB:Fish:19170,MSB 19170-4,Gambusia affinis,1993,8,4,JAR8799F,EO,07-07-2025,07-07-2025,34,27,460,BP,F,NA,,0,NA,0,0,0,0,0,3,0,0,0,0,0,0,0,0,0,0,0,0,0,0,0,0,0,0,0,0,0,0,0,0,0,0,0,0,0,0,0,0,CYST.UNK.CAUDALFIN destroyed,,,,,,,,,,,,,,,,,,,,,,,,,,,,,,,,,,,,,,,,,,,,,,,,,,,,,,,,,,,,,,,
MSB:Fish:1098,MSB 1098-2,Gambusia affinis,1939,5,13,JAR8815F,EO,07-07-2025,07-07-2025,41,33,887,GC,F,NA,,0,NA,0,0,0,0,0,3,0,0,0,0,0,0,0,0,0,0,0,0,0,0,0,0,0,0,0,1,0,0,0,0,0,0,0,0,0,0,0,0,,MSB 1098-2,Gambusia affinis,JAR8815F,Salsuginus sp.,1,GC,GC,Adult,Gill,70% etoh,P6L68,5,MSB 1098-2,MONO.SALSP.GILL,,Unknown,3,GC,GC,Unknown,Caudal Fin,70% etoh,P6L67,5,MSB 1098-2,CYST.UNKN.CAUDALFIN,,,,,,,,,,,,,,,,,,,,,,,,,,,,,,,,,,,,,
MSB:Fish:1098,MSB 1098-4,Gambusia affinis,1939,5,13,JAR8819F,EO,07-07-2025,07-07-2025,32,25,352,KL,F,NA,,0,NA,0,0,0,0,0,5,0,0,0,0,0,0,0,0,0,0,0,0,0,0,0,0,0,0,0,1,0,0,0,0,0,0,0,0,0,0,0,0,,MSB 1098-4,Gambusia affinis,JAR8819F,Unknown cyst,5,KL,KL,Unknown,Caudal fin,70% etoh,P6L3G,5,MSB 1098-4,CYST.UNKN.CAUDALFIN,,Salsuginus sp. ,1,KL,KL,Adult,Gill,70% etoh,P6L3H,5,MSB 1098-4,MONO.SALSP.GILL,,,,,,,,,,,,,,,,,,,,,,,,,,,,,,,,,,,,,
MSB:Fish:5811,MSB 5811-3,Gambusia affinis,1987,9,9,JAR8805F,BP,07-07-2025,07-07-2025,35,27,556,JG KL,NA,Arthropod,,0,NA,0,0,0,0,0,0,0,0,0,0,0,0,0,0,0,0,0,0,0,0,0,0,0,0,0,5,0,0,0,0,0,0,0,1,0,0,0,0,cyst lost,MSB 5811-3,Gambusia affinis,JAR8805F,Salsuginus sp.,5,JG,JG,Adult,Gill,70% etoh,P6L3F,5,MSB 5811-3,MONO.SALSP.GILL,,,,,,,,,,,,,,,,,,,,,,,,,,,,,,,,,,,,,,,,,,,,,,,,,
MSB:Fish:19170,MSB 19170-2,Gambusia affinis,1993,8,4,JAR8801F,EO,07-07-2025,07-07-2025,35,27,481,BP KL,NA,NA,,0,NA,0,0,0,0,0,0,0,0,0,0,0,0,0,0,0,0,0,0,0,0,0,0,0,0,0,0,0,0,0,0,0,0,0,1,0,0,0,0,cyst destroyed,,,,,,,,,,,,,,,,,,,,,,,,,,,,,,,,,,,,,,,,,,,,,,,,,,,,,,,,,,,,,,,
MSB:Fish:1100,MSB 1100-3,Gambusia affinis,1939,2,26,JAR8823F,JG,07-08-2025,07-08-2025,33,25,326,KL,NA,NA,,0,NA,0,0,0,0,0,0,0,0,0,0,0,0,0,0,0,0,0,0,0,0,0,0,0,0,0,1,0,0,0,0,0,0,0,5,NA,0,0,0,,MSB 1100-3,Gambusia affinis,JAR8823F,Unknown cyst,5,KL,KL,NA,Gill,70% etoh,P6L5Q,5,MSB 1100-3,CYST.UNK.GILL,,Salsuginus sp. ,1,KL,KL,Adult,Gill,70% etoh,P6L5R,5,MSB 1100-3,MONO.SALSP.GILL,,,,,,,,,,,,,,,,,,,,,,,,,,,,,,,,,,,,,
MSB:Fish:1098,MSB 1098-3,Gambusia affinis,1939,5,13,JAR8817F,EO,07-07-2025,07-08-2025,30,24,257,KL,NA,"Arthropod, nematode",,0,NA,0,0,0,0,0,0,0,0,NA,0,0,0,0,0,0,0,0,1,0,0,0,0,0,0,0,1,0,0,0,0,0,0,0,0,0,0,0,0,,MSB 1098-3,Gambusia affinis,JAR8817F,Free living nematode,1,KL,KL,Adult,Intestine,70% etoh,P6L5O,5,MSB 1098-3,NEMA.STY.INTESTINE,"Pictured, not a parasite of fish",Salsuginus sp. ,1,KL,KL,Adult,Gill,70% etoh,P6L5P,5,MSB 1098-3,MONO.SALSP.GILL,,,,,,,,,,,,,,,,,,,,,,,,,,,,,,,,,,,,,
MSB:Fish:280,MSB 280-1,Gambusia affinis,1949,10,28,JAR8833F,BP,07-08-2025,07-08-2025,33,26,379,BP,NA,NA,Patterned cysts on caudal fin,0,NA,0,0,0,0,0,0,0,0,0,0,0,0,0,0,0,0,0,0,0,0,0,0,0,0,0,0,0,0,0,0,0,0,0,3,NA,0,0,0,1 cyst destroyed,MSB 280-1,Gambusia affinis ,JAR8833F,Unknown cyst,2,BP,BP,NA,Gill,70% etoh,P6L3V,5,MSB 280-1,CYST.UNK.GILL,,,,,,,,,,,,,,,,,,,,,,,,,,,,,,,,,,,,,,,,,,,,,,,,,
MSB:Fish:1098,MSB 1098-5,Gambusia affinis,1939,5,13,JAR8812F,EO,07-07-2025,07-08-2025,41,33,697,KL,NA,NA,"Fish already cut open. Patterned cysts on caudal fin, 3 on each.",0,NA,0,0,0,0,0,0,0,0,NA,0,0,0,0,0,0,0,0,0,0,0,0,0,0,0,0,1,0,0,0,0,0,0,0,0,0,0,0,0,,MSB 1098-5,Gambusia affinis,JAR8812F,Salsuginus sp.,1,KL,KL,Adult,Gill,70% etoh,P6L59,5,MSB 1098-5,MONO.SALSP.GILL,,,,,,,,,,,,,,,,,,,,,,,,,,,,,,,,,,,,,,,,,,,,,,,,,
MSB:Fish:1100,MSB 1100-2,Gambusia affinis,1939,2,26,JAR8827F,BP,07-08-2025,07-08-2025,28,25,318,EO ,F,Arthropod,Caudal fin damaged,0,NA,0,0,0,0,0,0,0,0,0,0,0,0,0,0,0,0,0,0,0,0,0,0,0,0,0,0,0,0,0,0,0,0,0,0,0,0,0,0,0,,,,,,,,,,,,,,,,,,,,,,,,,,,,,,,,,,,,,,,,,,,,,,,,,,,,,,,,,,,,,,,
MSB:Fish:4176,MSB 4176-2,Gambusia affinis,1978,5,21,JAR8816F,BP,07-08-2025,07-08-2025,39,31,798,EO,F,Arthropod,Cysts on caudal fin,0,NA,0,0,0,0,0,0,0,0,0,0,0,0,0,0,0,0,0,0,0,0,0,0,0,0,0,0,0,0,0,0,0,0,0,0,0,0,0,0,0,,,,,,,,,,,,,,,,,,,,,,,,,,,,,,,,,,,,,,,,,,,,,,,,,,,,,,,,,,,,,,,
MSB:Fish:280,MSB 280-4,Gambusia affinis,1949,10,28,JAR8828F,JG,07-08-2025,07-08-2025,43,35,824,JG,NA,Arthropod,,0,NA,0,0,0,0,0,0,0,0,0,0,0,0,0,0,0,0,0,0,0,0,0,0,0,0,0,0,0,0,0,0,0,0,0,0,0,0,0,0,0,,,,,,,,,,,,,,,,,,,,,,,,,,,,,,,,,,,,,,,,,,,,,,,,,,,,,,,,,,,,,,,
MSB:Fish:4176,MSB 4176-5,Gambusia affinis,1978,5,21,JAR8822F,JG,07-08-2025,07-08-2025,29,23,368,KL,F,NA,,0,NA,0,0,0,0,0,0,0,0,0,0,0,0,0,0,0,0,0,0,0,0,0,0,0,0,0,5,0,0,0,0,0,0,0,0,0,0,0,0,0,MSB 4176-5,Gambusia affinis,JAR8822F,Salsuginus sp.,5,KL,KL,Adult,Gill,70% etoh,P6L5S,5,MSB 4176-5,MONO.SALSP.GILL,,,,,,,,,,,,,,,,,,,,,,,,,,,,,,,,,,,,,,,,,,,,,,,,,
MSB:Fish:1081,MSB 1081-3,Gambusia affinis,1939,3,17,JAR8834F,BP,07-08-2025,07-08-2025,27,21,176,JG,NA,NA,,0,NA,0,0,0,0,0,0,0,0,0,0,0,0,0,0,0,0,0,0,0,0,0,0,0,0,0,2,0,0,0,0,0,0,0,2,0,0,0,0,,MSB 1081-3,Gambusia affinis,JAR8834F,Salsuginus sp.,2,JG,JG,Adult,Gill,70% etoh,P6L65,5,MSB 1081-3,MONO.SALSP.GILL,,Unknown cyst,2,JG,JG,NA,Gill,70% etoh,P6L66,5,MSB 1081-3,CYST.UNK.GILL,,,,,,,,,,,,,,,,,,,,,,,,,,,,,,,,,,,,,
MSB:Fish:1098,MSB 1098-1,Gambusia affinis,1939,5,13,JAR8814F,EO,07-08-2025,07-08-2025,46,37,1164,KL,F,NA,,0,NA,0,0,0,0,0,7,0,0,0,0,0,0,0,0,0,0,0,0,0,0,0,0,0,0,0,2,0,0,0,0,0,0,0,0,0,0,0,0,only cysts on right were removed,MSB 1098-1,Gambusia affinis,JAR8814F,Unknown cyst,3,KL,KL,NA,Caudal fin,70% etoh,P6L3I,5,MSB 1098-1,CYST.UNK.CAUDALFIN,,Salsuginus sp.,2,KL,KL,Adult,Gill,70% etoh,P6L3J,5,MSB 1098-1,MONO.SALSP.GILL,,,,,,,,,,,,,,,,,,,,,,,,,,,,,,,,,,,,,
MSB:Fish:4176,MSB 4176-1,Gambusia affinis,1978,5,21,JAR8821F,BP,07-08-2025,07-08-2025,38,31,741,JG,F,Arthropod,,0,NA,0,0,0,0,0,0,0,0,0,0,0,0,0,0,0,0,0,0,0,0,0,0,0,0,0,0,0,0,0,0,0,0,0,0,0,0,0,0,,,,,,,,,,,,,,,,,,,,,,,,,,,,,,,,,,,,,,,,,,,,,,,,,,,,,,,,,,,,,,,,
MSB:Fish:4176,MSB 4176-3,Gambusia affinis,1978,5,21,JAR8818F,JG,07-08-2025,07-08-2025,33,26,425,KL,F,Other: Other Fish/Fry,CYST.UNK in caudal fins present,0,NA,0,0,0,0,0,0,0,0,0,0,0,0,0,0,0,0,0,0,0,0,0,0,0,0,0,1,0,0,0,0,0,0,0,0,1,0,0,0,,MSB 4176-3,Gambusia affinis,JAR8818F,Myxidium sp.,1,KL,KL,NA,Gall Bladder,70% etoh,P6L5T,5,MSB 4176-3,MYXO.MYXID.GALLBLADDER,1 cluster,Salsuginus sp.,1,KL,KL,Adult,Gill,70% etoh,P6L5U,5,MSB 4176-3,MONO.SALSP.GILL,,,,,,,,,,,,,,,,,,,,,,,,,,,,,,,,,,,,,
MSB:Fish:1081,MSB 1081-5,Gambusia affinis,1939,3,17,JAR8835F,BP,07-08-2025,07-08-2025,28,22,226,EO,F,Arthropod,Cysts on caudal fin,0,NA,0,0,0,0,0,0,0,0,0,0,0,0,0,0,0,0,0,0,0,0,0,0,0,0,0,1,0,0,0,0,0,0,0,1,0,0,0,0,,MSB 1081-5,Gambusia affinis,JAR8835F,Unknown cyst,1,EO,EO,NA,Gill,70% etoh,P6L4U,5,MSB 1081-5,CYST.UNK.GILL,,Salsuginus sp.,1,EO,EO,Adult,Gill,70% etoh,P6L4V,5,MSB 1081-5,MONO.SALSP.GILL,,,,,,,,,,,,,,,,,,,,,,,,,,,,,,,,,,,,,
MSB:Fish:4176,MSB 4176-4,Gambusia affinis,1978,5,21,JAR8820F,BP,07-08-2025,07-08-2025,38,30,806,JG,F,NA,,0,NA,0,0,0,0,0,0,0,0,0,0,0,0,0,0,0,0,0,0,0,0,0,0,0,0,0,6,0,0,0,0,0,0,0,0,0,0,0,0,,MSB 4176-4,Gambusia affinis,JAR8820F,Salsuginus sp.,6,JG,JG,Adult,Gill,70% etoh,P6L64,5,MSB 4176-4,MONO.SALSP.GILL,,,,,,,,,,,,,,,,,,,,,,,,,,,,,,,,,,,,,,,,,,,,,,,,,
MSB:Fish:1100,MSB 1100-1,Gambusia affinis,1939,2,26,JAR8825F,JG,07-08-2025,07-08-2025,43,33,679,KL,F,NA,Caudal Fin damaged,0,NA,0,0,0,0,0,0,0,0,0,0,0,0,0,0,0,0,0,0,0,0,0,0,0,0,0,3,0,0,0,0,0,0,0,0,0,0,0,0,,MSB 1100-1,Gambusia affinis,JAR8825F,Salsuginus sp.,3,KL,KL,Adult,Gill,70% etoh,P6L5V,5,MSB 1100-1,MONO.SALSP.GILL,,,,,,,,,,,,,,,,,,,,,,,,,,,,,,,,,,,,,,,,,,,,,,,,,
MSB:Fish:1100,MSB 1100-4,Gambusia affinis,1939,2,26,JAR8824F,BP,07-08-2025,07-08-2025,28,24,303,KL,F,Arthropod,Caudal fin damaged,0,NA,0,0,0,0,0,NA,0,0,0,0,0,0,0,0,0,0,0,0,0,0,0,0,0,0,0,0,0,0,0,0,0,0,0,0,0,0,0,0,,,,,,,,,,,,,,,,,,,,,,,,,,,,,,,,,,,,,,,,,,,,,,,,,,,,,,,,,,,,,,,,
MSB:Fish:1081,MSB 1081-2,Gambusia affinis,1939,3,17,JAR8836,JG,07-08-2025,07-08-2025,29,24,239,BP,NA,Arthropod,Patterned cysts on caudal fin,0,NA,0,0,0,0,0,0,0,1,0,0,0,0,0,0,0,0,0,0,0,0,0,0,0,0,0,0,0,0,0,0,0,0,0,0,0,0,0,0,CYST.UNK.DORSALFIN destroyed,,,,,,,,,,,,,,,,,,,,,,,,,,,,,,,,,,,,,,,,,,,,,,,,,,,,,,,,,,,,,,,
MSB:Fish:1100,MSB 1100-5,Gambusia affinis,1939,2,26,JAR8829F,JG,07-08-2025,07-08-2025,26,23,226,KL,NA,NA,,0,NA,0,0,0,0,0,0,0,0,0,0,0,0,0,0,0,0,0,0,0,0,0,0,0,0,0,0,0,0,0,0,0,0,0,0,0,0,0,0,,,,,,,,,,,,,,,,,,,,,,,,,,,,,,,,,,,,,,,,,,,,,,,,,,,,,,,,,,,,,,,,
MSB:Fish:280,MSB 280-5,Gambusia affinis,1949,10,28,JAR8826F,JG,07-08-2025,07-08-2025,28,23,238,JG,NA,NA,,0,NA,0,0,0,0,0,0,0,0,0,0,0,0,0,0,0,0,0,0,0,0,0,0,0,0,0,0,0,0,0,0,0,0,0,0,NA,0,0,0,,,,,,,,,,,,,,,,,,,,,,,,,,,,,,,,,,,,,,,,,,,,,,,,,,,,,,,,,,,,,,,,
MSB:Fish:1081,MSB 1081-4,Gambusia affinis,1939,3,17,JAR8832F,JG,07-08-2025,07-08-2025,27,22,188,KL,F,NA,,0,NA,0,0,0,0,0,0,0,0,0,0,0,0,0,0,0,0,0,0,0,0,0,0,0,0,0,1,0,0,0,0,0,0,0,0,NA,0,0,0,,MSB 1081-4,Gambusia affinis,JAR8832F,Salsuginus sp.,1,KL,KL,Adult,Gill,70% etoh,P6L5X,5,MSB 1081-4,MONO.SALSP.GILL,,,,,,,,,,,,,,,,,,,,,,,,,,,,,,,,,,,,,,,,,,,,,,,,,
MSB:Fish:280,MSB 280-3,Gambusia affinis,1949,10,28,JAR8830F,BP,07-08-2025,07-08-2025,28,20,184,EO,F,Arthropod,"one of the fish organs, likely spleen, is covered in red/orange spots. Was pictured because odd, but not parasitic",0,NA,0,0,0,0,0,0,0,0,0,0,0,0,0,0,0,0,0,0,0,0,0,0,0,0,0,0,0,0,0,0,0,0,0,0,NA,0,0,0,,,,,,,,,,,,,,,,,,,,,,,,,,,,,,,,,,,,,,,,,,,,,,,,,,,,,,,,,,,,,,,,
MSB:Fish:280,MSB 280-2,Gambusia affinis,1949,10,28,JAR8831F,JG,07-08-2025,07-08-2025,42,33,733,KL,F,"Arthropod , spider",,0,NA,0,0,0,0,0,0,0,0,0,0,0,0,0,0,0,0,0,0,0,0,0,0,0,0,0,0,3,0,0,0,0,0,0,0,0,0,0,0,,MSB 280-2,Gambusia affinis,JAR8831F,Monogenea,3,KL,KL,NA,Gill,70% etoh,P6L5W,5,MSB 280-2,MONO.SS.GILL,,,,,,,,,,,,,,,,,,,,,,,,,,,,,,,,,,,,,,,,,,,,,,,,,
MSB:Fish:1081,MSB 1081-1,Gambusia affinis,1939,3,17,JAR8837F,BP,07-08-2025,07-08-2025,43,33,868,BP,F,Arthropod,"reselected, caudal fin cysts present",0,NA,0,0,0,0,0,0,0,0,0,0,0,0,0,0,0,0,0,0,0,0,0,0,0,0,0,4,0,0,0,0,0,0,0,0,0,0,0,0,,MSB 1081-1,Gambusia affinis,JAR8837F,Salsuginus sp.,4,BP,BP,Adult,Gill,70% etoh,P6L3U,5,MSB 1081-1,MONO.SALSP.GILL,,,,,,,,,,,,,,,,,,,,,,,,,,,,,,,,,,,,,,,,,,,,,,,,,
MSB:Fish:7971,MSB 7971-2,Gambusia affinis,1990,10,22,JAR8910F,BP,07-09-2025,07-09-2025,29,24,264,EO,F,Arthropod,Patterned cysts on caudal fin,0,NA,0,0,0,0,0,0,0,0,0,0,0,0,0,0,0,0,0,0,0,0,0,0,0,0,0,1,0,0,0,0,0,0,0,0,NA,0,0,0,,MSB 7971-2,Gambusia affinis,JAR8910F,Salsuginus sp.,1,EO,EO,Adult,Gill,70% etoh,P6L4Y,5,MSB 7971-2,MONO.SALSP.GOILL,,,,,,,,,,,,,,,,,,,,,,,,,,,,,,,,,,,,,,,,,,,,,,,,,
MSB:Fish:4385,MSB 4385-5,Gambusia affinis,1978,8,6,JAR8838F,EO,07-08-2025,07-09-2025,27,22,197,JG,F,NA,,0,NA,0,0,0,0,0,0,0,0,0,0,0,0,0,0,0,0,0,0,0,0,0,0,0,0,0,1,0,0,0,0,0,0,0,0,0,0,0,0,,MSB 4385-5,Gambusia affinis,JAR8838F,Salsuginus sp.,1,JG,JG,Adult,Gill,70% etoh,P6L5A,5,MSB 4385-5,MONO.SALSP.GILL,,,,,,,,,,,,,,,,,,,,,,,,,,,,,,,,,,,,,,,,,,,,,,,,,
MSB:Fish:4385,MSB 4385-3,Gambusia affinis,1978,8,6,JAR8845F,KL,07-08-2025,07-09-2025,27,23,204,KL,F,NA,,0,NA,0,0,0,0,0,0,0,0,0,0,0,2,0,0,0,0,0,0,0,0,0,0,0,0,0,2,0,0,0,0,0,0,0,0,0,0,0,0,,MSB 4385-3,Gambusia affinis,JAR8845F,Diplostomulum sp.,2,KL,KL,Metacercariae,Eye,70% etoh,P6L60,5,MSB 4385-3,TREM.DISP.EYE,,Salsuginus sp.,2,KL,KL,Adult,Gill,70% etoh,P6L61,5,MSB 4385-3,MONO.SALSP.GILL,,,,,,,,,,,,,,,,,,,,,,,,,,,,,,,,,,,,,
MSB:Fish:7971,MSB 7971-5,Gambusia affinis,1990,10,22,JAR8916F,EO,07-09-2025,07-09-2025,28,21,207,BP,F,Arthropod,Caudal fin cysts present,0,NA,0,0,0,0,0,0,0,0,0,0,0,0,0,0,0,0,0,0,0,0,0,0,0,0,0,0,0,0,0,0,0,0,0,0,1,0,0,0,,MSB 7971-5,Gambusia affinis,JAR8916F,Myxidium sp.,1,BP,BP,NA,Gall bladder,70% etoh,P6L3T,5,MSB 7971-5,MYXO.MYXID.GALLBLADDER,,,,,,,,,,,,,,,,,,,,,,,,,,,,,,,,,,,,,,,,,,,,,,,,,
MSB:Fish:4748,MSB 4748-3,Gambusia affinis,1978,9,5,JAR8907F,BP,07-09-2025,07-09-2025,34,27,362,EO,F,Arthropod,,0,NA,0,0,0,0,0,0,0,0,0,0,0,0,0,0,0,0,0,0,0,0,0,0,0,0,0,4,0,0,0,0,0,0,0,1,NA,0,0,0,,MSB 4748-3,Gambusia affinis,JAR8907F,Unknown cyst,1,EO,EO,NA,Gill,70% etoh,P6L4W,5,MSB 4748-3,CYST.UNK.GILL,,Salsuginus sp.,4,EO,EO,Adult,Gill,70% etoh,P6L4X,5,MSB 4748-3,MONO.SALSP.GILL,,,,,,,,,,,,,,,,,,,,,,,,,,,,,,,,,,,,,
MSB:Fish:4748,MSB 4748-1,Gambusia affinis,1978,9,5,JAR8904F,BP,07-09-2025,07-09-2025,33,25,374,JG,NA,Arthropod,,0,NA,0,0,0,0,0,0,0,0,0,0,0,0,0,0,0,0,0,0,0,0,0,0,0,0,0,2,0,0,0,0,0,0,0,0,0,0,0,0,,MSB 4748-1,Gambusia affinis,JAR8904F,Salsuginus sp.,2,JG,JG,Adult,Gill,70% etoh,P6L63,5,MSB 4748-1,MONO.SALSP.GILL,,,,,,,,,,,,,,,,,,,,,,,,,,,,,,,,,,,,,,,,,,,,,,,,,
MSB:Fish:4385,MSB 4385-1,Gambusia affinis,1978,8,6,JAR8841F,KL,07-08-2025,07-09-2025,25,21,161,KL,F,NA,,0,NA,0,0,0,0,0,0,0,0,0,0,0,1,0,0,0,0,0,0,0,0,0,0,0,0,0,1,0,0,0,0,0,0,0,0,NA,0,0,0,,MSB 4385-1,Gambusia affinis,JAR8841F,Diplostomulum sp.,1,KL,KL,Metacercariae,Eye,70% etoh,P6L5B,5,MSB 4385-1,TREM.DIPS.EYE,,Salsuginus sp.,1,KL,KL,Adult,Gill,70% etoh,P6L5C,5,MSB 4385-1,MONO.SALSP.GILL,,,,,,,,,,,,,,,,,,,,,,,,,,,,,,,,,,,,,
MSB:Fish:7971,MSB 7971-4,Gambusia affinis,1990,10,22,JAR8914F,BP,07-09-2025,07-09-2025,26,21,155,GC,NA,NA,,0,NA,0,0,0,0,0,0,0,0,0,0,0,0,0,0,0,0,0,0,0,0,0,0,0,0,0,2,0,0,0,0,0,0,0,0,NA,0,0,0,,MSB 7971-4,Gambusia affinis,JAR8914F,Salsuginus sp.,2,GC,GC,Adult,Gill,70% etoh,P6L62,5,MSB 7971-4,MONO.SALSP.GILL,,,,,,,,,,,,,,,,,,,,,,,,,,,,,,,,,,,,,,,,,,,,,,,,,
MSB:Fish:4385,MSB 4385-2,Gambusia affinis,1978,8,6,JAR8843F,EO,07-08-2025,07-09-2025,30,26,273,KL,NA,NA,,0,NA,0,0,0,0,0,0,0,0,0,0,0,3,0,0,0,0,0,0,0,0,0,0,0,0,0,1,0,0,0,0,0,0,0,0,0,0,0,0,,MSB 4385-2,Gambusia affinis,JAR8843F,Diplostomulum sp.,3,KL,KL,Metacercariae,Eye,70% etoh,P6L5Y,5,MSB 4385-2,TREM.DIPS.EYE,,Salsuginus sp.,1,KL,KL,ADULT,Gill,70% etoh,P6L5Z,5,MSB 4385-2,MONO.SALSP.GILL,,,,,,,,,,,,,,,,,,,,,,,,,,,,,,,,,,,,,
MSB:Fish:7971,MSB 7971-1,Gambusia affinis,1990,10,22,JAR8912F,EO,07-09-2025,07-09-2025,38,30,560,KL,F,Arthropod,,0,NA,0,0,0,0,0,0,0,0,0,0,0,0,0,0,0,0,0,0,0,0,0,0,0,0,0,0,2,0,0,0,0,0,0,0,0,0,0,0,,MSB 7971-1,Gambusia affinis,JAR8912F,Monogenea,2,KL,KL,NA,Gill,70% etoh,P6L5D,5,MSB 7971-1,MONO.SS.GILL,,,,,,,,,,,,,,,,,,,,,,,,,,,,,,,,,,,,,,,,,,,,,,,,,
MSB:Fish:7971,MSB 7971-3,Gambusia affinis,1990,10,22,JAR8908F,EO,07-09-2025,07-09-2025,33,25,370,BP,F,NA,"Caudal fin cysts present, mold growing over body",0,NA,0,0,0,0,0,0,0,0,0,0,0,0,0,0,0,0,0,0,0,0,0,0,0,0,0,0,0,0,0,0,0,0,0,0,1,0,0,0,,MSB 7971-3,Gambusia affinis,JAR8908F,Myxidium sp.,1,BP,BP,NA,Gall bladder,70% etoh,P6L3S,5,MSB 7971-3,MYXO.MYXID.GALLBLADDER,,,,,,,,,,,,,,,,,,,,,,,,,,,,,,,,,,,,,,,,,,,,,,,,,
MSB:Fish:4385,MSB 4385-4,Gambusia affinis,1978,8,6,JAR8839,KL,07-08-2025,07-09-2025,26,22,222,GC,F,NA,,0,NA,0,0,0,0,0,0,0,0,0,0,0,2,0,0,0,0,0,0,0,0,0,0,0,0,0,0,0,0,0,0,0,0,0,0,NA,0,0,0,,MSB 4385-4,Gambusia affinis,JAR8839F,Diplostomulum sp.,2,GC,GC,Metacercariae,Eye,70% etoh,P6L47,5,MSB 4385-4,TREM.DIPS.EYE,,,,,,,,,,,,,,,,,,,,,,,,,,,,,,,,,,,,,,,,,,,,,,,,,
MSB:Fish:4748,MSB 4748-4,Gambusia affinis,1978,9,5,JAR8906F,EO,07-09-2025,07-09-2025,29,23,213,GC,NA,NA,,0,NA,0,0,0,0,0,0,0,0,0,0,0,0,0,0,0,0,0,0,0,0,0,0,0,0,0,0,0,0,0,0,0,0,0,0,NA,0,0,0,,,,,,,,,,,,,,,,,,,,,,,,,,,,,,,,,,,,,,,,,,,,,,,,,,,,,,,,,,,,,,,,
MSB:Fish:4748,MSB 4748-2,Gambusia affinis,1978,9,5,JAR8909F,EO,07-09-2025,07-09-2025,36,28,522,JG,NA,Arthropod,,0,NA,0,0,0,0,0,0,0,0,0,0,0,0,0,0,0,0,0,0,0,0,0,0,0,0,0,0,0,0,0,0,0,0,0,0,NA,0,0,0,,,,,,,,,,,,,,,,,,,,,,,,,,,,,,,,,,,,,,,,,,,,,,,,,,,,,,,,,,,,,,,,
MSB:Fish:327,MSB 327-1,Gambusia affinis,1942,2,28,JAR8840F,EO,07-08-2025,07-09-2025,45,36,927,GC,F,Vegetation,,0,NA,0,0,0,0,0,0,0,0,0,0,0,0,0,0,0,0,0,0,0,0,0,0,0,0,0,0,0,0,0,0,0,0,0,0,0,0,0,0,,,,,,,,,,,,,,,,,,,,,,,,,,,,,,,,,,,,,,,,,,,,,,,,,,,,,,,,,,,,,,,,
MSB:Fish:327,MSB 327-4,Gambusia affinis,1942,2,28,JAR8842F,EO,07-08-2025,07-09-2025,32,25,257,GC,NA,Arthropod,,0,NA,0,0,0,0,0,0,0,0,0,0,0,0,0,0,0,0,0,0,0,0,0,0,0,0,0,0,0,0,0,0,0,0,0,0,0,0,0,0,,,,,,,,,,,,,,,,,,,,,,,,,,,,,,,,,,,,,,,,,,,,,,,,,,,,,,,,,,,,,,,,
MSB:Fish:327,MSB 327-3,Gambusia affinis,1942,2,28,JAR8846F,BP,07-08-2025,07-09-2025,45,36,910,GC,F,NA,,0,NA,0,0,0,0,0,0,0,0,0,0,0,0,0,0,0,0,0,0,0,0,0,0,0,0,0,0,0,0,0,0,0,0,0,0,0,0,0,0,,,,,,,,,,,,,,,,,,,,,,,,,,,,,,,,,,,,,,,,,,,,,,,,,,,,,,,,,,,,,,,,
MSB:Fish:327,MSB 327-5,Gambusia affinis,1942,2,28,JAR8844F,BP,07-08-2025,07-09-2025,25,20,131,GC,F,NA,Pectoral fin ripped missing half,0,NA,0,0,0,0,0,0,0,0,0,0,0,0,0,0,0,0,0,0,0,0,0,0,0,0,0,0,0,0,0,0,0,0,0,0,0,0,0,0,,,,,,,,,,,,,,,,,,,,,,,,,,,,,,,,,,,,,,,,,,,,,,,,,,,,,,,,,,,,,,,,
MSB:Fish:327,MSB 327-2,Gambusia affinis,1942,2,28,JAR8903F,EO,07-08-2025,07-09-2025,47,38,1118,JG,NA,NA,,0,NA,0,0,0,0,0,0,0,0,0,0,0,0,0,0,0,0,0,0,0,0,0,0,0,0,0,0,0,0,0,0,0,0,0,0,0,0,0,0,,,,,,,,,,,,,,,,,,,,,,,,,,,,,,,,,,,,,,,,,,,,,,,,,,,,,,,,,,,,,,,,
MSB:Fish:305,MSB 305-2,Gambusia affinis,1949,7,21,JAR8913F,BP,07-09-2025,07-09-2025,41,32,810,GC,NA,NA,,0,NA,0,0,0,0,0,0,0,0,0,0,0,0,0,0,0,0,0,0,0,0,0,0,0,0,0,17,0,0,0,0,0,0,0,0,NA,0,0,0,,MSB 305-2,Gambusia affinis,JAR8913F,Salsuginus sp.,17,GC,GC,Adult,Gill,70% etoh,P6L3X,5,MSB 305-2,MONO.SALSP.GILL,,,,,,,,,,,,,,,,,,,,,,,,,,,,,,,,,,,,,,,,,,,,,,,,,
MSB:Fish:305,MSB 305-3,Gambusia affinis,1949,7,21,JAR8915F,BP,07-09-2025,07-09-2025,39,31,840,KL,F,NA,,0,NA,0,0,0,0,0,0,0,0,0,0,0,0,0,0,0,0,0,0,0,0,0,0,0,0,0,30,0,0,0,0,0,0,0,0,0,0,0,0,,MSB 305-3,Gambusia affinis,JAR8915F,Salsuginus sp.,30,KL,KL,Adult,Gill,70% etoh,P6L48,5,MSB 305-3,MONO.SALSP.GILL,,,,,,,,,,,,,,,,,,,,,,,,,,,,,,,,,,,,,,,,,,,,,,,,,
MSB:Fish:4748,MSB 4748-5,Gambusia affinis,1978,9,5,JAR8905F,BP,07-09-2025,07-09-2025,30,24,278,GC,NA,Arthropod,,0,NA,0,0,0,0,0,0,0,0,0,0,0,1,0,0,0,0,0,0,0,0,0,0,0,0,0,0,0,0,0,0,0,0,0,0,0,0,0,0,,MSB 4748-5,Gambusia affinis,JAR8905F,Diplostomulum sp.,1,GC,GC,Adult,Eye,70% etoh,P6L3Y,5,MSB 4748-5,TREM.DIPS.EYE,,,,,,,,,,,,,,,,,,,,,,,,,,,,,,,,,,,,,,,,,,,,,,,,,
MSB:Fish:305,MSB 305-1,Gambusia affinis,1949,7,21,JAR8911F,BP,07-09-2025,07-09-2025,38,30,653,JG,F,Arthropod,,0,NA,0,0,0,0,0,0,0,0,0,0,0,0,0,0,0,0,0,0,0,0,0,0,0,0,0,16,0,0,0,0,0,0,0,0,0,0,0,0,,MSB 305-1,Gambusia affinis,JAR8911F,Salsuginus sp.,16,JG,JG,Adult,Gill,70% etoh,P6L5E,5,MSB 305-1,MONO.SALSP.GILL,,,,,,,,,,,,,,,,,,,,,,,,,,,,,,,,,,,,,,,,,,,,,,,,,
MSB:Fish:305,MSB 305-5,Gambusia affinis,1949,7,21,JAR8918F,BP,07-09-2025,07-09-2025,41,34,848,KL,NA,Arthropod,,0,NA,0,0,0,0,0,0,0,0,0,0,0,0,0,0,0,0,0,0,0,0,0,0,0,0,0,21,0,0,0,0,0,0,0,0,NA,0,0,0,,MSB 305-5,Gambusia affinis,JAR8918F,Salsuginus sp.,21,KL,KL,Adult,Gill,70% etoh,P6L49,5,MSB 305-5,MONO.SALSP.GILL,,,,,,,,,,,,,,,,,,,,,,,,,,,,,,,,,,,,,,,,,,,,,,,,,
MSB:Fish:2795,MSB 2795-4,Gambusia affinis,1969,4,2,JAR8920F,BP,07-09-2025,07-09-2025,29,24,236,KL,F,Arthropod,,0,NA,0,0,0,0,0,0,0,0,0,0,0,0,0,0,0,0,0,0,0,0,0,0,0,0,0,3,0,0,0,0,0,0,0,2,0,0,0,0,CYST.UNK lost,MSB 2795-4,Gambusia affinis,JAR8920F,Salsuginus sp.,3,KL,KL,Adult,Gill,70% etoh,P6L4A,5,MSB 2795-4,MONO.SALSP.GILL,,,,,,,,,,,,,,,,,,,,,,,,,,,,,,,,,,,,,,,,,,,,,,,,,
MSB:Fish:2795,MSB 2795-3,Gambusia affinis,1969,4,2,JAR8921F,BP,07-09-2025,07-09-2025,46,37,885,GC,NA,Arthropod,,0,NA,0,0,0,0,0,0,0,0,0,0,0,0,0,0,0,0,0,0,0,0,0,0,0,0,0,2,0,0,0,0,0,0,0,0,0,0,0,0,,MSB 2795-3,Gambusia affinis,JAR8921F,Salsuginus sp.,2,GC,GC,Adult,Gill,70% etoh,P6L46,5,MSB 2795-3,MONO.SALSP.GILL,,,,,,,,,,,,,,,,,,,,,,,,,,,,,,,,,,,,,,,,,,,,,,,,,
MSB:Fish:2795,MSB 2795-5,Gambusia affinis,1969,4,2,JAR8919F,BP,07-09-2025,07-09-2025,25,19,105,JG,NA,Arthropod,,0,NA,0,0,0,0,0,0,0,0,0,0,0,0,0,0,0,0,0,0,0,0,0,0,0,0,0,0,0,0,0,0,0,0,0,0,NA,0,0,0,,,,,,,,,,,,,,,,,,,,,,,,,,,,,,,,,,,,,,,,,,,,,,,,,,,,,,,,,,,,,,,,
MSB:Fish:305,MSB 305-4,Gambusia affinis,1949,7,21,JAR8917F,BP,07-09-2025,07-09-2025,26,21,146,EO,F,Arthropod,,0,NA,0,0,0,0,0,0,0,0,0,0,0,0,0,0,0,0,0,0,0,0,0,0,0,0,0,3,0,0,0,0,0,0,0,0,0,0,0,0,,MSB 305-4,Gambusia affinis,JAR8917F,Salsuginus sp.,3,EO,EO,Adult,Gill,70% etoh,P6L4Z,5,MSB 305-4,MONO.SALSP.GILL,,,,,,,,,,,,,,,,,,,,,,,,,,,,,,,,,,,,,,,,,,,,,,,,,
MSB:Fish:2795,MSB 2795-2,Gambusia affinis,1969,4,2,JAR8925F,BP,07-09-2025,07-09-2025,31,24,325,GC,NA,NA,,0,NA,0,0,0,0,0,0,0,0,0,0,0,0,0,0,0,0,0,0,0,0,0,0,0,0,0,2,0,0,0,0,0,0,0,0,NA,0,0,0,,MSB 2795-2,Gambusia affinis,JAR8925F,Salsuginus sp.,2,GC,GC,Adult,Gill,70% etoh,P6L45,5,MSB 2795-2,MONO.SALSP.GILL,,,,,,,,,,,,,,,,,,,,,,,,,,,,,,,,,,,,,,,,,,,,,,,,,
MSB:Fish:2795,MSB 2795-1,Gambusia affinis,1969,4,2,JAR8932F,BP,07-09-2025,07-09-2025,45,35,820,JG,NA,Arthropod,,0,NA,0,0,0,0,0,0,0,0,0,0,0,0,0,0,0,0,0,0,0,0,0,0,0,0,0,0,0,0,0,0,0,0,0,1,NA,0,0,0,,MSB 2795-1,Gambusia affinis,JAR8923F,Unknown cyst,1,JG,JG,NA,Gill,70% etoh,P6L4B,6,MSB 2795-1,CYST.UNK.GILL,,,,,,,,,,,,,,,,,,,,,,,,,,,,,,,,,,,,,,,,,,,,,,,,,
MSB:Fish:326,MSB 326-3,Gambusia affinis,1949,7,21,JAR8931F,KL,07-09-2025,07-09-2025,36,30,581,KL,NA,NA,,0,NA,0,0,0,0,0,0,0,0,0,0,0,0,0,0,0,0,0,0,0,0,0,0,0,0,0,0,0,0,0,0,0,0,0,0,NA,0,0,0,,,,,,,,,,,,,,,,,,,,,,,,,,,,,,,,,,,,,,,,,,,,,,,,,,,,,,,,,,,,,,,,
MSB:Fish:1082,MSB 1082-2,Gambusia affinis,1938,10,18,JAR8928F,EO,07-09-2025,07-09-2025,40,33,627,GC,F,Arthropod,,0,NA,0,0,0,0,0,0,0,0,0,0,0,0,0,0,0,0,0,0,0,0,0,0,0,0,0,5,0,0,0,0,0,0,0,0,0,0,0,0,,MSB 1082-2,Gambusia affinis,JAR8928F,Salsuginus sp.,5,GC,GC,Adult,Gill,70% etoh,P6L3Z,6,MSB 1082-2,MONO.SALSP.GILL,,,,,,,,,,,,,,,,,,,,,,,,,,,,,,,,,,,,,,,,,,,,,,,,,
MSB:Fish:326,MSB 326-4,Gambusia affinis,1949,7,21,JAR8933F,EO,07-09-2025,07-09-2025,33,27,421,KL,F,NA,,0,NA,0,0,0,0,0,0,0,0,0,0,0,0,0,0,0,0,0,0,0,0,0,0,0,0,0,2,0,0,0,0,0,0,0,0,NA,0,0,0,,MSB 326-4,Gambusia affinis,JAR8933F,Salsuginus sp.,2,KL,KL,Adult,Gill,70% etoh,P6L5F,6,MSB 326-4,MONO.SALSP.GILL,,,,,,,,,,,,,,,,,,,,,,,,,,,,,,,,,,,,,,,,,,,,,,,,,
MSB:Fish:1082,MSB 1082-1,Gambusia affinis,1938,10,18,JAR8930F,BP,07-09-2025,07-09-2025,41,32,722,EO,F,Arthropod,,0,NA,0,0,0,0,0,0,0,0,0,0,0,0,0,0,0,0,0,0,0,0,0,0,0,0,0,5,0,0,0,0,0,0,0,0,0,0,0,0,,MSB 1082-1,Gambusia affinis,JAR8930F,Salsuginus sp.,5,EO,EO,Adult,Gill,70% etoh,P6L50,6,MSB 1082-1,MONO.SALSP.GILL,,,,,,,,,,,,,,,,,,,,,,,,,,,,,,,,,,,,,,,,,,,,,,,,,
MSB:Fish:1082,MSB 1082-4,Gambusia affinis,1938,10,18,JAR8934F,BP,07-09-2025,07-09-2025,31,24,264,BP,NA,Arthropod,,0,NA,0,0,0,0,0,0,0,0,0,0,0,0,0,0,0,0,0,0,0,0,0,0,0,0,0,0,0,0,0,0,0,0,0,0,0,0,0,0,,,,,,,,,,,,,,,,,,,,,,,,,,,,,,,,,,,,,,,,,,,,,,,,,,,,,,,,,,,,,,,,
MSB:Fish:326,MSB 326-5,Gambusia affinis,1949,7,21,JAR8924F,EO,07-09-2025,07-09-2025,38,32,628,JG,F,NA,,0,NA,0,0,0,0,0,0,0,0,0,0,0,0,0,0,0,0,0,0,0,0,0,0,0,0,0,2,0,0,0,0,0,0,0,0,0,0,0,0,,MSB 326-5,Gambusia affinis,JAR8924F,Salsuginus sp.,2,JG,JG,Adult,Gill,70% etoh,P6L5G,6,MSB 326-5,MONO.SALSP.GILL,,,,,,,,,,,,,,,,,,,,,,,,,,,,,,,,,,,,,,,,,,,,,,,,,
MSB:Fish:326,MSB 326-1,Gambusia affinis,1949,7,21,JAR8922F,KL,07-09-2025,07-10-2025,33,27,355,KL,F,NA,,0,NA,0,0,0,0,0,0,0,0,0,0,0,0,0,0,0,0,0,0,0,0,0,0,0,0,0,2,0,0,0,0,0,0,0,14,0,0,0,0,,MSB 326-1,Gambusia affinis,JAR8922F,Unknown cyst,6,KL,KL,NA,Gill,70% etoh,P6L4C,6,MSB 326-1,CYST.UNK.GILL,saved 1 gill arch but too difficult to extract for a possible non-parasite,Salsuginus sp.,2,KL,KL,Adult,Gill,70% etoh,P6L4D,6,MSB 326-1,MONO.SALSP.GILL,,,,,,,,,,,,,,,,,,,,,,,,,,,,,,,,,,,,,
MSB:Fish:1085,MSB 1085-5,Gambusia affinis,1939,5,13,JAR8935F,JG,07-10-2025,07-10-2025,50,39,1499,GC,F,NA,,0,NA,0,0,0,0,0,0,0,0,0,0,0,0,0,0,0,0,0,0,0,0,0,0,0,0,0,1,0,0,0,0,0,0,0,0,0,0,0,0,,MSB 1085-5,Gambusia affinis,JAR8935F,Salsuginus sp.,1,GC,GC,Adult,Gill,70% etoh,P6L40,6,MSB 1085-5,MONO.SALSP.GILL,,,,,,,,,,,,,,,,,,,,,,,,,,,,,,,,,,,,,,,,,,,,,,,,,
MSB:Fish:326,MSB 326-2,Gambusia affinis,1949,7,21,JAR8926F,KL,07-09-2025,07-10-2025,34,28,560,GC,F,NA,,0,NA,0,0,0,0,0,0,0,0,0,0,0,0,0,0,0,0,0,0,0,0,0,0,0,0,0,3,0,0,0,0,0,0,0,0,NA,0,0,0,,MSB 326-2,Gambusia affinis,JAR8926F,Salsuginus sp.,3,GC,GC,Adult,Gill,70% etoh,P6L44,6,MSB 326-2,MONO.SALSP.GILL,,,,,,,,,,,,,,,,,,,,,,,,,,,,,,,,,,,,,,,,,,,,,,,,,
MSB:Fish:1085,MSB 1085-2,Gambusia affinis,1939,5,13,JAR8937F,JG,07-10-2025,07-10-2025,26,21,147,GC,M,NA,Caudal fin missing,0,NA,0,0,0,0,0,NA,0,0,0,0,0,0,0,0,0,0,0,0,0,0,0,0,0,0,0,0,0,0,0,0,0,0,0,0,NA,0,0,0,,,,,,,,,,,,,,,,,,,,,,,,,,,,,,,,,,,,,,,,,,,,,,,,,,,,,,,,,,,,,,,,
MSB:Fish:1085,MSB 1085-1,Gambusia affinis,1939,5,13,JAR8932F,JG,07-10-2025,07-10-2025,41,33,809,KL,F,NA,,0,NA,0,0,0,0,0,0,0,0,0,0,0,0,0,0,0,0,0,0,0,0,0,0,0,0,0,0,0,0,0,0,0,0,0,0,NA,0,0,0,,,,,,,,,,,,,,,,,,,,,,,,,,,,,,,,,,,,,,,,,,,,,,,,,,,,,,,,,,,,,,,,
MSB:Fish:1085,MSB 1085-4,Gambusia affinis,1939,5,13,JAR8941F,JG,07-10-2025,07-10-2025,44,36,1060,KL,F,Arthropod,,0,NA,0,0,0,0,0,0,0,0,0,0,0,0,0,0,0,0,0,0,0,0,0,0,0,0,0,0,0,0,0,0,0,0,0,0,NA,0,0,0,,,,,,,,,,,,,,,,,,,,,,,,,,,,,,,,,,,,,,,,,,,,,,,,,,,,,,,,,,,,,,,,
MSB:Fish:4453,MSB 4453-5,Gambusia affinis,1978,9,5,JAR8940F,EO,07-10-2025,07-10-2025,27,22,167,GC,M,Arthropod,,0,NA,0,0,0,0,0,0,0,0,0,0,0,0,0,0,0,0,0,0,0,0,0,0,0,0,0,0,0,0,0,0,0,0,0,0,0,0,0,0,,,,,,,,,,,,,,,,,,,,,,,,,,,,,,,,,,,,,,,,,,,,,,,,,,,,,,,,,,,,,,,,
MSB:Fish:1085,MSB 1085-3,Gambusia affinis,1939,5,13,JAR8939F,JG,07-10-2025,07-10-2025,42,34,861,KL,F,NA,,0,NA,0,0,0,0,0,0,0,0,0,0,0,0,0,0,0,0,0,0,0,0,0,0,0,0,0,0,0,0,0,0,0,0,0,0,0,0,0,0,,,,,,,,,,,,,,,,,,,,,,,,,,,,,,,,,,,,,,,,,,,,,,,,,,,,,,,,,,,,,,,,
MSB:Fish:1082,MSB 1082-5,Gambusia affinis,1938,10,18,JAR8927F,EO,07-09-2025,07-10-2025,25,21,140,KL,NA,NA,,0,NA,0,0,0,0,0,0,0,0,0,0,0,0,0,0,0,0,0,0,0,0,0,0,0,0,0,0,0,0,0,0,0,0,0,0,NA,0,0,0,,,,,,,,,,,,,,,,,,,,,,,,,,,,,,,,,,,,,,,,,,,,,,,,,,,,,,,,,,,,,,,,
MSB:Fish:1105,MSB 1105-1,Gambusia affinis,1939,1,20,JAR11362F,JG,07-10-2025,07-10-2025,30,24,202,GC,NA,Arthropod,,0,NA,0,0,0,0,0,0,0,0,0,0,0,0,0,0,0,0,0,0,0,0,0,0,0,0,0,4,0,0,0,0,0,0,0,0,NA,0,0,0,,MSB 1105-1,Gambusia affinis,JAR11362F,Salsuginus sp.,4,GC,GC,Adult,Gill,70% etoh,P6L42,6,MSB 1105-1,MONO.SALSP.GILL,,,,,,,,,,,,,,,,,,,,,,,,,,,,,,,,,,,,,,,,,,,,,,,,,
MSB:Fish:4453,MSB 4453-3,Gambusia affinis,1978,9,5,JAR8938F,EO,07-10-2025,07-10-2025,28,22,149,KL,M,NA,Red spotted spleen(?),0,NA,0,0,0,0,0,0,0,0,0,0,0,0,0,0,0,0,0,0,0,0,0,0,0,0,0,1,0,0,0,0,0,0,0,0,0,0,0,0,,MSB 4453-3,Gambusia affinis,JAR8938F,Salsuginus sp.,1,KL,KL,Adult,Gill,70% etoh,P6L5K,6,MSB 4453-3,MONO.SALSP.GILL,,,,,,,,,,,,,,,,,,,,,,,,,,,,,,,,,,,,,,,,,,,,,,,,,
MSB:Fish:3391,MSB 3391-2,Gambusia affinis,1965,5,18,JAR11366F,EO,07-10-2025,07-10-2025,28,23,188,GC,M,Arthropod,,0,NA,0,0,0,0,0,0,0,0,0,0,0,2,0,0,0,0,0,0,0,0,0,0,0,0,0,0,0,0,0,0,0,0,0,0,NA,0,0,0,,MSB 3391-2,Gambusia affinis,JAR11366F,Diplostomulum sp.,2,GC,GC,Metacercariae,Eye,70% etoh,P6L4P,6,MSB 3391-2,TREM.DIPS.EYE,,,,,,,,,,,,,,,,,,,,,,,,,,,,,,,,,,,,,,,,,,,,,,,,,
MSB:Fish:3391,MSB 3391-5,Gambusia affinis,1965,5,18,JAR11367F,EO,07-10-2025,07-10-2025,35,28,522,JG,F,Arthropod,,0,NA,0,0,0,0,0,0,0,0,0,0,0,3,0,0,0,0,0,0,0,0,0,0,0,0,0,0,0,0,0,0,0,0,0,0,0,0,0,0,,MSB 3391-5,Gambusia affinis,JAR11367F,Diplostomulum sp.,3,JG,JG,Metacercariae,Eye,70% etoh,P6L4O,6,MSB 3391-5,TREM.DIPS.EYE,,,,,,,,,,,,,,,,,,,,,,,,,,,,,,,,,,,,,,,,,,,,,,,,,
MSB:Fish:330,MSB 330-1,Gambusia affinis,1949,11,5,JAR11350F,EO,07-10-2025,07-10-2025,45,36,982,JG,NA,Arthropod,,0,NA,0,0,0,0,0,0,0,0,0,0,0,0,0,0,0,0,0,0,0,0,0,0,0,0,0,1,0,0,0,0,0,0,0,0,NA,0,0,0,,MSB 330-1,Gambusia affinis,JAR11350F,Salsuginus sp.,1,JG,JG,Adult,Gill,70% etoh,P6L4Q,6,MSB 330-1,MONO.SALSP.GILL,,,,,,,,,,,,,,,,,,,,,,,,,,,,,,,,,,,,,,,,,,,,,,,,,
MSB:Fish:4453,MSB 4453-2,Gambusia affinis,1978,9,5,JAR8936F,EO ,07-10-2025,07-10-2025,39,31,742,GC,F,Arthropod,,0,NA,0,0,0,0,0,0,0,0,0,0,0,0,0,0,0,0,0,0,0,0,0,0,0,0,0,3,0,0,0,0,0,0,0,0,0,0,0,0,,MSB 4453-2,Gambusia affinis,JAR8936F,Salsuginus sp.,3,GC,GC,Adult,Gill,70% etoh,P6L43,6,MSB 4453-2,MONO.SALSP.GILL,,,,,,,,,,,,,,,,,,,,,,,,,,,,,,,,,,,,,,,,,,,,,,,,,
MSB:Fish:1090,MSB 1090-1,Gambusia affinis,1939,6,9,JAR11348F,BP,07-10-2025,07-10-2025,39,30,751,GC,F,Arthropod,,0,NA,0,0,0,0,0,0,0,0,0,0,0,0,0,0,0,0,0,0,0,0,0,0,0,0,0,11,0,0,0,0,0,0,0,0,NA,0,0,0,,MSB 1090-1,Gambusia affinis,JAR11348F,Salsuginus sp.,11,GC,GC,Adult,Gill,70% etoh,P6L4N,6,MSB 1090-1,MONO.SALSP.GILL,,,,,,,,,,,,,,,,,,,,,,,,,,,,,,,,,,,,,,,,,,,,,,,,,
MSB:Fish:1082,MSB 1082-3,Gambusia affinis,1938,10,18,JAR8929F,EO,07-09-2025,07-10-2025,34,28,397,KL,F,NA,,0,NA,0,0,0,0,0,0,0,0,0,0,0,0,0,0,0,0,0,0,0,0,0,0,0,0,0,0,5,0,0,0,0,0,0,0,NA,0,0,0,,MSB 1082-3,Gambusia affinis,JAR8929F,Monogenea,5,KL,KL,NA,Gill,70% etoh,P6L5H,6,MSB 1082-3,MONO.SS.GILL,,,,,,,,,,,,,,,,,,,,,,,,,,,,,,,,,,,,,,,,,,,,,,,,,
MSB:Fish:4453,MSB 4453-1,Gambusia affinis,1978,9,5,JAR11359F,EO,07-10-2025,07-10-2025,36,30,577,KL,F,NA,,0,NA,0,0,0,0,0,0,0,0,0,0,0,0,0,0,0,0,0,0,0,0,0,0,0,0,0,4,0,0,0,0,0,0,0,0,NA,0,0,0,,MSB 4453-1,Gambusia affinis,JAR11359F,Salsuginus sp.,4,KL,KL,Adult,Gill,70% etoh,P6L5I,6,MSB 4453-1,MONO.SALSP.GILL,,,,,,,,,,,,,,,,,,,,,,,,,,,,,,,,,,,,,,,,,,,,,,,,,
MSB:Fish:3391,MSB 3391-4,Gambusia affinis,1965,5,18,JAR11364F,EO,07-10-2025,07-10-2025,33,27,348,KL,NA,NA,,0,NA,0,0,0,0,0,0,0,0,0,0,0,2,0,0,0,0,0,0,0,0,0,0,0,0,0,0,0,0,0,0,0,0,0,0,NA,0,0,0,,MSB 3391-4,Gambusia affinis,JAR11364F,Diplostomulum sp.,2,KL,KL,Metacercariae,Eye,70% etoh,P6L5J,6,MSB 3391-4,TREM.DIPS.EYE,,,,,,,,,,,,,,,,,,,,,,,,,,,,,,,,,,,,,,,,,,,,,,,,,
MSB:Fish:330,MSB 330-2,Gambusia affinis,1949,11,5,JAR11347F,JG,07-10-2025,07-10-2025,34,28,374,BP,NA,NA,,0,NA,0,0,0,0,0,0,0,1,0,0,0,0,0,0,0,0,0,0,0,0,0,0,0,0,0,0,2,0,0,0,0,0,0,0,0,0,0,0,CYST.UNK.DORSALFIN destroyed,MSB 330-2,Gambusia affinis,JAR11347F,Monogenea,2,BP,BP,Adult,Gill,70% etoh,P6L3Q,6,MSB 330-2,MONO.SS.GILL,,,,,,,,,,,,,,,,,,,,,,,,,,,,,,,,,,,,,,,,,,,,,,,,,
MSB:Fish:1105,MSB 1105-5,Gambusia affinis,1939,1,30,JAR11360F,JG,07-10-2025,07-10-2025,36,28,396,KL,NA,NA,,0,NA,0,0,0,0,0,0,0,0,0,0,0,1,0,0,0,0,0,0,0,0,0,0,0,0,0,0,1,0,0,0,0,0,0,0,0,0,0,0,,MSB 1105-5,Gambusia affinis,JAR11360F,Diplostomulum sp.,1,KL,KL,Metacercariae,Eye,70% etoh,P6L5N,6,MSB 1105-5,TREM.DIPS.EYE,,Monogenea,1,KL,KL,NA,Gill,70% etoh,P6L4L,6,MSB 1105-5,MONO.SS.GILL,,,,,,,,,,,,,,,,,,,,,,,,,,,,,,,,,,,,,
MSB:Fish:330,MSB 330-3,Gambusia affinis,1949,11,5,JAR11356F,EO,07-10-2025,07-10-2025,29,23,241,GC,NA,Arthropod,,0,NA,0,0,0,0,0,0,0,0,0,0,0,0,0,0,0,0,0,0,0,0,0,0,0,0,0,6,0,0,0,0,0,0,0,0,0,0,0,0,,MSB 330-3,Gambusia affinis,JAR11356F,Salsuginus sp.,6,GC,GC,Adult,Gill,70% etoh,P6L41,6,MSB 330-3,MONO.SALSP.GILL,,,,,,,,,,,,,,,,,,,,,,,,,,,,,,,,,,,,,,,,,,,,,,,,,
MSB:Fish:3391,MSB 3391-1,Gambusia affinis,1965,5,18,JAR11370F,EO,07-10-2025,07-10-2025,41,35,794,KL,F,NA,,0,NA,0,0,0,0,0,0,0,0,0,0,0,5,0,0,0,0,0,0,0,0,0,0,0,0,0,1,0,0,0,0,0,0,0,0,0,0,0,0,,MSB 3391-1,Gambusia affinis,JAR11370F,Diplostomulum sp.,5,KL,KL,Metacercariae,Eye,70% etoh,P6L5L,6,MSB 3391-1,TREM.DIPS.EYE,,Salsuginus sp.,1,KL,KL,Adult,Gill,70% etoh,P6L5M,6,MSB 3391-1,MONO.SALSP.GILL,,,,,,,,,,,,,,,,,,,,,,,,,,,,,,,,,,,,,
MSB:Fish:4453,MSB 4453-4,Gambusia affinis,1978,9,5,JAR8942F,EO,07-10-2025,07-10-2025,26,22,143,JG,NA,NA,,0,NA,0,0,0,0,0,0,0,0,0,0,0,0,0,0,0,0,0,0,0,0,0,0,0,0,0,0,0,0,0,0,0,0,0,0,NA,0,0,0,,,,,,,,,,,,,,,,,,,,,,,,,,,,,,,,,,,,,,,,,,,,,,,,,,,,,,,,,,,,,,,,
MSB:Fish:3391,MSB 3391-3,Gambusia affinis,1965,5,18,JAR11363F,EO,07-10-2025,07-10-2025,31,26,296,EO,F,Arthropod,,0,NA,0,0,0,0,0,0,0,0,0,0,0,0,0,0,0,0,0,0,0,0,0,0,0,0,0,0,0,0,0,0,0,0,0,0,NA,0,0,0,,,,,,,,,,,,,,,,,,,,,,,,,,,,,,,,,,,,,,,,,,,,,,,,,,,,,,,,,,,,,,,,
MSB:Fish:330,MSB 330-4,Gambusia affinis,1949,11,5,JAR11353F,JG,07-10-2025,07-10-2025,32,26,276,BP,NA,NA,Caudal fin cysts present,0,NA,0,0,0,0,0,0,0,0,0,0,0,0,0,0,0,0,0,0,0,0,0,0,0,0,0,0,0,0,0,0,0,0,0,0,0,0,0,0,,,,,,,,,,,,,,,,,,,,,,,,,,,,,,,,,,,,,,,,,,,,,,,,,,,,,,,,,,,,,,,,
MSB:Fish:330,MSB 330-5,Gambusia affinis,1949,11,5,JAR11369F,JG,07-10-2025,07-10-2025,26,22,195,EO,F,Arthropod,Cysts on caudal fin,0,NA,0,0,0,0,0,0,0,0,0,0,0,0,0,0,0,0,0,0,0,0,0,0,0,0,0,0,0,0,0,0,0,0,0,0,NA,0,0,0,,,,,,,,,,,,,,,,,,,,,,,,,,,,,,,,,,,,,,,,,,,,,,,,,,,,,,,,,,,,,,,,
MSB:Fish:1105,MSB 1105-2,Gambusia affinis,1939,1,30,JAR11365F,JG,07-10-2025,07-10-2025,27,23,158,JG,NA,NA,,0,NA,0,0,0,0,0,0,0,0,0,0,0,0,0,0,0,0,0,0,0,0,0,0,0,0,0,0,0,0,0,0,0,0,0,0,NA,0,0,0,,,,,,,,,,,,,,,,,,,,,,,,,,,,,,,,,,,,,,,,,,,,,,,,,,,,,,,,,,,,,,,,
MSB:Fish:1105,MSB 1105-4,Gambusia affinis,1939,1,30,JAR11368F,EO,07-10-2025,07-10-2025,40,32,456,EO,NA,Arthropod,Cyst on caudal fin,0,NA,0,0,0,0,0,0,0,0,0,0,0,0,0,0,0,0,0,0,0,0,0,0,0,0,0,0,0,0,0,0,0,0,0,0,0,0,0,0,,,,,,,,,,,,,,,,,,,,,,,,,,,,,,,,,,,,,,,,,,,,,,,,,,,,,,,,,,,,,,,,
MSB:Fish:1090,MSB 1090-4,Gambusia affinis,1939,6,9,JAR11354F,BP,07-10-2025,07-10-2025,25,19,132,GC,M,Arthropod,,0,NA,0,0,0,0,0,0,0,0,0,0,0,0,0,0,0,0,0,0,0,0,0,0,0,0,0,7,0,0,0,0,0,0,0,0,NA,0,0,0,,MSB 1090-4,Gambusia affinis,JAR11354F,Salsuginus sp.,7,GC,GC,Adult,Gill,70% etoh,P6L4M,6,MSB 1090-4,MONO.SALSP.GILL,,,,,,,,,,,,,,,,,,,,,,,,,,,,,,,,,,,,,,,,,,,,,,,,,
MSB:Fish:1090,MSB 1090-2,Gambusia affinis,1939,6,9,JAR11351F,BP,07-10-2025,07-10-2025,37,30,670,JG,F,NA,,0,NA,0,0,0,0,0,0,0,0,0,0,0,0,0,0,0,0,0,0,0,0,0,0,0,0,0,4,0,0,0,0,0,0,0,0,NA,0,0,0,,MSB 1090-2,Gambusia affinis,JAR11351F,Salsuginus sp.,4,JG,JG,Adult,Gill,70% etoh,P6L4K,6,MSB 1090-2,MONO.SALSP.GILL,,,,,,,,,,,,,,,,,,,,,,,,,,,,,,,,,,,,,,,,,,,,,,,,,
MSB:Fish:1105,MSB 1105-3,Gambusia affinis,1939,1,30,JAR11361F,JG,07-10-2025,07-10-2025,40,36,728,KL,NA,NA,Caudal fin damaged,0,NA,0,0,0,0,0,NA,0,0,0,0,0,0,0,0,0,0,0,0,0,0,0,0,0,0,0,0,0,0,0,0,0,0,0,0,0,0,0,0,,,,,,,,,,,,,,,,,,,,,,,,,,,,,,,,,,,,,,,,,,,,,,,,,,,,,,,,,,,,,,,,
MSB:Fish:1090,MSB 1090-5,Gambusia affinis,1939,6,9,JAR11349F,BP,07-10-2025,07-10-2025,29,24,323,KL,F,NA,,0,NA,0,0,0,0,0,0,0,0,0,0,0,0,0,0,0,0,0,0,0,0,0,0,0,0,0,6,0,0,0,0,0,0,0,0,NA,0,0,0,,MSB 1090-5,Gambusia affinis,JAR11349F,Salsuginus sp.,6,KL,KL,Adult,Gill,70% etoh,P6L4J,6,MSB 1090-5,MONO.SALSP.GILL,,,,,,,,,,,,,,,,,,,,,,,,,,,,,,,,,,,,,,,,,,,,,,,,,
MSB:Fish:1090,MSB 1090-3,Gambusia affinis,1939,6,9,JAR11357F,BP,07-10-2025,07-10-2025,33,25,483,EO,F,NA,,0,NA,0,0,0,0,0,0,0,0,0,0,0,0,0,0,0,0,0,0,0,0,0,0,0,0,0,3,0,0,0,0,0,0,0,0,NA,0,0,0,,MSB 1090-3,Gambusia affinis,JAR11357F,Salsuginus sp.,3,EO,EO,Adult,Gill,70% etoh,P6L51,6,MSB 1090-3,MONO.SALSP.GILL,,,,,,,,,,,,,,,,,,,,,,,,,,,,,,,,,,,,,,,,,,,,,,,,,
MSB:Fish:5822,MSB 5822-1,Gambusia affinis,1987,9,10,JAR11343F,BP,07-10-2025,07-10-2025,34,26,358,GC,F,Arthropod,,0,NA,0,0,0,0,0,0,0,0,0,0,0,0,0,0,0,0,0,0,0,0,0,0,0,0,0,2,0,0,0,0,0,0,0,0,1,0,0,0,,MSB 5822-1,Gambusia affinis,JAR11343F,Salsuginus sp.,2,GC,GC,Adult,Gill,70% etoh,P6L4I,6,MSB 5822-1,MONO.SALSP.GILL,,Myxidium sp. ,1,GC,GC,NA,Gall bladder,70% etoh,P6L4H,6,MSB 5822-1,MYXO.MYXID.GB,,,,,,,,,,,,,,,,,,,,,,,,,,,,,,,,,,,,,
MSB:Fish:324,MSB 324-2,Gambusia affinis,1950,10,18,JAR11336F,BP,07-10-2025,07-10-2025,45,36,1097,KL,F,NA,,0,NA,0,0,0,0,0,0,0,0,0,0,0,0,0,0,0,0,0,0,0,0,0,0,0,0,0,0,12,0,0,0,0,0,0,0,NA,0,0,0,,MSB 324-2,Gambusia affinis,JAR11336F,Monogenea,12,KL,KL,Adult,Gill,70% etoh,P6L4G,6,MSB 324-2,MONO.SS.GILL,,,,,,,,,,,,,,,,,,,,,,,,,,,,,,,,,,,,,,,,,,,,,,,,,
MSB:Fish:12531,MSB 12531-1,Gambusia affinis,1992,11,13,JAR11267F,EO,07-11-2025,07-11-2025,46,38,1030,GC,NA,NA,1980s+ only 30 mm & up,0,NA,0,0,0,0,0,0,0,0,0,0,0,0,0,0,0,0,0,0,0,0,0,0,0,0,0,0,0,0,0,0,0,0,0,0,0,0,0,0,,,,,,,,,,,,,,,,,,,,,,,,,,,,,,,,,,,,,,,,,,,,,,,,,,,,,,,,,,,,,,,,
MSB:Fish:324,MSB 324-1,Gambusia affinis,1950,10,18,JAR11335F,JG,07-10-2025,07-11-2025,39,33,691,KL,F,NA,,0,NA,0,0,0,0,0,0,0,0,0,0,0,0,0,0,0,0,0,0,0,0,1,0,0,0,0,0,0,0,0,0,0,0,0,0,NA,0,0,0,,MSB 324-1,Gambusia affinis,JAR11335F,Nematoda,1,KL,KL,Larval,Intestine,70% etoh,P6L4F,6,MSB 324-1,NEM.LARV.INTESTINE,Pictured,,,,,,,,,,,,,,,,,,,,,,,,,,,,,,,,,,,,,,,,,,,,,,,,
MSB:Fish:288,MSB 288-1,Gambusia affinis,1949,12,3,JAR11272F,BP,07-11-2025,07-11-2025,41,32,695,GC,F,NA,,0,NA,0,0,0,0,0,0,0,0,0,0,0,0,0,0,0,0,0,0,0,0,0,0,0,0,0,1,0,0,0,0,0,0,0,0,NA,0,0,0,,MSB 288-1,Gambusia affinis,JAR11272F,Salsuginus sp.,1,GC,GC,Adult,Gill,70% etoh,P6KUD,6,MSB 288-1,MONO.SALSP.GILL,,,,,,,,,,,,,,,,,,,,,,,,,,,,,,,,,,,,,,,,,,,,,,,,,
MSB:Fish:288,MSB 288-5,Gambusia affinis,1949,12,3,JAR11268F,EO,07-11-2025,07-11-2025,35,28,413,EO,F,Arthropod,Patterned cysts on caudal fin,0,NA,0,0,0,0,0,0,0,0,0,0,0,0,0,0,0,0,0,0,0,0,0,0,0,0,0,1,0,0,0,0,0,0,0,0,0,0,0,0,,MSBS 288-5,Gambusia affinis,JAR11268F,Salsuginus sp.,1,EO,EO,Adult,Gill,70% etoh,P6L52,6,MSB 288-5,MONO.SALSP.GILL,,,,,,,,,,,,,,,,,,,,,,,,,,,,,,,,,,,,,,,,,,,,,,,,,
MSB:Fish:12531,MSB 12531-3,Gambusia affinis,1992,11,13,JAR11264F,EO,07-11-2025,07-11-2025,35,28,445,KL,F,NA,1980s+ only 30 mm & up,0,NA,0,0,0,0,0,0,0,0,0,0,0,0,0,0,0,0,0,0,0,0,0,0,0,0,0,0,5,0,0,0,0,0,0,3,0,0,0,0,"Only collected 1 MONO.SS, accidentally dumped the dish before saving the rest",MSB 12531-3,Gambusia affinis,JAR11264F,Unknown cyst,3,KL,KL,NA,Gill,70% etoh,P6KU7,6,MSB 12531-3,CYST.UNK.GILL,,Monogenea,1,KL,KL,NA,Gill,70% etoh,P6KU6,6,MSB 12531-3,MONO.SS.GILL,Accidentally dumped the dish before saving the rest,,,,,,,,,,,,,,,,,,,,,,,,,,,,,,,,,,,,
MSB:Fish:324,MSB 324-4,Gambusia affinis,1950,10,18,JAR11338F,BP,07-10-2025,07-11-2025,46,36,1172,GC,NA,NA,,0,NA,0,0,0,0,0,0,0,0,0,0,0,0,0,0,0,0,0,0,0,0,0,0,0,0,0,6,0,0,0,0,0,0,0,0,NA,0,0,0,,MSB 324-4,Gambusia affinis,JAR11338F,Salsuginus sp.,6,GC,GC,Adult,Gill,70% etoh,P6KU5,6,MSB 324-4,MONO.SALSP.GILL,,,,,,,,,,,,,,,,,,,,,,,,,,,,,,,,,,,,,,,,,,,,,,,,,
MSB:Fish:12531,MSB 12531-4,Gambusia affinis,1992,11,13,JAR11265F,EO,07-11-2025,07-11-2025,31,25,317,KL,NA,NA,1980s+ only 30mm & up,0,NA,0,0,0,0,0,0,0,0,0,0,0,0,0,0,0,0,0,0,0,0,0,0,0,0,0,0,2,0,0,0,0,0,0,1,0,0,0,0,,MSB 12531-4,Gambusia affinis,JAR11265F,Monogenea,2,KL,KL,NA,Gill,70% etoh,P6KU4,6,MSB 12531-4,MONO.SS.GILL,,Unknown cyst,1,KL,KL,NA,Gill,70% etoh,P6KU3,6,MSB 12531-4,CYST.UNK.GILL,,,,,,,,,,,,,,,,,,,,,,,,,,,,,,,,,,,,,
MSB:Fish:288,MSB 288-2,Gambusia affinis,1949,12,3,JAR11271F,BP,07-11-2025,07-11-2025,30,27,461,BP,NA,Arthropod,Caudal fin cysts present,0,NA,0,0,0,0,0,0,0,0,0,0,0,0,0,0,0,0,0,0,0,0,0,0,0,0,0,1,0,0,0,0,0,0,0,0,0,0,0,0,,MSB 288-2,Gambusia affinis,JAR11271F,Salsuginus sp.,1,BP,BP,Adult,Gill,70% etoh,P6L3P,6,MSB 288-2,MONO.SALSP.GILL,,,,,,,,,,,,,,,,,,,,,,,,,,,,,,,,,,,,,,,,,,,,,,,,,
MSB:Fish:5822,MSB 5822-3,Gambusia affinis,1987,9,10,JAR11358F,BP,07-10-2025,07-11-2025,41,32,826,JG,F,Arthropod,,0,NA,0,0,0,0,0,0,0,0,0,0,0,1,0,0,0,0,0,0,0,0,0,0,0,0,0,0,0,0,0,0,0,0,0,0,NA,0,0,0,,MSB 5822-3,Gambusia affinis,JAR11358F,Diplostomulum sp.,1,JG,JG,Metacercariae,Eye,70% etoh,P6KU8,6,MSB 5822-3,TREM.DIPS.EYE,,,,,,,,,,,,,,,,,,,,,,,,,,,,,,,,,,,,,,,,,,,,,,,,,
MSB:Fish:324,MSB 324-3,Gambusia affinis,1950,10,18,JAR11337F,BP,07-10-2025,07-11-2025,49,39,1841,GC,NA,NA,,0,NA,0,0,0,0,0,0,0,0,0,0,0,0,0,0,0,0,0,0,0,0,0,0,0,0,0,5,0,0,0,0,0,0,0,0,NA,0,0,0,,MSB 324-3,Gambusia affinis,JAR11337F,Salsuginus sp.,5,GC,GC,Adult,Gill,70% etoh,P6KUA,6,MSB 324-3,MONO.SALSP.GILL,,,,,,,,,,,,,,,,,,,,,,,,,,,,,,,,,,,,,,,,,,,,,,,,,
MSB:Fish:4086,MSB 4086-3,Gambusia affinis,1978,9,29,JAR11342F,BP,07-11-2025,07-11-2025,31,24,340,JG,NA,Arthropod,,0,NA,0,0,0,0,0,0,0,0,0,0,0,5,0,0,0,0,0,0,0,0,0,0,0,0,0,2,0,0,0,0,0,0,0,0,NA,0,0,0,,MSB 4086-3,Gambusia affinis,JAR11342F,Salsuginus sp.,2,JG,JG,Adult,Gill,70% etoh,P6L4E,6,MSB 4086-3,MONO.SALSP.GILL,,Diplostomulum sp.,5,JG,JG,Metacercariae,Eye,70% etoh,P6KUB,6,MSB 4086-3,TREM.DIPS.EYE,,,,,,,,,,,,,,,,,,,,,,,,,,,,,,,,,,,,,
MSB:Fish:324,MSB 324-5,Gambusia affinis,1950,10,18,JAR11339F,BP,07-10-2025,07-11-2025,39,31,754,KL,F,Arthropod,,0,NA,0,0,0,0,0,0,0,0,0,0,0,0,0,0,0,0,0,0,0,0,0,0,0,0,0,0,4,0,0,0,0,0,0,0,0,0,0,0,,MSB 324-5,Gambusia affinis,JAR11339F,Monogenea,4,KL,KL,NA,Gill,70% etoh,P6KUC,6,MSB 324-5,MONO.SS.GILL,,,,,,,,,,,,,,,,,,,,,,,,,,,,,,,,,,,,,,,,,,,,,,,,,
MSB:Fish:4086,MSB 4086-1,Gambusia affinis,1978,9,29,JAR11345F,BP,07-11-2025,07-11-2025,41,32,795,KL,F,NA,,0,NA,0,0,0,0,0,0,0,0,0,0,0,0,0,0,0,0,0,0,0,0,0,0,0,0,0,0,6,0,0,0,0,0,0,0,0,0,0,0,,MSB 4086-1,Gambusia affinis,JAR11345F,Monogenea,6,KL,KL,NA,Gill,70% etoh,P6KU9,6,MSB 4086-1,MONO.SS.GILL,,,,,,,,,,,,,,,,,,,,,,,,,,,,,,,,,,,,,,,,,,,,,,,,,
MSB:Fish:12531,MSB 12531-2,Gambusia affinis,1992,11,13,JAR11263F,EO,07-11-2025,07-11-2025,34,27,414,KL,NA,NA,1980s+ only 30 mm & up,0,NA,0,0,0,0,0,0,0,0,0,0,0,0,0,0,0,0,0,0,0,0,0,0,0,0,0,0,3,0,0,1,0,0,0,0,0,0,0,0,,MSB 12531-2,Gambusia affinis,JAR11263F,Monogenea,3,KL,KL,NA,Gill,70% etoh,P6KU1,6,MSB 12531-2,MONO.SS.GILL,,Myxozoa,1,KL,KL,NA,Gill,70% etoh,P6KU2,6,MSB 12531-2,MYXO.G.GILL,"Pictured, 1 cluster",,,,,,,,,,,,,,,,,,,,,,,,,,,,,,,,,,,,
MSB:Fish:4086,MSB 4086-5,Gambusia affinis,1978,9,29,JAR11340F,BP,07-11-2025,07-11-2025,29,23,261,GC,M,NA,,0,NA,0,0,0,0,0,0,0,0,0,0,0,0,0,0,0,0,0,0,0,0,0,0,0,0,0,0,0,0,0,0,0,0,0,0,0,0,0,0,,,,,,,,,,,,,,,,,,,,,,,,,,,,,,,,,,,,,,,,,,,,,,,,,,,,,,,,,,,,,,,,
MSB:Fish:4486,MSB 4486-1,Gambusia affinis,1978,9,29,JAR11274F,JG,07-11-2025,07-11-2025,29,24,252,KL,F,Arthropod,,0,NA,0,0,0,0,0,0,0,0,0,0,0,0,0,0,0,0,0,0,0,0,0,0,0,0,0,0,2,0,0,0,0,0,0,0,0,0,0,0,,MSB 4486-1,Gambusia affinis,JAR11274F,Monogenea,2,KL,KL,NA,Gill,70% etoh,P6KTZ,6,MSB 4486-1,MONO.SS.GILL,,,,,,,,,,,,,,,,,,,,,,,,,,,,,,,,,,,,,,,,,,,,,,,,,
MSB:Fish:288,MSB 288-3,Gambusia affinis,1949,12,3,JAR11270F,EO,07-11-2025,07-11-2025,49,40,1240,KL,F,NA,,0,NA,0,0,0,0,0,0,0,0,0,0,0,0,0,0,0,0,0,0,0,0,0,0,0,0,0,0,3,0,0,0,0,0,0,0,NA,0,0,0,,MSB 288-3,Gambusia affinis,JAR11270F,Monogenea,3,KL,KL,NA,Gill,70% etoh,P6KU0,6,MSB 288-3,MONO.SS.GILL,,,,,,,,,,,,,,,,,,,,,,,,,,,,,,,,,,,,,,,,,,,,,,,,,
MSB:Fish:5822,MSB 5822-5,Gambusia affinis,1987,9,10,JAR11352F,BP,07-10-2025,07-11-2025,29,21,200,JG,NA,NA,,0,NA,0,0,0,0,0,0,0,0,0,0,0,0,0,0,0,0,0,0,0,0,0,0,0,0,0,0,0,0,0,0,0,0,0,0,NA,0,0,0,,,,,,,,,,,,,,,,,,,,,,,,,,,,,,,,,,,,,,,,,,,,,,,,,,,,,,,,,,,,,,,,
MSB:Fish:4086,MSB 4086-2,Gambusia affinis,1978,9,29,JAR11344F,BP,07-11-2025,07-11-2025,40,30,701,EO,F,Arthropod,Cysts on caudal fin,0,NA,0,0,0,0,0,0,0,0,0,0,0,0,0,0,0,0,0,0,0,0,0,0,0,0,0,0,0,0,0,0,0,0,0,0,NA,0,0,0,,,,,,,,,,,,,,,,,,,,,,,,,,,,,,,,,,,,,,,,,,,,,,,,,,,,,,,,,,,,,,,,
MSB:Fish:5822,MSB 5822-4,Gambusia affinis,1987,9,10,JAR11355F,JG,07-10-2025,07-11-2025,25,20,153,JG,NA,NA,,0,NA,0,0,0,0,0,0,0,0,0,0,0,0,0,0,0,0,0,0,0,0,0,0,0,0,0,0,0,0,0,0,0,0,0,0,0,0,0,0,,,,,,,,,,,,,,,,,,,,,,,,,,,,,,,,,,,,,,,,,,,,,,,,,,,,,,,,,,,,,,,,
MSB:Fish:5822,MSB 5822-2,Gambusia affinis,1987,9,10,JAR11346F,BP,07-10-2025,07-11-2025,36,29,480,GC,F,NA,,0,NA,0,0,0,0,0,0,0,0,0,0,0,0,0,0,0,0,0,0,0,0,0,0,0,0,0,0,0,0,0,0,0,0,0,0,0,0,0,0,,,,,,,,,,,,,,,,,,,,,,,,,,,,,,,,,,,,,,,,,,,,,,,,,,,,,,,,,,,,,,,,
MSB:Fish:288,MSB 288-4,Gambusia affinis,1949,12,3,JAR11269F,BP,07-11-2025,07-11-2025,28,22,247,BP,NA,NA,Caudal fin cysts present,0,NA,0,0,0,0,0,0,0,0,0,0,0,0,0,0,0,0,0,0,0,0,0,0,0,0,0,0,0,0,0,0,0,0,0,0,0,0,0,0,,,,,,,,,,,,,,,,,,,,,,,,,,,,,,,,,,,,,,,,,,,,,,,,,,,,,,,,,,,,,,,,
MSB:Fish:4486,MSB 4486-3,Gambusia affinis,1978,9,29,JAR11325F,KL,07-11-2025,07-11-2025,28,23,227,EO,F,Arthropod,Patterned cysts on caudal fin,0,NA,0,0,0,0,0,0,0,0,0,0,0,0,0,0,0,0,0,0,0,0,0,0,0,0,0,0,2,0,0,0,0,0,0,0,NA,0,0,0,,MSB 4486-3,Gambusia affinis,JAR11325F,Monogenea,2,EO,EO,NA,Gill,70% etoh,P6L53,6,MSB 4486-3,MONO.SS.GILL,,,,,,,,,,,,,,,,,,,,,,,,,,,,,,,,,,,,,,,,,,,,,,,,,
MSB:Fish:4486,MSB 4486-4,Gambusia affinis,1978,9,29,JAR11323F,KL,07-11-2025,07-11-2025,27,22,226,KL,NA,NA,,0,NA,0,0,0,0,0,0,0,0,0,0,0,0,0,0,0,0,0,0,0,0,0,0,0,0,0,0,4,0,0,0,0,0,0,1,0,0,0,0,,MSB 4486-4,Gambusia affinis,JAR11323F,Monogenea,4,KL,KL,NA,Gill,70% etoh,P6KTW,6,MSB 4486-4,MONO.SS.GILL,,Unknown cyst,1,KL,KL,NA,Gill,70% etoh,P6KTV,6,MSB 4486-4,CYST.UNK.GILL,,,,,,,,,,,,,,,,,,,,,,,,,,,,,,,,,,,,,
MSB:Fish:4486,MSB 4486-2,Gambusia affinis,1978,9,29,JAR11324F,JG,07-11-2025,07-11-2025,25,20,171,KL,M,NA,,0,NA,0,0,0,0,0,0,0,0,0,0,0,0,0,0,0,0,0,0,0,0,0,0,0,0,0,0,2,0,0,0,0,0,0,0,1,0,0,0,,MSB 4486-2,Gambusia affinis,JAR11324F,Myxidium sp.,1,KL,KL,NA,Gall bladder,70% etoh,P6KTU,6,MSB 4486-2,MYXO.MYXID.GALLBLADDER,,Monogenea,1,KL,KL,NA,Gill,70% etoh,P6KTT,6,MSB 4486-2,MONO.SS.GILL,,,,,,,,,,,,,,,,,,,,,,,,,,,,,,,,,,,,,
MSB:Fish:12531,MSB 12531-5,Gambusia affinis,1992,11,13,JAR11266F,EO,07-11-2025,07-11-2025,48,40,1190,BP,F,Arthropod,1980s+ only 30mm & up,0,NA,0,0,0,0,0,0,0,0,0,0,0,8,0,0,0,0,0,0,0,0,0,0,0,0,0,0,4,0,0,0,0,0,0,0,0,0,0,0,,MSB 12531-5,Gambusia affinis,JAR11266F,Monogenea,4,BP,BP,NA,Gill,70% etoh,P6L3O,6,MSB 12531-5,MONO.SS.GILL,,Diplostomulum sp.,8,BP,BP,Metacercariae,Eye,70% etoh,P6L3N,6,MSB 12531-5,TREM.DIPS.EYE,,,,,,,,,,,,,,,,,,,,,,,,,,,,,,,,,,,,,
MSB:Fish:4486,MSB 4486-5,Gambusia affinis,1978,9,29,JAR11273F,KL,07-11-2025,07-11-2025,25,20,158,KL,NA,Arthropod,,0,NA,0,0,0,0,0,0,0,0,0,0,0,0,0,0,0,0,0,0,0,0,0,0,0,0,0,0,2,0,0,0,0,0,0,0,1,0,0,0,1 MONO.SS lost,MSB 4486-5,Gambusia affinis,JAR11273F,Myxidium sp.,1,KL,KL,NA,Galll bladder,70% etoh,P6KTY,6,MSB 4486-5,MYXO.MYXID.GALLBLADDER,,Monogenea,1,KL,KL,NA,Gill,70% etoh,P6KTX,6,MSB 4486-5,MONO.SS.GILL,One lost,,,,,,,,,,,,,,,,,,,,,,,,,,,,,,,,,,,,
MSB:Fish:4086,MSB 4086-4,Gambusia affinis,1978,9,29,JAR11341F,BP,07-11-2025,07-11-2025,26,19,139,GC,F,Arthropod,,0,NA,0,0,0,0,0,0,0,0,0,0,0,0,0,0,0,0,0,0,0,0,0,0,0,0,0,2,0,0,0,0,0,0,0,0,0,0,0,0,,MSB 4086-4,Gambusia affinis,JAR11341F,Salsuginus sp.,2,GC,GC,Adult,Gill,70% etoh,P6KTS,6,MSB 4086-4,MONO.SALSP.GILL,,,,,,,,,,,,,,,,,,,,,,,,,,,,,,,,,,,,,,,,,,,,,,,,,
MSB:Fish:4172,MSB 4172-2,Gambusia affinis,1977,5,10,JAR11329F,JG,07-14-2025,07-14-2025,33,29,347,GC,F,Arthropod,,0,NA,0,0,0,0,0,0,0,0,0,0,0,0,0,0,0,0,0,0,0,0,0,0,0,0,0,2,0,0,0,0,0,0,0,0,NA,0,0,0,,MSB 4172-2,Gambusia affinis,JAR11329F,Salsuginus sp.,2,GC,GC,Adult,Gill,70% etoh,P6KTO,6,MSB 4172-2,MONO.SALSP.GILL,,,,,,,,,,,,,,,,,,,,,,,,,,,,,,,,,,,,,,,,,,,,,,,,,
MSB:Fish:4172,MSB 4172-3,Gambusia affinis,1977,5,10,JAR11330F,BP,07-14-2025,07-14-2025,27,21,170,KL,F,NA,,0,NA,0,0,0,0,0,0,0,0,0,0,0,0,0,0,0,0,0,0,0,0,0,0,0,0,0,2,0,0,0,0,0,0,0,0,0,0,0,0,,MSB 4172-3,Gambusia affinis,JAR11330F,Salsuginus sp.,2,KL,KL,Adult,Gill,70% etoh,P6KTP,6,MSB 4172-3,MONO.SALSP.GILL,,,,,,,,,,,,,,,,,,,,,,,,,,,,,,,,,,,,,,,,,,,,,,,,,
MSB:Fish:4172,MSB 4172-1,Gambusia affinis,1977,5,10,JAR11328F,BP,07-14-2025,07-14-2025,29,24,252,KL,NA,NA,,0,NA,0,0,0,0,0,0,0,0,0,0,0,0,0,0,0,0,0,0,0,0,0,0,0,0,0,2,0,0,0,0,0,0,0,0,NA,0,0,0,,MSB 4172-1,Gambusia affinis,JAR11328F,Salsuginus sp.,2,KL,KL,Adult,Gill,70% etoh,P6KTN,6,MSB 4172-1,MONO.SALSP.GILL,,,,,,,,,,,,,,,,,,,,,,,,,,,,,,,,,,,,,,,,,,,,,,,,,
MSB:Fish:6405,MSB 6405-1,Gambusia affinis,1989,10,16,JAR1131F,BP,07-14-2025,07-14-2025,32,24,325,KL,F,NA,1980s+ only 30mm and up,0,NA,0,0,0,0,0,0,0,0,0,0,0,0,0,0,0,0,0,0,0,0,0,0,0,0,0,0,2,0,0,0,0,0,0,0,NA,0,0,0,,MSB 6405-1,Gambusia affinis,JAR11316F,Monogenea,2,KL,KL,NA,Gill,70% etoh,P6KTQ,7,MSB 6405-1,MONO.SS.GILL,,,,,,,,,,,,,,,,,,,,,,,,,,,,,,,,,,,,,,,,,,,,,,,,,
MSB:Fish:6405,MSB 6405-4,Gambusia affinis,1989,10,16,JAR11312F,BP,07-14-2025,07-14-2025,37,29,435,GC,F,NA,1980s+ only 30mm and up,0,NA,0,0,0,0,0,0,0,0,0,0,0,0,0,0,0,0,0,0,0,0,0,0,0,0,0,1,0,0,0,0,0,0,0,0,NA,0,0,0,,MSB 6405-4,Gambusia affinis,JAR11312F,Salsuginus sp.,1,GC,GC,Adult,Gill,70% etoh,P6KTR,7,MSB 6405-4,MONO.SALSP.GILL,,,,,,,,,,,,,,,,,,,,,,,,,,,,,,,,,,,,,,,,,,,,,,,,,
MSB:Fish:1078,MSB 1078-1,Gambusia affinis,1939,1,30,JAR11299F,BP,07-14-2025,07-14-2025,40,31,647,JG,F,Arthropod,"<35.1° must be > 35mm, not random",0,NA,0,0,0,0,0,0,0,0,0,0,0,0,0,0,0,0,0,0,0,0,0,0,0,0,0,1,0,0,0,0,0,0,0,1,0,0,0,0,,MSB 1078-1,Gambusia affinis,JAR11299F,Salsuginus sp.,1,JG,JG,Adult,Gill,70% etoh,P6KTM,7,MSB 1078-1,MONO.SALSP.GILL,,Unknown Cyst,1,JG,JG,NA,Gill,70% etoh,P6KTL,7,MSB 1078-1,CYST.UNK.GILL,,,,,,,,,,,,,,,,,,,,,,,,,,,,,,,,,,,,,
MSB:Fish:6405,MSB 6405-5,Gambusia affinis,1989,10,16,JAR11314F,JG,07-14-2025,07-14-2025,34,27,398,JG,NA,Arthropod,1980s+ only 30mm and up,0,NA,0,0,0,0,0,0,0,0,0,0,0,0,0,0,0,0,0,0,0,0,0,0,0,0,0,0,0,0,0,0,0,0,0,0,NA,0,0,0,,,,,,,,,,,,,,,,,,,,,,,,,,,,,,,,,,,,,,,,,,,,,,,,,,,,,,,,,,,,,,,,
MSB:Fish:4172,MSB 4172-4,Gambusia affinis,1977,5,10,JAR11327F,BP,07-14-2025,07-14-2025,27,21,150,GC,M,Arthropod,,0,NA,0,0,0,0,0,0,0,0,0,0,0,0,0,0,0,0,0,0,0,0,0,0,0,0,0,4,0,0,0,0,0,0,0,0,0,0,0,0,,MSB 4172-4,Gambusia affinis,JAR11327F,Salsuginus sp.,4,GC,GC,Adult,Gill,70% etoh,P6KTK,7,MSB 4172-4,MONO.SALSP.GILL,,,,,,,,,,,,,,,,,,,,,,,,,,,,,,,,,,,,,,,,,,,,,,,,,
MSB:Fish:6405,MSB 6405-2,Gambusia affinis,1989,10,16,JAR11315F,JG,07-14-2025,07-14-2025,37,31,537,EO,F,Arthropod,"1980s+ only 30mm and up, patterned cysts on caudal fin",0,NA,0,0,0,0,0,0,0,0,0,0,0,0,0,0,0,0,0,0,0,0,0,0,0,0,0,0,0,0,0,0,0,0,0,0,NA,0,0,0,,,,,,,,,,,,,,,,,,,,,,,,,,,,,,,,,,,,,,,,,,,,,,,,,,,,,,,,,,,,,,,,
MSB:Fish:9004,MSB 9004-5,Gambusia affinis,1998,10,28,JAR11300F,JG,07-14-2025,07-14-2025,34,28,428,BP,F,Arthropod,1980s+only 30mm and up,0,NA,0,0,0,0,0,0,0,0,0,0,0,2,0,0,0,0,0,0,0,0,0,0,0,0,0,1,0,0,0,0,0,0,0,0,0,0,0,0,,MSB 9004-5,Gambusia affinis,JAR11300F,Salsuginus sp.,1,BP,BP,Adult,Gill,70% etoh,P6L3M,7,MSB 9004-5,MONO.SALSP.GILL,,Diplostomulum sp.,2,BP,BP,Metacercariae,Eye,70% etoh,P6L3L,7,MSB 9004-5,TREM.DIPS.EYE,,,,,,,,,,,,,,,,,,,,,,,,,,,,,,,,,,,,,
MSB:Fish:1078,MSB 1078-5,Gambusia affinis,1939,1,30,JAR11308F,BP,07-14-2025,07-14-2025,39,29,627,KL,NA,NA,"<35.1° must be >35mm, not random",0,NA,0,0,0,0,0,0,0,0,0,0,0,0,0,0,0,0,0,0,0,0,0,0,0,0,0,0,0,0,1,0,0,0,0,0,NA,0,0,0,,MSB 1078-5,Gambusia affinis,JAR11308F,Monogenea,1,KL,KL,Adult,Gill,70% etoh,P6KUS,7,MSB 1078-5,MONO.UNK.GILL,Couldn't I.D. -have Marteen look?,,,,,,,,,,,,,,,,,,,,,,,,,,,,,,,,,,,,,,,,,,,,,,,,
MSB:Fish:4172,MSB 4172-5,Gambusia affinis,1977,5,10,JAR11326F,JG,07-14-2025,07-14-2025,27,21,137,JG,NA,NA,,0,NA,0,0,0,0,0,0,0,0,0,0,0,0,0,0,0,0,0,0,0,0,0,0,0,0,0,3,0,0,0,0,0,0,0,0,0,0,0,0,,MSB 4172-5,Gambusia affinis,JAR11326F,Salsuginus sp.,3,JG,JG,Adult,Gill,70% etoh,P6KUQ,7,MSB 4172-5,MONO.SALSP.GILL,,,,,,,,,,,,,,,,,,,,,,,,,,,,,,,,,,,,,,,,,,,,,,,,,
MSB:Fish:4056,MSB 4056-1,Gambusia affinis,1978,5,19,JAR11319F,EO,07-14-2025,07-14-2025,37,30,644,GC,F,Arthropod,,0,NA,0,0,0,0,0,0,0,0,0,0,0,0,0,0,0,0,0,0,0,0,0,0,0,0,0,3,0,0,0,0,0,0,0,0,NA,0,0,0,,MSB 4056-1,Gambusia affinis,JAR11319F,Salsuginus sp.,3,GC,GC,Adult,Gill,70% etoh,P6KUR,7,MSB 4056-1,MONO.SALSP.GILL,,,,,,,,,,,,,,,,,,,,,,,,,,,,,,,,,,,,,,,,,,,,,,,,,
MSB:Fish:1078,MSB 1078-2,Gambusia affinis,1939,1,30,JAR11302F,JG,07-14-2025,07-14-2025,41,32,699,KL,NA,NA,"<35.1° must be >35mm, not random",0,NA,0,0,0,0,0,0,0,0,0,0,0,0,0,0,0,0,0,0,0,0,0,0,0,0,0,0,0,0,0,0,0,0,0,0,0,0,0,0,,,,,,,,,,,,,,,,,,,,,,,,,,,,,,,,,,,,,,,,,,,,,,,,,,,,,,,,,,,,,,,,
MSB:Fish:1079,MSB 1079-2,Gambusia affinis,1941,9,14,JAR11331F,JG,07-14-2025,07-14-2025,35,29,447,KL,NA,NA,,0,NA,0,0,0,0,0,0,0,0,0,0,0,0,0,0,0,0,0,0,0,0,0,0,0,0,0,0,0,0,0,0,0,0,0,0,NA,0,0,0,,,,,,,,,,,,,,,,,,,,,,,,,,,,,,,,,,,,,,,,,,,,,,,,,,,,,,,,,,,,,,,,
MSB:Fish:1078,MSB 1078-4,Gambusia affinis,1939,1,30,JAR11320F,JG,07-14-2025,07-14-2025,43,37,1027,GC,F,Arthropod,"<35.1° must be >35mm, not random",0,NA,0,0,0,0,0,0,0,0,0,0,0,0,0,0,0,0,0,0,0,0,0,0,0,0,0,0,0,0,0,0,0,0,0,0,0,0,0,0,,,,,,,,,,,,,,,,,,,,,,,,,,,,,,,,,,,,,,,,,,,,,,,,,,,,,,,,,,,,,,,,
MSB:Fish:9004,MSB 9004-1,Gambusia affinis,1990,10,28,JAR11303F,BP,07-14-2025,07-14-2025,33,27,388,BP,NA,Arthropod,"1980s+only 30mm and up, Caudal fin cysts present",0,NA,0,0,0,0,0,0,0,0,0,0,0,0,0,0,0,0,0,0,0,0,0,0,0,0,0,0,0,0,0,0,0,0,0,0,0,0,0,0,,,,,,,,,,,,,,,,,,,,,,,,,,,,,,,,,,,,,,,,,,,,,,,,,,,,,,,,,,,,,,,,
MSB:Fish:9004,MSB 9004-4,Gambusia affinis,1990,10,28,JAR11301F,JG,07-14-2025,07-14-2025,34,28,405,GC,NA,NA,1980s+only 30mm and up,0,NA,0,0,0,0,0,0,0,0,0,0,0,0,0,0,0,0,0,0,0,0,0,0,0,0,0,0,0,0,0,0,0,0,0,0,0,0,0,0,,,,,,,,,,,,,,,,,,,,,,,,,,,,,,,,,,,,,,,,,,,,,,,,,,,,,,,,,,,,,,,,
MSB:Fish:1079,MSB 1079-5,Gambusia affinis,1941,9,14,JAR11311F,JG,07-14-2025,07-14-2025,37,29,441,KL,NA,NA,,0,NA,0,0,0,0,0,0,0,0,0,0,0,0,0,0,0,0,0,0,0,0,0,0,0,0,0,0,0,0,0,0,0,0,0,0,0,0,0,0,,,,,,,,,,,,,,,,,,,,,,,,,,,,,,,,,,,,,,,,,,,,,,,,,,,,,,,,,,,,,,,,
MSB:Fish:9004,MSB 9004-2,Gambusia affinis,1990,10,28,JAR11306F,JG,07-14-2025,07-14-2025,32,25,351,KL,NA,Arthropod,1980s+only 30mm and up,0,NA,0,0,0,0,0,0,0,0,0,0,0,0,0,0,0,0,0,0,0,0,0,0,0,0,0,0,0,0,0,0,0,0,0,0,NA,0,0,0,,,,,,,,,,,,,,,,,,,,,,,,,,,,,,,,,,,,,,,,,,,,,,,,,,,,,,,,,,,,,,,,
MSB:Fish:1079,MSB 1079-4,Gambusia affinis,1941,9,14,JAR11333F,BP,07-14-2025,07-14-2025,44,33,754,GC,F,Arthropod,,0,NA,0,0,0,0,0,0,0,0,0,0,0,0,0,0,0,0,0,0,0,0,0,0,0,0,0,0,0,0,0,0,0,0,0,0,NA,0,0,0,,,,,,,,,,,,,,,,,,,,,,,,,,,,,,,,,,,,,,,,,,,,,,,,,,,,,,,,,,,,,,,,
MSB:Fish:1079,MSB 1079-3,Gambusia affinis,1941,9,14,JAR11332F,BP,07-14-2025,07-14-2025,33,25,457,GC,F,Arthropod,,0,NA,0,0,0,0,0,0,0,0,0,0,0,0,0,0,0,0,0,0,0,0,0,0,0,0,0,0,0,0,0,0,0,0,0,0,0,0,0,0,,,,,,,,,,,,,,,,,,,,,,,,,,,,,,,,,,,,,,,,,,,,,,,,,,,,,,,,,,,,,,,,
MSB:Fish:1079,MSB 1079-1,Gambusia affinis,1941,9,14,JAR11334F,BP,07-14-2025,07-14-2025,29,24,231,GC,NA,Arthropod,,0,NA,0,0,0,0,0,0,0,0,0,0,0,0,0,0,0,0,0,0,0,0,0,0,0,0,0,0,0,0,0,0,0,0,0,0,0,0,0,0,,,,,,,,,,,,,,,,,,,,,,,,,,,,,,,,,,,,,,,,,,,,,,,,,,,,,,,,,,,,,,,,
MSB:Fish:6405,MSB 6405-3,Gambusia affinis,1989,10,16,JAR11313F,JG,07-14-2025,07-14-2025,33,26,403,GC,F,NA,1980s+only 30mm and up,0,NA,0,0,0,0,0,0,0,0,0,0,0,0,0,0,0,0,0,0,0,0,0,0,0,0,0,0,0,0,0,0,0,0,0,0,NA,0,0,0,,,,,,,,,,,,,,,,,,,,,,,,,,,,,,,,,,,,,,,,,,,,,,,,,,,,,,,,,,,,,,,,
MSB:Fish:4056,MSB 4056-5,Gambusia affinis,1978,5,19,JAR11321F,EO,07-14-2025,07-14-2025,34,28,581,GC,F,Arthropod,,0,NA,0,0,0,0,0,0,0,0,0,0,0,0,0,0,0,0,0,0,0,0,0,0,0,0,0,2,0,0,0,0,0,0,0,0,0,0,0,0,,MSB 4056-5,Gambusia affinis,JAR11321F,Salsuginus sp.,2,GC,GC,Adult,Gill,70% etoh,P6KUP,7,MSB 4056-5,MONO.SALSP.GILL,,,,,,,,,,,,,,,,,,,,,,,,,,,,,,,,,,,,,,,,,,,,,,,,,
MSB:Fish:4056,MSB 4056-4,Gambusia affinis,1978,5,19,JAR11317F,EO,07-14-2025,07-14-2025,34,28,483,JG,F,Arthropod,,0,NA,0,0,0,0,0,0,0,0,0,0,0,0,0,0,0,0,0,0,0,0,0,0,0,0,0,0,0,0,0,0,0,0,0,1,NA,0,0,0,,MSB 4056-4,Gambusia affinis,JAR11317F,Unknown cyst,1,JG,JG,NA,Gill,70% etoh,P6KUN,7,MSB 4056-4,CYST.UNK.GILL,,,,,,,,,,,,,,,,,,,,,,,,,,,,,,,,,,,,,,,,,,,,,,,,,
MSB:Fish:515,MSB 515-1,Gambusia affinis,1949,11,19,JAR11307F,EO,07-14-2025,07-14-2025,43,36,964,KL,NA,"Arthropod, Bivalve",,0,NA,0,0,0,0,0,0,0,0,0,0,0,0,0,0,0,0,0,0,0,0,0,0,0,0,0,0,4,0,0,0,0,0,0,0,0,0,0,0,,MSB 515-1,Gambusia affinis,JAR11307F,Monogenea,4,KL,KL,NA,Gill,70% etoh,P6KUM,7,MSB 515-1,MONO.SS.GILL,,,,,,,,,,,,,,,,,,,,,,,,,,,,,,,,,,,,,,,,,,,,,,,,,
MSB:Fish:4056,MSB 4056-2,Gambusia affinis,1978,5,19,JAR11322F,EO,07-14-2025,07-14-2025,36,28,566,KL,F,NA,,0,NA,0,0,0,0,0,0,0,0,0,0,0,0,0,0,0,0,0,0,0,0,0,0,0,0,0,3,0,0,0,0,0,0,0,0,NA,0,0,0,,MSB 4056-2,Gambusia affinis,JAR11322F,Salsuginus sp.,3,KL,KL,Adult,Gill,70% etoh,P6KUO,7,MSB 4056-2,MONO.SALSP.GILL,,,,,,,,,,,,,,,,,,,,,,,,,,,,,,,,,,,,,,,,,,,,,,,,,
MSB:Fish:515,MSB 515-5,Gambusia affinis,1949,11,19,JAR11304F,EO,07-14-2025,07-14-2025,43,35,1190,JG,F,NA,,0,NA,0,0,0,0,0,0,0,0,0,0,0,0,0,0,0,0,0,0,0,0,0,0,0,0,0,0,2,0,0,0,0,0,0,0,NA,0,0,0,,MSB 515-5,Gambusia affinis,JAR11304F,Monogenea,2,JG,JG,NA,Gill,70% etoh,P6KUJ,7,MSB 515-5,MONO.SS.GILL,,,,,,,,,,,,,,,,,,,,,,,,,,,,,,,,,,,,,,,,,,,,,,,,,
MSB:Fish:515,MSB 515-3,Gambusia affinis,1949,11,19,JAR11290F,EO,07-14-2025,07-14-2025,39,32,785,GC,F,Arthropod,,0,NA,0,0,0,0,0,0,0,0,0,0,0,0,0,0,0,0,0,0,0,0,0,0,0,0,0,1,0,0,0,0,0,0,0,0,NA,0,0,0,,MSB 515-3,Gambusia affinis,JAR11290F,Salsuginus sp.,1,GC,GC,Adult,Gill,70% etoh,P6KUL,7,MSB 515-3,MONO.SALSP.GILL,,,,,,,,,,,,,,,,,,,,,,,,,,,,,,,,,,,,,,,,,,,,,,,,,
MSB:Fish:515,MSB 515-4,Gambusia affinis,1949,11,19,JAR11287F,EO,07-14-2025,07-14-2025,37,32,1145,KL,F,NA,,0,NA,0,0,0,0,0,0,0,0,0,0,0,0,0,0,0,0,0,0,0,0,0,0,0,0,0,0,1,0,0,0,0,0,0,0,0,0,0,0,,MSB 515-4,Gambusia affinis,JAR11287F,Monogenea,1,KL,KL,NA,Gill,70% etoh,P6KUK,7,MSB 515-4,MONO.SS.GILL,,,,,,,,,,,,,,,,,,,,,,,,,,,,,,,,,,,,,,,,,,,,,,,,,
MSB:Fish:3421,MSB 3421-1,Gambusia affinis,1972,6,19,JAR11296F,EO,07-14-2025,07-14-2025,36,29,612,KL,F,NA,,0,NA,0,0,0,0,0,0,0,0,0,0,0,0,0,0,0,0,0,0,0,0,0,0,0,0,0,2,0,0,0,0,0,0,0,0,NA,0,0,0,,MSB 3421-1,Gambusia affinis,JAR11296F,Salsuginus sp.,2,KL,KL,Adult,Gill,70% etoh,P6KUI,7,MSB 3421-1,MONO.SALSP.GILL,,,,,,,,,,,,,,,,,,,,,,,,,,,,,,,,,,,,,,,,,,,,,,,,,
MSB:Fish:515,MSB 515-2,Gambusia affinis,1949,11,19,JAR11310F,EO,07-14-2025,07-14-2025,37,30,662,GC,F,Arthropod,,0,NA,0,0,0,0,0,0,0,0,0,0,0,0,0,0,0,0,0,0,0,0,0,0,0,0,0,NA,NA,NA,NA,NA,0,0,0,NA,0,0,0,0,,,,,,,,,,,,,,,,,,,,,,,,,,,,,,,,,,,,,,,,,,,,,,,,,,,,,,,,,,,,,,,,
MSB:Fish:1078,MSB 1078-3,Gambusia affinis,1939,1,30,JAR11305F,BP,07-14-2025,07-14-2025,43,35,798,KL,NA,NA,"<35.1° must be >35mm, not random",0,NA,0,0,0,0,0,0,0,0,0,0,0,0,0,0,0,0,0,0,0,0,0,0,0,0,0,0,0,0,0,0,0,0,0,0,0,0,0,0,,,,,,,,,,,,,,,,,,,,,,,,,,,,,,,,,,,,,,,,,,,,,,,,,,,,,,,,,,,,,,,,
MSB:Fish:3421,MSB 3421-2,Gambusia affinis,1972,6,19,JAR11288F,EO,07-14-2025,07-14-2025,46,37,1270,KL,F,Arthropod,,0,NA,0,0,0,0,0,0,0,0,0,0,0,0,0,0,0,0,0,0,0,0,0,0,0,0,0,0,0,0,0,0,0,0,0,0,NA,0,0,0,,,,,,,,,,,,,,,,,,,,,,,,,,,,,,,,,,,,,,,,,,,,,,,,,,,,,,,,,,,,,,,,
MSB:Fish:3421,MSB 3421-5,Gambusia affinis,1972,6,19,JAR11293F,EO,07-14-2025,07-14-2025,44,36,1076,KL,F,NA,,0,NA,0,0,0,0,0,0,0,0,0,0,0,0,0,0,0,0,0,0,0,0,0,0,0,0,0,17,0,0,0,0,0,0,0,0,NA,0,0,0,,MSB 3421-5,Gambusia affinis,JAR11293F,Salsuginus sp.,17,KL,KL,Adult,Gill,70% etoh,P6KUG,7,MSB 3421-5,MONO.SALSP.GILL,,,,,,,,,,,,,,,,,,,,,,,,,,,,,,,,,,,,,,,,,,,,,,,,,
MSB:Fish:9004,MSB 9004-3,Gambusia affinis,1990,10,28,JAR11309F,JG,07-14-2025,07-14-2025,40,32,595,KL,F,Arthropod,1980s+only 30mm and up,0,NA,0,0,0,0,0,0,0,0,0,0,0,0,0,0,0,0,0,0,0,0,0,0,0,0,0,0,0,0,0,0,0,0,0,0,0,0,0,0,,,,,,,,,,,,,,,,,,,,,,,,,,,,,,,,,,,,,,,,,,,,,,,,,,,,,,,,,,,,,,,,
MSB:Fish:3421,MSB 3421-4,Gambusia affinis,1972,6,19,JAR11294F,EO,07-14-2025,07-14-2025,40,33,736,KL,F,Arthropod,,0,NA,0,0,0,0,0,0,0,0,0,0,0,0,0,0,0,0,0,0,0,0,0,0,0,0,0,1,0,0,0,0,0,0,0,0,0,0,0,0,,MSB 3421-4,Gambusia affinis,JAR11294F,Salsuginus sp.,1,KL,KL,Adult,Gill,70% etoh,P6KUE,7,MSB 3421-4,MONO.SALSP.GILL,,,,,,,,,,,,,,,,,,,,,,,,,,,,,,,,,,,,,,,,,,,,,,,,,
MSB:Fish:3421,MSB 3421-3,Gambusia affinis,1972,6,19,JAR11291F,EO,07-14-2025,07-14-2025,42,35,996,KL,F,NA,,0,NA,0,0,0,0,0,0,0,0,0,0,0,0,0,0,0,0,0,0,0,0,0,0,0,0,0,2,0,0,0,0,0,0,0,0,NA,0,0,0,,MSB 3421-3,Gambusia affinis,JAR11291F,Salsuginus sp.,2,KL,KL,Adult,Gill,70% etoh,P6KUF,7,MSB 3421-3,MONO.SALSP.GILL,,,,,,,,,,,,,,,,,,,,,,,,,,,,,,,,,,,,,,,,,,,,,,,,,
MSB:Fish:4056,MSB 4056-3,Gambusia affinis,1978,5,19,JAR11318F,EO,07-14-2025,07-14-2025,37,28,549,JG,F,NA,,0,NA,0,0,0,0,0,0,0,0,0,0,0,3,0,0,0,0,0,0,0,0,0,0,0,0,0,4,0,0,0,0,0,0,0,0,NA,0,0,0,,MSB 4056-3,Gambusia affinis,JAR11318F,Diplostomulum sp. ,3,JG,JG,Metacercariae,Eye,70% etoh,P6KUH,7,MSB 4056-3,TREM.DIPS.EYE,,Salsuginus sp.,4,JG,JG,Adult,Gill,70% etoh,P6KVM,7,MSB 4056-3,MONO.SALSP.GILL,,,,,,,,,,,,,,,,,,,,,,,,,,,,,,,,,,,,,
MSB:Fish:4418,MSB 4418-1,Gambusia affinis,1978,8,3,JAR11292F,BP,07-14-2025,07-14-2025,43,34,1443,GC,F,Arthropod,"<35.1° must be >35mm, not random",0,NA,0,0,0,0,0,0,0,0,0,0,0,0,0,0,0,0,0,0,0,0,0,0,0,0,0,2,0,0,0,0,0,0,0,0,NA,0,0,0,,MSB 4418-1,Gambusia affinis,JAR11292F,Salsuginus sp.,2,GC,GC,Adult,Gill,70% etoh,P6KWG,7,MSB 4418-1,MONO.SALSP.GILL,Fish presenting with scoliosis,,,,,,,,,,,,,,,,,,,,,,,,,,,,,,,,,,,,,,,,,,,,,,,,
MSB:Fish:4418,MSB 4418-2,Gambusia affinis,1978,8,3,JAR11289F,BP,07-14-2025,07-14-2025,38,30,662,KL,F,"Arthropod, vegetation",,0,NA,0,0,0,0,0,0,0,0,0,0,0,0,0,0,0,0,0,0,0,0,0,0,0,0,0,0,0,0,0,0,0,0,0,0,0,0,0,0,,,,,,,,,,,,,,,,,,,,,,,,,,,,,,,,,,,,,,,,,,,,,,,,,,,,,,,,,,,,,,,,
MSB:Fish:365,MSB 365-1,Gambusia affinis,1947,9,27,JAR11529F,JG,07-15-2025,07-15-2025,39,33,608,JG,NA,Arthropod,,0,NA,0,0,0,0,0,0,0,0,0,0,0,2,0,0,0,0,0,0,0,0,0,0,0,0,0,0,0,0,0,0,0,0,0,0,NA,0,0,1,,MSB 365-1,Gambusia affinis,JAR11529F,Diplostomulum sp.,1,JG,JG,Metacercariae,Flush,70% etoh,P6KVH,7,MSB 365-1,TREM.DIPS.FLUSH,,Diplostomulum sp.,2,JG,JG,Metacercariae,Eye,70% etoh,P6KVI,7,MSB 365-1,TREM.DIPS.EYE,,,,,,,,,,,,,,,,,,,,,,,,,,,,,,,,,,,,,
MSB:Fish:7208,MSB 7208-5,Gambusia affinis,1989,11,4,JAR11509F,BP,07-14-2025,07-15-2025,34,25,381,GC,F,Arthropod,"1980s+ only 30mm & up, not random",0,NA,0,0,0,0,0,0,0,0,0,0,0,0,0,0,0,0,0,0,0,0,0,0,0,3,0,0,0,0,0,0,0,0,0,0,0,0,0,0,,MSB 7208-5,Gambusia affinis,JAR11509F,Bothriocephalus sp.,3,GC,GC,Larval,Intestine,70% etoh,P6KWF,7,MSB 7209-5,CEST.BOTSP.INTESTINE,,,,,,,,,,,,,,,,,,,,,,,,,,,,,,,,,,,,,,,,,,,,,,,,,
MSB:Fish:4418,MSB 4418-4,Gambusia affinis,1978,8,3,JAR11298F,EO,07-14-2025,07-15-2025,37,30,678,KL,F,Arthropod,<35.1° must be >35mm,0,NA,0,0,0,0,0,0,0,0,0,0,0,0,0,0,0,0,0,0,0,0,0,0,0,0,0,0,0,0,,0,0,0,0,7,0,0,0,0,,MSB 4418-4,Gambusia affinis,JAR11298F,Uknown cyst,6,KL,KL,NA,Gill,70% etoh,P6KVL,7,MSB 4418-4,CYST.UNK.GILL,one lost,,,,,,,,,,,,,,,,,,,,,,,,,,,,,,,,,,,,,,,,,,,,,,,,
MSB:Fish:4389,MSB 4389-5,Gambusia affinis,1978,9,5,JAR11513F,JG,07-15-2025,07-15-2025,38,32,654,GC,NA,Arthropod,<35.1° must be >35mm,0,NA,0,0,0,0,0,0,0,0,0,0,0,1,0,0,0,0,0,0,0,0,0,0,0,0,0,0,0,0,0,0,0,0,0,0,0,0,0,1,,MSB 4389-5,Gambusia affinis,JAR11513F,Diplostomulum sp.,1,GC,GC,Metacercariae,Flush,70% etoh,P6KWE,7,MSB 4389-5,TREM.DIPS.FLUSH,,Diplostomulum sp.,1,GC,GC,Metacercariae,Eye,70% etoh,P6KWD,7,MSB 4389-5,TREM.DIPS.EYE,,,,,,,,,,,,,,,,,,,,,,,,,,,,,,,,,,,,,
MSB:Fish:365,MSB 365-3,Gambusia affinis,1947,9,27,JAR11526F,JG,07-15-2025,07-15-2025,37,29,507,KL,F,NA,,0,NA,0,0,0,0,0,0,0,0,0,0,0,0,0,0,0,0,0,0,0,0,0,0,0,0,0,4,0,0,0,0,0,0,0,3,NA,0,0,0,,MSB:365-3,Gambusia affinis,JAR11526F,Unknown cyst,2,KL,KL,NA,Gill,70% etoh,P6KVF,7,MSB 365-3,CYST.UNK.GILL,one lost,Salsuginus sp.,4,KL,KL,Adult,Gill,70% etoh,P6KVG,7,MSB 365-3,MONO.SALSP.GILL,,,,,,,,,,,,,,,,,,,,,,,,,,,,,,,,,,,,,
MSB:Fish:315,MSB 315-5,Gambusia affinis,1949,6,28,JAR11544F,JG,07-15-2025,07-15-2025,35,28,417,EO,F,NA,Cysts on caudal fin,0,NA,0,0,0,0,0,0,0,0,0,0,0,1,0,0,0,0,0,0,0,0,0,0,0,0,0,1,0,0,0,0,0,0,0,1,0,0,0,0,,MSB 315-5,Gambusia affinis,JAR11544F,Salsuginus sp.,1,EO,EO,Adult,Gill,70% etoh,P6L54,7,MSB 315-5,MONO.SALSP.GILL,,Unknown cyst,1,EO,EO,NA,Gill,70% etoh,P6L55,7,MSB 315-5,CYST.UNK.GILL,,Diplostomulum sp.,1,EO,EO,Metacercariae,Eye,70% etoh,P6L56,7,MSB 315-5,TREM.DIPS.EYE,,,,,,,,,,,,,,,,,,,,,,,,,
MSB:Fish:315,MSB 315-4,Gambusia affinis,1949,6,28,JAR11527F,BP,07-15-2025,07-15-2025,31,24,301,KL,F,NA,,0,NA,0,0,0,0,0,0,0,0,0,0,0,5,0,0,0,0,0,0,0,0,0,0,0,0,0,2,0,0,0,0,0,0,0,0,NA,0,0,0,,MSB 315-4,Gambusia affinis,JAR11527F,Diplostomulum sp.,5,KL,KL,Metacercariae,Eye,70% etoh,P6KVK,7,MSB 315-4,TREM.DIPS.EYE,,Salsuginus sp.,2,KL,KL,Adult,Gill,70% etoh,P6KVJ,7,MSB 315-4,MONO.SALSP.GILL,,,,,,,,,,,,,,,,,,,,,,,,,,,,,,,,,,,,,
MSB:Fish:4462,MSB 4462-5,Gambusia affinis,1978,6,14,JAR11535F,BP,07-15-2025,07-15-2025,26,20,170,GC,M,Arthropod,,0,NA,0,0,0,0,0,0,0,0,0,0,0,0,0,0,0,0,0,0,0,0,0,0,0,0,0,0,0,0,0,0,0,0,0,0,NA,0,0,0,,,,,,,,,,,,,,,,,,,,,,,,,,,,,,,,,,,,,,,,,,,,,,,,,,,,,,,,,,,,,,,,
MSB:Fish:4389,MSB 4389-3,Gambusia affinis,1978,9,5,JAR11511F,JG,07-15-2025,07-15-2025,34,29,461,GC,M,Arthropod,<35.1° must be >35mm,0,NA,0,0,0,0,0,0,0,0,0,0,0,0,0,0,0,0,0,0,0,0,0,0,0,0,0,0,0,0,0,0,0,0,0,0,NA,0,0,0,,,,,,,,,,,,,,,,,,,,,,,,,,,,,,,,,,,,,,,,,,,,,,,,,,,,,,,,,,,,,,,,
MSB:Fish:4418,MSB 4418-5,Gambusia affinis,1978,8,3,JAR11297F,EO,07-14-2025,07-15-2025,40,33,985,KL,F,Arthropod,"<35.1° must be >35mm, not random",0,NA,0,0,0,0,0,0,0,0,0,0,0,0,0,0,0,0,0,0,0,0,0,0,0,0,0,0,0,0,0,0,0,0,0,0,NA,0,0,0,,,,,,,,,,,,,,,,,,,,,,,,,,,,,,,,,,,,,,,,,,,,,,,,,,,,,,,,,,,,,,,,
MSB:Fish:7208,MSB 7208-3,Gambusia affinis,1989,11,4,JAR11518F,BP,07-14-2025,07-15-2025,32,25,345,GC,NA,Arthropod,1980s+only 30mm and up,0,NA,0,0,0,0,0,0,0,0,0,0,0,0,0,0,0,0,0,0,0,0,0,0,0,0,0,0,0,0,0,0,0,0,0,0,0,0,0,0,,,,,,,,,,,,,,,,,,,,,,,,,,,,,,,,,,,,,,,,,,,,,,,,,,,,,,,,,,,,,,,,
MSB:Fish:4418,MSB 4418-3,Gambusia affinis,1978,8,3,JAR11295F,BP,07-14-2025,07-15-2025,40,31,805,KL,F,NA,"<35.1° must be >35mm, not random",0,NA,0,0,0,0,0,0,0,0,0,0,0,0,0,0,0,0,0,0,0,0,0,0,0,0,0,0,0,0,0,0,0,1,0,0,0,0,0,0,lost after taking photos,,,,,,,,,,,,,,,,,,,,,,,,,,,,,,,,,,,,,,,,,,,,,,,,,,,,,,,,,,,,,,,
MSB:Fish:7208,MSB 7208-1,Gambusia affinis,1989,11,4,JAR11510F,BP,07-14-2025,07-15-2025,36,26,645,KL,F,NA,"1980s+ only 30mm & up, not random",0,NA,0,0,0,0,0,0,0,0,0,0,0,0,0,0,0,0,0,0,0,0,0,0,0,0,0,0,0,0,0,0,0,0,0,0,0,0,0,0,,,,,,,,,,,,,,,,,,,,,,,,,,,,,,,,,,,,,,,,,,,,,,,,,,,,,,,,,,,,,,,,
MSB:Fish:4389,MSB 4389-2,Gambusia affinis,1978,9,5,JAR11519F,JG,07-15-2025,07-15-2025,34,28,507,GC,F,Arthropod,"<35.1° must be >35mm, not random",0,NA,0,0,0,0,0,0,0,0,0,0,0,0,0,0,0,0,0,0,0,0,0,0,0,0,0,0,0,0,0,0,0,0,0,0,0,0,0,0,,,,,,,,,,,,,,,,,,,,,,,,,,,,,,,,,,,,,,,,,,,,,,,,,,,,,,,,,,,,,,,,
MSB:Fish:315,MSB 315-1,Gambusia affinis,1949,6,28,JAR11522F,JG,07-15-2025,07-15-2025,38,31,711,BP,NA,Arthropod,Caudal fin cysts present,0,NA,0,0,0,0,0,0,0,0,0,0,0,0,0,0,0,0,0,0,0,0,0,0,0,0,0,0,0,0,0,0,0,0,0,2,NA,0,0,0,,MSB 315-1,Gambusia affinis,JAR11522F,Unknown cyst,2,BP,BP,NA,Gill,70% etoh,P6L3K,7,MSB 315-1,CYST.UNK.GILL,,,,,,,,,,,,,,,,,,,,,,,,,,,,,,,,,,,,,,,,,,,,,,,,,
MSB:Fish:315,MSB 315-2,Gambusia affinis,1949,6,28,JAR11524F,BP,07-15-2025,07-15-2025,38,30,666,KL,F,Arthropod,,0,NA,0,0,0,0,0,0,0,0,0,0,0,2,0,0,0,0,0,0,0,0,0,0,0,0,0,9,0,0,0,0,0,0,0,0,0,0,0,0,,MSB 315-2,Gambusia affinis,JAR11524F,Diplostomulum sp.,2,KL,KL,Metacercariae,Eye,70% etoh,P6KVE,7,MSB 315-2,TREM.DIPS.EYE,,Salsuginus,9,KL,KL,Adult,Gill,70% etoh,P6KVD,7,MSB 315-2,MONO.SALSP.GILL,,,,,,,,,,,,,,,,,,,,,,,,,,,,,,,,,,,,,
MSB:Fish:7208,MSB 7208-2,Gambusia affinis,1989,11,4,JAR11515F,EO,07-14-2025,07-15-2025,38,31,650,JG,NA,Arthropod,1980s+ only 30mm and up,0,NA,0,0,0,0,0,0,0,0,0,0,0,0,0,0,0,0,0,0,0,0,0,0,0,0,0,0,0,0,0,0,0,0,0,0,0,1,0,0,,MSB 7208-2,Gambusia affinis,JAR11515F,Lernaea sp.,1,JG,JG,Adult,Flush,70% etoh,P6KWB,7,MSB 7208-2,CRUS.LERSP.FLUSH,,,,,,,,,,,,,,,,,,,,,,,,,,,,,,,,,,,,,,,,,,,,,,,,,
MSB:Fish:4462,MSB 4462-3,Gambusia affinis,1978,6,14,JAR11538F,BP,07-15-2025,07-15-2025,27,20,195,KL,F,NA,,0,NA,0,0,0,0,0,0,0,0,0,0,0,0,0,0,0,0,0,0,0,0,0,0,0,0,0,3,0,0,0,0,0,0,0,7,0,0,0,0,,MSB 4462-3,Gambusia affinis,JAR11538F,Salsuginus sp.,3,KL,KL,Adult,Gill,70% etoh,P6KVB,7,MSB 4462-3,MONO.SALSP.GILL,,Unknown Cyst,7,KL,KL,NA,Gill,70% etoh,P6KVA,7,MSB 4462-3,CYST.UNK.GILL,,,,,,,,,,,,,,,,,,,,,,,,,,,,,,,,,,,,,
MSB:Fish:9465,MSB 9465-4,Gambusia affinis,1989,2,26,JAR11539F,EO,07-15-2025,07-15-2025,47,38,1063,KL,F,NA,1980s+ fish @ <35.1° must be > 35mm ,0,NA,0,0,0,0,0,0,0,0,0,0,0,0,0,0,0,0,0,0,0,0,0,0,0,0,0,0,0,0,0,0,0,0,0,0,0,0,0,0,,MSB 9465-4,Gambusia affinis,JAR11539F,Salsuginus sp.,8,KL,KL,Adult,Gill,70% etoh,P6KW6,7,MSB 9465-4,MONO.SALSP.GILL,,,,,,,,,,,,,,,,,,,,,,,,,,,,,,,,,,,,,,,,,,,,,,,,,
MSB:Fish:9465,MSB 9465-1,Gambusia affinis,1989,2,26,JAR11536F,EO,07-15-2025,07-15-2025,38,31,553,KL,F,NA,1980s+ fish @ <35.1° must be > 35mm ,0,NA,0,0,0,0,0,0,0,0,0,0,0,0,0,0,0,0,0,0,0,0,0,0,0,0,0,17,0,0,0,0,0,0,0,0,0,0,0,0,,MSB 9465-1,Gambusia affinis,JAR11536F,Salsuginus sp.,17,KL,KL,Adult,Gill,70% etoh,P6KW5,7,MSB 9465-1,MONO.SALSP.GILL,,,,,,,,,,,,,,,,,,,,,,,,,,,,,,,,,,,,,,,,,,,,,,,,,
MSB:Fish:315,MSB 315-3,Gambusia affinis,1949,6,28,JAR11521F,JG,07-15-2025,07-15-2025,33,27,445,KL,NA,NA,,0,NA,0,0,0,0,0,0,0,0,0,0,0,5,0,0,0,0,0,0,0,0,0,0,0,0,0,1,0,0,0,0,0,0,0,0,NA,0,0,0,,MSB 315-3,Gambusia affinis,JAR11521F,Diplostomulum sp.,5,KL,KL,Metacercariae,Eye,70% etoh,P6KV9,7,MSB 315-3,TREM.DIPS.EYE,,Salsuginus sp.,1,KL,KL,Adult,Gill,70% etoh,P6KV8,7,MSB 315-3,MONO.SALSP.GILL,,,,,,,,,,,,,,,,,,,,,,,,,,,,,,,,,,,,,
MSB:Fish:365,MSB 365-2,Gambusia affinis,1947,9,27,JAR11532F,BP,07-15-2025,07-15-2025,38,29,390,KL,F,NA,,0,NA,0,0,0,0,0,0,0,0,0,0,0,4,0,0,0,0,0,0,0,0,0,0,0,0,0,0,0,0,0,0,0,0,0,0,NA,0,0,0,,MSB 365-2,Gambusia affinis,JAR11532F,Diplostomulum sp.,4,KL,KL,Metacercariae,Eye,70% etoh,P6KVC,7,MSB 365-2,TREM.DIPS.EYE,,,,,,,,,,,,,,,,,,,,,,,,,,,,,,,,,,,,,,,,,,,,,,,,,
MSB:Fish:4389,MSB 4389-4,Gambusia affinis,1978,9,5,JAR11514F,JG,07-15-2025,07-15-2025,40,33,716,GC,NA,NA,<35.1° must be >35mm,0,NA,0,0,0,0,0,0,0,0,0,0,0,1,0,0,0,0,0,0,0,0,0,0,0,0,0,0,0,0,0,0,0,0,0,0,NA,0,0,0,,MSB 4389-4,Gambusia affinis,JAR11514F,Diplostomulum sp.,1,GC,GC,Metacercariae,Eye,70% etoh,P6KWC,7,MSB 4389-4,TREM.DIPS.EYE,,,,,,,,,,,,,,,,,,,,,,,,,,,,,,,,,,,,,,,,,,,,,,,,,
MSB:Fish:4462,MSB 4462-2,Gambusia affinis,1978,6,14,JAR11540F,BP,07-15-2025,07-15-2025,36,27,517,EO,F,Arthropod,Cysts on caudal fin,0,NA,0,0,0,0,0,0,0,0,0,0,0,0,0,0,0,0,0,0,0,0,0,0,0,0,0,4,0,0,0,0,0,0,0,2,0,0,0,0,,MSB 4462-2,Gambusia affinis,JAR11540F,Unknown cyst,2,EO,EO,NA,Gill,70% etoh,P6L57,7,MSB 4462-2,CYST.UNK.GILL,,Salsuginus sp.,4,EO,EO,Adult,Gill,70% etoh,P6KWH,7,MSB 4462-2,MONO.SALSP.GILL,,,,,,,,,,,,,,,,,,,,,,,,,,,,,,,,,,,,,
MSB:Fish:365,MSB 365-4,Gambusia affinis,1947,9,27,JAR11523F,BP,07-15-2025,07-15-2025,38,30,356,KL,NA,Arthropod,,0,NA,0,0,0,0,0,0,0,0,0,0,0,0,0,0,0,0,0,0,0,0,1,0,0,0,0,6,0,0,0,0,0,0,0,0,NA,0,0,0,,MSB 365-4,Gambusia affinis,JAR11523F,Nematoda,1,KL,KL,Larval,Intestine,70% etoh,P6KW9,7,MSB 365-4,NEMA.LARV.INTESTINE,,Salsuginus sp.,6,KL,KL,Adult,Gill,70% etoh,P6KW8,7,MSB 365-4,MONO.SALSP.GILL,,,,,,,,,,,,,,,,,,,,,,,,,,,,,,,,,,,,,
MSB:Fish:285,MSB 285-3,Gambusia affinis,1961,2,17,JAR11528F,EO,07-15-2025,07-15-2025,42,34,741,KL,F,"Arthropod, bivalves",<35.1° must be >35mm,0,NA,0,0,0,0,0,0,0,0,0,0,0,0,0,0,0,0,0,0,0,0,0,0,0,0,0,0,4,0,0,0,0,0,0,0,NA,0,0,0,,MSB 285-3,Gambusia affinis,JAR11528F,Monogenea,4,KL,KL,NA,Gill,70% etoh,P6KW4,7,MSB 285-3,MONO.SS.GILL,,,,,,,,,,,,,,,,,,,,,,,,,,,,,,,,,,,,,,,,,,,,,,,,,
MSB:Fish:4462,MSB 4462-1,Gambusia affinis,1978,6,14,JAR11541F,BP,07-15-2025,07-15-2025,27,22,205,BP,NA,NA,Caudal fin cysts present,0,NA,0,0,0,0,0,0,0,0,0,0,0,0,0,0,0,0,0,0,0,0,0,0,0,0,0,0,1,0,0,0,0,0,0,0,0,0,0,0,,MSB 4462-1,Gambusia affinis,JAR11541F,Monogenea,1,BP,BP,NA,Gill,70% etoh,P6KWI,7,MSB 4462-1,MONO.SS.GILL,,,,,,,,,,,,,,,,,,,,,,,,,,,,,,,,,,,,,,,,,,,,,,,,,
MSB:Fish:365,MSB 365-5,Gambusia affinis,1947,9,27,JAR11531F,JG,07-15-2025,07-15-2025,32,25,251,JG,NA,Arthroppod,,0,NA,0,0,0,0,0,0,0,0,0,0,0,0,0,0,0,0,0,0,0,1,0,0,0,0,0,0,0,0,0,0,0,0,0,0,NA,0,0,0,,MSB 365-5,Gambusia affinis,JAR11531F,Nematoda,1,JG,JG,NA,Intestine,70% etoh,P6KWA,7,MSB 365-5,NEMA.UNK.INTESTINE,,,,,,,,,,,,,,,,,,,,,,,,,,,,,,,,,,,,,,,,,,,,,,,,,
MSB:Fish:4462,MSB 4462-4,Gambusia affinis,1978,6,14,JAR11543F,BP,07-15-2025,07-15-2025,27,20,197,GC,M,Arthropod,,0,NA,0,0,0,0,0,0,0,0,0,0,0,0,0,0,0,0,0,0,0,0,0,0,0,0,0,0,0,0,0,0,0,0,0,0,NA,0,0,0,,,,,,,,,,,,,,,,,,,,,,,,,,,,,,,,,,,,,,,,,,,,,,,,,,,,,,,,,,,,,,,,
MSB:Fish:7208,MSB 7208-4,Gambusia affinis,1989,11,4,JAR11512F,EO,07-14-2025,07-15-2025,37,29,482,GC,F,NA,1980s+ only 30mm and up,0,NA,0,0,0,0,0,0,0,0,0,0,0,0,0,0,0,0,0,0,0,0,0,0,0,0,0,0,0,0,0,0,0,0,0,0,0,0,0,0,,,,,,,,,,,,,,,,,,,,,,,,,,,,,,,,,,,,,,,,,,,,,,,,,,,,,,,,,,,,,,,,
MSB:Fish:438,MSB 4389-1,Gambusia affinis,1978,9,5,JAR11516F,JG,07-15-2025,07-15-2025,38,31,575,GC,NA,Arthropod,<35.1° must be >35mm,0,NA,0,0,0,0,0,0,0,0,0,0,0,0,0,0,0,0,0,0,0,0,0,0,0,0,0,0,0,0,0,0,0,0,0,0,NA,0,0,0,,,,,,,,,,,,,,,,,,,,,,,,,,,,,,,,,,,,,,,,,,,,,,,,,,,,,,,,,,,,,,,,
MSB:Fish:285,MSB 285-5,Gambusia affinis,1961,2,17,JAR11520F,EO,07-15-2025,07-15-2025,29,23,224,EO,F,NA,"<35.1° must be >35mm, smaller than 35mm but no other big ones in jar",0,NA,0,0,0,0,0,0,0,0,0,0,0,0,0,0,0,0,0,0,0,0,0,0,0,0,0,3,0,0,0,0,0,0,0,0,0,0,0,0,,MSB 285-5,Gambusia affinis,JAR11520F,Salsuginus sp.,3,EO,EO,Adult,Gill,70% etoh,P6KWJ,7,MSB 285-5,MONO.SALSP.GILL,,,,,,,,,,,,,,,,,,,,,,,,,,,,,,,,,,,,,,,,,,,,,,,,,
MSB:Fish:285,MSB 285-2,Gambusia affinis,1961,2,17,JAR11525F,BP,07-15-2025,07-15-2025,32,25,318,GC,NA,Arthropod,<35.1° must be >35mm,0,NA,0,0,0,0,0,0,0,0,0,0,0,0,0,0,0,0,0,0,0,0,0,0,0,0,0,8,0,0,0,0,0,0,0,0,NA,0,0,0,,MSB 285-2,Gambusia affinis,JAR11525F,Salsuginus sp.,8,GC,GC,Adult,Gill,70% etoh,P6KUT,7,MSB 285-2,MONO.SALSP.GILL,,,,,,,,,,,,,,,,,,,,,,,,,,,,,,,,,,,,,,,,,,,,,,,,,
MSB:Fish:285,MSB 285-1,Gambusia affinis,1961,2,17,JAR11517F,EO,07-15-2025,07-15-2025,46,37,1064,KL,F,NA,<35.1° must be >35mm,0,NA,0,0,0,0,0,0,0,0,0,0,0,0,0,0,0,0,0,0,0,0,0,0,0,0,0,9,0,0,0,0,0,0,0,2,0,0,0,0,,MSB 285-1,Gambusia affinis,JAR11517F,Salsuginus sp.,9,KL,KL,Adult,Gill,70% etoh,P6KVN,7,MSB 285-1,MONO.SALSP.GILL,,Unknown Cyst,2,KL,KL,NA,Gill,70% etoh,P6KVO,7,MSB 285-1,CYST.UNK.GILL,,,,,,,,,,,,,,,,,,,,,,,,,,,,,,,,,,,,,
MSB:Fish:9465,MSB 9465-5,Gambusia affinis,1989,2,26,JAR11533F,BP,07-15-2025,07-15-2025,39,30,778,JG,NA,Arthropod,1980s+ only 30mm and up,0,NA,0,0,0,0,0,0,0,0,0,0,0,1,0,0,1,0,0,0,0,0,0,0,0,0,0,3,0,0,0,0,0,0,0,0,NA,0,1,0,,MSB 9465-5,Gambusia affinis,JAR11533F,Salsuginus sp.,3,JG,JG,Adult,Gill,70% etoh,P6KW7,7,MSB 9465-5,MONO.SALSP.GILL,,Diplostomulum sp.,1,JG,JG,Metacercariae,Connective Tissue,70% etoh,P6KW2,7,MSB 9465-5,TREM.DIPS.CONNECTIVETISSUE,,Diplostomulum sp.,1,JG,JG,Metacercariae,Eye,70% etoh,P6KW3,7,MSB 9465-5,TREM.DIPS.EYE,,Acanthocephalus sp.,1,JG,JG,Cystacanth,Flush,70% etoh,P6KVP,7,MSB 9465-5,ACANTH.SPK.FLUSH,,,,,,,,,,,,,
MSB:Fish:9465,MSB 9465-3,Gambusia affinis,1989,2,26,JAR11542F,BP,07-15-2025,07-15-2025,39,30,565,GC,NA,NA,1980s+ fish @ <35.1° must be > 35mm ,0,NA,0,0,0,0,0,0,0,0,0,0,0,0,0,0,0,0,0,0,0,0,0,0,0,0,0,1,0,0,0,0,0,0,0,0,NA,0,0,0,,MSB 9465-3,Gambusia affinis,JAR11542F,Salsuginus sp.,1,GC,GC,Adult,Gill,70% etoh,P6KUU,7,MSB 9465-3,MONO.SALSP.GILL,,,,,,,,,,,,,,,,,,,,,,,,,,,,,,,,,,,,,,,,,,,,,,,,,
MSB:Fish:4353,MSB 4353-2,Gambusia affinis,1978,9,8,JAR11100F,JG,07-16-2025,07-16-2025,29,24,212,GC,M,Arthropod,,0,NA,0,0,0,0,0,0,0,0,0,0,0,0,0,0,0,0,0,0,0,0,0,0,0,0,0,4,0,0,0,0,0,0,0,0,NA,0,0,0,,MSB 4353-2,Gambusia affinis,JAR11100F,Salsuginus sp.,4,GC,GC,Adult,Gill,70% etoh,P6KV1,8,MSB 4353-2,MONO.SALSP.GILL,,,,,,,,,,,,,,,,,,,,,,,,,,,,,,,,,,,,,,,,,,,,,,,,,
MSB:Fish:292,MSB 292-1,Gambusia affinis,1961,2,12,JAR11556F,BP,07-16-2025,07-16-2025,31,24,273,KL,M,NA,,0,NA,0,0,0,0,0,0,0,0,0,0,0,0,0,0,0,0,0,0,0,0,0,0,2,0,0,2,0,0,0,0,0,0,0,0,0,0,0,0,,MSB 292-1,Gambusia affinis,JAR11556F,Digenea,2,KL,KL,NA,Intestine,70% etoh,P6KVZ,8,MSB 292-1,TREM.IZ.INTESTINE,,Salsuginus sp.,2,KL,KL,Adult,Gill,70% etoh,P6KUW,8,MSB 292-1,MONO.SALSP.GILL,,,,,,,,,,,,,,,,,,,,,,,,,,,,,,,,,,,,,
MSB:Fish:4378,MSB 4378-3,Gambusia affinis,1978,9,23,JAR11546F,BP,07-16-2025,07-16-2025,42,32,738,KL,F,Arthropod,<35.1° must be >35mm,0,NA,0,0,0,0,0,0,0,0,0,0,0,0,0,0,0,0,0,0,0,0,0,0,0,0,0,1,0,0,0,0,0,0,0,0,NA,0,0,0,,MSB 4378-3,Gambusia affinis,JAR11546F,Salsuginus sp.,1,KL,KL,Adult,Gill,70% etoh,P6KV2,8,MSB 4378-3,MONO.SALSP.GILL,,,,,,,,,,,,,,,,,,,,,,,,,,,,,,,,,,,,,,,,,,,,,,,,,
MSB:Fish:4440,MSB 4440-5,Gambusia affinis,1978,9,5,JAR11549F,BP,07-16-2025,07-16-2025,26,20,151,GC,M,NA,"<35.1° must be >35mm, none >35mm",0,NA,0,0,0,0,0,0,0,0,0,0,0,0,0,0,0,0,0,0,0,0,0,0,0,0,0,1,0,0,0,0,0,0,0,0,0,0,0,0,,MSB 4440-5,Gambusia affinis,JAR11549F,Salsuginus sp.,1,GC,GC,Adult,Gill,70% etoh,P6KUX,8,MSB 4440-5,MONO.SALSP.GILL,,,,,,,,,,,,,,,,,,,,,,,,,,,,,,,,,,,,,,,,,,,,,,,,,
MSB:Fish:9011,MSB 9011-4,Gambusia affinis,1990,10,28,JAR11096F,BP,07-16-2025,07-16-2025,32,23,324,GC,F,Arthropod,1980s+ only 30mm and up,0,NA,0,0,0,0,0,0,0,0,0,0,0,0,0,0,0,0,0,0,0,0,0,0,0,0,0,0,0,0,0,0,0,0,0,0,1,0,0,0,,MSB 9011-4,Gambusia affinis,JAR11096F,Myxidium sp.,1,GC,GC,Myxo spore,Gall bladder,70% etoh,P6KV6,8,MSB 9011-4,MYXO.MYXID.GALLBLADDER,,,,,,,,,,,,,,,,,,,,,,,,,,,,,,,,,,,,,,,,,,,,,,,,,
MSB:Fish:9011,MSB 9011-1,Gambusia affinis,1990,10,28,JAR11099F,JG,07-16-2025,07-16-2025,36,30,481,GC,NA,NA,1980s+ only 30mm and up,0,NA,0,0,0,0,0,0,0,0,0,0,0,0,0,0,0,0,0,0,0,0,0,0,0,0,0,1,0,0,0,0,0,0,0,0,1,0,0,0,,MSB 9011-1,Gambusia affinis,JAR11099F,Salsuginus sp.,1,GC,GC,Adult,Gill,70% etoh,P6KW0,8,MSB 9011-1,MONO.SALSP.GILL,,Myxidium sp.,1,GC,GC,Myxo spore,Gall bladder,70% etoh,P6KW1,8,MSB 9011-1,MYXO.MYXID.GALLBLADDER,,,,,,,,,,,,,,,,,,,,,,,,,,,,,,,,,,,,,
MSB:Fish:292,MSB 292-4,Gambusia affinis,1961,2,12,JAR11550F,BP,07-16-2025,07-16-2025,33,25,342,KL,F,NA,,0,NA,0,0,0,0,0,0,0,0,0,0,0,0,0,0,0,0,0,0,0,0,0,0,0,0,0,8,1,0,0,0,0,0,0,0,0,0,0,0,,MSB 292-4,Gambusia affinis,JAR11550F,Salsuginus sp.,8,KL,KL,Adult,Gill,70% etoh,P6KVX,8,MSB 292-4,MONO.SALSP.GILL,,Monogenea,1,KL,KL,NA,Gill,70% etoh,P6KVY,8,MSB 292-4,MONO.SS.GILL,,,,,,,,,,,,,,,,,,,,,,,,,,,,,,,,,,,,,
MSB:Fish:9465,MSB 9465-2,Gambusia affinis,1989,2,26,JAR11537F,EO,07-15-2025,07-16-2025,47,38,1184,GC,F,NA,1980s+ fish at < 35.1° must be >35mm,0,NA,0,0,0,0,0,0,0,0,0,0,0,5,0,0,0,0,0,0,0,0,0,0,0,1,0,2,0,0,0,0,0,0,0,0,0,0,0,0,,MSB 9465-2,Gambusia affinis,JAR11537F,Salsuginus sp.,2,GC,GC,Adult,Gill,70% etoh,P6KVS,8,MSB 9465-2,MONO.SALSP.GILL,,Diplostomulum sp.,5,GC,GC,Metacercariae,Eye,70% etoh,P6KVW,8,MSB 9465-2,TREM.DIPS.EYE,,Bothriocephalus sp. ,1,GC,GC,Larval,Intestine,70% etoh,P6KUV,8,MSB 9465-2,CEST.BOTSP.INTESTINE,,,,,,,,,,,,,,,,,,,,,,,,,
MSB:Fish:285,MSB 285-4,Gambusia affinis,1961,2,17,JAR11530F,BP,07-15-2025,07-16-2025,34,26,419,KL,F,NA,"<35.1° must be >35mm, smaller than 35mm but no ther big ones",1,NA,0,0,0,0,1,0,3,0,0,0,0,0,0,0,0,0,0,0,0,0,0,0,0,0,0,7,0,0,0,0,0,0,0,1,0,0,0,0,2 MONO.GYRO lost,MSB 285-4,Gambusia affinis,JAR11530F,Gyrodactylidae,2,KL,KL,Adult,"Anal fin, Dorsal fin",70% etoh,P6KVR,8,MSB 285-4,MONO.GYRO.FIN,2 lost,Crustacea,1,KL,KL,NA,Skin,70% etoh,P6KVQ,8,MSB 285-4,CRUS.D.SKIN,,Salsuginus sp.,7,KL,KL,Adult,Gill,70% etoh,P6KVT,8,MSB 285-4,MONO.SALSP.GILL,,Unknown Cyst,1,KL,KL,NA,Gill,70% etoh,P6KVV,8,MSB 285-4,CYST.UNK.GILL,,,,,,,,,,,,,
MSB:Fish:9011,MSB 9011-3,Gambusia affinis,1990,10,28,JAR11104F,JG,07-16-2025,07-16-2025,35,27,423,JG,NA,Arthropod,1980s+ only 30mm and up,0,NA,0,0,0,0,0,0,0,0,0,0,0,1,0,0,0,0,0,0,0,0,0,0,0,0,0,0,0,0,0,0,0,0,0,0,0,0,0,0,,MSB 9011-3,Gambusia affinis,JAR11104F,Diplostomulum sp.,1,JG,JG,Metacercariae,Eye,70% etoh,P6KV0,8,MSB 9011-3,TREM.DIPS.EYE,,,,,,,,,,,,,,,,,,,,,,,,,,,,,,,,,,,,,,,,,,,,,,,,,
MSB:Fish:4353,MSB 4353-4,Gambusia affinis,1978,9,8,JAR11106F,BP,07-16-2025,07-16-2025,25,19,157,BP,NA,Arthropod,Caudal fin cysts present,0,NA,0,0,0,0,0,0,0,0,0,0,0,0,0,0,0,0,0,0,0,0,0,0,0,0,0,0,0,0,0,0,1,0,0,2,1,0,0,0,,MSB 4353-4,Gambusia affinis,JAR11106F,Unknown Cyst,2,BP,BP,NA,Gill,70% etoh,P6KWK,8,MSB 4353-4,CYST.UNK.GILL,,Trematoda,1,BP,BP,NA,Gill,70% etoh,P6KWL,8,MSB 4353-4,TREM.UNK.GILL,,Myxidium sp. ,1,BP,BP,NA,Gall Bladder,70% etoh,P6KWM,8,MSB 4353-4,MYXO.MYXID.GALLBLADDER,,,,,,,,,,,,,,,,,,,,,,,,,
MSB:Fish:4378,MSB 4378-3,Gambusia affinis,1978,9,23,JAR11554F,JG,07-16-2025,07-16-2025,38,32,556,KL,F,Arthropod,<35.1° must be >35mm,0,NA,0,0,0,0,0,0,0,0,0,0,0,3,0,0,0,0,0,0,0,0,0,0,0,0,0,2,0,0,0,0,0,0,0,3,1,0,0,0,1 CYST.UNK lost,MSB 4378-4,Gambusia affinis,JAR11554F,Diplostomulum sp.,3,KL,KL,NA,Eye,70% etoh,P6KV5,8,MSB 4378-4,TREM.DIPS.EYE,,Myxidium sp.,1,KL,KL,NA,Gall Bladder,70% etoh,P6KV7,8,MSB 4378-4,MYXO.MYXID.GALLBLADDER,1 cluster,Unknown Cyst,2,KL,KL,NA,Gill,70% etoh,P6KQM,8,MSB 4378-4,CYST.UNK.GILL,1 lost,Salsuginus sp.,2,KL,KL,Adult,Gill,70% etoh,P6KQL,8,MSB 4378-4,MONO.SALSP.GILL,,,,,,,,,,,,,
MSB:Fish:4440,MSB 4440-4,Gambusia affinis,1978,9,5,JAR11098F,JG,07-16-2025,07-16-2025,25,21,144,KL,M,NA,"<35.1° must be >35mm, none >35mm",0,NA,0,0,0,0,0,0,0,0,0,0,0,0,0,0,0,0,0,0,0,0,0,0,0,0,0,1,0,0,0,0,0,0,0,0,NA,0,0,0,,MSB 4440-4,Gambusia affinis,JAR11098F,Salsuginus sp.,1,KL,KL,Adult,Gill,70% etoh,P6KV4,8,MSB 4440-4,MONO.SALSP.GILL,,,,,,,,,,,,,,,,,,,,,,,,,,,,,,,,,,,,,,,,,,,,,,,,,
MSB:Fish:292,MSB 292-3,Gambusia affinis,1961,2,12,JAR11553F,JG,07-16-2025,07-16-2025,25,21,138,KL,M,Arthropod,Dorsal fin missing,0,NA,0,0,0,0,0,0,NA,NA,0,0,0,0,0,0,0,0,0,0,0,0,0,0,0,0,0,1,1,0,0,0,0,0,0,0,NA,0,0,0,,MSB 292-3,Gambusia affinis,JAR11553F,Salsuginus sp.,1,KL,KL,Adult,Gill,70% etoh,P6KUY,8,MSB 292-3,MONO.SALSP.GILL,,Monogenea,1,KL,KL,NA,Gill,70% etoh,P6KUZ,8,MSB 292-3,MONO.SS.GILL,,,,,,,,,,,,,,,,,,,,,,,,,,,,,,,,,,,,,
MSB:Fish:292,MSB 292-2,Gambusia affinis,1961,2,12,JAR11534F,JG,07-16-2025,07-16-2025,25,20,132,JG,NA,Arthropod,,0,NA,0,0,0,0,0,0,0,0,0,0,0,0,0,0,0,0,0,0,0,0,0,0,0,0,0,2,0,0,0,0,0,0,0,0,NA,0,0,0,,MSB 292-2,Gambusia affinis,JAR11534F,Salsuginus sp.,2,JG,JG,Adult,Gill,70% etoh,P6KV3,8,MSB 292-2,MONO.SALSP.GILL,,,,,,,,,,,,,,,,,,,,,,,,,,,,,,,,,,,,,,,,,,,,,,,,,
MSB:Fish:4378,MSB 4378-2,Gambusia affinis,1978,9,23,JAR11551F,BP,07-16-2025,07-16-2025,38,30,633,JG,F,Arthropod,<35.1° must be >35mm,0,NA,0,0,0,0,0,0,0,0,0,0,0,0,0,0,0,0,0,0,0,0,0,0,0,0,0,3,0,0,0,0,0,0,0,0,0,0,0,0,1 MONO.SALSP.lost,MSB 4378-2,Gambusia affinis,JAR11551F,Salsuginus sp.,2,JG,JG,Adult,Gill,70% etoh,P6KQK,8,MSB 43478-2,MONO.SALSP.GILL,1 lost,,,,,,,,,,,,,,,,,,,,,,,,,,,,,,,,,,,,,,,,,,,,,,,,
MSB:Fish:4353,MSB 4353-5,Gambusia affinis,1978,9,8,JAR11105F,BP,07-16-2025,07-16-2025,25,20,NA,KL,NA,Arthropod,,0,NA,0,0,0,0,0,0,0,0,0,0,0,0,0,0,0,0,0,0,0,0,0,0,0,0,0,3,0,0,0,0,0,0,0,0,NA,0,0,0,,MSB 4353-5,Gambusia affinis,JAR11105F,Salsuginus sp.,3,KL,KL,Adult,Gill,70% etoh,P6KQJ,8,MSB 4353-5,MONO.SALSP.GILL,,,,,,,,,,,,,,,,,,,,,,,,,,,,,,,,,,,,,,,,,,,,,,,,,
MSB:Fish:4378,MSB 4378-5,Gambusia affinis,1978,9,23,JAR11545F,BP,07-16-2025,07-16-2025,36,28,469,GC,F,Arthropod,<35.1° must be >35mm,0,NA,0,0,0,0,0,0,0,0,0,0,0,0,0,0,0,0,0,0,0,0,0,0,0,0,0,0,0,0,0,0,0,0,0,0,0,0,0,0,,,,,,,,,,,,,,,,,,,,,,,,,,,,,,,,,,,,,,,,,,,,,,,,,,,,,,,,,,,,,,,,
MSB:Fish:9011,MSB 9011-2,Gambusia affinis,1990,10,28,JAR11102F,JG,07-16-2025,07-16-2025,36,31,550,GC,NA,Arthropod,1980s+ only 30mm and up,0,NA,0,0,0,0,0,0,0,0,0,0,0,0,0,0,0,0,0,0,0,0,0,0,0,0,0,0,0,0,0,0,0,0,0,0,0,0,0,0,,,,,,,,,,,,,,,,,,,,,,,,,,,,,,,,,,,,,,,,,,,,,,,,,,,,,,,,,,,,,,,,
MSB:Fish:4440,MSB 4440-3,Gambusia affinis,1978,9,5,JAR11095F,BP,07-16-2025,07-16-2025,27,20,205,GC,M,Arthropod,"<35.1° must be >35mm, none >35mm",0,NA,0,0,0,0,0,0,0,0,0,0,0,0,0,0,0,0,0,0,0,0,0,0,0,0,0,0,0,0,0,0,0,0,0,0,0,0,0,0,,,,,,,,,,,,,,,,,,,,,,,,,,,,,,,,,,,,,,,,,,,,,,,,,,,,,,,,,,,,,,,,
MSB:Fish:4353,MSB 4353-3,Gambusia affinis,1978,9,8,JAR11103F,JG,07-16-2025,07-16-2025,27,22,151,GC,M,NA,,0,NA,0,0,0,0,0,0,0,0,0,0,0,0,0,0,0,0,0,0,0,0,0,0,0,0,0,0,0,0,0,0,0,0,0,0,NA,0,0,0,,,,,,,,,,,,,,,,,,,,,,,,,,,,,,,,,,,,,,,,,,,,,,,,,,,,,,,,,,,,,,,,
MSB:Fish:292,MSB 292-5,Gambusia affinis,1961,2,12,JAR11547F,JG,07-16-2025,07-16-2025,25,21,167,JG,NA,Arthropod,,0,NA,0,0,0,0,0,0,0,0,0,0,0,0,0,0,0,0,0,0,0,0,0,0,0,0,0,2,0,0,0,0,0,0,0,4,NA,0,0,0,,MSB 292-5,Gambusia affinis,JAR11547F,Unknown Cyst,4,JG,JG,NA,Gill,70% etoh,P6KQH,8,MSB 292-5,CYST.UNK.GILL,,Salsuginus sp.,2,JG,JG,Adult,Gill,70% etoh,P6KQI,8,MSB 292-5,MONO.SALSP.GILL,,,,,,,,,,,,,,,,,,,,,,,,,,,,,,,,,,,,,
MSB:Fish:334,MSB 334-1,Gambusia affinis,1952,5,3,JAR11113F,BP,07-16-2025,07-16-2025,33,26,309,KL,NA,NA,1955 and earlier only > 40mm,0,NA,0,0,0,0,0,0,0,0,0,0,0,0,0,0,0,1,0,0,0,0,0,0,0,0,0,5,2,0,0,0,0,0,0,0,0,0,0,0,,MSB 334-1,Gambusia affinis,JAR11113F,Nematoda,1,KL,KL,Larval,Connective tissue,70% etoh,P6KQG,8,MSB 334-1,NEM.LARV.CONN,,Salsuginus sp.,5,KL,KL,Adult,Gill,70% etoh,P6KQF,8,MSB 334-1,MONO.SALSP.GILL,,Monogenea,2,KL,KL,NA,Gill,70% etoh,P6KQE,8,MSB 334-1,MONO.SS.GILL,,,,,,,,,,,,,,,,,,,,,,,,,
MSB:Fish:4378,MSB 4378-1,Gambusia affinis,1978,9,23,JAR11548F,BP,07-16-2025,07-16-2025,37,28,634,KL,F,NA,<35.1° must be >35mm,0,NA,0,0,0,0,0,0,0,0,0,0,0,0,0,0,0,0,0,0,0,0,0,0,0,0,0,1,0,0,0,0,0,0,0,0,0,0,0,0,,MSB 4378-1,Gambusia affinis,JAR11548F,Salsuginus sp.,1,KL,KL,Adult,Gill,70% etoh,P6KQD,8,MSB 4378-1,MONO.SALSP.GILL,,,,,,,,,,,,,,,,,,,,,,,,,,,,,,,,,,,,,,,,,,,,,,,,,
MSB:Fish:334,MSB 334-3,Gambusia affinis,1952,5,3,JAR11107F,BP,07-16-2025,07-16-2025,30,24,217,JG,NA,NA,1955 and earlier only <40mm,0,NA,0,0,0,0,0,0,0,0,0,0,0,0,0,0,0,0,0,0,0,0,0,0,0,0,0,0,0,0,0,0,0,0,0,0,0,0,0,0,,,,,,,,,,,,,,,,,,,,,,,,,,,,,,,,,,,,,,,,,,,,,,,,,,,,,,,,,,,,,,,,
MSB:Fish:4440,MSB 4440-1,Gambusia affinis,1978,9,5,JAR11552F,BP,07-16-2025,07-16-2025,25,20,138,JG,NA,Arthropod,<35.1° must be >35mm but none were less than 35mm,0,na,0,0,0,0,0,0,0,0,0,0,0,0,0,0,0,0,0,0,0,0,0,0,0,0,0,0,0,0,0,0,0,0,0,0,0,0,0,0,,,,,,,,,,,,,,,,,,,,,,,,,,,,,,,,,,,,,,,,,,,,,,,,,,,,,,,,,,,,,,,,
MSB:Fish:334,MSB 334-4,Gambusia affinis,1952,5,3,JAR11116F,BP,07-16-2025,07-16-2025,30,23,233,EO,F,NA,1955 and earlier need to be less than or equal to 40mm,0,na,0,0,0,0,0,0,0,0,0,0,0,0,0,0,0,0,0,0,0,0,0,0,0,0,0,0,0,0,0,0,0,0,0,0,0,0,0,0,,,,,,,,,,,,,,,,,,,,,,,,,,,,,,,,,,,,,,,,,,,,,,,,,,,,,,,,,,,,,,,,
MSB:Fish:334,MSB 334-2,Gambusia affinis,1952,5,3,JAR11110F,BP,07-16-2025,07-16-2025,31,25,293,EO,F,Arthropod,1955 and earlier need to be less than or equal to 40mm,0,NA,0,0,0,0,0,0,0,0,0,0,0,0,0,0,0,0,0,0,0,0,0,0,0,0,0,3,0,0,0,0,0,0,0,0,0,0,0,0,,MSB 334-2,Gambusia affinis,JAR1110F,Salsuginus sp.,3,EO,EO,Adult,Gill,70% etoh,P6KR2,8,MSB 334-2,MONO.SALSP.GILL,,,,,,,,,,,,,,,,,,,,,,,,,,,,,,,,,,,,,,,,,,,,,,,,,
MSB:Fish:1089,MSB 1089-2,Gambusia affinis,1939,1,24,JAR11109F,BP,07-16-2025,07-16-2025,38,30,571,GC,NA,Arthropod,1955 and earlier need to be less than or equal to 40mm. AND <35.1° must be >35mm ,0,NA,0,0,0,0,0,0,0,0,0,0,0,0,0,0,0,0,0,0,0,0,0,0,0,0,0,2,0,0,0,0,0,0,0,0,0,0,0,0,,MSB 1089-2,Gambusia affinis,JAR11109F,Salsuginus sp.,2,GC,GC,Adult,Gill,70% etoh,P6KQN,8,MSB 1089-2,MONO.SALSP.GILL,,,,,,,,,,,,,,,,,,,,,,,,,,,,,,,,,,,,,,,,,,,,,,,,,
MSB:Fish:334,MSB 334-5,Gambusia affinis,1952,5,3,JAR11108F,BP,07-16-2025,07-16-2025,27,22,179,GC,NA,Arthropod,1955 and earlier need to be less than or equal to 40mm,0,NA,0,0,0,0,0,0,0,0,0,0,0,0,0,0,0,0,0,0,0,0,0,0,0,0,0,1,0,0,0,0,0,0,0,0,0,0,0,0,,MSB 334-5,Gambusia affinis,JAR11108F,Salsuginus sp.,1,GC,GC,Adult,Gill,70% etoh,P6KQO,8,MSB 334-5,MONO.SALSP.GILL,,,,,,,,,,,,,,,,,,,,,,,,,,,,,,,,,,,,,,,,,,,,,,,,,
MSB:Fish:1089,MSB 1089-1,Gambusia affinis,1939,1,24,JAR11112F,BP,07-16-2025,07-16-2025,40,33,666,KL,F,NA,"<31.5° must be >35mm, 1955 and earlier only <40",0,NA,0,0,0,0,0,0,0,0,0,0,0,0,0,0,0,0,0,0,0,0,0,0,0,0,0,1,2,0,0,0,0,0,0,0,0,0,0,0,,MSB 1089-1,Gambusia affinis,JAR11112F,Monogenea,2,KL,KL,NA,Gill,70% etoh,P6KQB,8,MSB 1089-1,MONO.SS.GILL,,Salsuginus sp.,1,KL,KL,Adult,Gill,70% etoh,P6KQA,8,MSB 1089-1,MONO.SALSP.GILL,,,,,,,,,,,,,,,,,,,,,,,,,,,,,,,,,,,,,
MSB:Fish:4440,MSB 4440-2,Gambusia affinis,1978,9,5,JAR11555F,BJG,07-16-2025,07-16-2025,28,22,223,JG,NA,Arthropod,<35.1° must be >35mm but none were less than 35mm,0,NA,0,0,0,0,0,0,0,0,0,0,0,0,0,0,0,0,0,0,0,0,0,0,0,0,0,0,0,0,0,0,0,0,0,0,0,0,0,0,,,,,,,,,,,,,,,,,,,,,,,,,,,,,,,,,,,,,,,,,,,,,,,,,,,,,,,,,,,,,,,,
MSB:Fish:1089,MSB 1089-3,Gambusia affinis,1939,1,24,JAR11117F,BP,07-16-2025,07-17-2025,38,29,552,GC,F,Arthropod,"<31.5° must be >35mm, 1955 and earlier only <40",0,NA,0,0,0,0,0,0,0,0,0,0,0,0,0,0,0,0,0,0,0,0,0,0,0,0,0,2,0,0,0,0,0,0,0,0,0,0,0,0,,MSB 1089-3,Gambusia affinis,JAR11117F,Salsuginus sp.,2,GC,GC,Adult,Gill,70% etoh,P6KQP,8,MSB 1089-3,MONO.SALSP.GILL,,,,,,,,,,,,,,,,,,,,,,,,,,,,,,,,,,,,,,,,,,,,,,,,,
MSB:Fish:1089,MSB 1089-5,Gambusia affinis,1939,1,24,JAR11111F,BP,07-16-2025,07-17-2025,35,28,476,KL,NA,NA,"<31.5° must be >35mm, 1955 and earlier only <40",0,NA,0,0,0,0,0,0,0,0,0,0,0,0,0,0,0,0,0,0,0,0,0,0,0,0,0,2,0,0,0,0,0,0,0,0,0,0,0,0,,MSB 1089-5,Gambusia affinis,JAR11111F,Salsuginus sp.,2,KL,KL,Adult,Gill,70% etoh,P6KQS,8,MSB 1089-5,MONO.SALSP.GILL,,,,,,,,,,,,,,,,,,,,,,,,,,,,,,,,,,,,,,,,,,,,,,,,,
MSB:Fish:38942,MSB 38942-2,Gambusia affinis,1997,7,5,JAR11119F,EO,07-17-2025,07-17-2025,47,39,1803,KL,F,Arthropod,Selected before size requirement change,0,NA,0,0,0,0,0,0,0,0,0,0,0,0,0,0,0,0,0,0,0,0,0,0,0,0,0,12,0,0,0,0,0,0,0,0,0,0,0,0,,MSB 38942-2,Gambusia affinis,JAR11119F,Salsuginus sp.,12,KL,KL,Adult,Gill,70% etoh,P6KQ8,8,MSB 38942-2,MONO.SALSP.GILL,,,,,,,,,,,,,,,,,,,,,,,,,,,,,,,,,,,,,,,,,,,,,,,,,
MSB:Fish:38942,MSB 38942-5,Gambusia affinis,1997,7,5,JAR11115F,EO,07-17-2025,07-17-2025,41,32,883,GC,F,Arthropod,Selected before size requirement change,0,NA,0,0,0,0,0,0,0,0,0,0,0,0,0,0,0,0,0,0,0,0,0,0,0,0,0,2,0,0,0,0,0,0,0,0,0,0,0,0,,MSB 38942-5,Gambusia affinis,JAR11115F,Salsuginus sp.,2,GC,GC,Adult,Gill,70% etoh,P6KQR,8,MSB 38942-5,MONO.SALSP.GILL,,,,,,,,,,,,,,,,,,,,,,,,,,,,,,,,,,,,,,,,,,,,,,,,,
MSB:Fish:43165,MSB 43165-1,Gambusia affinis,1999,4,21,JAR11126F,EO,07-17-2025,07-17-2025,33,27,464,GC,F,Arthropod,Selected before size requirement change,0,NA,0,0,0,0,0,0,0,0,0,0,0,0,0,0,0,0,0,0,0,0,0,0,0,0,0,2,0,0,0,0,0,0,0,0,0,0,0,0,,MSB 43165-1,Gambusia affinis,JAR11126F,Salsuginus sp.,2,GC,GC,Adult,Gill,70% etoh,P6KQT,8,MSB 43165-1,MONO.SALSP.GILL,,,,,,,,,,,,,,,,,,,,,,,,,,,,,,,,,,,,,,,,,,,,,,,,,
MSB:Fish:1089,MSB 1089-4,Gambusia affinis,1939,1,24,JAR11114F,BP,07-16-2025,07-17-2025,40,33,741,KL,F,NA,"<31.5° must be >35mm, 1955 and earlier only <40",0,NA,0,0,0,0,0,0,0,0,0,0,0,1,0,0,0,0,0,0,0,0,0,0,0,0,0,0,0,0,0,0,0,0,0,0,0,0,0,0,,MSB 1098-4,Gambusia affinis,JAR11114F,Diplostomulum sp. ,1,KL,KL,Metacercariae,Eye,70% etoh,P6KQQ,8,MSB 1089-4,TREM.DIPS.EYE,,,,,,,,,,,,,,,,,,,,,,,,,,,,,,,,,,,,,,,,,,,,,,,,,
MSB:Fish:9011,MSB 9011-5,Gambusia affinis,1990,10,28,JAR11101F,JG,07-16-2025,07-17-2025,30,24,291,KL,NA,NA,1980s+ only 30mm and up,0,NA,0,0,0,0,0,0,0,0,0,0,0,0,0,0,0,0,0,0,0,0,0,0,0,0,0,0,1,0,0,0,0,0,0,0,0,0,0,0,,MSB 9011-5,Gambusia affinis,JAR11101F,Monogenea ,1,KL,KL,NA,Gill,70% etoh,P6KQ9,8,MSB 9011-5,MONO.SS.GILL,,,,,,,,,,,,,,,,,,,,,,,,,,,,,,,,,,,,,,,,,,,,,,,,,
MSB:Fish:43165,MSB 43165-3,Gambusia affinis,1999,4,21,JAR11124F,EO,07-17-2025,07-17-2025,35,27,471,KL,F,Arthropod,Selected before size requirement change,0,NA,0,0,0,0,0,0,0,0,0,0,0,0,0,0,0,0,0,0,0,0,0,0,0,0,0,11,0,0,0,0,0,0,0,0,0,0,0,0,,MSB 43165-3,Gambusia affinis,JAR11124F,Salsuginus sp.,11,KL,KL,Adult,Gill,70% etoh,P6KQV,8,MSB 43165-3,MONO.SALSP.GILL,,,,,,,,,,,,,,,,,,,,,,,,,,,,,,,,,,,,,,,,,,,,,,,,,
MSB:Fish:14485,MSB 14485-4,Gambusia affinis,1993,7,13,JAR11129F,EO,07-17-2025,07-17-2025,30,23,247,GC,F,Arthropod,Selected before size requirement change,0,NA,0,0,0,0,0,0,0,0,0,0,0,0,0,0,0,0,0,0,0,0,0,0,0,0,0,0,0,0,0,0,0,0,0,0,0,0,0,0,,,,,,,,,,,,,,,,,,,,,,,,,,,,,,,,,,,,,,,,,,,,,,,,,,,,,,,,,,,,,,,,
MSB:Fish:4353,MSB 4353-1,Gambusia affinis,1978,9,8,JAR11097F,JG,07-16-2025,07-17-2025,35,29,601,GC,F,Arthropod,,0,NA,0,0,0,0,0,0,0,0,0,0,0,0,0,0,0,0,0,0,0,0,0,0,0,0,0,0,0,0,0,0,0,0,0,0,0,0,0,0,,,,,,,,,,,,,,,,,,,,,,,,,,,,,,,,,,,,,,,,,,,,,,,,,,,,,,,,,,,,,,,,
MSB:Fish:11126,MSB 11126-1,Gambusia affinis,1992,7,22,JAR11561F,EO,07-17-2025,07-17-2025,45,36,1113,EO,F,Arthropod,Selected before size requirement change,0,NA,0,0,0,0,0,0,0,0,0,0,0,0,0,0,0,0,0,0,0,0,0,0,0,0,0,0,0,0,0,0,0,0,0,0,NA,0,0,0,,,,,,,,,,,,,,,,,,,,,,,,,,,,,,,,,,,,,,,,,,,,,,,,,,,,,,,,,,,,,,,,
MSB:Fish:11126,MSB 11126-2,Gambusia affinis,1992,7,22,JAR11562F,JG,07-17-2025,07-17-2025,37,30,634,BP,F,Arthropod,Selected before size requirement change,0,NA,0,0,0,0,0,0,0,0,0,0,0,0,0,0,0,0,0,0,0,0,0,0,0,0,0,0,0,0,0,0,0,0,0,0,NA,0,0,0,,,,,,,,,,,,,,,,,,,,,,,,,,,,,,,,,,,,,,,,,,,,,,,,,,,,,,,,,,,,,,,,
MSB:Fish:38942,MSB 38942-3,Gambusia affinis,1997,7,5,JAR11121F,EO,07-17-2025,07-17-2025,45,38,1685,KL,F,"Arthropod, fish in mouth",Selected before size requirement change,0,NA,0,0,0,0,0,0,0,0,0,0,0,0,0,0,0,0,0,0,0,0,0,0,0,0,0,4,0,0,0,0,0,0,0,0,NA,0,0,0,,MSB 38942-3,Gambusia affinis,JAR11121F,Salsuginus sp.,4,KL,KL,Adult,Gill,70% etoh,P6KQW,8,MSB 38942-3,MONO.SALSP.GILL,,,,,,,,,,,,,,,,,,,,,,,,,,,,,,,,,,,,,,,,,,,,,,,,,
MSB:Fish:14485,MSB 14485-1,Gambusia affinis,1993,7,13,JAR11128F,EO,07-17-2025,07-17-2025,41,34,760,GC,NA,Arthropod,Selected before size requirement change,0,NA,0,0,0,0,0,0,0,0,0,0,0,0,0,0,0,0,0,0,0,0,0,0,0,0,0,3,0,0,0,0,0,0,0,0,0,0,0,0,,MSB 14485-1,Gambusia affinis,JAR11128F,Salsuginus sp.,3,GC,GC,Adult,Gill,70% etoh,P6KQU,8,MSB 14485-1,MONO.SALSP.GILL,,,,,,,,,,,,,,,,,,,,,,,,,,,,,,,,,,,,,,,,,,,,,,,,,
MSB:Fish:11194,MSB 11194-4,Gambusia affinis,1992,7,24,JAR11571F,EO,07-17-2025,07-17-2025,35,27,456,EO,F,Arthropod,"Selected before size requirement change, patterned cysts on caudal fin",0,NA,0,0,0,0,0,0,0,0,0,0,0,0,0,0,0,0,0,0,0,0,0,0,0,0,0,2,0,0,0,0,0,0,0,0,0,0,0,0,,MSB 11194-4,Gambusia affinis,JAR11571F,Salsuginus sp.,2,EO,EO,Adult,Gill,70% etoh,P6KR3,8,MSB 11194-4,MONO.SALSP.GILL,,,,,,,,,,,,,,,,,,,,,,,,,,,,,,,,,,,,,,,,,,,,,,,,,
MSB:Fish:11126,MSB 11126-3,Gambusia affinis,1992,7,22,JAR11560F,JG,07-17-2025,07-17-2025,31,25,355,BP,F,Arthropod,Selected before size requirement change,0,NA,0,0,0,0,0,0,0,0,0,0,0,0,0,0,0,0,0,0,0,0,0,0,0,0,0,0,0,0,0,0,0,0,0,4,NA,0,0,0,,MSB 11126-3,Gambusia affinis,JAR11560F,Uknown Cyst,1,BP,BP,NA,Gill,70% etoh,P6KWN,8,MSB 11126-3,CYST.UNK.GILL,3 cysts destroyed,,,,,,,,,,,,,,,,,,,,,,,,,,,,,,,,,,,,,,,,,,,,,,,,
MSB:Fish:39100,MSB 39100-1,Gambusia affinis,1997,10,15,JAR11577F,BP,07-17-2025,07-17-2025,34,26,374,JG,NA,Arthropod,Selected before size requirement change,0,NA,0,0,0,0,0,0,0,0,0,0,0,0,0,0,0,0,0,0,0,0,0,0,0,0,0,0,1,0,0,0,0,0,0,0,0,0,0,0,,MSB 39100-1,Gambusia affinis,JAR11577F,Monogenea,1,JG,JG,NA,Gill,70% etoh,P6KR0,8,MSB 39100-1,MONO.SS.GILL,,,,,,,,,,,,,,,,,,,,,,,,,,,,,,,,,,,,,,,,,,,,,,,,,
MSB:Fish:38942,MSB 38942-1,Gambusia affinis,1997,7,5,JAR11120F,EO,07-17-2025,07-17-2025,50,42,2039,GC,F,Arthropod,Selected before size requirement change,0,NA,0,0,0,0,0,0,0,0,0,0,0,0,0,0,0,0,0,0,0,0,0,0,0,0,0,3,0,0,0,0,0,0,0,0,0,0,0,0,,MSB 38942-1,Gambusia affinis,JAR11120F,Salsuginus sp.,3,GC,GC,Adult,Gill,70% etoh,P6KT3,8,MSB 38942-1,MONO.SALSP.GILL,,,,,,,,,,,,,,,,,,,,,,,,,,,,,,,,,,,,,,,,,,,,,,,,,
MSB:Fish:11194,MSB 11194-1,Gambusia affinis,1992,7,24,JAR11563F,EO,07-17-2025,07-17-2025,29,24,333,GC,F,Arthropod,Selected before size requirement change,0,NA,0,0,0,0,0,0,0,0,0,0,0,0,0,0,0,0,0,0,0,0,0,0,0,0,0,3,0,0,0,0,0,0,0,0,NA,0,0,0,,MSB 11194-1,Gambusia affinis,JAR11563F,Salsuginus sp.,3,GC,GC,Adult,Gill,70% etoh,P6KT2,8,MSB 11194-1,MONO.SALSP.GILL,,,,,,,,,,,,,,,,,,,,,,,,,,,,,,,,,,,,,,,,,,,,,,,,,
MSB:Fish:11194,MSB 11194-3,Gambusia affinis,1992,7,24,JAR11569F,EO,07-17-2025,07-17-2025,28,22,159,GC,NA,Arthropod,Selected before size requirement change,0,NA,0,0,0,0,0,0,0,0,0,0,0,0,0,0,0,0,0,0,0,0,0,0,0,0,0,2,0,0,0,0,0,0,0,0,0,0,0,0,,MSB 11194-3,Gambusia affinis,JAR11569F,Salsuginus sp.,2,GC,GC,Adult,Gill,70% etoh,P6KT1,8,MSB 11194-3,MONO.SALSP.GILL,,,,,,,,,,,,,,,,,,,,,,,,,,,,,,,,,,,,,,,,,,,,,,,,,
MSB:Fish:39100,MSB 39100-2,Gambusia affinis,1997,10,15,JAR11573F,BP,07-17-2025,07-17-2025,38,28,500,EO,F,Arthropod,"Selected before size requirement change, patterned cysts on caudal fin",0,NA,0,0,0,0,0,0,0,0,0,0,0,0,0,0,0,0,0,0,0,0,0,0,0,0,0,0,4,0,0,0,0,0,0,0,NA,0,0,0,,MSB 39100-2,Gambusia affinis,JAR11573F,Monogenea,4,EO,EO,NA,Gill,70% etoh,P6KR4,8,MSB 39100-2,MONO.SS.GILL,,,,,,,,,,,,,,,,,,,,,,,,,,,,,,,,,,,,,,,,,,,,,,,,,
MSB:Fish:14485,MSB 14485-3,Gambusia affinis,1993,7,13,JAR11557F,EO,07-17-2025,07-17-2025,37,29,520,KL,F,Arthropod,Selected before size requirement change,0,NA,0,0,0,0,0,0,0,0,0,0,0,0,0,0,0,0,0,0,0,0,0,0,0,0,0,5,0,0,0,0,0,0,0,0,0,0,0,0,,MSB 14485-3,Gambusia affinis,JAR11557F,Salsuginus sp.,5,KL,KL,Adult,Gill,70% etoh,P6KSZ,8,MSB 14485-3,MONO.SALSP.GILL,,,,,,,,,,,,,,,,,,,,,,,,,,,,,,,,,,,,,,,,,,,,,,,,,
MSB:Fish:43165,MSB 43165-5,Gambusia affinis,1999,4,21,JAR11122F,EO,07-17-2025,07-17-2025,40,32,732,KL,F,NA,Selected before size requirement change,0,NA,0,0,0,0,0,0,0,0,0,0,0,0,0,0,0,0,0,0,0,0,0,0,0,0,5,1,0,0,0,0,0,0,0,0,NA,0,0,0,,MSB 43165-5,Gambusia affinis,JAR11122F,Cestoda sp.,5,KL,KL,Adult,Intestine,70% etoh,P6KR1,8,MSB 43165-5,CEST.A.INT,,Salsuginus sp.,1,KL,KL,Adult,Gill,70% etoh,P6KT0,8,MSB 43165-5,MONO.SALSP.GILL,,,,,,,,,,,,,,,,,,,,,,,,,,,,,,,,,,,,,
MSB:Fish:38942,MSB 38942-4,Gambusia affinis,1997,7,5,JAR11118F,EO,07-17-2025,07-17-2025,46,38,1451,KL,F,NA,Selected before size requirement change,0,NA,0,0,0,0,0,0,0,0,0,0,0,0,0,0,0,0,0,0,0,1,0,0,0,2,0,6,0,0,0,0,0,0,0,0,0,0,0,0,,MSB 38942-4,Gambusia affinis,JAR11118F,Bothriocephalus sp.,2,KL,KL,Plerocercoid,Intestine,70% etoh,P6KQX,8,MSB 38942-4,CEST.BOTSP.INT,One missing scolex,Nematoda,1,KL,KL,NA,Intestine,70% etoh,P6KQY,8,MSB 38942-4,NEMA.UNK.INT,Broken,Salsuginus sp. ,6,KL,KL,Adult,Gill,70% etoh,P6KQZ,8,MSB 38942-2,MONO.SALSP.GILL,,,,,,,,,,,,,,,,,,,,,,,,,
MSB:Fish:39100,MSB 39100-4,Gambusia affinis,1997,10,15,JAR11575F,BP,07-17-2025,07-17-2025,34,26,403,GC,F,Arthropod,Selected before size requirement change,0,NA,0,0,0,0,0,0,0,0,0,0,0,0,0,0,0,0,0,0,0,0,0,0,0,0,0,0,0,0,0,0,0,0,0,0,0,0,0,0,,,,,,,,,,,,,,,,,,,,,,,,,,,,,,,,,,,,,,,,,,,,,,,,,,,,,,,,,,,,,,,,
MSB:Fish:14485,MSB 14485-2,Gambusia affinis,1993,7,13,JAR11130F,JG,07-17-2025,07-17-2025,43,35,751,GC,F,NA,Selected before size requirement change,0,NA,0,0,0,0,0,0,0,0,0,0,0,0,0,0,0,0,0,0,0,0,0,0,0,0,0,0,0,0,0,0,0,0,0,0,0,0,0,0,,,,,,,,,,,,,,,,,,,,,,,,,,,,,,,,,,,,,,,,,,,,,,,,,,,,,,,,,,,,,,,,
MSB:Fish:11126,MSB 11126-5,Gambusia affinis,1992,7,22,JAR11558F,EO,07-17-2025,07-17-2025,26,21,179,KL,M,Arthropod,Selected before size requirement change,0,NA,0,0,0,0,0,0,0,0,0,0,0,0,0,0,0,0,0,0,0,0,0,0,0,0,0,0,0,0,0,0,0,0,0,0,0,0,0,0,,,,,,,,,,,,,,,,,,,,,,,,,,,,,,,,,,,,,,,,,,,,,,,,,,,,,,,,,,,,,,,,
MSB:Fish:11126,MSB 11126-4,Gambusia affinis,1992,7,22,JAR11559F,JG,07-17-2025,07-17-2025,40,34,733,GC,F,Arthropod,Selected before size requirement change,0,NA,0,0,0,0,0,0,0,0,0,0,0,0,0,0,0,0,0,0,0,0,0,0,0,0,0,0,0,0,0,0,0,0,0,0,0,0,0,0,,,,,,,,,,,,,,,,,,,,,,,,,,,,,,,,,,,,,,,,,,,,,,,,,,,,,,,,,,,,,,,,
MSB:Fish:39100,MSB 39100-3,Gambusia affinis,1997,10,15,JAR11574F,BP,07-17-2025,07-17-2025,25,20,167,KL,M,Arthropod,Selected before size requirement change,0,NA,0,0,0,0,0,0,0,0,0,0,0,1,0,0,0,0,0,0,0,0,0,0,0,0,0,0,0,0,0,0,0,0,0,0,0,0,0,0,,MSB 39100-3,Gambusia affinis,JAR11574F,Diplostomulum sp.,1,KL,KL,Metacercariae,Eye,70% etoh,P6KSY,9,MSB 39100-3,TREM.DIPS.EYES,,,,,,,,,,,,,,,,,,,,,,,,,,,,,,,,,,,,,,,,,,,,,,,,,
MSB:Fish:18799,MSB 18799-4,Gambusia affinis,1993,8,12,JAR11579F,BP,07-17-2025,07-17-2025,32,26,344,GC,F,Arthropod ,Selected before size requirement change,0,NA,0,0,0,0,0,0,0,0,0,0,0,0,0,0,0,0,0,0,0,0,0,0,0,0,0,0,3,0,0,0,0,0,0,0,0,0,0,0,,MSB 18799-4,Gambusia affinis,JAR11579F,Monogenea,3,GC,GC,Adult,Gill,70% etoh,P6KSX,9,MSB 18799-4,MONO.SS.GILL,,,,,,,,,,,,,,,,,,,,,,,,,,,,,,,,,,,,,,,,,,,,,,,,,
MSB:Fish:18799,MSB 18799-5,Gambusia affinis,1993,8,12,JAR11578F,BP,07-17-2025,07-17-2025,30,23,274,KL,F,NA,Selected before size requirement change,0,NA,0,0,0,0,0,0,0,0,0,0,0,0,0,0,0,0,0,0,0,0,0,0,0,0,0,1,5,0,0,0,0,0,0,0,0,0,0,0,,MSB 18799-5,Gambusia affinis,JAR11578F,Monogenea,5,KL,KL,NA,Gill,70% etoh,P6KSW,9,MSB 18799-5,MONO.SS.GILL,,Salsuginus sp.,1,KL,KL,Adult,Gill,70% etoh,P6KSV,9,MSB 18799-5,MONO.SALSP.GILL,,,,,,,,,,,,,,,,,,,,,,,,,,,,,,,,,,,,,
MSB:Fish:14485,MSB 14485-5,Gambusia affinis,1993,7,13,JAR11127F,JG,07-17-2025,07-17-2025,24,20,116,JG,NA,NA,Selected before size requirement change,0,NA,0,0,0,0,0,0,0,0,0,0,0,0,0,0,0,0,0,0,0,0,0,0,0,0,0,0,0,0,0,0,0,0,0,0,NA,0,0,0,,,,,,,,,,,,,,,,,,,,,,,,,,,,,,,,,,,,,,,,,,,,,,,,,,,,,,,,,,,,,,,,
MSB:Fish:43165,MSB 43165-4,Gambusia affinis,1999,4,21,JAR11123F,EO,07-17-2025,07-17-2025,38,30,636,JG GC,F,Arthropod,Selected before size requirement change,0,NA,0,0,0,0,0,0,0,0,0,0,0,0,0,0,0,0,0,0,0,0,0,0,0,0,0,0,0,0,0,0,0,0,0,0,NA,0,0,0,,,,,,,,,,,,,,,,,,,,,,,,,,,,,,,,,,,,,,,,,,,,,,,,,,,,,,,,,,,,,,,,
MSB:Fish:11194,MSB 11194-2,Gambusia affinis,1992,7,24,JAR11570F,EO,07-17-2025,07-17-2025,26,22,151,KL,M,NA,Selected before size requirement change,0,NA,0,0,0,0,0,0,0,0,0,0,0,0,0,0,0,0,0,0,0,0,0,0,0,0,0,0,0,0,0,1,0,0,0,0,NA,0,0,0,,MSB 11194-2,Gambusia affinis,JAR11570F,Myxozoa,1,KL,KL,NA,Gill,70% etoh,P6KSU,9,MSB 11194-2,MYXO.G.GILL,1 cluster ,,,,,,,,,,,,,,,,,,,,,,,,,,,,,,,,,,,,,,,,,,,,,,,,
MSB:Fish:43165,MSB 43165-2,Gambusia affinis,1999,4,21,JAR11125F,EO,07-17-2025,07-17-2025,38,30,668,EO,F,Arthropod,"Selected before size requirement change, patterned cysts on caudal fin",0,NA,0,0,0,0,0,0,0,0,0,0,0,0,0,0,0,0,0,0,0,0,0,0,0,,0,1,0,0,0,0,0,0,0,0,NA,0,0,0,,MSB 43165-2,Gambusia affinis,JAR11125F,Salsuginus sp.,1,EO,EO,Adult,Gill,70% etoh,P6KR5,9,MSB 43165-2,MONO.SALSP.GILL,,,,,,,,,,,,,,,,,,,,,,,,,,,,,,,,,,,,,,,,,,,,,,,,,
MSB:Fish:18799,MSB 18799-2,Gambusia affinis,1993,8,12,JAR11582F,BP,07-17-2025,07-17-2025,31,25,375,KL,F,NA,Selected before size requirement change,0,NA,0,0,0,0,0,0,0,0,0,0,0,0,0,0,0,0,0,0,0,0,0,0,0,0,0,2,0,0,0,0,0,0,0,0,NA,0,0,0,,MSB 18799-2,Gambusia affinis,JAR11582F,Salsuginus sp.,2,KL,KL,Adult,Gill,70% etoh,P6KST,9,MSB 18799-2,MONO.SALSP.GILL,,,,,,,,,,,,,,,,,,,,,,,,,,,,,,,,,,,,,,,,,,,,,,,,,
MSB:Fish:18799,MSB 18799-3,Gambusia affinis,1993,8,12,JAR11580,BP,07-17-2025,07-17-2025,36,28,509,EO,F,Arthropod,"Selected before size requirement change, cysts on caudal fin",0,NA,0,0,0,0,0,0,0,0,0,0,0,0,0,0,0,0,0,0,0,0,0,0,0,0,0,2,0,0,0,0,0,0,0,0,NA,0,0,0,,MSB 18799-3,Gambusia affinis,JAR11580F,Salsuginus sp.,2,EO,EO,Adult,Gill,70% etoh,P6KR6,9,MSB 18799-3,MONO.SALSP.GILL,,,,,,,,,,,,,,,,,,,,,,,,,,,,,,,,,,,,,,,,,,,,,,,,,
MSB:Fish:18799,MSB 18799-1,Gambusia affinis,1993,8,12,JAR11581F,BP,07-17-2025,07-17-2025,29,23,249,KL,M,NA,Selected before size requirement change,0,NA,0,0,0,0,0,0,0,0,0,0,0,0,0,0,0,0,0,0,0,0,0,0,0,0,0,2,2,0,0,0,0,0,0,0,0,0,0,0,,MSB 18799-1,Gambusia affinis,JAR11581F,Monogenea,2,KL,KL,NA,Gill,70% etoh,P6KSR,9,MSB 18799-1,MONO.SS.GILL,,Salsuginus sp.,2,KL,KL,Adult,Gill,70% etoh,P6KSQ,9,MSB 18799-1,MONO.SALSP.GILL,,,,,,,,,,,,,,,,,,,,,,,,,,,,,,,,,,,,,
MSB:Fish:10944,MSB 10944-2,Gambusia affinis,1992,7,15,JAR11565F,BP,07-17-2025,07-17-2025,37,29,751,GC,F,Arthropod,Selected before size requirement change,0,NA,0,0,0,0,0,0,0,0,0,0,0,0,0,0,0,0,0,0,0,0,0,0,0,0,0,14,0,0,0,0,0,0,0,0,0,0,0,0,,MSB 10944-2,Gambusia affinis,JAR11565F,Salsuginus sp.,14,GC,GC,Adult,Gill,70% etoh,P6KSS,9,MSB 10944-2,MONO.SALSP.GILL,,,,,,,,,,,,,,,,,,,,,,,,,,,,,,,,,,,,,,,,,,,,,,,,,
MSB:Fish:10922,MSB 10922-4,Gambusia affinis,1992,7,9,JAR11584F,JG,07-18-2025,07-18-2025,27,22,141,GC,F,Arthropod,Selected before size requirement change,0,NA,0,0,0,0,0,0,0,0,0,0,0,0,0,0,0,0,0,0,0,0,0,0,0,0,0,2,0,0,0,0,0,0,0,0,NA,0,0,0,,MSB 10922-4,Gambusia affinis,JAR11584F,Salsuginus sp.,2,GC,GC,Adult,Gill,70% etoh,P6KT8,9,MSB 10922-4,MONO.SALSP.GILL,,,,,,,,,,,,,,,,,,,,,,,,,,,,,,,,,,,,,,,,,,,,,,,,,
MSB:Fish:11194,MSB 11194-5,Gambusia affinis,1992,7,24,JAR11572F,EO,07-17-2025,07-18-2025,36,29,658,KL,NA,NA,Selected before size requirement change,0,NA,0,0,0,0,0,0,0,0,0,0,0,0,0,0,0,0,0,0,0,0,0,0,0,0,0,1,0,0,0,0,0,0,0,4,NA,0,0,0,,MSB 11194-5,Gambusia affinis,JAR11572F,Unknown cyst,4,KL,KL,NA,Gill,70% etoh,P6KS8,9,MSB 11194-5,CYST.UNK.GILL,,Salsuginus sp.,1,KL,KL,Adult,Gill,70% etoh,P6KS7,9,MSB 11194-5,MONO.SALSP.GILL,,,,,,,,,,,,,,,,,,,,,,,,,,,,,,,,,,,,,
MSB:Fish:10944,MSB 10944-1,Gambusia affinis,1992,7,15,JAR11568F,BP,07-17-2025,07-18-2025,43,33,1179,GC,F,Arthropod,"Selected before size requirement change, fish presenting with mild scoliosis",0,NA,0,0,0,0,0,0,0,0,0,0,0,0,0,0,0,0,0,0,0,0,0,0,0,0,0,38,0,0,0,0,0,0,0,0,NA,0,0,0,,MSB 10944-1,Gambusia affinis,JAR11568F,Salsuginus sp.,38,GC,GC,Adult,Gill,70% etoh,P6KT7,9,MSB 10944-1,MONO.SALSP.GILL,,,,,,,,,,,,,,,,,,,,,,,,,,,,,,,,,,,,,,,,,,,,,,,,,
MSB:Fish:10922,MSB 10922-5,Gambusia affinis,1992,7,9,JAR115843F,BP,07-18-2025,07-18-2025,30,24,322,GC,F,Arthropod,Selected before size requirement change,0,NA,0,0,0,0,0,0,0,0,0,0,0,0,0,0,0,0,0,0,0,0,0,0,0,0,0,6,0,0,0,0,0,0,0,0,0,0,0,0,,MSB 10922-5,Gambusia affinis,JAR11583F,Salsuginus sp.,6,GC,GC,Adult,Gill,70% etoh,P6KT6,9,MSB 10922-5,MONO.SALSP.GILL,,,,,,,,,,,,,,,,,,,,,,,,,,,,,,,,,,,,,,,,,,,,,,,,,
MSB:Fish:68470,MSB 68470-5,Gambusia affinis,1984,8,15,JAR11601F,BP,07-18-2025,07-18-2025,37,29,554,EO,F,Arthropod,"1980s+, <35.1° must be >35mm, 50% ISOP, Cysts on caudal fin",0,NA,0,0,0,0,0,0,0,0,0,0,0,0,0,0,0,0,0,0,0,0,0,0,0,0,0,2,0,0,0,0,0,0,0,0,NA,0,0,0,,MSB 68470-5,Gambusia affinis,JAR11601F,Salsuginus sp.,2,EO,EO,Adult,Gill,70% etoh,P6KR7,9,MSB 68470-5,MONO.SALSP.GILL,,,,,,,,,,,,,,,,,,,,,,,,,,,,,,,,,,,,,,,,,,,,,,,,,
MSB:Fish:68470,MSB 68470-3,Gambusia affinis,1984,8,15,JAR11608F,BP,07-18-2025,07-18-2025,44,33,959,JG,F,Arthropod,"1980s+, <35.1° must be >35mm, 50% ISOP",0,NA,0,0,0,0,0,0,0,0,0,0,0,3,0,0,0,0,0,0,0,0,0,0,0,0,0,0,0,0,0,0,0,0,0,0,0,0,0,0,,MSB 68470-3,Gambusia affinis,JAR11608F,Diplostomulum sp.,3,JG,JG,Metacercariae,Eye,70% etoh,P6KSD,9,MSB 68470-3,TREM.DIPS.EYE,,,,,,,,,,,,,,,,,,,,,,,,,,,,,,,,,,,,,,,,,,,,,,,,,
MSB:Fish:68521,MSB 68521-5,Gambusia affinis,1984,8,16,JAR11597F,BP,07-18-2025,07-18-2025,32,25,429,JG,F,Arthropod,"1980s+, <35.1° must be >35mm, 50% ISOP, cysts on caudal fin",0,NA,0,0,0,0,0,0,0,0,0,0,0,0,0,0,0,0,0,0,0,0,0,0,0,0,0,0,1,0,0,0,0,0,0,0,0,0,0,0,,MSB 68521-5,Gambusia affinis,JAR11597F,Monogenea,1,JG,JG,NA,Gill,70% etoh,P6KS9,9,MSB 68521-5,MONO.SS.GILL,,,,,,,,,,,,,,,,,,,,,,,,,,,,,,,,,,,,,,,,,,,,,,,,,
MSB:Fish:10944,MSB 10944-4,Gambusia affinis,1992,7,15,JAR11564F,BP,07-17-2025,07-18-2025,34,27,538,KL,F,NA,Selected before size requirement change,0,NA,0,0,0,0,0,0,0,0,0,0,0,0,0,0,0,0,0,0,0,0,0,0,0,0,0,19,3,0,0,0,0,0,0,0,0,0,0,0,One MONO.SALSP lost,MSB 10944-4,Gambusia affinis,JAR11564F,Salsuginus sp.,18,KL,KL,Adult,Gill,70% etoh,P6KS6,9,MSB 10944-4,MONO.SALSP.GILL,one lost,Monogenea,3,KL,KL,NA,Gill,70% etoh,P6KS5,9,MSB 10944-4,MONO.SS.GILL,,,,,,,,,,,,,,,,,,,,,,,,,,,,,,,,,,,,,
MSB:Fish:10944,MSB 10944-5,Gambusia affinis,1992,7,15,JAR11567F,BP,07-17-2025,07-18-2025,35,27,542,KL,F,NA,Selected before size requirement change,0,NA,0,0,0,0,0,0,0,0,0,0,0,0,0,0,0,0,0,0,0,0,0,0,0,0,0,4,0,0,0,0,0,0,0,1,NA,0,0,0,,MSB 10944-5,Gambusia affinis,JAR11567F,Unknown cyst,1,KL,KL,NA,Gill,70% etoh,P6KT4,9,MSB 10944-5,CYST.UNK.GILL,,Salsuginus sp.,4,KL,KL,Adult,Gill,70% etoh,P6KT5,9,MSB 10944-5,MONO.SALSP.GILL,,,,,,,,,,,,,,,,,,,,,,,,,,,,,,,,,,,,,
MSB:Fish:10922,MSB 10922-3,Gambusia affinis,1992,7,9,JAR11592F,BP,07-18-2025,07-18-2025,33,25,400,KL,F,NA,Selected before size requirement change,0,NA,0,0,0,0,0,0,0,0,0,0,0,0,0,0,0,0,0,0,0,0,0,1,0,0,0,6,1,0,0,0,0,0,0,0,0,0,0,0,,MSB 10922-3,Gambusia affinis,JAR11592F,Nematoda,1,KL,KL,NA,Intestine,70% etoh,P6KSB,9,MSB 10922-3,NEMA.MYST.INTESTINE,,Salsuginus sp.,6,KL,KL,Adult,Gill,70% etoh,P6KSC,9,MSB 10922-3,MONO.SALSP.GILL,,Monogenea,1,KL,KL,NA,Gill,70% etoh,P6KSA,9,MSB 10922-3,MONO.SS.GILL,,,,,,,,,,,,,,,,,,,,,,,,,
MSB:Fish:68521,MSB 68521-3,Gambusia affinis,1984,8,16,JAR11595F,JG,07-18-2025,07-18-2025,39,31,719,BP,F,Arthropod,"1980s+, <35.1° must be >35mm, 50% ISOP, Caudal fin cysts present",0,NA,0,0,0,0,0,0,0,0,0,0,0,0,0,0,0,0,0,0,0,0,0,0,0,0,0,0,0,0,0,0,0,0,0,0,NA,0,0,0,,,,,,,,,,,,,,,,,,,,,,,,,,,,,,,,,,,,,,,,,,,,,,,,,,,,,,,,,,,,,,,,
MSB:Fish:68483,MSB 68483-3,Gambusia affinis,1984,8,15,JAR11602F,BP,07-18-2025,07-18-2025,36,29,500,BP,F,Arthropod,"1980s+, <35.1° must be >35mm, 50% ISOP",0,NA,0,0,0,0,0,0,0,0,0,0,0,0,0,0,0,0,0,0,0,0,0,0,0,0,0,0,0,0,0,0,0,0,0,0,0,0,0,0,,,,,,,,,,,,,,,,,,,,,,,,,,,,,,,,,,,,,,,,,,,,,,,,,,,,,,,,,,,,,,,,
MSB:Fish:10922,MSB 10922-1,Gambusia affinis,1992,7,9,JAR11589F,JG,07-18-2025,07-18-2025,30,25,362,KL,F,NA,Selected before size requirement change,0,NA,0,0,0,0,0,0,0,0,0,0,0,0,0,0,0,0,0,0,0,0,0,0,0,0,0,0,0,0,0,0,0,0,0,0,NA,0,0,0,,,,,,,,,,,,,,,,,,,,,,,,,,,,,,,,,,,,,,,,,,,,,,,,,,,,,,,,,,,,,,,,
MSB:Fish:68483,MSB 68483-5,Gambusia affinis,1984,8,15,JAR11593F,JG,07-18-2025,07-18-2025,39,32,596,EO,F,Arthropod,"1980s+, <35.1° must be >35mm, 50% ISOP, patterned cysts on caudal fin",0,NA,0,0,0,0,0,0,0,0,0,0,0,0,0,0,0,0,0,0,0,0,0,0,0,0,0,0,0,0,0,0,0,0,0,0,NA,0,0,0,,,,,,,,,,,,,,,,,,,,,,,,,,,,,,,,,,,,,,,,,,,,,,,,,,,,,,,,,,,,,,,,
MSB:Fish:39100,MSB 39100-5,Gambusia affinis,1997,10,15,JAR11576F,BP,07-17-2025,07-18-2025,25,19,144,GC,F,Arthropod,Selected before size requirement change,0,NA,0,0,0,0,0,0,0,0,0,0,0,0,0,0,0,0,0,0,0,0,0,0,0,0,0,0,0,0,0,0,0,0,0,0,NA,0,0,0,,,,,,,,,,,,,,,,,,,,,,,,,,,,,,,,,,,,,,,,,,,,,,,,,,,,,,,,,,,,,,,,
MSB:Fish:10922,MSB 10922-2,Gambusia affinis,1992,7,9,JAR11586F,JG,07-18-2025,07-18-2025,25,20,143,GC,F,Arthropod,Selected before size requirement change,0,NA,0,0,0,0,0,0,0,0,0,0,0,0,0,0,0,0,0,0,0,0,0,0,0,0,0,0,0,0,0,0,0,0,0,0,NA,0,0,0,,,,,,,,,,,,,,,,,,,,,,,,,,,,,,,,,,,,,,,,,,,,,,,,,,,,,,,,,,,,,,,,
MSB:Fish:68521,MSB 68521-4,Gambusia affinis,1984,8,16,JAR11598F,BP,07-18-2025,07-18-2025,31,24,369,KL,F,NA,"1980s+ only >30mm, 50% ISOP",0,NA,0,0,0,0,0,0,0,0,0,0,0,0,0,0,0,0,0,0,0,0,0,2,0,0,0,1,0,0,0,0,0,0,0,0,NA,0,0,0,,MSB 68521-4,Gambusia affinis,JAR11598F,Nematoda,2,KL,KL,NA,Intestine,70% etoh,P6KS4,9,MSB 68521-4,NEMA.MYST.INTESTINE,,Salsuginus sp.,1,KL,KL,Adult,Gill,70% etoh,P6KS3,9,MSB 68521-4,MONO.SALSP.GILL,,,,,,,,,,,,,,,,,,,,,,,,,,,,,,,,,,,,,
MSB:Fish:10944,MSB 10944-3,Gambusia affinis,1992,7,15,JAR11566F,BP,07-17-2025,07-18-2025,48,36,1418,GC,F,NA,Selected before size requirement change,0,NA,0,0,0,0,0,0,0,0,0,0,0,0,0,0,0,0,0,0,0,0,0,0,0,0,0,19,0,0,0,0,0,0,0,0,0,0,0,0,,MSB 10944-3,Gambusia affinis,JAR11566F,Salsuginus sp.,19,GC,GC,Adult,Gill,70% etoh,P6KT9,9,MSB 10944-3,MONO.SALSP.GILL,,,,,,,,,,,,,,,,,,,,,,,,,,,,,,,,,,,,,,,,,,,,,,,,,
MSB:Fish:68483,MSB 68483-1,Gambusia affinis,1984,8,15,JAR11594F,JG,07-18-2025,07-18-2025,36,29,526,JG,F,NA,"1980s+, <35.1° must be >35mm, 50% ISOP",0,NA,0,0,0,0,0,0,0,0,0,0,0,0,0,0,0,0,0,0,0,0,0,0,0,0,0,0,0,0,0,0,0,0,0,0,0,0,0,0,,,,,,,,,,,,,,,,,,,,,,,,,,,,,,,,,,,,,,,,,,,,,,,,,,,,,,,,,,,,,,,,
MSB:Fish:68483,MSB 68483-4,Gambusia affinis,1984,8,15,JAR11599,JG,07-18-2025,07-18-2025,37,30,507,GC,F,Arthropod,"1980s+, <35.1° must be >35mm, 50% ISOP",0,NA,0,0,0,0,0,0,0,0,0,0,0,0,0,0,0,0,0,0,0,0,0,0,0,0,0,3,0,0,0,0,0,0,0,0,NA,0,0,0,,MSB 68483-4,Gambusia affinis,JAR11599F,Salsuginus sp.,3,GC,GC,Adult,Gill,70% etoh,P6KTA,9,MSB 68483-4,MONO.SALSP.GILL,,,,,,,,,,,,,,,,,,,,,,,,,,,,,,,,,,,,,,,,,,,,,,,,,
MSB:Fish:68521,MSB 68521-2,Gambusia affinis,1984,8,16,JAR11603F,BP,07-18-2025,07-18-2025,36,27,661,BP,F,Arthropod,"1980s+, <35.1° must be >35mm, 50% ISOP",0,NA,0,0,0,0,0,0,0,0,0,0,0,0,0,0,0,0,0,0,0,0,0,0,0,0,0,1,0,0,0,0,0,0,0,0,1,0,0,0,,MSB 68521-2,Gambusia affinis,JAR11603F,Salsuginus sp.,1,BP,BP,Adult,Gill,70% etoh,P6KWO,9,MSB 68521-2,MONO.SALSP.GILL,,Myxidium sp.,1,BP,BP,NA,Gall bladder,70% etoh,P6KWP,9,MSB 68521-2,MYXO.MYXID.GALLBLADDER,,,,,,,,,,,,,,,,,,,,,,,,,,,,,,,,,,,,,
MSB:Fish:68483,MSB 68483-2,Gambusia affinis,1984,8,15,JAR11596F,JG,07-18-2025,07-18-2025,35,29,498,KL,F,NA,"1980s+, <35.1° must be >35mm, 50% ISOP",0,NA,0,0,0,0,0,0,0,0,0,0,0,0,0,0,0,0,0,0,0,0,0,0,0,0,0,0,0,0,0,0,0,0,0,0,0,0,0,0,,,,,,,,,,,,,,,,,,,,,,,,,,,,,,,,,,,,,,,,,,,,,,,,,,,,,,,,,,,,,,,,
MSB:Fish:68521,MSB 68521-1,Gambusia affinis,1984,8,16,JAR11600F,JG,07-18-2025,07-18-2025,39,31,597,KL,F,NA,"1980s+ only > 30mm, 50% ISOP",0,NA,0,0,0,0,0,0,0,0,0,0,0,0,0,0,0,0,0,0,0,0,0,0,0,0,0,0,0,0,0,0,0,0,0,0,0,0,0,0,,,,,,,,,,,,,,,,,,,,,,,,,,,,,,,,,,,,,,,,,,,,,,,,,,,,,,,,,,,,,,,,
MSB:Fish:68470,MSB 68470-1,Gambusia affinis,1984,8,15,JAR11604F,BP,07-18-2025,07-18-2025,41,31,874,KL,F,NA,"1980s+, <35.1° must be >35mm, 50% ISOP",0,NA,0,0,0,0,0,0,0,0,0,0,0,0,0,0,0,0,0,0,0,0,0,0,0,0,0,5,0,0,0,0,0,0,0,0,NA,0,0,0,,MSB 68470-1,Gambusia affinis,JAR11604F,Salsuginus sp.,5,KL,KL,Adult,Gill,70% etoh,P6KS2,9,MSB 68470-1,MONO.SALSP.GILL,,,,,,,,,,,,,,,,,,,,,,,,,,,,,,,,,,,,,,,,,,,,,,,,,
MSB:Fish:68470,MSB 68470-2,Gambusia affinis,1984,8,15,JAR11605F,JG,07-18-2025,07-18-2025,37,30,568,GC,F,Arthropod,"1980s+, <35.1° must be >35mm, 50% ISOP",0,NA,0,0,0,0,0,0,0,0,0,0,0,0,0,0,0,0,0,0,0,0,0,0,0,0,0,0,0,0,0,0,0,0,0,0,0,0,0,0,,,,,,,,,,,,,,,,,,,,,,,,,,,,,,,,,,,,,,,,,,,,,,,,,,,,,,,,,,,,,,,,
MSB:Fish:68470,MSB 68470-4,Gambusia affinis,1984,8,15,JAR11611F,JG,07-18-2025,07-18-2025,35,30,521,JG,NA,Arthropod,"1980s+, <35.1° must be >35mm, 50% ISOP",0,NA,0,0,0,0,0,0,0,0,0,0,0,1,0,0,0,0,0,0,0,0,0,0,0,0,0,6,0,0,0,0,0,0,0,0,0,0,0,0,,MSB 68470-4,Gambusia affinis,JAR11611F,Salsuginus sp.,6,JG,JG,Adult,Gill,70% etoh,P6KS1,9,MSB 68470-4,MONO.SALSP.GILL,,Diplostomulum sp.,1,JG,JG,Metacercariae,Eye,70% etoh,P6KSE,9,MSB 68470-4,TREM.DIPS.EYE,,,,,,,,,,,,,,,,,,,,,,,,,,,,,,,,,,,,,
MSB:Fish:3993,MSB 3993-4,Gambusia affinis,1977,9,28,JAR11626F,BP,07-21-2025,07-21-2025,29,23,333,GC,F,Arthropod,50% ISOP,0,NA,0,0,0,0,0,0,0,0,0,0,0,0,0,0,0,0,0,0,0,0,0,0,0,0,0,1,0,0,0,0,0,0,0,0,0,0,0,0,,MSB 3993-4,Gambusia affinis,JAR11626F,Salsuginus sp.,1,GC,GC,Adult,Gill,70% etoh,P6KTE,9,MSB 3993-4,MONO.SALSP.GILL,,,,,,,,,,,,,,,,,,,,,,,,,,,,,,,,,,,,,,,,,,,,,,,,,
MSB:Fish:4012,MSB 4012-3,Gambusia affinis,1977,9,28,JAR11617F,JG,07-21-2025,07-21-2025,32,27,303,GC,F,Arthropod,50% ISOP,0,NA,0,0,0,0,0,0,0,0,0,0,0,0,0,0,0,0,0,0,0,0,0,0,0,0,0,0,0,0,0,0,0,0,0,0,1,0,0,0,,MSB 4012-3,Gambusia affinis,JAR11617F,Myxidium sp.,1,GC,GC,NA,Gall bladder,70% etoh,P6KTD,9,MSB 4012-3,MYXO.MYXID.GALLBLADDER,,,,,,,,,,,,,,,,,,,,,,,,,,,,,,,,,,,,,,,,,,,,,,,,,
MSB:Fish:68508,MSB 68508-3,Gambusia affinis,1984,8,15,JAR11585F,BP,07-21-2025,07-21-2025,37,28,556,EO,F,Arthropod,"1980s+ only 30mm and up, 50% ISOP, patterned cysts on caudal fin",0,NA,0,0,0,0,0,0,0,0,0,0,0,0,0,0,0,0,0,0,0,0,0,1,0,0,0,1,0,0,0,0,0,0,0,0,0,0,0,0,,MSB 68508-3,Gambusia affinis,JAR11585F,Salsuginus sp.,1,EO,EO,Adult,Gill,70% etoh,P6KR8,9,MSB 68508-3,MONO.SALSP.GILL,,Nematoda,1,EO,EO,Adult,Intestine,70% etoh,P6KR9,9,MSB 68508-3,NEMA.MYST.INTESTINE,,,,,,,,,,,,,,,,,,,,,,,,,,,,,,,,,,,,,
MSB:Fish:3993,MSB 3993-2,Gambusia affinis,1977,9,28,JAR11621F,BP,07-21-2025,07-21-2025,26,20,224,GC,F,Arthropod,50% ISOP,0,NA,0,0,0,0,0,0,0,0,0,0,0,0,0,0,0,0,0,0,0,0,0,0,0,0,0,6,0,0,0,0,0,0,0,0,0,0,0,0,,MSB 3993-2,Gambusia affinis,JAR11621F,Salsuginus sp.,6,GC,GC,Adult,Gill,70% etoh,P6KTF,9,MSB 3993-2,MONO.SALSP.GILL,,,,,,,,,,,,,,,,,,,,,,,,,,,,,,,,,,,,,,,,,,,,,,,,,
MSB:Fish:68508,MSB 68508-1,Gambusia affinis,1984,8,15,JAR11590F,BP,07-21-2025,07-21-2025,36,27,487,GC,F,"Arthropod, Vegetation","1980s+ only 30mm and up, 50% ISOP",0,NA,0,0,0,0,0,0,0,0,0,0,0,0,0,0,0,0,0,0,0,0,0,1,0,0,0,1,0,0,0,0,0,0,0,0,0,0,0,0,,MSB 68508-1,Gambusia affinis,JAR11590F,Salsuginus sp.,1,GC,GC,Adult,Gill,70% etoh,P6KTB,9,MSB 68508-1,MONO.SALSP.GILL,,Nematoda,1,GC,GC,Adult,Intestine,70% etoh,P6KTC,9,MSB 68508-1,NEMA.MYST.INTESTINE,,,,,,,,,,,,,,,,,,,,,,,,,,,,,,,,,,,,,
MSB:Fish:7239,MSB 7239-4,Gambusia affinis,1989,11,12,JAR11615F,BP,07-21-2025,07-21-2025,29,22,268,EO,F,NA,"1980s+, <35.1° must be >35mm, 50% ISOP, Doesn't meet latitude requirement, patterned cysts on caudal fin",0,NA,0,0,0,0,0,0,0,0,0,0,0,0,0,0,0,0,0,0,0,0,0,0,0,0,0,0,3,0,0,1,0,0,0,0,0,0,0,0,1 MONO.SS lost,MSB 7239-4,Gambusia affinis,JAR11615F,Monogenea,2,EO,EO,NA,Gill,70% etoh,P6KRC,9,MSB 7239-4,MONO.SS.GILL,1 lost,Myxozoa,1,EO,EO,NA,Gill,70% etoh,P6KRB,9,MSB 7239-4,MYXO.G.GILL,,,,,,,,,,,,,,,,,,,,,,,,,,,,,,,,,,,,,
MSB:Fish:6300,MSB 6300-1,Gambusia affinis,1988,11,12,JAR11625F,BP,07-21-2025,07-21-2025,33,26,347,BP,M,NA,"1980s+ only 30mm+, 50% ISOP",0,NA,0,0,0,0,0,0,0,0,0,0,0,0,0,0,0,0,0,0,0,0,0,0,0,0,0,0,0,0,0,1,0,0,0,0,0,0,0,0,,MSB 6300-1,Gambusia affinis,JAR11625F,Myxozoa,1,BP,BP,NA,Gill,70% etoh,P6KWQ,9,MSB 6300-1,MYXO.G.GILL,,,,,,,,,,,,,,,,,,,,,,,,,,,,,,,,,,,,,,,,,,,,,,,,,
MSB:Fish:68508,MSB 68508-2,Gambusia affinis,1984,8,15,JAR11591F,JG,07-21-2025,07-21-2025,34,27,416,JG,F,Arthropod,"1980s+ only 30mm and up, 50% ISOP, Cysts on caudal fin",0,NA,0,0,0,0,0,0,0,0,0,0,0,0,0,0,0,0,0,0,0,0,0,0,0,0,0,0,0,0,0,0,0,0,0,0,0,0,0,0,,,,,,,,,,,,,,,,,,,,,,,,,,,,,,,,,,,,,,,,,,,,,,,,,,,,,,,,,,,,,,,,
MSB:Fish:6300,MSB 6300-4,Gambusia affinis,1988,11,12,JAR11622F,JG,07-21-2025,07-21-2025,33,25,280,BP,NA,Arthropod,"1980s+ only 30mm+, 50% ISOP",0,NA,0,0,0,0,0,0,0,0,NA,0,0,0,0,0,0,0,0,0,0,0,0,0,0,0,0,0,0,0,0,0,0,0,0,0,NA,0,0,0,,,,,,,,,,,,,,,,,,,,,,,,,,,,,,,,,,,,,,,,,,,,,,,,,,,,,,,,,,,,,,,,
MSB:Fish:68508,MSB 68508-4,Gambusia affinis,1984,8,15,JAR11588F,JG,07-21-2025,07-21-2025,35,28,587,GC,F,Arthropod,"1980s+ only 30mm and up, 50% ISOP",0,NA,0,0,0,0,0,0,0,0,0,0,0,0,0,0,0,0,0,0,0,0,0,0,0,0,0,0,0,0,0,0,0,0,0,0,0,0,0,0,,,,,,,,,,,,,,,,,,,,,,,,,,,,,,,,,,,,,,,,,,,,,,,,,,,,,,,,,,,,,,,,
MSB:Fish:6300,MSB 6300-5,Gambusia affinis,1988,11,12,JAR11624F,JG,07-21-2025,07-21-2025,33,27,377,GC,F,Arthropod,"1980s+ only 30mm+, 50% ISOP",0,NA,0,0,0,0,0,0,0,0,0,0,0,0,0,0,0,0,0,0,0,0,0,0,0,0,0,0,0,0,0,0,0,0,0,0,0,0,0,0,,,,,,,,,,,,,,,,,,,,,,,,,,,,,,,,,,,,,,,,,,,,,,,,,,,,,,,,,,,,,,,,
MSB:Fish:68508,MSB 68508-5,Gambusia affinis,1984,8,15,JAR11587F,BP,07-21-2025,07-21-2025,33,25,397,JG,F,NA,"1098s+ only 30mm and up, 50% ISOP, cysts on caudal fin",0,NA,0,0,0,0,0,0,0,0,0,0,0,0,0,0,0,0,0,0,0,0,0,0,0,0,0,2,0,0,0,0,0,0,0,0,NA,0,0,0,,MSB 68508-5,Gambusia affinis,JAR11587F,Salsuginus sp.,2,JG,JG,Adult,Gill,70% etoh,P6KSF,9,MSB 68508-5,MONO.SALSP.GILL,,,,,,,,,,,,,,,,,,,,,,,,,,,,,,,,,,,,,,,,,,,,,,,,,
MSB:Fish:4012,MSB 4012-2,Gambusia affinis,1977,9,28,JAR11610F,BP,07-21-2025,07-21-2025,31,24,316,GC,F,Arthropod,50% ISOP,0,NA,0,0,0,0,0,0,0,0,0,0,0,0,0,0,0,0,0,0,0,0,0,0,0,0,0,0,0,0,0,0,0,0,0,0,0,0,0,0,,,,,,,,,,,,,,,,,,,,,,,,,,,,,,,,,,,,,,,,,,,,,,,,,,,,,,,,,,,,,,,,
MSB:Fish:7239,MSB 7230-1,Gambusia affinis,1989,11,12,JAR11606F,JG,07-21-2025,07-21-2025,30,23,279,GC,F,NA,"1980s+, <35.1° must be >35mm, 50% ISOP, Does not meet latitude requirement",0,NA,0,0,0,0,0,0,0,0,0,0,0,0,0,0,0,0,0,0,0,0,0,0,0,0,0,0,0,0,0,0,0,0,0,0,NA,0,0,0,,,,,,,,,,,,,,,,,,,,,,,,,,,,,,,,,,,,,,,,,,,,,,,,,,,,,,,,,,,,,,,,
MSB:Fish:3993,MSB 3993-1,Gambusia affinis,1977,9,28,JAR11623F,JG,07-21-2025,07-21-2025,25,20,170,GC,NA,Arthropod,50% ISOP,0,NA,0,0,0,0,0,0,0,0,0,0,0,0,0,0,0,0,0,0,0,0,0,0,0,0,0,2,0,0,0,0,0,0,0,0,0,0,0,0,,MSB 3993-1,Gambusia affinis,JAR11623F,Salsuginus sp.,2,GC,GC,Adult,Gill,70% etoh,P6KTG,9,MSB 3993-1,MONO.SALSP.GILL,,,,,,,,,,,,,,,,,,,,,,,,,,,,,,,,,,,,,,,,,,,,,,,,,
MSB:Fish:4012,MSB 4012-5,Gambusia affinis,1977,9,28,JAR11616F,JG,07-21-2025,07-21-2025,25,21,169,JG,NA,Arthropod,50% ISOP,0,NA,0,0,0,0,0,0,0,0,0,0,0,0,0,0,0,0,0,0,0,0,0,0,0,0,0,2,0,0,0,0,0,0,0,0,0,0,0,0,,MSB 4012-5,Gambusia affinis,JAR11616F,Salsuginus sp.,2,JG,JG,Adult,Gill,70% etoh,P6KSH,9,MSB 4012-5,MONO.SALSP.GILL,,,,,,,,,,,,,,,,,,,,,,,,,,,,,,,,,,,,,,,,,,,,,,,,,
MSB:Fish:3993,MSB 3993-3,Gambusia affinis,1977,9,28,JAR11618F,JG,07-21-2025,07-21-2025,28,21,181,BP,M,NA,50% ISOP,0,NA,0,0,0,0,0,0,0,0,0,0,0,0,0,0,0,0,0,0,0,0,0,0,0,0,0,4,0,0,0,0,0,0,0,0,0,0,0,0,,MSB 3993-3,Gambusia affinis,JAR11618F,Salsuginus sp.,4,BP,BP,Adult,Gill,70% etoh,P6KWR,9,MSB 3993-3,MONO.SALSP.GILL,,,,,,,,,,,,,,,,,,,,,,,,,,,,,,,,,,,,,,,,,,,,,,,,,
MSB:Fish:7239,MSB 7239-2,Gambusia affinis,1989,11,12,JAR11612F,BP,07-21-2025,07-21-2025,36,27,500,JG,NA,Arthropod,"1980s+, <35.1° must be >35mm, 50% ISOP, does not meet latitude requirement",0,NA,0,0,0,0,0,0,0,0,0,0,0,0,0,0,0,0,0,0,0,0,0,0,0,9,0,0,0,0,0,0,0,0,0,0,0,0,0,0,,MSB 7239-2,Gambusia affinis,JAR11612F,Bothriocephalus sp.,9,JG,JG,Larval,Intestine,70% etoh,P6KSG,9,MSB 7239-2,CEST.BOTSP.INT,,,,,,,,,,,,,,,,,,,,,,,,,,,,,,,,,,,,,,,,,,,,,,,,,
MSB:Fish:3993,MSB 3993-5,Gambusia affinis,1977,9,28,JAR11620F,JG,07-21-2025,07-21-2025,27,21,186,BP,M,NA,50% ISOP,0,NA,0,0,0,0,0,0,0,0,0,0,0,0,0,0,0,0,0,0,0,0,0,0,0,0,0,2,0,0,0,0,0,0,0,0,0,0,0,0,,MSB 3993-5,Gambusia affinis,JAR11620F,Salsuginus sp.,2,BP,BP,Adult,Gill,70% etoh,P6KWS,9,MSB 3993-5,MONO.SALSP.GILL,,,,,,,,,,,,,,,,,,,,,,,,,,,,,,,,,,,,,,,,,,,,,,,,,
MSB:Fish:4012,MSB 4012-1,Gambusia affinis,1977,8,28,JAR11607F,JG,07-21-2025,07-21-2025,32,25,365,EO,F,Arthropod,50% ISOP,0,NA,0,0,0,0,0,0,0,0,0,0,0,0,0,0,0,0,0,0,0,0,0,0,0,0,0,0,0,0,0,0,0,0,0,0,0,0,0,0,,,,,,,,,,,,,,,,,,,,,,,,,,,,,,,,,,,,,,,,,,,,,,,,,,,,,,,,,,,,,,,,
MSB:Fish:7239,MSB 7239-3,Gambusia affinis,1989,11,12,JAR11609F,JG,07-21-2025,07-21-2025,27,22,204,GC,NA,NA,"1980s+, <35.1° must be >35mm, 50% ISOP, does not meet latitude requirement",0,NA,0,0,0,0,0,0,0,0,0,0,0,0,0,0,0,0,0,0,0,0,0,0,0,0,0,0,0,0,0,0,0,0,0,0,NA,0,0,0,,,,,,,,,,,,,,,,,,,,,,,,,,,,,,,,,,,,,,,,,,,,,,,,,,,,,,,,,,,,,,,,
MSB:Fish:4012,MSB 4012-4,Gambusia affinis,1977,9,28,JAR11613F,BP,07-21-2025,07-21-2025,26,20,178,GC,F,NA,50% ISOP,0,NA,0,0,0,0,0,0,0,0,0,0,0,0,0,0,0,0,0,0,0,0,0,0,0,0,0,0,0,0,0,0,0,0,0,0,0,0,0,0,,,,,,,,,,,,,,,,,,,,,,,,,,,,,,,,,,,,,,,,,,,,,,,,,,,,,,,,,,,,,,,,
MSB:Fish:6300,MSB 6300-3,Gambusia affinis,1988,11,12,JAR11627F,BP,07-21-2025,07-21-2025,33,25,348,EO,F,Arthropod,"50% ISOP, 1980S+, only 30mm+",0,NA,0,0,0,0,0,0,0,0,0,0,0,0,0,0,0,0,0,0,0,0,0,0,0,0,0,0,0,0,0,0,0,0,0,0,0,0,0,0,,,,,,,,,,,,,,,,,,,,,,,,,,,,,,,,,,,,,,,,,,,,,,,,,,,,,,,,,,,,,,,,
MSB:Fish:6300,MSB 6300-2,Gambusia affinis,1988,11,12,JAR11619F,JG,07-21-2025,07-21-2025,34,27,388,GC,F,Arthropod,"50% ISOP, 1980S+, only 30mm+",0,NA,0,0,0,0,0,0,0,0,0,0,0,0,0,0,0,0,0,0,0,0,0,0,0,0,0,0,0,0,0,0,0,0,0,0,0,0,0,0,,,,,,,,,,,,,,,,,,,,,,,,,,,,,,,,,,,,,,,,,,,,,,,,,,,,,,,,,,,,,,,,
MSB:Fish:7239,MSB 7239-5,Gambusia affinis,1989,11,12,JAR11614F,JG,07-21-2025,07-21-2025,30,24,281,EO,F,Arthropod,"1980s+, <35.1° must be >35mm, 50% ISOP, does not meet latitude requirement, cysts on caudal fin",0,NA,0,0,0,0,0,0,0,0,0,0,0,0,0,0,0,0,0,0,0,0,0,0,0,0,0,0,0,0,0,0,0,0,0,0,0,0,0,0,,,,,,,,,,,,,,,,,,,,,,,,,,,,,,,,,,,,,,,,,,,,,,,,,,,,,,,,,,,,,,,,
MSB:Fish:11095,MSB 11095-1,Gambusia affinis,1992,7,21,JAR11015F,KL,07-23-2025,07-23-2025,26,21,178,KL,NA,NA,UW dissected,0,NA,0,0,0,0,0,0,0,0,0,0,0,2,0,0,0,0,0,0,0,0,0,0,0,0,0,2,0,0,0,0,0,0,0,0,NA,0,0,0,,MSB 11095-1,Gambusia affinis,JAR11015F,Diplostomulum sp.,2,KL,KL,Metacercariae,eye,70% etoh,P6K7C,20,MSB 11095-1,TREM.DIPS.EYE,,Salsuginus sp.,2,KL,KL,Adult,Gills,70% etoh,P6K7D,20,MSB 11095-1,MONO.SALSP.GILL,,,,,,,,,,,,,,,,,,,,,,,,,,,,,,,,,,,,,
MSB:Fish:11095,MSB 11095-3,Gambusia affinis,1992,7,21,JAR11013F,KL,07-23-2025,07-23-2025,35,28,526,KL,F,Arthropod,UW dissected,0,NA,0,0,0,0,0,0,0,0,0,0,0,0,0,0,0,0,0,0,0,0,0,0,0,0,0,1,0,0,0,0,0,0,0,0,1,0,0,0,,MSB 11095-3,Gambusia affinis,JAR11013F,Salsuginus sp.,1,KL,KL,Adult,Gill,70% etoh,P6K7B,20,MSB 11095-3,MONO.SALSP.GILL,,Myxidium sp.,present (1 cluster),KL,KL,NA,Gall Bladder,70% etoh,P6K7A,20,MSB 11095-3,MYXO.MYXID.GALLBLADDER,,,,,,,,,,,,,,,,,,,,,,,,,,,,,,,,,,,,,
MSB:Fish:11095,MSB 11095-2,Gambusia affinis,1992,7,21,JAR11016F,KL,07-23-2025,07-23-2025,33,27,385,KL,F,NA,UW dissected,0,NA,0,0,0,0,0,0,0,0,0,0,0,0,0,0,0,0,0,0,0,0,0,0,0,0,0,2,0,0,0,0,0,0,0,0,1,0,0,0,,MSB 11095-2,Gambusia affinis,JAR11016F,Salsuginus sp.,2,KL,KL,Adult,Gill,70% etoh,P6K79,20,MSB 11095-2,MONO.SALSP.GILL,,Myxidium sp.,present (1 cluster),KL,KL,NA,Gall Bladder,70% etoh,P6K78,20,MSB 11095-2,MYXO.MYXID.GALLBLADDER,,,,,,,,,,,,,,,,,,,,,,,,,,,,,,,,,,,,,
MSB:Fish:11095,MSB 11095-4,Gambusia affinis,1992,7,21,JAR11000F,KL,07-23-2025,07-23-2025,31,25,375,KL,F,Arthropod,UW dissected,0,NA,0,0,0,0,0,0,0,0,0,0,0,0,0,0,0,0,0,0,0,0,0,0,0,0,0,2,0,0,0,0,0,0,0,0,na,0,0,0,,MSB 11095-4,Gambusia affinis,JAR11000F,Salsuginus sp.,2,KL,KL,Adult,Gill,70% etoh,P6K77,20,MSB 11095-4,MONO.SALSP.GILL,,,,,,,,,,,,,,,,,,,,,,,,,,,,,,,,,,,,,,,,,,,,,,,,,
MSB:Fish:11095,MSB 11095-5,Gambusia affinis,1992,7,21,JAR11003F,KL,07-23-2025,07-23-2025,32,26,460,KL,NA,Arthropod,UW dissected,0,NA,0,0,0,0,0,0,0,0,0,0,0,0,0,0,0,0,0,0,0,0,0,0,0,0,4,0,0,0,0,0,0,0,0,0,NA,0,0,0,,MSB 11095-5,Gambusia affinis,JAR11003F,Cestoda,4,kl,kl,Adult,Intestine,70% etoh,P6K76,20,MSB 11095-5,CEST.A.INT,,,,,,,,,,,,,,,,,,,,,,,,,,,,,,,,,,,,,,,,,,,,,,,,,
MSB:Fish:19155,MSB 19155-1,Gambusia affinis,1993,8,4,JAR11020F,KL,07-23-2025,07-24-2025,38,30,585,KL,F,NA,UW dissected,0,NA,0,0,0,0,0,0,0,0,0,0,0,0,0,0,0,0,0,0,0,0,0,0,0,0,0,5,0,0,0,0,0,0,0,0,0,0,0,0,,MSB 19155-1,Gambusia affinis,JAR11020F,Salsuginus sp.,5,KL,KL,Adult,Gill,70% etoh,P6K7R,20,MSB 19155-1,MONO.SALSP.GILL,,,,,,,,,,,,,,,,,,,,,,,,,,,,,,,,,,,,,,,,,,,,,,,,,
MSB:Fish:19155,MSB 19155-2,Gambusia affinis,1993,8,4,JAR11021F,KL,07-23-2025,07-24-2025,34,28,495,KL,F,NA,UW dissected,0,NA,0,0,0,0,0,0,0,0,0,0,0,0,0,0,0,0,0,0,0,0,0,0,0,0,0,6,0,0,0,0,0,0,0,0,NA,0,0,0,,MSB 19155-2,Gambusia affinis,JAR11021F,Salsuginus sp.,6,KL,KL,Adult,Gill,70% etoh,P6K7Q,20,MSB 19155-2,MONO.SALSP.GILL,,,,,,,,,,,,,,,,,,,,,,,,,,,,,,,,,,,,,,,,,,,,,,,,,
MSB:Fish:19155,MSB 19155-3,Gambusia affinis,1993,8,4,JAR11022F,KL,07-23-2025,07-24-2025,31,26,355,KL,F,NA,UW dissected,0,NA,0,0,0,0,0,0,0,0,0,0,0,0,0,0,0,0,0,0,0,0,0,0,0,0,0,2,0,0,0,0,0,0,0,0,1,0,0,0,,MSB 19155-3,Gambusia affinis,JAR11022F,Salsuginus sp.,2,KL,KL,Adult,Gill,70% etoh,P6K7P,20,MSB 19155-3,MONO.SALSP.GILL,,Myxidium sp.,present (1 cluster),KL,KL,NA,Gall Bladder,70% etoh,P6K7O,20,MSB 19155-3,MYXO.MYXID.GALLBLADDER,,,,,,,,,,,,,,,,,,,,,,,,,,,,,,,,,,,,,
MSB:Fish:19155,MSB 19155-5,Gambusia affinis,1993,8,4,JAR11012F,KL,07-23-2025,07-24-2025,38,32,697,KL,F,NA,UW dissected,0,NA,0,0,0,0,0,0,0,0,0,0,0,0,0,0,0,0,0,0,0,0,0,0,0,0,0,0,0,0,0,0,0,0,0,0,1,0,0,0,,MSB 19155-5,Gambusia affinis,JAR11012F,Myxidium sp.,1 (present),KL,KL,NA,Gall Bladder,70% etoh,P6K7N,20,MSB 19155-5,MYXO.MYXID.GALLBLADDER,,,,,,,,,,,,,,,,,,,,,,,,,,,,,,,,,,,,,,,,,,,,,,,,,
MSB:Fish:19155,MSB 19155-4,Gambusia affinis,1993,8,4,JAR11027F,KL,07-23-2025,07-24-2025,34,28,NA,KL,F,NA,UW dissected,0,NA,0,0,0,0,0,0,0,0,0,0,0,0,0,0,0,0,0,0,1,0,0,0,0,0,0,3,0,0,0,0,0,0,0,0,0,0,0,0,,MSB 19155-4,Gambusia affinis,JAR11027F,Nematoda,1,KL,KL,Adult,Intestine,70% etoh,P6K7L,20,MSB 19155-4,NEMA.SC.INTESTINE,,Salsuginus sp.,3,KL,KL,Adult,Gill,70% etoh,P6K7M,20,MSB 19155-4,MONO.SALSP.GILL,,,,,,,,,,,,,,,,,,,,,,,,,,,,,,,,,,,,,
MSB:Fish:43251,MSB 43251-2,Gambusia affinis,1999,7,15,JAR11011F,KL,07-23-2025,07-24-2025,37,29,616,KL,F,NA,UW dissected,0,NA,0,0,0,0,0,0,0,0,0,0,0,0,0,0,0,0,0,0,0,0,0,0,0,0,0,0,0,0,0,0,0,0,0,0,NA,0,0,0,,,,,,,,,,,,,,,,,,,,,,,,,,,,,,,,,,,,,,,,,,,,,,,,,,,,,,,,,,,,,,,,
MSB:Fish:43251,MSB 43251-1,Gambusia affinis,1999,7,15,JAR11014F,KL,07-23-2025,07-24-2025,32,26,384,KL,NA,NA,UW dissected,0,NA,0,0,0,0,0,0,0,0,0,0,0,0,0,0,0,0,0,0,0,0,0,0,0,0,0,2,0,0,0,0,0,0,0,0,NA,0,0,0,,MSB 43251-1,Gambusia affinis,JAR11014F,Salsuginus sp.,2,KL,KL,Adult,Gill,70% etoh,P6K7K,20,MSB 43251-1,MONO.SALSP.GILL,,,,,,,,,,,,,,,,,,,,,,,,,,,,,,,,,,,,,,,,,,,,,,,,,
MSB:Fish:43251,MSB 43251-4,Gambusia affinis,1999,7,15,JAR11018F,KL,07-23-2025,07-24-2025,32,25,392,KL,F,Arthropod,UW dissected,0,NA,0,0,0,0,0,0,0,0,0,0,0,0,0,0,0,0,0,0,0,0,0,0,0,0,0,1,3,0,0,0,0,0,0,0,NA,0,0,0,,MSB 43251-4,Gambusia affinis,JAR11018F,Salsuginus sp.,1,KL,KL,Adult,Gill,70% etoh,P6K7I,20,MSB 43251-4,MONO.SALSP.GILL,,Monogenea,3,KL,KL,NA,Gill,70% etoh,P6K7J,20,MSB 43251-4,MONO.SS.GILL,,,,,,,,,,,,,,,,,,,,,,,,,,,,,,,,,,,,,
MSB:Fish:43251,MSB 43251-5,Gambusia affinis,1999,7,15,JAR11019F,KL,07-23-2025,07-24-2025,34,27,NA,KL,F,NA,UW dissected,0,NA,0,0,0,0,0,0,0,0,0,0,0,0,0,0,0,0,0,0,0,0,0,0,0,0,0,5,0,0,0,0,0,0,0,0,0,0,0,0,,MSB 43251-5,Gambusia affinis,JAR11019F,Salsuginus sp.,5,KL,KL,Adult,Gill,70% etoh,P6K7E,20,MSB 43251-5,MONO.SALSP.GILL,,,,,,,,,,,,,,,,,,,,,,,,,,,,,,,,,,,,,,,,,,,,,,,,,
MSB:Fish:43251,MSB 43251-3,Gambusia affinis,1999,7,15,JAR11017F,KL,07-23-2025,07-24-2025,33,27,379,KL,F,NA,UW dissected,0,NA,0,0,0,0,0,0,0,0,0,0,0,0,0,0,0,0,0,0,0,0,0,0,0,0,0,2,1,0,0,0,0,0,0,2,0,0,0,0,,MSB 43251-3,Gambusia affinis,JAR11017F,Salsuginus sp.,2,KL,KL,Adult,Gill,70% etoh,P6K7F,20,MSB 43251-3,MONO.SALSP.GILL,,Monogenea,1,KL,KL,NA,Gill,70% etoh,P6K7G,20,MSB 43251-3,MONO.SS.GILL,,Unidentified Cyst,2,KL,KL,NA,Gill,70% etoh,P6K7H,20,MSB 43251-3,CYST.UNK.GILL,,,,,,,,,,,,,,,,,,,,,,,,,
MSB:Fish:30771,MSB 30771-3,Gambusia affinis,1996,10,30,JAR11025F,KL,07-28-2025,07-28-2025,39,32,613,KL,NA,NA,UW dissected,0,NA,0,0,0,0,0,0,0,0,0,0,0,0,0,0,0,0,0,0,0,0,0,0,0,0,0,0,1,0,0,0,0,0,0,0,0,0,0,0,,MSB 30771-3,Gambusia affinis,JAR11025F,Monogenea,1,KL,KL,NA,Gill,70% etoh,P6K7V,20,MSB 30771-3,MONO.SS.GILL,,,,,,,,,,,,,,,,,,,,,,,,,,,,,,,,,,,,,,,,,,,,,,,,,
MSB:Fish:30771,MSB 30771-2,Gambusia affinis,1996,10,30,JAR11024F,KL,07-28-2025,07-28-2025,34,27,361,KL,NA,NA,UW dissected,0,NA,0,0,0,0,0,0,0,0,0,0,0,0,0,0,0,0,0,0,0,0,0,0,0,0,0,0,5,0,0,0,0,0,0,0,0,0,0,0,,MSB 30771-2,Gambusia affinis,JAR11024F,Monogenea,5,KL,KL,NA,Gill,70% etoh,P6K7U,20,MSB 30771-2,MONO.SS.GILL,,,,,,,,,,,,,,,,,,,,,,,,,,,,,,,,,,,,,,,,,,,,,,,,,
MSB:Fish:30771,MSB 30771-1,Gambusia affinis,1996,10,30,JAR11030F,KL,07-28-2025,07-28-2025,27,21,182,KL,NA,NA,UW dissected,0,NA,0,0,0,0,0,0,0,0,0,0,0,0,0,0,0,0,0,0,0,0,0,0,0,0,0,0,1,0,0,0,0,0,0,0,0,0,0,0,Lost before saving :(,,,,,,,,,,,,,,,,,,,,,,,,,,,,,,,,,,,,,,,,,,,,,,,,,,,,,,,,,,,,,,,
MSB:Fish:30771,MSB 30771-5,Gambusia affinis,1996,10,30,JAR11033F,KL,07-28-2025,07-28-2025,30,23,241,KL,M,NA,UW dissected,0,NA,0,0,0,0,0,0,0,0,0,0,0,0,0,0,0,0,0,0,0,0,0,0,0,0,0,0,4,0,0,0,0,0,0,0,0,0,0,0,,MSB 30771-5,Gambusia affinis,JAR11033F,Monogenea,4,KL,KL,NA,Gill,70% etoh,P6K7T,20,MSB 30771-5,MONO.SS.GILL,,,,,,,,,,,,,,,,,,,,,,,,,,,,,,,,,,,,,,,,,,,,,,,,,
MSB:Fish:30771,MSB 30771-4,Gambusia affinis,1996,10,30,JAR11028F,KL,07-28-2025,07-28-2025,26,20,165,KL,NA,NA,UW dissected,0,NA,0,0,0,0,0,0,0,0,0,0,0,0,0,0,0,0,0,0,0,0,0,0,0,0,0,1,0,0,0,0,0,0,0,0,0,0,0,0,,MSB 30771-4,Gambusia affinis,JAR11028F,Salsuginus sp.,1,KL,KL,Adult,Gill,70% etoh,P6K7S,20,MSB 30771-4,MONO.SALSP.GILL,,,,,,,,,,,,,,,,,,,,,,,,,,,,,,,,,,,,,,,,,,,,,,,,,
MSB:Fish:10898,MSB 10898-5,Gambusia affinis,1992,7,9,JAR11023F,KL,07-28-2025,07-29-2025,25,20,139,KL,NA,NA,UW dissected,0,NA,0,0,0,0,0,0,0,0,0,0,0,0,0,0,0,0,0,0,0,0,0,0,0,0,0,0,0,0,0,0,0,0,0,0,0,0,0,0,,,,,,,,,,,,,,,,,,,,,,,,,,,,,,,,,,,,,,,,,,,,,,,,,,,,,,,,,,,,,,,,
MSB:Fish:10898,MSB 10898-4,Gambusia affinis,1992,7,9,JAR11046F,KL,07-28-2025,07-29-2025,31,25,309,KL,F,NA,UW dissected,0,NA,0,0,0,0,0,0,0,0,0,0,0,0,0,0,0,0,0,0,0,0,0,0,0,0,0,0,0,0,0,0,0,0,0,0,NA,0,0,0,,,,,,,,,,,,,,,,,,,,,,,,,,,,,,,,,,,,,,,,,,,,,,,,,,,,,,,,,,,,,,,,
MSB:Fish:10898,MSB 10898-3,Gambusia affinis,1992,7,9,JAR11040F,KL,07-28-2025,07-29-2025,24,19,123,KL,F,NA,UW dissected,0,NA,0,0,0,0,0,0,0,0,0,0,0,0,0,0,0,0,0,0,0,0,0,0,0,0,0,0,0,0,0,0,0,0,0,0,NA,0,0,0,,,,,,,,,,,,,,,,,,,,,,,,,,,,,,,,,,,,,,,,,,,,,,,,,,,,,,,,,,,,,,,,
MSB:Fish:10898,MSB 10898-2,Gambusia affinis,1992,7,9,JAR11038F,KL,07-28-2025,07-29-2025,26,21,118,KL,M,NA,UW dissected,0,NA,0,0,0,0,0,0,0,0,0,0,0,0,0,0,0,0,0,0,0,0,0,0,0,0,0,0,0,0,0,0,0,0,0,0,NA,0,0,0,,,,,,,,,,,,,,,,,,,,,,,,,,,,,,,,,,,,,,,,,,,,,,,,,,,,,,,,,,,,,,,,
MSB:Fish:10898,MSB 10898-1,Gambusia affinis,1992,7,9,JAR11039F,KL,07-28-2025,07-29-2025,22,18,90,KL,M,NA,UW dissected,0,NA,0,0,0,0,0,0,0,0,0,0,0,0,0,0,0,0,0,0,0,0,0,0,0,0,0,0,1,0,0,0,0,0,0,0,NA,0,0,0,,MSB 10898-1,Gambusia affinis,JAR11039F,Monogenea,1,KL,KL,NA,Gill,70% etoh,P6K6S,20,MSB 10898-1,MONO.SS.GILL,,,,,,,,,,,,,,,,,,,,,,,,,,,,,,,,,,,,,,,,,,,,,,,,,
MSB:Fish:43242,MSB 43242-5,Gambusia affinis,1999,7,14,JAR11026F,KL,07-28-2025,07-29-2025,41,33,899,KL,NA,NA,UW dissected,0,NA,0,0,0,0,0,0,0,0,0,0,0,0,0,0,0,0,0,0,0,0,0,0,0,0,0,3,0,0,0,0,0,0,0,0,0,0,0,0,,MSB 43242-5,Gambusia affinis,JAR11026F,Salsuginus sp.,3,KL,KL,Adult,Gill,70% etoh,P6K6R,20,MSB 43242-5,MONO.SALSP.GILL,,,,,,,,,,,,,,,,,,,,,,,,,,,,,,,,,,,,,,,,,,,,,,,,,
MSB:Fish:43242,MSB 43242-4,Gambusia affinis,1999,7,14,JAR11034F,KL,07-28-2025,07-29-2025,32,25,344,KL,F,Arthropods,UW dissected,0,na,0,0,0,0,0,0,0,0,0,0,0,0,0,0,0,0,0,0,0,0,0,0,0,0,0,4,2,0,0,0,0,0,0,0,0,0,0,0,,MSB 43242-4,Gambusia affinis,JAR11034F,Salsuginus sp.,4,KL,KL,Adult,Gill,70% etoh,P6K6P,20,MSB 43242-4,MONO.SALSP.GILL,,Monogenea,2,KL,KL,NA,Gill,70% etoh,P6K6Q,20,MSB 43242-4,MONO.SS.GILL,,,,,,,,,,,,,,,,,,,,,,,,,,,,,,,,,,,,,
MSB:Fish:43242,MSB 43242-3,Gambusia affinis,1999,7,14,JAR11029F,KL,07-28-2025,07-29-2025,32,25,338,KL,F,NA,UW dissected,0,NA,0,0,0,0,0,0,0,0,0,0,0,0,0,0,0,0,0,0,0,0,0,0,0,0,0,2,0,1,0,0,0,0,0,0,0,0,0,0,,MSB 43242-3,Gambusia affinis,JAR11029F,Salsuginus sp.,2,KL,KL,Adult,Gill,70% etoh,P6K6N,20,MSB 43242-3,MONO.SALSP.GILL,,Gyrodactylidae,1,KL,KL,Adult,Gill,70% etoh,P6K6O,20,MSB 43242-3,MONO.GYRO.GILL,,,,,,,,,,,,,,,,,,,,,,,,,,,,,,,,,,,,,
MSB:Fish:43242,MSB 43242-2,Gambusia affinis,1999,7,14,JAR11032F,KL,07-28-2025,07-29-2025,32,26,416,KL,NA,NA,UW dissected,0,NA,0,0,0,0,0,0,0,0,0,0,0,0,0,0,0,0,0,0,0,0,0,0,0,0,0,0,0,0,0,0,0,0,0,14,0,0,0,0,,MSB 43242-2,Gambusia affinis,JAR11032F,Unidentified Cyst,14,kl,kl,NA,Gill,70% etoh,p6k6m,20,MSB 43242-2,CYST.UNK.GILL,,,,,,,,,,,,,,,,,,,,,,,,,,,,,,,,,,,,,,,,,,,,,,,,,
MSB:Fish:43242,MSB 43242-1,Gambusia affinis,1999,7,14,JAR11031F,KL,07-28-2025,07-29-2025,29,22,249,KL,NA,Arthropods,UW dissected,0,NA,0,0,0,0,0,0,0,0,0,0,0,0,0,0,0,0,0,0,0,0,0,0,0,0,0,0,0,0,0,0,0,0,0,3,0,0,0,0,CYST.UNK destroyed or lost before saving,,,,,,,,,,,,,,,,,,,,,,,,,,,,,,,,,,,,,,,,,,,,,,,,,,,,,,,,,,,,,,,
MSB:Fish:62355,MSB 62355-1,Gambusia affinis,2000,9,14,JAR11052F,KL,07-28-2025,07-30-2025,32,25,322,KL,F,Arthropods,UW dissected,0,NA,0,0,0,0,0,0,0,0,0,0,0,0,0,0,0,0,0,0,0,0,0,0,0,0,0,0,7,0,0,0,0,0,0,0,NA,0,0,0,,MSB 62355-1,Gambusia affinis,JAR11052F,Monogenea,7,KL,KL,NA,Gill,70% etoh,P6K71,20,MSB 62355-1,MONO.SS.GILL,"Vial was knocked over and spilled, so some of the 7 may be lost and perhaps found, dried and circled on the hard copy datasheet",,,,,,,,,,,,,,,,,,,,,,,,,,,,,,,,,,,,,,,,,,,,,,,,
MSB:Fish:73719,MSB 73719-4,Gambusia affinis,2002,9,16,JAR11050F,KL,07-28-2025,07-30-2025,38,31,612,KL,F,Arthropods,UW dissected,0,NA,0,0,0,0,0,0,0,0,0,0,0,0,0,0,0,0,0,0,0,0,0,0,0,0,0,0,0,0,1,0,0,0,0,0,0,0,0,0,,MSB 73719-4,Gambusia affinis,JAR11050F,Monogenea,1,KL,KL,NA,Gill,70% etoh,P6K70,20,MSB 73719-4,MONO.UNK.GILL,,,,,,,,,,,,,,,,,,,,,,,,,,,,,,,,,,,,,,,,,,,,,,,,,
MSB:Fish:73719,MSB 73719-5,Gambusia affinis,2002,9,16,JAR11051F,KL,07-28-2025,07-30-2025,36,29,495,KL,NA,Arthropods,UW dissected,0,NA,0,0,0,0,0,0,0,0,0,0,0,0,0,0,0,0,0,0,0,0,0,0,0,0,0,0,0,0,0,0,0,0,0,0,NA,0,0,0,,,,,,,,,,,,,,,,,,,,,,,,,,,,,,,,,,,,,,,,,,,,,,,,,,,,,,,,,,,,,,,,
MSB:Fish:73719,MSB 73719-3,Gambusia affinis,2002,9,16,JAR11049F,KL,07-28-2025,07-30-2025,40,32,748,KL,F,NA,UW dissected,0,NA,0,0,0,0,0,0,0,0,0,0,0,0,0,0,0,0,0,0,0,0,0,0,0,0,0,0,4,0,0,0,0,0,0,0,NA,0,0,0,,MSB 73719-3,Gambusia affinis,JAR11049F,Monogenea,4,KL,KL,NA,Gill,70% etoh,P6K6Z,20,MSB 73719-3,MONO.SS.GILL,,,,,,,,,,,,,,,,,,,,,,,,,,,,,,,,,,,,,,,,,,,,,,,,,
MSB:Fish:73719,MSB 73719-2,Gambusia affinis,2002,9,16,JAR11048F,KL,07-28-2025,07-30-2025,41,34,824,KL,F,NA,UW dissected,0,NA,0,0,0,0,0,0,0,0,0,0,0,0,0,0,0,0,0,0,0,0,0,0,0,0,0,1,0,0,0,0,0,0,0,0,NA,1,0,0,MONO.SALSP.GILL was lost,MSB 73719-2,Gambusia affinis,JAR11048F,Lernaea sp.,1,KL,KL,NA,Flush,70% etoh,P6K6Y,20,MSB 73719-2,CRUS.LERSP.FLUSH,,,,,,,,,,,,,,,,,,,,,,,,,,,,,,,,,,,,,,,,,,,,,,,,,
MSB:Fish:73719,MSB 73719-1,Gambusia affinis,2002,9,16,JAR11047F,KL,07-28-2025,07-30-2025,37,30,488,KL,NA,Arthropods,UW dissected,0,NA,0,0,0,0,0,0,0,0,0,0,0,0,0,0,0,0,0,0,0,0,0,0,0,0,0,0,0,0,0,0,0,0,0,0,0,0,0,0,,,,,,,,,,,,,,,,,,,,,,,,,,,,,,,,,,,,,,,,,,,,,,,,,,,,,,,,,,,,,,,,
MSB:Fish:43370,MSB 43370-3,Gambusia affinis,1999,8,25,JAR11036F,KL,07-28-2025,07-30-2025,36,29,480,KL,NA,NA,UW dissected,0,NA,0,0,0,0,0,0,0,0,0,0,0,0,0,0,0,0,0,0,0,0,0,0,0,0,0,0,0,0,0,0,0,0,0,1,NA,0,0,0,,MSB 43370-3,Gambusia affinis,JAR11036F,Unidentified Cyst,1,KL,KL,NA,Gill,70% etoh,P6K6X,20,MSB 43370-3,CYST.UNK.GILL,,,,,,,,,,,,,,,,,,,,,,,,,,,,,,,,,,,,,,,,,,,,,,,,,
MSB:Fish:43370,MSB 43370-2,Gambusia affinis,1999,8,25,JAR11035F,KL,07-28-2025,07-30-2025,28,22,215,KL,NA,Arthropods,UW dissected,0,NA,0,0,0,0,0,0,0,0,0,0,0,0,0,0,0,0,0,0,0,0,0,0,0,0,0,0,0,0,0,0,0,0,0,0,NA,0,0,0,,,,,,,,,,,,,,,,,,,,,,,,,,,,,,,,,,,,,,,,,,,,,,,,,,,,,,,,,,,,,,,,
MSB:Fish:43370,MSB 43370-1,Gambusia affinis,1999,8,25,JAR11041F,KL,07-28-2025,07-30-2025,38,30,NA,KL,NA,Arthropods,UW dissected,0,NA,0,0,0,0,0,0,0,0,0,0,0,0,0,0,0,0,0,0,0,0,0,0,0,0,0,1,0,0,0,0,0,0,0,0,1,0,0,0,,MSB 43370-1,Gambusia affinis,JAR11041F,Myxidium sp.,1,KL,KL,NA,Gall Bladder,70% etoh,P6K6V,20,MSB 43370-1,MYXO.MYXID.GALLBLADDER,1 cluster saved (presence/abscence),Salsuginus sp.,1,KL,KL,Adult,Gill,70% etoh,P6K6W,20,MSB 43370-1,MONO.SALSP.GILL,,,,,,,,,,,,,,,,,,,,,,,,,,,,,,,,,,,,,
MSB:Fish:43370,MSB 43370-5,Gambusia affinis,1999,8,25,JAR11043F,KL,07-28-2025,07-30-2025,30,24,225,KL,M,NA,UW dissected,0,NA,0,0,0,0,0,0,0,0,0,0,0,0,0,0,0,0,0,0,0,0,0,0,0,0,0,0,1,0,0,0,0,0,0,0,NA,0,0,0,,MSB 43370-5,Gambusia affinis,JAR11043F,Monogenea,1,KL,KL,NA,Gill,70% etoh,P6K6U,20,MSB 43370-5,MONO.SS.GILL,,,,,,,,,,,,,,,,,,,,,,,,,,,,,,,,,,,,,,,,,,,,,,,,,
MSB:Fish:43370,MSB 43370-4,Gambusia affinis,1999,8,25,JAR11042F,KL,07-28-2025,07-30-2025,26,20,154,KL,NA,Arthropods,UW dissected,0,NA,0,0,0,0,0,0,0,0,0,0,0,0,0,0,0,0,0,0,0,0,0,0,0,0,0,2,0,0,0,0,0,0,0,0,NA,0,0,0,,MSB 43370-4,Gambusia affinis,JAR11042F,Salsuginus sp.,2,KL,KL,Adult,Gill,70% etoh,P6K6T,20,MSB 43370-4,MONO.SALSP.GILL,,,,,,,,,,,,,,,,,,,,,,,,,,,,,,,,,,,,,,,,,,,,,,,,,
MSB:Fish:12010,MSB 12010-3,Gambusia affinis,1992,9,28,JAR11037F,KL,07-28-2025,07-31-2025,28,23,210,KL,F,NA,UW dissected,0,NA,0,0,0,0,0,0,0,0,0,0,0,0,0,0,0,0,0,0,0,0,0,0,0,0,0,2,5,0,0,0,0,0,0,0,0,0,0,0,,MSB 12010-3,Gambusia affinis,JAR11037F,Salsuginus sp.,2,KL,KL,Adult,Gill,70% etoh,P6K69,21,MSB 12010-3,MONO.SALSP.GILL,,Monogenea,5,KL,KL,NA,Gill,70% etoh,P6K68,21,MSB 12010-3,MONO.SS.GILL,,,,,,,,,,,,,,,,,,,,,,,,,,,,,,,,,,,,,
MSB:Fish:12010,MSB 12010-2,Gambusia affinis,1992,9,28,JAR11056F,KL,07-28-2025,07-31-2025,27,21.5,211,KL,NA,NA,UW dissected,0,NA,0,0,0,0,0,0,0,0,0,0,0,0,0,0,0,0,0,0,0,0,0,0,0,0,0,6,0,0,0,0,0,0,1,0,NA,0,0,0,This was the 2nd to last fish that was dissected and OF COURSE it had a new parasite (the ciliates). FINAL FISH CURSE LIVES ON,MSB 12010-2,Gambusia affinis,JAR11056F,Salsuginus sp.,6,KL,KL,Adult,Gill,70% etoh,P6K6A,21,MSB 12010-2,MONO.SALSP.GILL,,Ciliate,1 (present),KL,KL,NA,Gill,70% etoh,P6K6B,21,MSB 12010-2,PROT.CIL.GILL,,,,,,,,,,,,,,,,,,,,,,,,,,,,,,,,,,,,,
MSB:Fish:12010,MSB 12010-1,Gambusia affinis,1992,9,28,JAR11057F,KL,07-28-2025,07-31-2025,36,29,446,KL,F,NA,UW dissected,0,NA,0,0,0,0,0,0,0,0,0,0,0,0,0,0,0,0,0,0,0,0,0,0,0,0,0,10,2,0,0,0,0,0,0,0,0,0,0,0,,MSB 12010-1,Gambusia affinis,JAR11057F,Salsuginus sp.,10,KL,KL,NA,Gill,70% etoh,P6K6D,20,MSB 12010-1,MONO.SALSP.GILL,,Monogenea,2,KL,KL,NA,Gill,70% etoh,P6K6C,21,MSB 12010-1,MONO.SS.GILL,,,,,,,,,,,,,,,,,,,,,,,,,,,,,,,,,,,,,
MSB:Fish:12010,MSB 12010-5,Gambusia affinis,1992,9,28,JAR11045F,KL,07-28-2025,07-31-2025,25,20,156,KL,F,Arthropods,UW dissected,0,NA,0,0,0,0,0,0,0,0,0,0,0,0,0,0,0,0,0,0,0,0,0,0,0,0,0,3,3,0,0,0,0,0,0,1,NA,0,0,0,CYST.UNK.GILL lost,MSB 12010-5,Gambusia affinis,JAR11045F,Salsuginus sp.,3,KL,KL,Adult,Gill,70% etoh,P6K6F,21,MSB 12010-5,MONO.SALSP.GILL,,Monogenea,3,KL,KL,NA,Gill,70% etoh,P6K6E,21,MSB 12010-5,MONO.SS.GILL,,,,,,,,,,,,,,,,,,,,,,,,,,,,,,,,,,,,,
MSB:Fish:12010,MSB 12010-4,Gambusia affinis,1992,9,28,JAR11044F,KL,07-28-2025,07-31-2025,28,21,210,KL,F,NA,UW dissected,0,NA,0,0,0,0,0,0,0,0,0,0,0,0,0,0,0,0,0,0,0,0,0,0,0,0,0,0,0,0,0,0,0,0,0,0,0,0,0,0,,,,,,,,,,,,,,,,,,,,,,,,,,,,,,,,,,,,,,,,,,,,,,,,,,,,,,,,,,,,,,,,
MSB:Fish:62355,MSB 62355-5,Gambusia affinis,2000,8,14,JAR11058F,KL,07-28-2025,07-31-2025,25,21,152,KL,NA,NA,UW dissected,0,NA,0,0,0,0,0,0,0,0,0,0,0,0,0,0,0,0,0,0,0,0,0,0,0,0,0,0,4,0,0,0,0,0,0,4,NA,0,0,0,,MSB 62355-5,Gambusia affinis,JAR11058F,Monogenea,3,KL,KL,NA,Gill,70% etoh,P6K6H,20,MSB 62355-5,MONO.SS.GILL,one lost,Unidentified cyst,3,KL,KL,NA,Gill,70% etoh,P6K6G,21,MSB 62355-5,CYST.UNK.GILL,one lost,,,,,,,,,,,,,,,,,,,,,,,,,,,,,,,,,,,,
MSB:Fish:62355,MSB 62355-4,Gambusia affinis,2000,8,14,JAR11054F,KL,07-28-2025,07-31-2025,32,25,308,KL,F,NA,UW dissected,0,NA,0,0,0,0,0,0,0,0,0,0,0,0,0,0,0,0,0,0,0,0,0,0,0,0,0,4,0,0,0,0,0,0,0,0,1,0,0,0,,MSB 62355-4,Gambusia affinis,JAR11054F,Salsuginus sp.,4,KL,KL,Adult,Gill,70% etoh,P6K6I,21,MSB 62355-4,MONO.SALSP.GILL,,Myxidium sp.,1 (present),KL,KL,NA,Gall Bladder,70% etoh,P6K6J,20,MSB 62355-4,MYXO.MYXID.GALLBLADDER,,,,,,,,,,,,,,,,,,,,,,,,,,,,,,,,,,,,,
MSB:Fish:62355,MSB 62355-3,Gambusia affinis,2000,8,14,JAR11053F,KL,07-28-2025,07-31-2025,29,24,210,KL,F,Arthropods,UW dissected,0,NA,0,0,0,0,0,0,0,0,0,0,0,0,0,0,0,0,0,0,0,0,0,0,0,0,0,2,0,0,0,0,0,0,0,0,NA,0,0,0,,MSB 62355-3,Gambusia affinis,JAR11053F,Salsuginus sp.,2,KL,KL,Adult,Gill,70% etoh,P6K6K,21,MSB 62355-3,MONO.SALSP.GILL,,,,,,,,,,,,,,,,,,,,,,,,,,,,,,,,,,,,,,,,,,,,,,,,,
MSB:Fish:62355,MSB 62355-2,Gambusia affinis,2000,8,14,JAR11055F,KL,07-28-2025,07-31-2025,33,26,326,KL,NA,Arthropods,UW dissected,0,NA,0,0,0,0,0,0,0,0,0,0,0,0,0,0,0,0,0,0,0,0,0,0,0,0,0,0,4,0,0,0,0,0,0,0,NA,0,0,0,,MSB 62355-2,Gambusia affinis,JAR11055F,Monogenea,4,KL,KL,NA,Gill,70% etoh,P6K6L,21,MSB 62355-2,MONO.SS.GILL,,,,,,,,,,,,,,,,,,,,,,,,,,,,,,,,,,,,,,,,,,,,,,,,,