"","CatalogNumber","YearCollected.x","MonthCollected.x","DayCollected.x","IndividualFishID.x","FishBarcode.x","Dissector.x","Examiner.x","DissectionDate.x","Sex.x","TotalLength_mm.x","StandardLength_mm.x","Weight_mg.x","CI.x","combo.x","Latitude.x","Longitude.x","trem.meta","crus.lercyp","trem.diphur","trem.n","mono.gyrsp","mono.unk","trem.white","trem.p","trem.neasp","trem.unk.x","trem.acet","trem.unclear","cest.larv","nem.cont","trem.cent","nem.cap","cest.b","trem.buc","nem.unk.x","nem.larv.x","myxo.myxsp","myxo.m","mono.dacsp","YearCollected.y","MonthCollected.y","DayCollected.y","IndividualFishID.y","FishBarcode.y","Dissector.y","Examiner.y","DissectionDate.y","Sex.y","TotalLength_mm.y","StandardLength_mm.y","Weight_mg.y","CI.y","combo.y","Latitude.y","Longitude.y","crus.d","crus.lersp","mono.gyrof","mono.salsp","mono.ss","trem.dips","trem.iz","trem.unk.y","nem.larv.y","nem.l","nem.myst","acanth.spk","cest.botsp","myxo.myxid","myxo.g","YearCollected","MonthCollected","DayCollected","IndividualFishID","FishBarcode","Dissector","Examiner","DissectionDate","Sex","TotalLength_mm","StandardLength_mm","Weight_mg","CI","combo","Latitude","Longitude","cope.imler","cope.lern","mono.dact","mono.gyro","myxo.b","nem.cl","nem.unk.y","trem.b","trem.d","trem.diplo","trem.dlum","trem.em","trem.fim","trem.gold","trem.l","trem.meta.unk","trem.ridge"
"1","MSB:Fish:1069",1963,2,22,"MSB 1069-1","JAR11714F","JG","GC","07-29-2025",NA,48,38,1020,"impact","impact_1961-1970",35.051774,-106.671997,0,0,1,0,0,0,0,NA,0,0,0,0,0,NA,0,0,0,0,0,0,0,0,0,NA,NA,NA,NA,NA,NA,NA,NA,NA,NA,NA,NA,NA,NA,NA,NA,NA,NA,NA,NA,NA,NA,NA,NA,NA,NA,NA,NA,NA,NA,NA,NA,NA,NA,NA,NA,NA,NA,NA,NA,NA,NA,NA,NA,NA,NA,NA,NA,NA,NA,NA,NA,NA,NA,NA,NA,NA,NA,NA,NA,NA,NA,NA,NA
"2","MSB:Fish:1069",1963,2,22,"MSB 1069-5","JAR11716F","EO","JG","07-29-2025",NA,39,31,448,"impact","impact_1961-1970",35.051774,-106.671997,0,0,0,0,0,0,0,NA,0,0,0,0,0,NA,0,0,0,0,0,NA,0,0,0,NA,NA,NA,NA,NA,NA,NA,NA,NA,NA,NA,NA,NA,NA,NA,NA,NA,NA,NA,NA,NA,NA,NA,NA,NA,NA,NA,NA,NA,NA,NA,NA,NA,NA,NA,NA,NA,NA,NA,NA,NA,NA,NA,NA,NA,NA,NA,NA,NA,NA,NA,NA,NA,NA,NA,NA,NA,NA,NA,NA,NA,NA,NA,NA
"3","MSB:Fish:1069",1963,2,22,"MSB 1069-4","JAR11717F","EO","BP","07-29-2025",NA,37,29,428,"impact","impact_1961-1970",35.051774,-106.671997,0,0,0,0,0,0,0,NA,0,0,0,0,0,NA,0,0,0,0,0,0,0,2,0,NA,NA,NA,NA,NA,NA,NA,NA,NA,NA,NA,NA,NA,NA,NA,NA,NA,NA,NA,NA,NA,NA,NA,NA,NA,NA,NA,NA,NA,NA,NA,NA,NA,NA,NA,NA,NA,NA,NA,NA,NA,NA,NA,NA,NA,NA,NA,NA,NA,NA,NA,NA,NA,NA,NA,NA,NA,NA,NA,NA,NA,NA,NA,NA
"4","MSB:Fish:1069",1963,2,22,"MSB 1069-2","JAR11713F","EO","GC","07-29-2025",NA,42,34,611,"impact","impact_1961-1970",35.051774,-106.671997,0,0,0,0,0,0,0,NA,0,0,0,0,0,NA,0,0,0,0,0,0,0,0,0,NA,NA,NA,NA,NA,NA,NA,NA,NA,NA,NA,NA,NA,NA,NA,NA,NA,NA,NA,NA,NA,NA,NA,NA,NA,NA,NA,NA,NA,NA,NA,NA,NA,NA,NA,NA,NA,NA,NA,NA,NA,NA,NA,NA,NA,NA,NA,NA,NA,NA,NA,NA,NA,NA,NA,NA,NA,NA,NA,NA,NA,NA,NA,NA
"5","MSB:Fish:1069",1963,2,22,"MSB 1069-3","JAR11715F","JG","JG","07-29-2025",NA,37,30,456,"impact","impact_1961-1970",35.051774,-106.671997,0,0,2,0,0,0,0,NA,0,0,0,0,0,NA,0,0,0,0,0,NA,0,0,0,NA,NA,NA,NA,NA,NA,NA,NA,NA,NA,NA,NA,NA,NA,NA,NA,NA,NA,NA,NA,NA,NA,NA,NA,NA,NA,NA,NA,NA,NA,NA,NA,NA,NA,NA,NA,NA,NA,NA,NA,NA,NA,NA,NA,NA,NA,NA,NA,NA,NA,NA,NA,NA,NA,NA,NA,NA,NA,NA,NA,NA,NA,NA,NA
"6","MSB:Fish:11909",1992,9,16,"MSB 11909-3","JAR10974F","KL","KL","08-11-2025",NA,35,29,380,"impact","impact_1991-2000",35.074,-106.6697778,0,0,0,0,0,0,0,0,0,0,0,0,0,0,0,0,0,0,0,NA,0,0,0,NA,NA,NA,NA,NA,NA,NA,NA,NA,NA,NA,NA,NA,NA,NA,NA,NA,NA,NA,NA,NA,NA,NA,NA,NA,NA,NA,NA,NA,NA,NA,NA,NA,NA,NA,NA,NA,NA,NA,NA,NA,NA,NA,NA,NA,NA,NA,NA,NA,NA,NA,NA,NA,NA,NA,NA,NA,NA,NA,NA,NA,NA,NA,NA
"7","MSB:Fish:11909",1992,9,16,"MSB 11909-2","JAR10963F","KL","KL","08-11-2025",NA,34,27,317,"impact","impact_1991-2000",35.074,-106.6697778,0,0,0,0,0,0,0,0,0,0,0,0,0,0,0,0,0,0,0,NA,0,0,0,NA,NA,NA,NA,NA,NA,NA,NA,NA,NA,NA,NA,NA,NA,NA,NA,NA,NA,NA,NA,NA,NA,NA,NA,NA,NA,NA,NA,NA,NA,NA,NA,NA,NA,NA,NA,NA,NA,NA,NA,NA,NA,NA,NA,NA,NA,NA,NA,NA,NA,NA,NA,NA,NA,NA,NA,NA,NA,NA,NA,NA,NA,NA,NA
"8","MSB:Fish:11909",1992,9,16,"MSB 11909-1","JAR10971F","KL","KL","08-11-2025",NA,45,37,806,"impact","impact_1991-2000",35.074,-106.6697778,0,0,0,0,0,0,0,0,0,0,0,0,0,0,0,0,0,0,0,NA,0,0,0,NA,NA,NA,NA,NA,NA,NA,NA,NA,NA,NA,NA,NA,NA,NA,NA,NA,NA,NA,NA,NA,NA,NA,NA,NA,NA,NA,NA,NA,NA,NA,NA,NA,NA,NA,NA,NA,NA,NA,NA,NA,NA,NA,NA,NA,NA,NA,NA,NA,NA,NA,NA,NA,NA,NA,NA,NA,NA,NA,NA,NA,NA,NA,NA
"9","MSB:Fish:11909",1992,9,16,"MSB 11909-5","JAR10968F","KL","KL","08-11-2025",NA,35,30,392,"impact","impact_1991-2000",35.074,-106.6697778,0,0,0,0,0,0,0,0,0,0,0,0,0,0,0,0,0,0,0,NA,0,0,0,NA,NA,NA,NA,NA,NA,NA,NA,NA,NA,NA,NA,NA,NA,NA,NA,NA,NA,NA,NA,NA,NA,NA,NA,NA,NA,NA,NA,NA,NA,NA,NA,NA,NA,NA,NA,NA,NA,NA,NA,NA,NA,NA,NA,NA,NA,NA,NA,NA,NA,NA,NA,NA,NA,NA,NA,NA,NA,NA,NA,NA,NA,NA,NA
"10","MSB:Fish:11909",1992,9,16,"MSB 11909-4","JAR10989F","KL","KL","08-11-2025","F",36,29,420,"impact","impact_1991-2000",35.074,-106.6697778,0,0,0,0,0,0,0,0,0,0,0,0,0,0,0,0,0,0,0,0,0,0,0,NA,NA,NA,NA,NA,NA,NA,NA,NA,NA,NA,NA,NA,NA,NA,NA,NA,NA,NA,NA,NA,NA,NA,NA,NA,NA,NA,NA,NA,NA,NA,NA,NA,NA,NA,NA,NA,NA,NA,NA,NA,NA,NA,NA,NA,NA,NA,NA,NA,NA,NA,NA,NA,NA,NA,NA,NA,NA,NA,NA,NA,NA,NA,NA
"11","MSB:Fish:11954",1992,9,24,"MSB 11954-4","JAR11664F","EO","EO","07-28-2025",NA,40,31,625,"control","control_1991-2000",35.28086111,-106.5988056,0,0,0,0,0,0,0,NA,0,0,0,0,0,NA,0,0,0,0,0,0,0,0,2,NA,NA,NA,NA,NA,NA,NA,NA,NA,NA,NA,NA,NA,NA,NA,NA,NA,NA,NA,NA,NA,NA,NA,NA,NA,NA,NA,NA,NA,NA,NA,NA,NA,NA,NA,NA,NA,NA,NA,NA,NA,NA,NA,NA,NA,NA,NA,NA,NA,NA,NA,NA,NA,NA,NA,NA,NA,NA,NA,NA,NA,NA,NA,NA
"12","MSB:Fish:11954",1992,9,24,"MSB 11954-2","JAR11663F","BP","CLW","07-28-2025","F",36,29,445,"control","control_1991-2000",35.28086111,-106.5988056,0,0,0,0,0,0,0,NA,0,0,0,0,0,NA,0,0,0,0,0,NA,0,0,0,NA,NA,NA,NA,NA,NA,NA,NA,NA,NA,NA,NA,NA,NA,NA,NA,NA,NA,NA,NA,NA,NA,NA,NA,NA,NA,NA,NA,NA,NA,NA,NA,NA,NA,NA,NA,NA,NA,NA,NA,NA,NA,NA,NA,NA,NA,NA,NA,NA,NA,NA,NA,NA,NA,NA,NA,NA,NA,NA,NA,NA,NA,NA,NA
"13","MSB:Fish:11954",1992,9,24,"MSB 11954-3","JAR11661F","EO","JG","07-28-2025",NA,42,33,642,"control","control_1991-2000",35.28086111,-106.5988056,0,0,0,0,0,0,0,NA,0,0,0,0,0,NA,1,0,0,0,0,0,0,0,0,NA,NA,NA,NA,NA,NA,NA,NA,NA,NA,NA,NA,NA,NA,NA,NA,NA,NA,NA,NA,NA,NA,NA,NA,NA,NA,NA,NA,NA,NA,NA,NA,NA,NA,NA,NA,NA,NA,NA,NA,NA,NA,NA,NA,NA,NA,NA,NA,NA,NA,NA,NA,NA,NA,NA,NA,NA,NA,NA,NA,NA,NA,NA,NA
"14","MSB:Fish:11954",1992,9,24,"MSB 11954-1","JAR11665F","BP","GC","07-28-2025",NA,42,33,783,"control","control_1991-2000",35.28086111,-106.5988056,0,0,0,0,0,0,0,NA,0,0,0,0,0,NA,0,0,0,0,0,0,0,0,0,NA,NA,NA,NA,NA,NA,NA,NA,NA,NA,NA,NA,NA,NA,NA,NA,NA,NA,NA,NA,NA,NA,NA,NA,NA,NA,NA,NA,NA,NA,NA,NA,NA,NA,NA,NA,NA,NA,NA,NA,NA,NA,NA,NA,NA,NA,NA,NA,NA,NA,NA,NA,NA,NA,NA,NA,NA,NA,NA,NA,NA,NA,NA,NA
"15","MSB:Fish:11954",1992,9,24,"MSB 11954-5","JAR11662F","BP","BP","07-28-2025",NA,43,33,735,"control","control_1991-2000",35.28086111,-106.5988056,0,0,0,0,0,0,0,NA,0,0,0,0,0,NA,0,0,0,0,0,0,1,0,0,NA,NA,NA,NA,NA,NA,NA,NA,NA,NA,NA,NA,NA,NA,NA,NA,NA,NA,NA,NA,NA,NA,NA,NA,NA,NA,NA,NA,NA,NA,NA,NA,NA,NA,NA,NA,NA,NA,NA,NA,NA,NA,NA,NA,NA,NA,NA,NA,NA,NA,NA,NA,NA,NA,NA,NA,NA,NA,NA,NA,NA,NA,NA,NA
"16","MSB:Fish:18625",1994,7,21,"MSB 18625-1","JAR10972F","KL","KL","08-06-2025","F",58,47,1820,"control","control_1991-2000",35.39216667,-106.4783611,0,0,0,0,0,0,0,0,0,0,0,0,0,0,0,0,0,0,0,NA,0,0,22,NA,NA,NA,NA,NA,NA,NA,NA,NA,NA,NA,NA,NA,NA,NA,NA,NA,NA,NA,NA,NA,NA,NA,NA,NA,NA,NA,NA,NA,NA,NA,NA,NA,NA,NA,NA,NA,NA,NA,NA,NA,NA,NA,NA,NA,NA,NA,NA,NA,NA,NA,NA,NA,NA,NA,NA,NA,NA,NA,NA,NA,NA,NA,NA
"17","MSB:Fish:18625",1994,7,21,"MSB 18625-2","JAR10996F","KL","KL","08-06-2025",NA,35,28,375,"control","control_1991-2000",35.39216667,-106.4783611,0,0,0,0,0,0,0,0,0,0,0,0,0,0,0,0,0,0,0,NA,0,0,6,NA,NA,NA,NA,NA,NA,NA,NA,NA,NA,NA,NA,NA,NA,NA,NA,NA,NA,NA,NA,NA,NA,NA,NA,NA,NA,NA,NA,NA,NA,NA,NA,NA,NA,NA,NA,NA,NA,NA,NA,NA,NA,NA,NA,NA,NA,NA,NA,NA,NA,NA,NA,NA,NA,NA,NA,NA,NA,NA,NA,NA,NA,NA,NA
"18","MSB:Fish:18625",1994,7,21,"MSB 18625-3","JAR10997F","KL","KL","08-06-2025",NA,35,29,NA,"control","control_1991-2000",35.39216667,-106.4783611,0,0,0,0,0,0,0,0,0,0,0,0,0,0,0,0,0,0,0,NA,0,0,2,NA,NA,NA,NA,NA,NA,NA,NA,NA,NA,NA,NA,NA,NA,NA,NA,NA,NA,NA,NA,NA,NA,NA,NA,NA,NA,NA,NA,NA,NA,NA,NA,NA,NA,NA,NA,NA,NA,NA,NA,NA,NA,NA,NA,NA,NA,NA,NA,NA,NA,NA,NA,NA,NA,NA,NA,NA,NA,NA,NA,NA,NA,NA,NA
"19","MSB:Fish:18625",1994,7,21,"MSB 18625-4","JAR10998F","KL","KL","08-06-2025",NA,39,31,418,"control","control_1991-2000",35.39216667,-106.4783611,0,0,0,0,0,0,0,0,0,0,0,0,0,0,0,0,0,0,0,NA,0,0,0,NA,NA,NA,NA,NA,NA,NA,NA,NA,NA,NA,NA,NA,NA,NA,NA,NA,NA,NA,NA,NA,NA,NA,NA,NA,NA,NA,NA,NA,NA,NA,NA,NA,NA,NA,NA,NA,NA,NA,NA,NA,NA,NA,NA,NA,NA,NA,NA,NA,NA,NA,NA,NA,NA,NA,NA,NA,NA,NA,NA,NA,NA,NA,NA
"20","MSB:Fish:18625",1994,7,21,"MSB 18625-5","JAR10973F","KL","KL","08-06-2025",NA,35,28,383,"control","control_1991-2000",35.39216667,-106.4783611,0,0,0,0,0,0,0,0,0,0,0,0,0,0,0,0,0,0,0,NA,0,0,6,NA,NA,NA,NA,NA,NA,NA,NA,NA,NA,NA,NA,NA,NA,NA,NA,NA,NA,NA,NA,NA,NA,NA,NA,NA,NA,NA,NA,NA,NA,NA,NA,NA,NA,NA,NA,NA,NA,NA,NA,NA,NA,NA,NA,NA,NA,NA,NA,NA,NA,NA,NA,NA,NA,NA,NA,NA,NA,NA,NA,NA,NA,NA,NA
"21","MSB:Fish:18879",1994,1,25,"MSB 18879-4","JAR10987F","KL","KL","08-06-2025",NA,48,39,948,"control","control_1991-2000",35.28302778,-106.5981389,0,0,1,0,0,0,0,NA,0,0,0,0,0,NA,0,0,0,0,0,NA,0,0,0,NA,NA,NA,NA,NA,NA,NA,NA,NA,NA,NA,NA,NA,NA,NA,NA,NA,NA,NA,NA,NA,NA,NA,NA,NA,NA,NA,NA,NA,NA,NA,NA,NA,NA,NA,NA,NA,NA,NA,NA,NA,NA,NA,NA,NA,NA,NA,NA,NA,NA,NA,NA,NA,NA,NA,NA,NA,NA,NA,NA,NA,NA,NA,NA
"22","MSB:Fish:18879",1994,1,25,"MSB 18879-5","JAR10988F","KL","KL","08-06-2025",NA,59,47,1570,"control","control_1991-2000",35.28302778,-106.5981389,0,0,2,0,4,0,0,NA,0,2,0,0,0,NA,0,0,0,0,0,NA,0,0,2,NA,NA,NA,NA,NA,NA,NA,NA,NA,NA,NA,NA,NA,NA,NA,NA,NA,NA,NA,NA,NA,NA,NA,NA,NA,NA,NA,NA,NA,NA,NA,NA,NA,NA,NA,NA,NA,NA,NA,NA,NA,NA,NA,NA,NA,NA,NA,NA,NA,NA,NA,NA,NA,NA,NA,NA,NA,NA,NA,NA,NA,NA,NA,NA
"23","MSB:Fish:18879",1994,1,25,"MSB 18879-3","JAR10992F","KL","KL","08-06-2025","F",54,45,1486,"control","control_1991-2000",35.28302778,-106.5981389,0,0,0,0,4,0,0,NA,0,0,0,0,0,NA,0,0,0,0,0,NA,0,0,0,NA,NA,NA,NA,NA,NA,NA,NA,NA,NA,NA,NA,NA,NA,NA,NA,NA,NA,NA,NA,NA,NA,NA,NA,NA,NA,NA,NA,NA,NA,NA,NA,NA,NA,NA,NA,NA,NA,NA,NA,NA,NA,NA,NA,NA,NA,NA,NA,NA,NA,NA,NA,NA,NA,NA,NA,NA,NA,NA,NA,NA,NA,NA,NA
"24","MSB:Fish:18879",1994,1,25,"MSB 18879-1","JAR10990F","KL","KL","08-06-2025",NA,42,33,499,"control","control_1991-2000",35.28302778,-106.5981389,0,0,0,0,0,0,0,NA,0,0,0,0,0,NA,0,0,0,0,0,0,0,0,0,NA,NA,NA,NA,NA,NA,NA,NA,NA,NA,NA,NA,NA,NA,NA,NA,NA,NA,NA,NA,NA,NA,NA,NA,NA,NA,NA,NA,NA,NA,NA,NA,NA,NA,NA,NA,NA,NA,NA,NA,NA,NA,NA,NA,NA,NA,NA,NA,NA,NA,NA,NA,NA,NA,NA,NA,NA,NA,NA,NA,NA,NA,NA,NA
"25","MSB:Fish:18879",1994,1,25,"MSB 18879-2","JAR10991F","KL","KL","08-06-2025",NA,41,33,511,"control","control_1991-2000",35.28302778,-106.5981389,0,0,1,0,0,0,0,NA,0,0,0,0,0,NA,0,0,0,0,0,0,0,0,0,NA,NA,NA,NA,NA,NA,NA,NA,NA,NA,NA,NA,NA,NA,NA,NA,NA,NA,NA,NA,NA,NA,NA,NA,NA,NA,NA,NA,NA,NA,NA,NA,NA,NA,NA,NA,NA,NA,NA,NA,NA,NA,NA,NA,NA,NA,NA,NA,NA,NA,NA,NA,NA,NA,NA,NA,NA,NA,NA,NA,NA,NA,NA,NA
"26","MSB:Fish:18935",1994,5,10,"MSB 18935-5","JAR11786F","EO","CW","08-04-2025",NA,31,26,296,"control","control_1991-2000",35.28302778,-106.5981389,0,0,1,0,0,0,0,NA,0,1,0,0,0,NA,0,0,0,0,0,NA,0,0,0,NA,NA,NA,NA,NA,NA,NA,NA,NA,NA,NA,NA,NA,NA,NA,NA,NA,NA,NA,NA,NA,NA,NA,NA,NA,NA,NA,NA,NA,NA,NA,NA,NA,NA,NA,NA,NA,NA,NA,NA,NA,NA,NA,NA,NA,NA,NA,NA,NA,NA,NA,NA,NA,NA,NA,NA,NA,NA,NA,NA,NA,NA,NA,NA
"27","MSB:Fish:18935",1994,5,10,"MSB 18935-1","JAR11773F","EO","BP EO ","08-04-2025",NA,47,38,1220,"control","control_1991-2000",35.28302778,-106.5981389,0,0,8,0,0,0,0,NA,0,0,0,0,0,NA,0,0,0,0,0,0,6,0,0,NA,NA,NA,NA,NA,NA,NA,NA,NA,NA,NA,NA,NA,NA,NA,NA,NA,NA,NA,NA,NA,NA,NA,NA,NA,NA,NA,NA,NA,NA,NA,NA,NA,NA,NA,NA,NA,NA,NA,NA,NA,NA,NA,NA,NA,NA,NA,NA,NA,NA,NA,NA,NA,NA,NA,NA,NA,NA,NA,NA,NA,NA,NA,NA
"28","MSB:Fish:18935",1994,5,10,"MSB 18935-4","JAR11785F","EO","EO","08-04-2025","F",44,37,855,"control","control_1991-2000",35.28302778,-106.5981389,0,0,5,0,0,0,0,NA,0,0,0,0,0,NA,0,0,0,0,0,0,0,0,2,NA,NA,NA,NA,NA,NA,NA,NA,NA,NA,NA,NA,NA,NA,NA,NA,NA,NA,NA,NA,NA,NA,NA,NA,NA,NA,NA,NA,NA,NA,NA,NA,NA,NA,NA,NA,NA,NA,NA,NA,NA,NA,NA,NA,NA,NA,NA,NA,NA,NA,NA,NA,NA,NA,NA,NA,NA,NA,NA,NA,NA,NA,NA,NA
"29","MSB:Fish:18935",1994,5,10,"MSB 18935","JAR11787F","BP","CW","08-04-2025","F",46,37,1163,"control","control_1991-2000",35.28302778,-106.5981389,0,0,0,0,0,0,0,NA,0,0,0,0,0,NA,0,0,0,0,0,0,0,0,0,NA,NA,NA,NA,NA,NA,NA,NA,NA,NA,NA,NA,NA,NA,NA,NA,NA,NA,NA,NA,NA,NA,NA,NA,NA,NA,NA,NA,NA,NA,NA,NA,NA,NA,NA,NA,NA,NA,NA,NA,NA,NA,NA,NA,NA,NA,NA,NA,NA,NA,NA,NA,NA,NA,NA,NA,NA,NA,NA,NA,NA,NA,NA,NA
"30","MSB:Fish:18935",1994,5,10,"MSB 18935-2","JAR11776F","BP","BP","08-04-2025",NA,42,33,730,"control","control_1991-2000",35.28302778,-106.5981389,0,0,0,0,0,0,0,NA,0,0,0,0,0,NA,0,0,0,0,0,0,0,0,0,NA,NA,NA,NA,NA,NA,NA,NA,NA,NA,NA,NA,NA,NA,NA,NA,NA,NA,NA,NA,NA,NA,NA,NA,NA,NA,NA,NA,NA,NA,NA,NA,NA,NA,NA,NA,NA,NA,NA,NA,NA,NA,NA,NA,NA,NA,NA,NA,NA,NA,NA,NA,NA,NA,NA,NA,NA,NA,NA,NA,NA,NA,NA,NA
"31","MSB:Fish:19164",1993,8,4,"MSB 19164-4","JAR11009F","KL","KL","08-04-2025",NA,43,35,654,"impact","impact_1991-2000",35.008358,-106.678909,0,0,0,0,0,0,0,NA,0,0,0,0,0,NA,0,0,0,0,0,0,0,0,0,NA,NA,NA,NA,NA,NA,NA,NA,NA,NA,NA,NA,NA,NA,NA,NA,NA,NA,NA,NA,NA,NA,NA,NA,NA,NA,NA,NA,NA,NA,NA,NA,NA,NA,NA,NA,NA,NA,NA,NA,NA,NA,NA,NA,NA,NA,NA,NA,NA,NA,NA,NA,NA,NA,NA,NA,NA,NA,NA,NA,NA,NA,NA,NA
"32","MSB:Fish:19164",1993,8,4,"MSB 19164-1","JAR11010F","KL","KL","08-04-2025",NA,44,37,772,"impact","impact_1991-2000",35.008358,-106.678909,0,0,0,0,0,0,0,NA,0,0,0,0,0,NA,0,0,0,0,0,NA,0,0,0,NA,NA,NA,NA,NA,NA,NA,NA,NA,NA,NA,NA,NA,NA,NA,NA,NA,NA,NA,NA,NA,NA,NA,NA,NA,NA,NA,NA,NA,NA,NA,NA,NA,NA,NA,NA,NA,NA,NA,NA,NA,NA,NA,NA,NA,NA,NA,NA,NA,NA,NA,NA,NA,NA,NA,NA,NA,NA,NA,NA,NA,NA,NA,NA
"33","MSB:Fish:19164",1993,8,4,"MSB 19164-5","JAR11002F","KL","KL","08-04-2025",NA,48,38,964,"impact","impact_1991-2000",35.008358,-106.678909,0,0,4,0,0,0,0,NA,0,0,0,0,0,NA,0,0,0,0,0,0,0,0,0,NA,NA,NA,NA,NA,NA,NA,NA,NA,NA,NA,NA,NA,NA,NA,NA,NA,NA,NA,NA,NA,NA,NA,NA,NA,NA,NA,NA,NA,NA,NA,NA,NA,NA,NA,NA,NA,NA,NA,NA,NA,NA,NA,NA,NA,NA,NA,NA,NA,NA,NA,NA,NA,NA,NA,NA,NA,NA,NA,NA,NA,NA,NA,NA
"34","MSB:Fish:19164",1993,8,4,"MSB 19164-3","JAR11006F","KL","KL","08-04-2025",NA,43,35,698,"impact","impact_1991-2000",35.008358,-106.678909,0,0,0,0,0,0,0,NA,0,0,0,0,0,NA,0,0,0,0,0,NA,0,0,0,NA,NA,NA,NA,NA,NA,NA,NA,NA,NA,NA,NA,NA,NA,NA,NA,NA,NA,NA,NA,NA,NA,NA,NA,NA,NA,NA,NA,NA,NA,NA,NA,NA,NA,NA,NA,NA,NA,NA,NA,NA,NA,NA,NA,NA,NA,NA,NA,NA,NA,NA,NA,NA,NA,NA,NA,NA,NA,NA,NA,NA,NA,NA,NA
"35","MSB:Fish:19164",1993,8,4,"MSB 19164-2","JAR11005F","KL","KL","08-04-2025",NA,47,38,870,"impact","impact_1991-2000",35.008358,-106.678909,0,0,0,0,0,0,0,NA,0,0,0,0,0,NA,0,0,0,0,0,NA,0,0,0,NA,NA,NA,NA,NA,NA,NA,NA,NA,NA,NA,NA,NA,NA,NA,NA,NA,NA,NA,NA,NA,NA,NA,NA,NA,NA,NA,NA,NA,NA,NA,NA,NA,NA,NA,NA,NA,NA,NA,NA,NA,NA,NA,NA,NA,NA,NA,NA,NA,NA,NA,NA,NA,NA,NA,NA,NA,NA,NA,NA,NA,NA,NA,NA
"36","MSB:Fish:19538",1994,9,16,"MSB 19538-1","JAR10976F","KL","KL","08-06-2025",NA,34,27,301,"impact","impact_1991-2000",34.85683333,-106.7208056,0,0,0,0,2,0,0,NA,0,0,0,0,0,NA,0,0,0,0,0,NA,0,0,2,NA,NA,NA,NA,NA,NA,NA,NA,NA,NA,NA,NA,NA,NA,NA,NA,NA,NA,NA,NA,NA,NA,NA,NA,NA,NA,NA,NA,NA,NA,NA,NA,NA,NA,NA,NA,NA,NA,NA,NA,NA,NA,NA,NA,NA,NA,NA,NA,NA,NA,NA,NA,NA,NA,NA,NA,NA,NA,NA,NA,NA,NA,NA,NA
"37","MSB:Fish:19538",1994,9,16,"MSB 19538-5","JAR10975F","KL","KL","08-06-2025","F",42,34,594,"impact","impact_1991-2000",34.85683333,-106.7208056,0,1,0,0,0,0,0,NA,0,0,0,0,0,NA,0,0,0,0,0,0,0,0,0,NA,NA,NA,NA,NA,NA,NA,NA,NA,NA,NA,NA,NA,NA,NA,NA,NA,NA,NA,NA,NA,NA,NA,NA,NA,NA,NA,NA,NA,NA,NA,NA,NA,NA,NA,NA,NA,NA,NA,NA,NA,NA,NA,NA,NA,NA,NA,NA,NA,NA,NA,NA,NA,NA,NA,NA,NA,NA,NA,NA,NA,NA,NA,NA
"38","MSB:Fish:19538",1994,9,16,"MSB 19538-3","JAR10982F","KL","KL","08-06-2025",NA,47,37,765,"impact","impact_1991-2000",34.85683333,-106.7208056,0,0,0,0,0,0,0,NA,0,0,0,0,0,NA,0,0,0,0,0,0,0,0,2,NA,NA,NA,NA,NA,NA,NA,NA,NA,NA,NA,NA,NA,NA,NA,NA,NA,NA,NA,NA,NA,NA,NA,NA,NA,NA,NA,NA,NA,NA,NA,NA,NA,NA,NA,NA,NA,NA,NA,NA,NA,NA,NA,NA,NA,NA,NA,NA,NA,NA,NA,NA,NA,NA,NA,NA,NA,NA,NA,NA,NA,NA,NA,NA
"39","MSB:Fish:19538",1994,9,16,"MSB 19538-4","JAR10985F","KL","KL","08-06-2025",NA,40,32,544,"impact","impact_1991-2000",34.85683333,-106.7208056,0,0,1,0,0,0,0,NA,0,0,0,0,0,NA,0,0,0,0,0,0,0,0,0,NA,NA,NA,NA,NA,NA,NA,NA,NA,NA,NA,NA,NA,NA,NA,NA,NA,NA,NA,NA,NA,NA,NA,NA,NA,NA,NA,NA,NA,NA,NA,NA,NA,NA,NA,NA,NA,NA,NA,NA,NA,NA,NA,NA,NA,NA,NA,NA,NA,NA,NA,NA,NA,NA,NA,NA,NA,NA,NA,NA,NA,NA,NA,NA
"40","MSB:Fish:19538",1994,9,16,"MSB 19538-2","JAR10979F","KL","KL","08-06-2025",NA,39,32,448,"impact","impact_1991-2000",34.85683333,-106.7208056,0,0,1,0,0,0,0,NA,0,0,0,0,0,NA,0,0,0,0,0,NA,0,0,2,NA,NA,NA,NA,NA,NA,NA,NA,NA,NA,NA,NA,NA,NA,NA,NA,NA,NA,NA,NA,NA,NA,NA,NA,NA,NA,NA,NA,NA,NA,NA,NA,NA,NA,NA,NA,NA,NA,NA,NA,NA,NA,NA,NA,NA,NA,NA,NA,NA,NA,NA,NA,NA,NA,NA,NA,NA,NA,NA,NA,NA,NA,NA,NA
"41","MSB:Fish:19595",1994,10,10,"MSB 19595-5","JAR11077F","KL","KL","08-11-2025",NA,62,51,2003,"impact","impact_1991-2000",34.85683333,-106.7208056,0,0,0,0,0,0,0,0,0,0,0,0,0,0,0,0,0,0,0,NA,0,0,0,NA,NA,NA,NA,NA,NA,NA,NA,NA,NA,NA,NA,NA,NA,NA,NA,NA,NA,NA,NA,NA,NA,NA,NA,NA,NA,NA,NA,NA,NA,NA,NA,NA,NA,NA,NA,NA,NA,NA,NA,NA,NA,NA,NA,NA,NA,NA,NA,NA,NA,NA,NA,NA,NA,NA,NA,NA,NA,NA,NA,NA,NA,NA,NA
"42","MSB:Fish:19661",1994,10,10,"MSB 19661-3","JAR11004F","KL","KL","08-05-2025",NA,50,40,1112,"impact","impact_1991-2000",34.905272,-106.685564,0,0,0,0,0,0,0,NA,0,0,0,0,0,NA,0,0,0,0,0,NA,0,0,4,NA,NA,NA,NA,NA,NA,NA,NA,NA,NA,NA,NA,NA,NA,NA,NA,NA,NA,NA,NA,NA,NA,NA,NA,NA,NA,NA,NA,NA,NA,NA,NA,NA,NA,NA,NA,NA,NA,NA,NA,NA,NA,NA,NA,NA,NA,NA,NA,NA,NA,NA,NA,NA,NA,NA,NA,NA,NA,NA,NA,NA,NA,NA,NA
"43","MSB:Fish:19661",1994,10,10,"MSB 19661-1","JAR10999F","KL","KL","08-05-2025","F",47,38,882,"impact","impact_1991-2000",34.905272,-106.685564,0,0,0,0,0,0,0,NA,0,0,0,0,0,NA,0,0,0,0,0,NA,0,0,0,NA,NA,NA,NA,NA,NA,NA,NA,NA,NA,NA,NA,NA,NA,NA,NA,NA,NA,NA,NA,NA,NA,NA,NA,NA,NA,NA,NA,NA,NA,NA,NA,NA,NA,NA,NA,NA,NA,NA,NA,NA,NA,NA,NA,NA,NA,NA,NA,NA,NA,NA,NA,NA,NA,NA,NA,NA,NA,NA,NA,NA,NA,NA,NA
"44","MSB:Fish:19661",1994,10,10,"MSB 19661-4","JAR11001F","KL","KL","08-05-2025",NA,53,43,1364,"impact","impact_1991-2000",34.905272,-106.685564,0,0,0,0,0,0,0,NA,0,0,0,0,0,NA,0,0,0,0,0,NA,0,0,0,NA,NA,NA,NA,NA,NA,NA,NA,NA,NA,NA,NA,NA,NA,NA,NA,NA,NA,NA,NA,NA,NA,NA,NA,NA,NA,NA,NA,NA,NA,NA,NA,NA,NA,NA,NA,NA,NA,NA,NA,NA,NA,NA,NA,NA,NA,NA,NA,NA,NA,NA,NA,NA,NA,NA,NA,NA,NA,NA,NA,NA,NA,NA,NA
"45","MSB:Fish:19661",1994,10,10,"MSB 19661-2","JAR11008F","KL","KL","08-05-2025",NA,48,39,NA,"impact","impact_1991-2000",34.905272,-106.685564,0,0,0,0,0,0,0,NA,0,0,0,0,0,NA,0,0,0,0,0,NA,0,0,0,NA,NA,NA,NA,NA,NA,NA,NA,NA,NA,NA,NA,NA,NA,NA,NA,NA,NA,NA,NA,NA,NA,NA,NA,NA,NA,NA,NA,NA,NA,NA,NA,NA,NA,NA,NA,NA,NA,NA,NA,NA,NA,NA,NA,NA,NA,NA,NA,NA,NA,NA,NA,NA,NA,NA,NA,NA,NA,NA,NA,NA,NA,NA,NA
"46","MSB:Fish:19661",1994,10,10,"MSB 19661-5","JAR11007F","KL","KL","08-05-2025",NA,46,37,756,"impact","impact_1991-2000",34.905272,-106.685564,0,0,0,0,0,0,0,NA,0,0,0,0,0,NA,0,0,0,0,0,0,0,0,6,NA,NA,NA,NA,NA,NA,NA,NA,NA,NA,NA,NA,NA,NA,NA,NA,NA,NA,NA,NA,NA,NA,NA,NA,NA,NA,NA,NA,NA,NA,NA,NA,NA,NA,NA,NA,NA,NA,NA,NA,NA,NA,NA,NA,NA,NA,NA,NA,NA,NA,NA,NA,NA,NA,NA,NA,NA,NA,NA,NA,NA,NA,NA,NA
"47","MSB:Fish:20397",1994,8,11,"MSB 20397-1","JAR10961F","KL","KL","08-11-2025",NA,40,33,604,"control","control_1991-2000",35.28302778,-106.5981389,0,0,0,0,0,0,0,0,0,0,0,0,0,0,0,0,0,0,0,0,0,0,0,NA,NA,NA,NA,NA,NA,NA,NA,NA,NA,NA,NA,NA,NA,NA,NA,NA,NA,NA,NA,NA,NA,NA,NA,NA,NA,NA,NA,NA,NA,NA,NA,NA,NA,NA,NA,NA,NA,NA,NA,NA,NA,NA,NA,NA,NA,NA,NA,NA,NA,NA,NA,NA,NA,NA,NA,NA,NA,NA,NA,NA,NA,NA,NA
"48","MSB:Fish:20397",1994,8,11,"MSB 20397-2","JAR11081F","KL","KL","08-11-2025",NA,42,34,686,"control","control_1991-2000",35.28302778,-106.5981389,0,0,0,0,2,0,0,0,0,0,0,0,0,0,0,0,0,0,0,0,0,0,0,NA,NA,NA,NA,NA,NA,NA,NA,NA,NA,NA,NA,NA,NA,NA,NA,NA,NA,NA,NA,NA,NA,NA,NA,NA,NA,NA,NA,NA,NA,NA,NA,NA,NA,NA,NA,NA,NA,NA,NA,NA,NA,NA,NA,NA,NA,NA,NA,NA,NA,NA,NA,NA,NA,NA,NA,NA,NA,NA,NA,NA,NA,NA,NA
"49","MSB:Fish:20397",1994,8,11,"MSB 20397-5","JAR11072F","KL","KL","08-11-2025",NA,49,41,1179,"control","control_1991-2000",35.28302778,-106.5981389,0,0,0,0,0,0,0,0,0,0,0,0,0,0,0,0,0,0,0,0,0,0,0,NA,NA,NA,NA,NA,NA,NA,NA,NA,NA,NA,NA,NA,NA,NA,NA,NA,NA,NA,NA,NA,NA,NA,NA,NA,NA,NA,NA,NA,NA,NA,NA,NA,NA,NA,NA,NA,NA,NA,NA,NA,NA,NA,NA,NA,NA,NA,NA,NA,NA,NA,NA,NA,NA,NA,NA,NA,NA,NA,NA,NA,NA,NA,NA
"50","MSB:Fish:20397",1994,8,11,"MSB 20397-4","JAR11075F","KL","KL","08-11-2025",NA,37,31,441,"control","control_1991-2000",35.28302778,-106.5981389,0,0,0,0,0,0,0,0,0,0,0,0,0,0,0,0,0,0,0,NA,0,0,0,NA,NA,NA,NA,NA,NA,NA,NA,NA,NA,NA,NA,NA,NA,NA,NA,NA,NA,NA,NA,NA,NA,NA,NA,NA,NA,NA,NA,NA,NA,NA,NA,NA,NA,NA,NA,NA,NA,NA,NA,NA,NA,NA,NA,NA,NA,NA,NA,NA,NA,NA,NA,NA,NA,NA,NA,NA,NA,NA,NA,NA,NA,NA,NA
"51","MSB:Fish:20397",1994,8,11,"MSB 20397-3","JAR11078F","KL","KL","08-11-2025",NA,51,42,1333,"control","control_1991-2000",35.28302778,-106.5981389,0,0,0,0,0,0,0,0,0,0,0,0,0,0,0,0,0,0,0,0,1,0,0,NA,NA,NA,NA,NA,NA,NA,NA,NA,NA,NA,NA,NA,NA,NA,NA,NA,NA,NA,NA,NA,NA,NA,NA,NA,NA,NA,NA,NA,NA,NA,NA,NA,NA,NA,NA,NA,NA,NA,NA,NA,NA,NA,NA,NA,NA,NA,NA,NA,NA,NA,NA,NA,NA,NA,NA,NA,NA,NA,NA,NA,NA,NA,NA
"52","MSB:Fish:3996",1977,9,28,"MSB 3996-5","JAR11846F","EO","BP","08-12-2025",NA,40,33,498,"impact","impact_1971-1980",35.136341,-106.685742,0,0,0,0,0,0,0,0,0,0,0,0,0,0,0,0,0,0,0,0,3,0,2,NA,NA,NA,NA,NA,NA,NA,NA,NA,NA,NA,NA,NA,NA,NA,NA,NA,NA,NA,NA,NA,NA,NA,NA,NA,NA,NA,NA,NA,NA,NA,NA,NA,NA,NA,NA,NA,NA,NA,NA,NA,NA,NA,NA,NA,NA,NA,NA,NA,NA,NA,NA,NA,NA,NA,NA,NA,NA,NA,NA,NA,NA,NA,NA
"53","MSB:Fish:3996",1977,9,28,"MSB 3996-4","JAR11847F","BP","CW","08-12-2025",NA,38,31,519,"impact","impact_1971-1980",35.136341,-106.685742,0,0,0,0,0,0,0,0,0,0,0,0,0,0,0,0,0,0,0,NA,0,0,2,NA,NA,NA,NA,NA,NA,NA,NA,NA,NA,NA,NA,NA,NA,NA,NA,NA,NA,NA,NA,NA,NA,NA,NA,NA,NA,NA,NA,NA,NA,NA,NA,NA,NA,NA,NA,NA,NA,NA,NA,NA,NA,NA,NA,NA,NA,NA,NA,NA,NA,NA,NA,NA,NA,NA,NA,NA,NA,NA,NA,NA,NA,NA,NA
"54","MSB:Fish:3996",1977,9,28,"MSB 3996-3","JAR11855F","EO","CW","08-12-2025",NA,39,32,538,"impact","impact_1971-1980",35.136341,-106.685742,0,0,0,0,0,0,0,0,0,0,0,0,0,0,0,0,0,0,0,0,0,0,0,NA,NA,NA,NA,NA,NA,NA,NA,NA,NA,NA,NA,NA,NA,NA,NA,NA,NA,NA,NA,NA,NA,NA,NA,NA,NA,NA,NA,NA,NA,NA,NA,NA,NA,NA,NA,NA,NA,NA,NA,NA,NA,NA,NA,NA,NA,NA,NA,NA,NA,NA,NA,NA,NA,NA,NA,NA,NA,NA,NA,NA,NA,NA,NA
"55","MSB:Fish:3996",1977,9,28,"MSB 3996-2","JAR11849F","BP","CW","08-12-2025",NA,37,31,524,"impact","impact_1971-1980",35.136341,-106.685742,0,0,3,0,0,0,0,0,0,0,0,0,0,0,0,0,0,0,0,0,0,0,0,NA,NA,NA,NA,NA,NA,NA,NA,NA,NA,NA,NA,NA,NA,NA,NA,NA,NA,NA,NA,NA,NA,NA,NA,NA,NA,NA,NA,NA,NA,NA,NA,NA,NA,NA,NA,NA,NA,NA,NA,NA,NA,NA,NA,NA,NA,NA,NA,NA,NA,NA,NA,NA,NA,NA,NA,NA,NA,NA,NA,NA,NA,NA,NA
"56","MSB:Fish:3996",1977,9,28,"MSB 3996-1","JAR11852F","EO","JG","08-12-2025",NA,44,35,765,"impact","impact_1971-1980",35.136341,-106.685742,0,0,0,0,0,0,0,0,0,0,0,0,0,0,0,0,0,0,0,NA,0,0,0,NA,NA,NA,NA,NA,NA,NA,NA,NA,NA,NA,NA,NA,NA,NA,NA,NA,NA,NA,NA,NA,NA,NA,NA,NA,NA,NA,NA,NA,NA,NA,NA,NA,NA,NA,NA,NA,NA,NA,NA,NA,NA,NA,NA,NA,NA,NA,NA,NA,NA,NA,NA,NA,NA,NA,NA,NA,NA,NA,NA,NA,NA,NA,NA
"57","MSB:Fish:4031",1977,9,30,"MSB 4031-4","JAR11703F","EO","GC","07-29-2025",NA,40,32,550,"impact","impact_1971-1980",34.859396,-106.720148,0,0,6,0,0,0,0,NA,0,0,0,0,0,NA,0,0,0,0,0,NA,0,0,0,NA,NA,NA,NA,NA,NA,NA,NA,NA,NA,NA,NA,NA,NA,NA,NA,NA,NA,NA,NA,NA,NA,NA,NA,NA,NA,NA,NA,NA,NA,NA,NA,NA,NA,NA,NA,NA,NA,NA,NA,NA,NA,NA,NA,NA,NA,NA,NA,NA,NA,NA,NA,NA,NA,NA,NA,NA,NA,NA,NA,NA,NA,NA,NA
"58","MSB:Fish:4031",1977,9,30,"MSB 4031-5","JAR11707F","BP","JG","07-29-2025",NA,40,31,494,"impact","impact_1971-1980",34.859396,-106.720148,0,0,3,0,0,0,0,NA,0,0,0,0,0,NA,0,0,0,0,0,0,0,0,0,NA,NA,NA,NA,NA,NA,NA,NA,NA,NA,NA,NA,NA,NA,NA,NA,NA,NA,NA,NA,NA,NA,NA,NA,NA,NA,NA,NA,NA,NA,NA,NA,NA,NA,NA,NA,NA,NA,NA,NA,NA,NA,NA,NA,NA,NA,NA,NA,NA,NA,NA,NA,NA,NA,NA,NA,NA,NA,NA,NA,NA,NA,NA,NA
"59","MSB:Fish:4031",1977,9,30,"MSB 4031-1","JAR11705F","EO","GC","07-29-2025",NA,39,31,531,"impact","impact_1971-1980",34.859396,-106.720148,0,0,22,0,0,0,0,NA,0,0,0,0,0,NA,0,0,0,0,0,NA,0,0,0,NA,NA,NA,NA,NA,NA,NA,NA,NA,NA,NA,NA,NA,NA,NA,NA,NA,NA,NA,NA,NA,NA,NA,NA,NA,NA,NA,NA,NA,NA,NA,NA,NA,NA,NA,NA,NA,NA,NA,NA,NA,NA,NA,NA,NA,NA,NA,NA,NA,NA,NA,NA,NA,NA,NA,NA,NA,NA,NA,NA,NA,NA,NA,NA
"60","MSB:Fish:4031",1977,9,30,"MSB 4031-2","JAR11706F","EO","GC","07-29-2025",NA,42,34,617,"impact","impact_1971-1980",34.859396,-106.720148,0,0,7,0,0,0,0,NA,0,0,0,0,0,NA,0,0,0,0,0,0,1,0,0,NA,NA,NA,NA,NA,NA,NA,NA,NA,NA,NA,NA,NA,NA,NA,NA,NA,NA,NA,NA,NA,NA,NA,NA,NA,NA,NA,NA,NA,NA,NA,NA,NA,NA,NA,NA,NA,NA,NA,NA,NA,NA,NA,NA,NA,NA,NA,NA,NA,NA,NA,NA,NA,NA,NA,NA,NA,NA,NA,NA,NA,NA,NA,NA
"61","MSB:Fish:4031",1977,9,30,"MSB 4031-3","JAR11704F","BP","BP","07-29-2025",NA,46,37,987,"impact","impact_1971-1980",34.859396,-106.720148,0,0,12,0,0,0,0,NA,0,0,0,0,0,NA,0,0,0,0,0,0,0,0,2,NA,NA,NA,NA,NA,NA,NA,NA,NA,NA,NA,NA,NA,NA,NA,NA,NA,NA,NA,NA,NA,NA,NA,NA,NA,NA,NA,NA,NA,NA,NA,NA,NA,NA,NA,NA,NA,NA,NA,NA,NA,NA,NA,NA,NA,NA,NA,NA,NA,NA,NA,NA,NA,NA,NA,NA,NA,NA,NA,NA,NA,NA,NA,NA
"62","MSB:Fish:4045",1977,5,12,"MSB 4045-4","JAR11639F","BP","GC","07-21-2025","F",49,39,1916,"impact","impact_1971-1980",34.864295,-106.72527,0,0,0,0,0,0,0,NA,0,0,0,0,0,NA,0,0,0,0,0,0,0,0,0,NA,NA,NA,NA,NA,NA,NA,NA,NA,NA,NA,NA,NA,NA,NA,NA,NA,NA,NA,NA,NA,NA,NA,NA,NA,NA,NA,NA,NA,NA,NA,NA,NA,NA,NA,NA,NA,NA,NA,NA,NA,NA,NA,NA,NA,NA,NA,NA,NA,NA,NA,NA,NA,NA,NA,NA,NA,NA,NA,NA,NA,NA,NA,NA
"63","MSB:Fish:4045",1977,5,12,"MSB 4045-5","JAR11630F","EO","JG","07-21-2025","F",49,41,1667,"impact","impact_1971-1980",34.864295,-106.72527,0,0,0,0,0,0,0,NA,0,0,0,0,0,NA,0,0,0,0,0,0,0,0,0,NA,NA,NA,NA,NA,NA,NA,NA,NA,NA,NA,NA,NA,NA,NA,NA,NA,NA,NA,NA,NA,NA,NA,NA,NA,NA,NA,NA,NA,NA,NA,NA,NA,NA,NA,NA,NA,NA,NA,NA,NA,NA,NA,NA,NA,NA,NA,NA,NA,NA,NA,NA,NA,NA,NA,NA,NA,NA,NA,NA,NA,NA,NA,NA
"64","MSB:Fish:4045",1977,5,12,"MSB 4045-3","JAR11636F","EO","BP","07-21-2025",NA,46,36,1210,"impact","impact_1971-1980",34.864295,-106.72527,0,0,0,0,0,0,0,NA,0,0,0,0,0,NA,2,0,0,0,0,0,0,0,0,NA,NA,NA,NA,NA,NA,NA,NA,NA,NA,NA,NA,NA,NA,NA,NA,NA,NA,NA,NA,NA,NA,NA,NA,NA,NA,NA,NA,NA,NA,NA,NA,NA,NA,NA,NA,NA,NA,NA,NA,NA,NA,NA,NA,NA,NA,NA,NA,NA,NA,NA,NA,NA,NA,NA,NA,NA,NA,NA,NA,NA,NA,NA,NA
"65","MSB:Fish:4045",1977,5,12,"MSB 4045-2","JAR11633F","BP","JG","07-21-2025",NA,49,39,1415,"impact","impact_1971-1980",34.864295,-106.72527,0,0,0,0,0,0,0,NA,0,0,0,0,0,NA,0,0,0,0,0,0,7,0,2,NA,NA,NA,NA,NA,NA,NA,NA,NA,NA,NA,NA,NA,NA,NA,NA,NA,NA,NA,NA,NA,NA,NA,NA,NA,NA,NA,NA,NA,NA,NA,NA,NA,NA,NA,NA,NA,NA,NA,NA,NA,NA,NA,NA,NA,NA,NA,NA,NA,NA,NA,NA,NA,NA,NA,NA,NA,NA,NA,NA,NA,NA,NA,NA
"66","MSB:Fish:4045",1977,5,12,"MSB 4045-1","JAR11631F","EO","GC","07-21-2025","F",53,44,2208,"impact","impact_1971-1980",34.864295,-106.72527,0,0,0,0,0,0,0,NA,0,0,0,0,0,NA,0,0,0,0,0,0,2,0,2,NA,NA,NA,NA,NA,NA,NA,NA,NA,NA,NA,NA,NA,NA,NA,NA,NA,NA,NA,NA,NA,NA,NA,NA,NA,NA,NA,NA,NA,NA,NA,NA,NA,NA,NA,NA,NA,NA,NA,NA,NA,NA,NA,NA,NA,NA,NA,NA,NA,NA,NA,NA,NA,NA,NA,NA,NA,NA,NA,NA,NA,NA,NA,NA
"67","MSB:Fish:4075",1977,6,9,"MSB 4075-5","JAR11748F","EO","JG","07-31-2025","F",47,39,1239,"impact","impact_1971-1980",34.848054,-106.716649,0,0,0,0,0,0,0,NA,0,0,0,0,0,NA,1,0,0,0,0,NA,0,0,6,NA,NA,NA,NA,NA,NA,NA,NA,NA,NA,NA,NA,NA,NA,NA,NA,NA,NA,NA,NA,NA,NA,NA,NA,NA,NA,NA,NA,NA,NA,NA,NA,NA,NA,NA,NA,NA,NA,NA,NA,NA,NA,NA,NA,NA,NA,NA,NA,NA,NA,NA,NA,NA,NA,NA,NA,NA,NA,NA,NA,NA,NA,NA,NA
"68","MSB:Fish:4075",1977,6,9,"MSB 4075-4","JAR11723F","JG","JG","07-31-2025","F",46,38,1077,"impact","impact_1971-1980",34.848054,-106.716649,0,0,0,0,0,0,0,NA,0,0,0,0,0,NA,0,0,0,0,0,NA,0,0,2,NA,NA,NA,NA,NA,NA,NA,NA,NA,NA,NA,NA,NA,NA,NA,NA,NA,NA,NA,NA,NA,NA,NA,NA,NA,NA,NA,NA,NA,NA,NA,NA,NA,NA,NA,NA,NA,NA,NA,NA,NA,NA,NA,NA,NA,NA,NA,NA,NA,NA,NA,NA,NA,NA,NA,NA,NA,NA,NA,NA,NA,NA,NA,NA
"69","MSB:Fish:4075",1977,6,9,"MSB 4075-1","JAR11721F","EO","GC","07-31-2025",NA,50,41,1450,"impact","impact_1971-1980",34.848054,-106.716649,0,0,0,0,0,0,0,NA,0,0,0,0,0,NA,0,0,0,0,0,0,0,0,0,NA,NA,NA,NA,NA,NA,NA,NA,NA,NA,NA,NA,NA,NA,NA,NA,NA,NA,NA,NA,NA,NA,NA,NA,NA,NA,NA,NA,NA,NA,NA,NA,NA,NA,NA,NA,NA,NA,NA,NA,NA,NA,NA,NA,NA,NA,NA,NA,NA,NA,NA,NA,NA,NA,NA,NA,NA,NA,NA,NA,NA,NA,NA,NA
"70","MSB:Fish:4075",1977,6,9,"MSB 4075-3","JAR11724F","EO","JG","07-31-2025","F",45,36,978,"impact","impact_1971-1980",34.848054,-106.716649,0,0,0,0,0,0,0,NA,0,0,0,0,0,NA,0,0,0,0,0,0,2,0,2,NA,NA,NA,NA,NA,NA,NA,NA,NA,NA,NA,NA,NA,NA,NA,NA,NA,NA,NA,NA,NA,NA,NA,NA,NA,NA,NA,NA,NA,NA,NA,NA,NA,NA,NA,NA,NA,NA,NA,NA,NA,NA,NA,NA,NA,NA,NA,NA,NA,NA,NA,NA,NA,NA,NA,NA,NA,NA,NA,NA,NA,NA,NA,NA
"71","MSB:Fish:4075",1977,6,9,"MSB 4075-2","JAR11720F","JG","GC","07-31-2025",NA,52,43,1701,"impact","impact_1971-1980",34.848054,-106.716649,0,0,0,0,0,0,0,NA,0,0,0,0,0,NA,0,0,0,0,0,0,0,0,0,NA,NA,NA,NA,NA,NA,NA,NA,NA,NA,NA,NA,NA,NA,NA,NA,NA,NA,NA,NA,NA,NA,NA,NA,NA,NA,NA,NA,NA,NA,NA,NA,NA,NA,NA,NA,NA,NA,NA,NA,NA,NA,NA,NA,NA,NA,NA,NA,NA,NA,NA,NA,NA,NA,NA,NA,NA,NA,NA,NA,NA,NA,NA,NA
"72","MSB:Fish:4101",1977,5,12,"MSB 4101-1","JAR11747F","EO","EO","07-31-2025",NA,51,43,1591,"impact","impact_1971-1980",34.857048,-106.719821,0,0,0,0,0,0,0,NA,0,0,0,0,0,NA,0,0,0,0,0,0,0,0,0,NA,NA,NA,NA,NA,NA,NA,NA,NA,NA,NA,NA,NA,NA,NA,NA,NA,NA,NA,NA,NA,NA,NA,NA,NA,NA,NA,NA,NA,NA,NA,NA,NA,NA,NA,NA,NA,NA,NA,NA,NA,NA,NA,NA,NA,NA,NA,NA,NA,NA,NA,NA,NA,NA,NA,NA,NA,NA,NA,NA,NA,NA,NA,NA
"73","MSB:Fish:4101",1977,5,12,"MSB 4101-5","JAR11739F","EO","GC","07-31-2025",NA,42,43,757,"impact","impact_1971-1980",34.857048,-106.719821,0,0,1,0,0,0,0,NA,0,0,0,0,0,NA,0,0,0,0,0,0,19,0,0,NA,NA,NA,NA,NA,NA,NA,NA,NA,NA,NA,NA,NA,NA,NA,NA,NA,NA,NA,NA,NA,NA,NA,NA,NA,NA,NA,NA,NA,NA,NA,NA,NA,NA,NA,NA,NA,NA,NA,NA,NA,NA,NA,NA,NA,NA,NA,NA,NA,NA,NA,NA,NA,NA,NA,NA,NA,NA,NA,NA,NA,NA,NA,NA
"74","MSB:Fish:4101",1977,5,12,"MSB 4101-3","JAR11745F","EO","EO","07-31-2025","F",43,35,804,"impact","impact_1971-1980",34.857048,-106.719821,0,0,0,0,0,0,0,NA,0,0,0,0,0,NA,0,0,0,0,0,0,0,0,4,NA,NA,NA,NA,NA,NA,NA,NA,NA,NA,NA,NA,NA,NA,NA,NA,NA,NA,NA,NA,NA,NA,NA,NA,NA,NA,NA,NA,NA,NA,NA,NA,NA,NA,NA,NA,NA,NA,NA,NA,NA,NA,NA,NA,NA,NA,NA,NA,NA,NA,NA,NA,NA,NA,NA,NA,NA,NA,NA,NA,NA,NA,NA,NA
"75","MSB:Fish:4101",1977,5,12,"MSB 4101-2","JAR11744F","JG","GC","07-31-2025",NA,43,35,1041,"impact","impact_1971-1980",34.857048,-106.719821,0,0,0,0,0,0,0,NA,0,0,0,0,0,NA,0,0,0,0,0,0,0,0,0,NA,NA,NA,NA,NA,NA,NA,NA,NA,NA,NA,NA,NA,NA,NA,NA,NA,NA,NA,NA,NA,NA,NA,NA,NA,NA,NA,NA,NA,NA,NA,NA,NA,NA,NA,NA,NA,NA,NA,NA,NA,NA,NA,NA,NA,NA,NA,NA,NA,NA,NA,NA,NA,NA,NA,NA,NA,NA,NA,NA,NA,NA,NA,NA
"76","MSB:Fish:4101",1977,5,12,"MSB 4101-4","JAR11742F","JG","CLW GC","07-31-2025",NA,45,36,967,"impact","impact_1971-1980",34.857048,-106.719821,0,0,0,0,0,0,0,NA,0,0,0,0,0,NA,0,0,0,0,0,NA,0,0,0,NA,NA,NA,NA,NA,NA,NA,NA,NA,NA,NA,NA,NA,NA,NA,NA,NA,NA,NA,NA,NA,NA,NA,NA,NA,NA,NA,NA,NA,NA,NA,NA,NA,NA,NA,NA,NA,NA,NA,NA,NA,NA,NA,NA,NA,NA,NA,NA,NA,NA,NA,NA,NA,NA,NA,NA,NA,NA,NA,NA,NA,NA,NA,NA
"77","MSB:Fish:4114",1977,5,13,"MSB 4114-1","JAR11756F","EO","EO","08-01-2025","F",52,42,1845,"impact","impact_1971-1980",34.905272,-106.685564,0,0,0,0,0,0,0,NA,0,0,0,0,0,NA,0,0,0,0,0,0,0,0,0,NA,NA,NA,NA,NA,NA,NA,NA,NA,NA,NA,NA,NA,NA,NA,NA,NA,NA,NA,NA,NA,NA,NA,NA,NA,NA,NA,NA,NA,NA,NA,NA,NA,NA,NA,NA,NA,NA,NA,NA,NA,NA,NA,NA,NA,NA,NA,NA,NA,NA,NA,NA,NA,NA,NA,NA,NA,NA,NA,NA,NA,NA,NA,NA
"78","MSB:Fish:4114",1977,5,13,"MSB 4114-5","JAR11750F","EO","EO","08-01-2025",NA,47,38,1113,"impact","impact_1971-1980",34.905272,-106.685564,0,0,0,0,0,0,0,NA,0,0,0,0,0,NA,0,0,0,0,0,NA,0,0,0,NA,NA,NA,NA,NA,NA,NA,NA,NA,NA,NA,NA,NA,NA,NA,NA,NA,NA,NA,NA,NA,NA,NA,NA,NA,NA,NA,NA,NA,NA,NA,NA,NA,NA,NA,NA,NA,NA,NA,NA,NA,NA,NA,NA,NA,NA,NA,NA,NA,NA,NA,NA,NA,NA,NA,NA,NA,NA,NA,NA,NA,NA,NA,NA
"79","MSB:Fish:4114",1977,5,13,"MSB 4114-2","JAR11754F","JG","CLW","08-01-2025",NA,50,43,1512,"impact","impact_1971-1980",34.905272,-106.685564,0,0,0,0,0,0,0,NA,0,0,0,0,0,NA,0,0,0,0,0,NA,0,0,0,NA,NA,NA,NA,NA,NA,NA,NA,NA,NA,NA,NA,NA,NA,NA,NA,NA,NA,NA,NA,NA,NA,NA,NA,NA,NA,NA,NA,NA,NA,NA,NA,NA,NA,NA,NA,NA,NA,NA,NA,NA,NA,NA,NA,NA,NA,NA,NA,NA,NA,NA,NA,NA,NA,NA,NA,NA,NA,NA,NA,NA,NA,NA,NA
"80","MSB:Fish:4114",1977,5,13,"MSB 4114-4","JAR11751F","JG","JG","08-01-2025","F",47,40,1284,"impact","impact_1971-1980",34.905272,-106.685564,0,0,0,0,0,0,0,NA,0,0,0,0,0,NA,0,0,0,0,0,NA,0,0,0,NA,NA,NA,NA,NA,NA,NA,NA,NA,NA,NA,NA,NA,NA,NA,NA,NA,NA,NA,NA,NA,NA,NA,NA,NA,NA,NA,NA,NA,NA,NA,NA,NA,NA,NA,NA,NA,NA,NA,NA,NA,NA,NA,NA,NA,NA,NA,NA,NA,NA,NA,NA,NA,NA,NA,NA,NA,NA,NA,NA,NA,NA,NA,NA
"81","MSB:Fish:4114",1977,5,13,"MSB 4114-3","JAR11753F","EO","GC","08-01-2025",NA,51,43,1646,"impact","impact_1971-1980",34.905272,-106.685564,0,0,0,0,0,0,0,NA,0,0,0,0,0,NA,0,0,0,0,0,0,2,0,0,NA,NA,NA,NA,NA,NA,NA,NA,NA,NA,NA,NA,NA,NA,NA,NA,NA,NA,NA,NA,NA,NA,NA,NA,NA,NA,NA,NA,NA,NA,NA,NA,NA,NA,NA,NA,NA,NA,NA,NA,NA,NA,NA,NA,NA,NA,NA,NA,NA,NA,NA,NA,NA,NA,NA,NA,NA,NA,NA,NA,NA,NA,NA,NA
"82","MSB:Fish:4157",1977,8,5,"MSB 4157-4","JAR11814F","EO","BP","08-07-2025",NA,52,42,1284,"impact","impact_1971-1980",34.905272,-106.685564,0,0,0,0,0,0,0,NA,0,0,0,0,0,NA,0,0,0,0,0,0,0,0,0,NA,NA,NA,NA,NA,NA,NA,NA,NA,NA,NA,NA,NA,NA,NA,NA,NA,NA,NA,NA,NA,NA,NA,NA,NA,NA,NA,NA,NA,NA,NA,NA,NA,NA,NA,NA,NA,NA,NA,NA,NA,NA,NA,NA,NA,NA,NA,NA,NA,NA,NA,NA,NA,NA,NA,NA,NA,NA,NA,NA,NA,NA,NA,NA
"83","MSB:Fish:4157",1977,8,5,"MSB 4157-2","JAR11816F","JG","JG","08-07-2025","F",55,46,1521,"impact","impact_1971-1980",34.905272,-106.685564,0,0,7,0,0,0,0,NA,0,0,0,0,0,NA,0,0,0,0,0,0,0,0,2,NA,NA,NA,NA,NA,NA,NA,NA,NA,NA,NA,NA,NA,NA,NA,NA,NA,NA,NA,NA,NA,NA,NA,NA,NA,NA,NA,NA,NA,NA,NA,NA,NA,NA,NA,NA,NA,NA,NA,NA,NA,NA,NA,NA,NA,NA,NA,NA,NA,NA,NA,NA,NA,NA,NA,NA,NA,NA,NA,NA,NA,NA,NA,NA
"84","MSB:Fish:4157",1977,8,5,"MSB 4157-5","JAR11811F","JG","JG","08-07-2025","F",50,43,1300,"impact","impact_1971-1980",34.905272,-106.685564,0,0,6,0,0,0,0,NA,0,0,0,0,0,NA,1,0,0,0,0,0,0,0,0,NA,NA,NA,NA,NA,NA,NA,NA,NA,NA,NA,NA,NA,NA,NA,NA,NA,NA,NA,NA,NA,NA,NA,NA,NA,NA,NA,NA,NA,NA,NA,NA,NA,NA,NA,NA,NA,NA,NA,NA,NA,NA,NA,NA,NA,NA,NA,NA,NA,NA,NA,NA,NA,NA,NA,NA,NA,NA,NA,NA,NA,NA,NA,NA
"85","MSB:Fish:4157",1977,8,5,"MSB 4157-3","JAR11810F","EO","EO","08-07-2025",NA,52,43,1367,"impact","impact_1971-1980",34.905272,-106.685564,0,0,0,0,0,0,0,NA,0,0,0,0,0,NA,0,0,0,0,0,0,2,0,0,NA,NA,NA,NA,NA,NA,NA,NA,NA,NA,NA,NA,NA,NA,NA,NA,NA,NA,NA,NA,NA,NA,NA,NA,NA,NA,NA,NA,NA,NA,NA,NA,NA,NA,NA,NA,NA,NA,NA,NA,NA,NA,NA,NA,NA,NA,NA,NA,NA,NA,NA,NA,NA,NA,NA,NA,NA,NA,NA,NA,NA,NA,NA,NA
"86","MSB:Fish:4157",1977,8,5,"MSB 4157-1","JAR11813F","EO","JG","08-07-2025",NA,61,52,2325,"impact","impact_1971-1980",34.905272,-106.685564,0,0,0,0,0,0,0,NA,0,0,0,0,0,NA,0,0,0,0,0,0,0,0,4,NA,NA,NA,NA,NA,NA,NA,NA,NA,NA,NA,NA,NA,NA,NA,NA,NA,NA,NA,NA,NA,NA,NA,NA,NA,NA,NA,NA,NA,NA,NA,NA,NA,NA,NA,NA,NA,NA,NA,NA,NA,NA,NA,NA,NA,NA,NA,NA,NA,NA,NA,NA,NA,NA,NA,NA,NA,NA,NA,NA,NA,NA,NA,NA
"87","MSB:Fish:4174",1977,8,4,"MSB 4174-1","JAR11768F","BP","JG","08-01-2025",NA,32,26,277,"impact","impact_1971-1980",34.859396,-106.720148,0,1,0,0,0,0,0,NA,0,0,0,0,0,NA,0,0,0,0,0,0,0,0,0,NA,NA,NA,NA,NA,NA,NA,NA,NA,NA,NA,NA,NA,NA,NA,NA,NA,NA,NA,NA,NA,NA,NA,NA,NA,NA,NA,NA,NA,NA,NA,NA,NA,NA,NA,NA,NA,NA,NA,NA,NA,NA,NA,NA,NA,NA,NA,NA,NA,NA,NA,NA,NA,NA,NA,NA,NA,NA,NA,NA,NA,NA,NA,NA
"88","MSB:Fish:4174",1977,8,4,"MSB 4174-5","JAR11759F","BP","EO","08-01-2025","F",36,29,468,"impact","impact_1971-1980",34.859396,-106.720148,0,0,0,0,0,0,0,NA,0,0,0,0,0,NA,0,0,0,0,0,0,0,0,2,NA,NA,NA,NA,NA,NA,NA,NA,NA,NA,NA,NA,NA,NA,NA,NA,NA,NA,NA,NA,NA,NA,NA,NA,NA,NA,NA,NA,NA,NA,NA,NA,NA,NA,NA,NA,NA,NA,NA,NA,NA,NA,NA,NA,NA,NA,NA,NA,NA,NA,NA,NA,NA,NA,NA,NA,NA,NA,NA,NA,NA,NA,NA,NA
"89","MSB:Fish:4174",1977,8,4,"MSB 4174-3","JAR11760F","BP","JG","08-01-2025",NA,40,32,646,"impact","impact_1971-1980",34.859396,-106.720148,0,0,9,0,0,0,0,NA,0,1,0,0,0,NA,0,0,0,0,0,0,60,0,0,NA,NA,NA,NA,NA,NA,NA,NA,NA,NA,NA,NA,NA,NA,NA,NA,NA,NA,NA,NA,NA,NA,NA,NA,NA,NA,NA,NA,NA,NA,NA,NA,NA,NA,NA,NA,NA,NA,NA,NA,NA,NA,NA,NA,NA,NA,NA,NA,NA,NA,NA,NA,NA,NA,NA,NA,NA,NA,NA,NA,NA,NA,NA,NA
"90","MSB:Fish:4174",1977,8,4,"MSB 4174-4","JAR11757F","EO","EO","08-01-2025","F",36,28,435,"impact","impact_1971-1980",34.859396,-106.720148,0,0,0,0,0,0,0,NA,0,0,0,0,0,NA,0,0,0,0,0,0,0,0,2,NA,NA,NA,NA,NA,NA,NA,NA,NA,NA,NA,NA,NA,NA,NA,NA,NA,NA,NA,NA,NA,NA,NA,NA,NA,NA,NA,NA,NA,NA,NA,NA,NA,NA,NA,NA,NA,NA,NA,NA,NA,NA,NA,NA,NA,NA,NA,NA,NA,NA,NA,NA,NA,NA,NA,NA,NA,NA,NA,NA,NA,NA,NA,NA
"91","MSB:Fish:4174",1977,8,4,"MSB 4174-2","JAR11765F","BP","BP","08-01-2025","F",37,29,419,"impact","impact_1971-1980",34.859396,-106.720148,0,0,2,0,1,0,1,NA,0,0,1,0,0,NA,1,0,0,0,0,0,57,0,2,NA,NA,NA,NA,NA,NA,NA,NA,NA,NA,NA,NA,NA,NA,NA,NA,NA,NA,NA,NA,NA,NA,NA,NA,NA,NA,NA,NA,NA,NA,NA,NA,NA,NA,NA,NA,NA,NA,NA,NA,NA,NA,NA,NA,NA,NA,NA,NA,NA,NA,NA,NA,NA,NA,NA,NA,NA,NA,NA,NA,NA,NA,NA,NA
"92","MSB:Fish:43375",1999,8,25,"MSB 43375-4","JAR11727F","EO","GC","07-31-2025",NA,47,37,879,"impact","impact_1991-2000",35.089293,-106.680842,0,0,0,0,0,0,1,NA,0,0,0,0,0,NA,0,0,0,0,0,0,1,0,0,NA,NA,NA,NA,NA,NA,NA,NA,NA,NA,NA,NA,NA,NA,NA,NA,NA,NA,NA,NA,NA,NA,NA,NA,NA,NA,NA,NA,NA,NA,NA,NA,NA,NA,NA,NA,NA,NA,NA,NA,NA,NA,NA,NA,NA,NA,NA,NA,NA,NA,NA,NA,NA,NA,NA,NA,NA,NA,NA,NA,NA,NA,NA,NA
"93","MSB:Fish:43375",1999,8,25,"MSB 43375-3","JAR11736F","JG","JG","07-31-2025",NA,43,34,758,"impact","impact_1991-2000",35.089293,-106.680842,0,0,0,0,0,0,0,NA,0,0,0,0,0,NA,0,0,0,0,0,NA,0,0,0,NA,NA,NA,NA,NA,NA,NA,NA,NA,NA,NA,NA,NA,NA,NA,NA,NA,NA,NA,NA,NA,NA,NA,NA,NA,NA,NA,NA,NA,NA,NA,NA,NA,NA,NA,NA,NA,NA,NA,NA,NA,NA,NA,NA,NA,NA,NA,NA,NA,NA,NA,NA,NA,NA,NA,NA,NA,NA,NA,NA,NA,NA,NA,NA
"94","MSB:Fish:43375",1999,8,25,"MSB 43375-2","JAR11733F","EO","EO","07-31-2025",NA,45,36,861,"impact","impact_1991-2000",35.089293,-106.680842,0,0,7,0,0,0,0,NA,0,0,0,0,0,NA,0,0,0,0,0,NA,0,0,0,NA,NA,NA,NA,NA,NA,NA,NA,NA,NA,NA,NA,NA,NA,NA,NA,NA,NA,NA,NA,NA,NA,NA,NA,NA,NA,NA,NA,NA,NA,NA,NA,NA,NA,NA,NA,NA,NA,NA,NA,NA,NA,NA,NA,NA,NA,NA,NA,NA,NA,NA,NA,NA,NA,NA,NA,NA,NA,NA,NA,NA,NA,NA,NA
"95","MSB:Fish:43375",1999,8,25,"MSB 43375-1","JAR11735F","JG","GC","07-31-2025",NA,51,40,1203,"impact","impact_1991-2000",35.089293,-106.680842,0,0,0,0,0,0,0,NA,0,0,0,0,0,NA,0,0,0,0,0,0,0,0,0,NA,NA,NA,NA,NA,NA,NA,NA,NA,NA,NA,NA,NA,NA,NA,NA,NA,NA,NA,NA,NA,NA,NA,NA,NA,NA,NA,NA,NA,NA,NA,NA,NA,NA,NA,NA,NA,NA,NA,NA,NA,NA,NA,NA,NA,NA,NA,NA,NA,NA,NA,NA,NA,NA,NA,NA,NA,NA,NA,NA,NA,NA,NA,NA
"96","MSB:Fish:43375",1999,8,25,"MSB 43375-5","JAR11730F","JG","CLW","07-31-2025",NA,36,28,454,"impact","impact_1991-2000",35.089293,-106.680842,0,0,0,0,0,0,3,NA,0,0,0,0,0,NA,0,0,0,0,0,0,0,0,0,NA,NA,NA,NA,NA,NA,NA,NA,NA,NA,NA,NA,NA,NA,NA,NA,NA,NA,NA,NA,NA,NA,NA,NA,NA,NA,NA,NA,NA,NA,NA,NA,NA,NA,NA,NA,NA,NA,NA,NA,NA,NA,NA,NA,NA,NA,NA,NA,NA,NA,NA,NA,NA,NA,NA,NA,NA,NA,NA,NA,NA,NA,NA,NA
"97","MSB:Fish:4391",1978,8,16,"MSB 4391-2","JAR11778F","EO","CW","08-04-2025",NA,39,32,525,"impact","impact_1971-1980",34.986117,-106.686021,0,0,0,0,0,0,0,NA,0,0,0,0,0,NA,0,0,0,0,0,0,0,0,0,NA,NA,NA,NA,NA,NA,NA,NA,NA,NA,NA,NA,NA,NA,NA,NA,NA,NA,NA,NA,NA,NA,NA,NA,NA,NA,NA,NA,NA,NA,NA,NA,NA,NA,NA,NA,NA,NA,NA,NA,NA,NA,NA,NA,NA,NA,NA,NA,NA,NA,NA,NA,NA,NA,NA,NA,NA,NA,NA,NA,NA,NA,NA,NA
"98","MSB:Fish:4391",1978,8,16,"MSB 4391-3","JAR11784F","BP","CW","08-04-2025",NA,39,31,520,"impact","impact_1971-1980",34.986117,-106.686021,0,0,0,0,0,0,0,NA,0,0,0,0,0,NA,0,0,0,0,0,0,0,0,0,NA,NA,NA,NA,NA,NA,NA,NA,NA,NA,NA,NA,NA,NA,NA,NA,NA,NA,NA,NA,NA,NA,NA,NA,NA,NA,NA,NA,NA,NA,NA,NA,NA,NA,NA,NA,NA,NA,NA,NA,NA,NA,NA,NA,NA,NA,NA,NA,NA,NA,NA,NA,NA,NA,NA,NA,NA,NA,NA,NA,NA,NA,NA,NA
"99","MSB:Fish:4391",1978,8,16,"MSB 4391-5","JAR11775F","BP","JG","08-04-2025","F",43,34,795,"impact","impact_1971-1980",34.986117,-106.686021,0,0,0,0,0,0,0,NA,0,0,0,0,0,NA,0,0,0,0,0,0,0,0,0,NA,NA,NA,NA,NA,NA,NA,NA,NA,NA,NA,NA,NA,NA,NA,NA,NA,NA,NA,NA,NA,NA,NA,NA,NA,NA,NA,NA,NA,NA,NA,NA,NA,NA,NA,NA,NA,NA,NA,NA,NA,NA,NA,NA,NA,NA,NA,NA,NA,NA,NA,NA,NA,NA,NA,NA,NA,NA,NA,NA,NA,NA,NA,NA
"100","MSB:Fish:4391",1978,8,16,"MSB 4391-4","JAR11781F","EO","EO","08-04-2025",NA,42,34,729,"impact","impact_1971-1980",34.986117,-106.686021,0,0,0,0,0,0,0,NA,0,0,0,0,0,NA,0,0,0,0,0,0,0,0,0,NA,NA,NA,NA,NA,NA,NA,NA,NA,NA,NA,NA,NA,NA,NA,NA,NA,NA,NA,NA,NA,NA,NA,NA,NA,NA,NA,NA,NA,NA,NA,NA,NA,NA,NA,NA,NA,NA,NA,NA,NA,NA,NA,NA,NA,NA,NA,NA,NA,NA,NA,NA,NA,NA,NA,NA,NA,NA,NA,NA,NA,NA,NA,NA
"101","MSB:Fish:4391",1978,8,16,"MSB 4391-1","JAR11783F","BP","JG","08-04-2025",NA,43,35,816,"impact","impact_1971-1980",34.986117,-106.686021,0,0,0,0,0,0,0,NA,0,0,0,0,0,NA,0,0,0,0,0,0,0,0,0,NA,NA,NA,NA,NA,NA,NA,NA,NA,NA,NA,NA,NA,NA,NA,NA,NA,NA,NA,NA,NA,NA,NA,NA,NA,NA,NA,NA,NA,NA,NA,NA,NA,NA,NA,NA,NA,NA,NA,NA,NA,NA,NA,NA,NA,NA,NA,NA,NA,NA,NA,NA,NA,NA,NA,NA,NA,NA,NA,NA,NA,NA,NA,NA
"102","MSB:Fish:4781",1977,8,4,"MSB 4781-3","JAR11851F","EO","EO","08-11-2025",NA,32,27,313,"impact","impact_1971-1980",35.133568,-106.693327,0,0,1,0,0,0,0,NA,0,0,0,0,0,NA,1,0,0,0,0,0,0,0,0,NA,NA,NA,NA,NA,NA,NA,NA,NA,NA,NA,NA,NA,NA,NA,NA,NA,NA,NA,NA,NA,NA,NA,NA,NA,NA,NA,NA,NA,NA,NA,NA,NA,NA,NA,NA,NA,NA,NA,NA,NA,NA,NA,NA,NA,NA,NA,NA,NA,NA,NA,NA,NA,NA,NA,NA,NA,NA,NA,NA,NA,NA,NA,NA
"103","MSB:Fish:4781",1977,8,4,"MSB 4781-5","JAR11868F","EO","EO","08-11-2025","F",32,26,279,"impact","impact_1971-1980",35.133568,-106.693327,0,0,1,0,0,0,0,0,0,0,0,0,0,NA,0,0,0,0,0,0,0,0,0,NA,NA,NA,NA,NA,NA,NA,NA,NA,NA,NA,NA,NA,NA,NA,NA,NA,NA,NA,NA,NA,NA,NA,NA,NA,NA,NA,NA,NA,NA,NA,NA,NA,NA,NA,NA,NA,NA,NA,NA,NA,NA,NA,NA,NA,NA,NA,NA,NA,NA,NA,NA,NA,NA,NA,NA,NA,NA,NA,NA,NA,NA,NA,NA
"104","MSB:Fish:4781",1977,8,4,"MSB 4781-2","JAR11848F","EO","EO","08-11-2025",NA,43,34,764,"impact","impact_1971-1980",35.133568,-106.693327,0,0,0,0,0,0,0,0,0,0,0,0,0,0,0,0,0,0,0,0,0,0,2,NA,NA,NA,NA,NA,NA,NA,NA,NA,NA,NA,NA,NA,NA,NA,NA,NA,NA,NA,NA,NA,NA,NA,NA,NA,NA,NA,NA,NA,NA,NA,NA,NA,NA,NA,NA,NA,NA,NA,NA,NA,NA,NA,NA,NA,NA,NA,NA,NA,NA,NA,NA,NA,NA,NA,NA,NA,NA,NA,NA,NA,NA,NA,NA
"105","MSB:Fish:4781",1977,8,4,"MSB 4781-1","JAR11845F","EO","CW","08-11-2025",NA,34,28,411,"impact","impact_1971-1980",35.133568,-106.693327,0,0,0,0,0,0,0,NA,0,0,0,0,0,NA,0,0,0,0,0,NA,0,0,2,NA,NA,NA,NA,NA,NA,NA,NA,NA,NA,NA,NA,NA,NA,NA,NA,NA,NA,NA,NA,NA,NA,NA,NA,NA,NA,NA,NA,NA,NA,NA,NA,NA,NA,NA,NA,NA,NA,NA,NA,NA,NA,NA,NA,NA,NA,NA,NA,NA,NA,NA,NA,NA,NA,NA,NA,NA,NA,NA,NA,NA,NA,NA,NA
"106","MSB:Fish:4781",1977,8,4,"MSB 4781-4","JAR11854F","BP","EO","08-11-2025","F",32,25,222,"impact","impact_1971-1980",35.133568,-106.693327,0,0,0,0,0,0,0,0,0,0,0,0,0,0,0,0,0,0,0,0,0,0,0,NA,NA,NA,NA,NA,NA,NA,NA,NA,NA,NA,NA,NA,NA,NA,NA,NA,NA,NA,NA,NA,NA,NA,NA,NA,NA,NA,NA,NA,NA,NA,NA,NA,NA,NA,NA,NA,NA,NA,NA,NA,NA,NA,NA,NA,NA,NA,NA,NA,NA,NA,NA,NA,NA,NA,NA,NA,NA,NA,NA,NA,NA,NA,NA
"107","MSB:Fish:5007",1977,7,6,"MSB 5007-3","JAR11867F","EO","CW","08-11-2025",NA,32,25,304,"control","control_1971-1980",35.232431,-106.594272,0,0,0,0,0,0,0,79,0,0,0,0,0,NA,0,0,0,0,0,0,0,0,0,NA,NA,NA,NA,NA,NA,NA,NA,NA,NA,NA,NA,NA,NA,NA,NA,NA,NA,NA,NA,NA,NA,NA,NA,NA,NA,NA,NA,NA,NA,NA,NA,NA,NA,NA,NA,NA,NA,NA,NA,NA,NA,NA,NA,NA,NA,NA,NA,NA,NA,NA,NA,NA,NA,NA,NA,NA,NA,NA,NA,NA,NA,NA,NA
"108","MSB:Fish:5007",1977,7,6,"MSB 5007-5","JAR11864F","EO","CW","08-11-2025",NA,32,25,262,"control","control_1971-1980",35.232431,-106.594272,0,0,5,0,0,0,0,10,0,0,0,0,0,0,0,0,0,0,0,NA,0,0,0,NA,NA,NA,NA,NA,NA,NA,NA,NA,NA,NA,NA,NA,NA,NA,NA,NA,NA,NA,NA,NA,NA,NA,NA,NA,NA,NA,NA,NA,NA,NA,NA,NA,NA,NA,NA,NA,NA,NA,NA,NA,NA,NA,NA,NA,NA,NA,NA,NA,NA,NA,NA,NA,NA,NA,NA,NA,NA,NA,NA,NA,NA,NA,NA
"109","MSB:Fish:5007",1977,7,6,"MSB 5007-3","JAR11862F","EO","CW","08-11-2025",NA,34,27,338,"control","control_1971-1980",35.232431,-106.594272,0,0,0,0,0,0,0,NA,0,0,0,0,0,NA,0,0,0,0,0,NA,0,0,0,NA,NA,NA,NA,NA,NA,NA,NA,NA,NA,NA,NA,NA,NA,NA,NA,NA,NA,NA,NA,NA,NA,NA,NA,NA,NA,NA,NA,NA,NA,NA,NA,NA,NA,NA,NA,NA,NA,NA,NA,NA,NA,NA,NA,NA,NA,NA,NA,NA,NA,NA,NA,NA,NA,NA,NA,NA,NA,NA,NA,NA,NA,NA,NA
"110","MSB:Fish:5007",1977,7,6,"MSB 5007-1","JAR11859F","EO","JG","08-11-2025",NA,47,39,959,"control","control_1971-1980",35.232431,-106.594272,0,0,0,0,0,0,0,NA,0,0,0,0,0,NA,0,0,0,0,0,NA,15,0,0,NA,NA,NA,NA,NA,NA,NA,NA,NA,NA,NA,NA,NA,NA,NA,NA,NA,NA,NA,NA,NA,NA,NA,NA,NA,NA,NA,NA,NA,NA,NA,NA,NA,NA,NA,NA,NA,NA,NA,NA,NA,NA,NA,NA,NA,NA,NA,NA,NA,NA,NA,NA,NA,NA,NA,NA,NA,NA,NA,NA,NA,NA,NA,NA
"111","MSB:Fish:5007",1977,7,6,"MSB 5007-4","JAR11865F","EO","CW","08-11-2025",NA,35,29,379,"control","control_1971-1980",35.232431,-106.594272,0,0,0,0,0,0,0,19,0,0,0,0,0,NA,0,0,0,0,0,0,0,0,0,NA,NA,NA,NA,NA,NA,NA,NA,NA,NA,NA,NA,NA,NA,NA,NA,NA,NA,NA,NA,NA,NA,NA,NA,NA,NA,NA,NA,NA,NA,NA,NA,NA,NA,NA,NA,NA,NA,NA,NA,NA,NA,NA,NA,NA,NA,NA,NA,NA,NA,NA,NA,NA,NA,NA,NA,NA,NA,NA,NA,NA,NA,NA,NA
"112","MSB:Fish:5250",1986,7,13,"MSB 5250-4","JAR11817F","EO","CW","08-11-2025",NA,35,28,450,"control","control_1981-1990",35.322164,-106.557448,0,0,3,0,0,0,0,0,0,0,0,0,0,0,0,0,0,0,0,0,0,0,0,NA,NA,NA,NA,NA,NA,NA,NA,NA,NA,NA,NA,NA,NA,NA,NA,NA,NA,NA,NA,NA,NA,NA,NA,NA,NA,NA,NA,NA,NA,NA,NA,NA,NA,NA,NA,NA,NA,NA,NA,NA,NA,NA,NA,NA,NA,NA,NA,NA,NA,NA,NA,NA,NA,NA,NA,NA,NA,NA,NA,NA,NA,NA,NA
"113","MSB:Fish:5250",1986,7,13,"MSB 5250-5","JAR11820F","BP","CW","08-11-2025",NA,33,26,334,"control","control_1981-1990",35.322164,-106.557448,0,0,0,0,0,0,0,0,0,0,0,0,0,0,0,0,0,0,0,0,0,0,0,NA,NA,NA,NA,NA,NA,NA,NA,NA,NA,NA,NA,NA,NA,NA,NA,NA,NA,NA,NA,NA,NA,NA,NA,NA,NA,NA,NA,NA,NA,NA,NA,NA,NA,NA,NA,NA,NA,NA,NA,NA,NA,NA,NA,NA,NA,NA,NA,NA,NA,NA,NA,NA,NA,NA,NA,NA,NA,NA,NA,NA,NA,NA,NA
"114","MSB:Fish:5250",1986,7,13,"MSB 5250-3","JAR11822F","BP","CW","08-11-2025",NA,45,36,1024,"control","control_1981-1990",35.322164,-106.557448,0,0,0,0,0,0,0,0,0,0,0,0,0,0,0,0,0,0,0,0,0,0,0,NA,NA,NA,NA,NA,NA,NA,NA,NA,NA,NA,NA,NA,NA,NA,NA,NA,NA,NA,NA,NA,NA,NA,NA,NA,NA,NA,NA,NA,NA,NA,NA,NA,NA,NA,NA,NA,NA,NA,NA,NA,NA,NA,NA,NA,NA,NA,NA,NA,NA,NA,NA,NA,NA,NA,NA,NA,NA,NA,NA,NA,NA,NA,NA
"115","MSB:Fish:5250",1986,7,13,"MSB 5250-1","JAR11821F","BP","EO","08-11-2025","F",48,39,1206,"control","control_1981-1990",35.322164,-106.557448,0,0,0,0,0,0,0,0,0,0,0,0,0,0,0,0,0,0,0,0,0,0,0,NA,NA,NA,NA,NA,NA,NA,NA,NA,NA,NA,NA,NA,NA,NA,NA,NA,NA,NA,NA,NA,NA,NA,NA,NA,NA,NA,NA,NA,NA,NA,NA,NA,NA,NA,NA,NA,NA,NA,NA,NA,NA,NA,NA,NA,NA,NA,NA,NA,NA,NA,NA,NA,NA,NA,NA,NA,NA,NA,NA,NA,NA,NA,NA
"116","MSB:Fish:5250",1986,7,13,"MSB 5250-2","JAR11819F","BP","CW","08-11-2025",NA,51,43,1535,"control","control_1981-1990",35.322164,-106.557448,0,0,11,0,0,0,0,0,0,0,0,0,0,0,0,0,0,0,0,0,0,0,0,NA,NA,NA,NA,NA,NA,NA,NA,NA,NA,NA,NA,NA,NA,NA,NA,NA,NA,NA,NA,NA,NA,NA,NA,NA,NA,NA,NA,NA,NA,NA,NA,NA,NA,NA,NA,NA,NA,NA,NA,NA,NA,NA,NA,NA,NA,NA,NA,NA,NA,NA,NA,NA,NA,NA,NA,NA,NA,NA,NA,NA,NA,NA,NA
"117","MSB:Fish:5806",1987,9,9,"MSB 5806-1","JAR11767F","EO","JG","08-01-2025",NA,50,41,1681,"control","control_1981-1990",35.322164,-106.557448,0,0,4,0,0,0,0,NA,0,0,0,0,0,NA,0,0,0,0,0,0,0,0,0,NA,NA,NA,NA,NA,NA,NA,NA,NA,NA,NA,NA,NA,NA,NA,NA,NA,NA,NA,NA,NA,NA,NA,NA,NA,NA,NA,NA,NA,NA,NA,NA,NA,NA,NA,NA,NA,NA,NA,NA,NA,NA,NA,NA,NA,NA,NA,NA,NA,NA,NA,NA,NA,NA,NA,NA,NA,NA,NA,NA,NA,NA,NA,NA
"118","MSB:Fish:5806",1987,9,9,"MSB 5806-3","JAR11764F","EO","GC","08-01-2025",NA,37,30,562,"control","control_1981-1990",35.322164,-106.557448,0,0,3,0,0,0,0,NA,0,0,0,0,0,NA,0,0,0,0,0,0,0,0,0,NA,NA,NA,NA,NA,NA,NA,NA,NA,NA,NA,NA,NA,NA,NA,NA,NA,NA,NA,NA,NA,NA,NA,NA,NA,NA,NA,NA,NA,NA,NA,NA,NA,NA,NA,NA,NA,NA,NA,NA,NA,NA,NA,NA,NA,NA,NA,NA,NA,NA,NA,NA,NA,NA,NA,NA,NA,NA,NA,NA,NA,NA,NA,NA
"119","MSB:Fish:5806",1987,9,9,"MSB 5806-2","JAR11770F","JG","GC","08-01-2025",NA,49,40,1490,"control","control_1981-1990",35.322164,-106.557448,0,0,0,0,0,0,0,NA,0,0,0,0,0,NA,0,0,0,0,0,0,0,0,0,NA,NA,NA,NA,NA,NA,NA,NA,NA,NA,NA,NA,NA,NA,NA,NA,NA,NA,NA,NA,NA,NA,NA,NA,NA,NA,NA,NA,NA,NA,NA,NA,NA,NA,NA,NA,NA,NA,NA,NA,NA,NA,NA,NA,NA,NA,NA,NA,NA,NA,NA,NA,NA,NA,NA,NA,NA,NA,NA,NA,NA,NA,NA,NA
"120","MSB:Fish:5806",1987,9,9,"MSB 5806-5","JAR11761F","EO","EO","08-01-2025",NA,36,29,545,"control","control_1981-1990",35.322164,-106.557448,0,0,4,0,0,0,0,NA,0,0,0,0,0,NA,0,0,0,0,0,0,0,0,4,NA,NA,NA,NA,NA,NA,NA,NA,NA,NA,NA,NA,NA,NA,NA,NA,NA,NA,NA,NA,NA,NA,NA,NA,NA,NA,NA,NA,NA,NA,NA,NA,NA,NA,NA,NA,NA,NA,NA,NA,NA,NA,NA,NA,NA,NA,NA,NA,NA,NA,NA,NA,NA,NA,NA,NA,NA,NA,NA,NA,NA,NA,NA,NA
"121","MSB:Fish:5806",1987,9,9,"MSB 5806-4","JAR11762F","JG","CW","08-01-2025",NA,41,33,704,"control","control_1981-1990",35.322164,-106.557448,0,0,0,0,0,0,0,NA,0,0,0,0,0,NA,0,0,0,0,0,0,0,0,0,NA,NA,NA,NA,NA,NA,NA,NA,NA,NA,NA,NA,NA,NA,NA,NA,NA,NA,NA,NA,NA,NA,NA,NA,NA,NA,NA,NA,NA,NA,NA,NA,NA,NA,NA,NA,NA,NA,NA,NA,NA,NA,NA,NA,NA,NA,NA,NA,NA,NA,NA,NA,NA,NA,NA,NA,NA,NA,NA,NA,NA,NA,NA,NA
"122","MSB:Fish:5817",1987,9,10,"MSB 5817-1","JAR11774F","EO","CW","08-04-2025",NA,56,45,1611,"impact","impact_1981-1990",34.905272,-106.685564,0,0,25,0,0,0,0,NA,0,0,0,0,0,NA,0,0,0,0,0,0,0,0,0,NA,NA,NA,NA,NA,NA,NA,NA,NA,NA,NA,NA,NA,NA,NA,NA,NA,NA,NA,NA,NA,NA,NA,NA,NA,NA,NA,NA,NA,NA,NA,NA,NA,NA,NA,NA,NA,NA,NA,NA,NA,NA,NA,NA,NA,NA,NA,NA,NA,NA,NA,NA,NA,NA,NA,NA,NA,NA,NA,NA,NA,NA,NA,NA
"123","MSB:Fish:5817",1987,9,10,"MSB 5817-3","JAR11780F","EO","CW","08-04-2025",NA,53,43,1548,"impact","impact_1981-1990",34.905272,-106.685564,0,0,5,0,0,0,0,NA,0,0,0,0,0,NA,0,0,0,0,0,0,0,0,0,NA,NA,NA,NA,NA,NA,NA,NA,NA,NA,NA,NA,NA,NA,NA,NA,NA,NA,NA,NA,NA,NA,NA,NA,NA,NA,NA,NA,NA,NA,NA,NA,NA,NA,NA,NA,NA,NA,NA,NA,NA,NA,NA,NA,NA,NA,NA,NA,NA,NA,NA,NA,NA,NA,NA,NA,NA,NA,NA,NA,NA,NA,NA,NA
"124","MSB:Fish:5817",1987,9,10,"MSB 5817-4","JAR11777F","BP","EO","08-04-2025","F",50,40,1098,"impact","impact_1981-1990",34.905272,-106.685564,0,0,9,0,0,0,0,NA,0,0,0,0,0,NA,0,0,0,0,0,0,0,0,0,NA,NA,NA,NA,NA,NA,NA,NA,NA,NA,NA,NA,NA,NA,NA,NA,NA,NA,NA,NA,NA,NA,NA,NA,NA,NA,NA,NA,NA,NA,NA,NA,NA,NA,NA,NA,NA,NA,NA,NA,NA,NA,NA,NA,NA,NA,NA,NA,NA,NA,NA,NA,NA,NA,NA,NA,NA,NA,NA,NA,NA,NA,NA,NA
"125","MSB:Fish:5817",1987,9,10,"MSB 5817-5","JAR11782F","EO","CW","08-04-2025",NA,40,33,563,"impact","impact_1981-1990",34.905272,-106.685564,0,0,2,0,0,0,0,NA,0,0,0,0,0,NA,0,0,0,0,0,NA,0,0,0,NA,NA,NA,NA,NA,NA,NA,NA,NA,NA,NA,NA,NA,NA,NA,NA,NA,NA,NA,NA,NA,NA,NA,NA,NA,NA,NA,NA,NA,NA,NA,NA,NA,NA,NA,NA,NA,NA,NA,NA,NA,NA,NA,NA,NA,NA,NA,NA,NA,NA,NA,NA,NA,NA,NA,NA,NA,NA,NA,NA,NA,NA,NA,NA
"126","MSB:Fish:5817",1987,9,10,"MSB 5817-2","JAR11779F","BP","CW","08-04-2025",NA,57,45,1588,"impact","impact_1981-1990",34.905272,-106.685564,0,0,18,0,0,0,0,NA,0,0,0,0,0,NA,0,0,0,0,0,0,0,0,0,NA,NA,NA,NA,NA,NA,NA,NA,NA,NA,NA,NA,NA,NA,NA,NA,NA,NA,NA,NA,NA,NA,NA,NA,NA,NA,NA,NA,NA,NA,NA,NA,NA,NA,NA,NA,NA,NA,NA,NA,NA,NA,NA,NA,NA,NA,NA,NA,NA,NA,NA,NA,NA,NA,NA,NA,NA,NA,NA,NA,NA,NA,NA,NA
"127","MSB:Fish:5828",1987,9,10,"MSB 5828-5","JAR11771F","EO","CW","08-04-2025",NA,42,33,561,"impact","impact_1981-1990",34.875039,-106.717581,0,0,1,0,0,0,0,NA,0,0,0,0,0,NA,0,0,0,0,0,0,0,0,0,NA,NA,NA,NA,NA,NA,NA,NA,NA,NA,NA,NA,NA,NA,NA,NA,NA,NA,NA,NA,NA,NA,NA,NA,NA,NA,NA,NA,NA,NA,NA,NA,NA,NA,NA,NA,NA,NA,NA,NA,NA,NA,NA,NA,NA,NA,NA,NA,NA,NA,NA,NA,NA,NA,NA,NA,NA,NA,NA,NA,NA,NA,NA,NA
"128","MSB:Fish:5828",1987,9,10,"MSB 5828-2","JAR11766F","EO","CW","08-04-2025",NA,43,35,813,"impact","impact_1981-1990",34.875039,-106.717581,0,0,4,0,0,0,0,NA,0,0,0,0,0,NA,0,0,0,0,0,0,0,0,0,NA,NA,NA,NA,NA,NA,NA,NA,NA,NA,NA,NA,NA,NA,NA,NA,NA,NA,NA,NA,NA,NA,NA,NA,NA,NA,NA,NA,NA,NA,NA,NA,NA,NA,NA,NA,NA,NA,NA,NA,NA,NA,NA,NA,NA,NA,NA,NA,NA,NA,NA,NA,NA,NA,NA,NA,NA,NA,NA,NA,NA,NA,NA,NA
"129","MSB:Fish:5828",1987,9,10,"MSB 5282-1","JAR11763F","EO","CW","08-04-2025",NA,49,40,1320,"impact","impact_1981-1990",34.875039,-106.717581,0,0,1,0,0,0,0,NA,0,0,0,0,0,NA,0,0,0,0,0,0,0,0,0,NA,NA,NA,NA,NA,NA,NA,NA,NA,NA,NA,NA,NA,NA,NA,NA,NA,NA,NA,NA,NA,NA,NA,NA,NA,NA,NA,NA,NA,NA,NA,NA,NA,NA,NA,NA,NA,NA,NA,NA,NA,NA,NA,NA,NA,NA,NA,NA,NA,NA,NA,NA,NA,NA,NA,NA,NA,NA,NA,NA,NA,NA,NA,NA
"130","MSB:Fish:5828",1987,9,10,"MSB 5828-3","JAR11772F","EO","MV","08-04-2025",NA,39,31,514,"impact","impact_1981-1990",34.875039,-106.717581,0,0,0,0,0,0,0,NA,0,0,0,1,0,NA,0,0,0,0,0,0,0,0,0,NA,NA,NA,NA,NA,NA,NA,NA,NA,NA,NA,NA,NA,NA,NA,NA,NA,NA,NA,NA,NA,NA,NA,NA,NA,NA,NA,NA,NA,NA,NA,NA,NA,NA,NA,NA,NA,NA,NA,NA,NA,NA,NA,NA,NA,NA,NA,NA,NA,NA,NA,NA,NA,NA,NA,NA,NA,NA,NA,NA,NA,NA,NA,NA
"131","MSB:Fish:5828",1987,9,10,"MSB 5828-4","JAR11769F","BP","JG","08-04-2025","F",37,30,514,"impact","impact_1981-1990",34.875039,-106.717581,0,0,2,0,0,0,0,NA,0,0,0,0,0,NA,0,0,0,0,0,0,0,0,0,NA,NA,NA,NA,NA,NA,NA,NA,NA,NA,NA,NA,NA,NA,NA,NA,NA,NA,NA,NA,NA,NA,NA,NA,NA,NA,NA,NA,NA,NA,NA,NA,NA,NA,NA,NA,NA,NA,NA,NA,NA,NA,NA,NA,NA,NA,NA,NA,NA,NA,NA,NA,NA,NA,NA,NA,NA,NA,NA,NA,NA,NA,NA,NA
"132","MSB:Fish:611",1949,10,28,"MSB 611-4","JAR11743F","EO","CLW","07-31-2025",NA,51,42,1109,"impact","impact_1941-1950",35.155761,-106.655157,0,0,0,0,0,2,0,NA,0,0,0,0,0,NA,0,0,0,0,0,0,0,0,0,NA,NA,NA,NA,NA,NA,NA,NA,NA,NA,NA,NA,NA,NA,NA,NA,NA,NA,NA,NA,NA,NA,NA,NA,NA,NA,NA,NA,NA,NA,NA,NA,NA,NA,NA,NA,NA,NA,NA,NA,NA,NA,NA,NA,NA,NA,NA,NA,NA,NA,NA,NA,NA,NA,NA,NA,NA,NA,NA,NA,NA,NA,NA,NA
"133","MSB:Fish:611",1949,10,28,"MSB 611-3","JAR11740F","EO","EO","07-31-2025","F",46,37,785,"impact","impact_1941-1950",35.155761,-106.655157,0,0,2,0,0,0,0,NA,0,0,0,0,0,NA,0,0,0,0,0,0,0,0,0,NA,NA,NA,NA,NA,NA,NA,NA,NA,NA,NA,NA,NA,NA,NA,NA,NA,NA,NA,NA,NA,NA,NA,NA,NA,NA,NA,NA,NA,NA,NA,NA,NA,NA,NA,NA,NA,NA,NA,NA,NA,NA,NA,NA,NA,NA,NA,NA,NA,NA,NA,NA,NA,NA,NA,NA,NA,NA,NA,NA,NA,NA,NA,NA
"134","MSB:Fish:611",1949,10,28,"MSB 611-5","JAR11738F","EO","EO","07-31-2025","F",38,30,482,"impact","impact_1941-1950",35.155761,-106.655157,0,0,0,0,0,0,0,NA,0,0,0,0,0,NA,0,0,0,0,0,0,0,0,0,NA,NA,NA,NA,NA,NA,NA,NA,NA,NA,NA,NA,NA,NA,NA,NA,NA,NA,NA,NA,NA,NA,NA,NA,NA,NA,NA,NA,NA,NA,NA,NA,NA,NA,NA,NA,NA,NA,NA,NA,NA,NA,NA,NA,NA,NA,NA,NA,NA,NA,NA,NA,NA,NA,NA,NA,NA,NA,NA,NA,NA,NA,NA,NA
"135","MSB:Fish:611",1949,10,28,"MSB 611-1","JAR11741F","EO","GC","07-31-2025",NA,49,39,957,"impact","impact_1941-1950",35.155761,-106.655157,0,0,0,0,0,0,0,NA,0,0,0,0,0,NA,0,0,0,0,0,0,0,0,0,NA,NA,NA,NA,NA,NA,NA,NA,NA,NA,NA,NA,NA,NA,NA,NA,NA,NA,NA,NA,NA,NA,NA,NA,NA,NA,NA,NA,NA,NA,NA,NA,NA,NA,NA,NA,NA,NA,NA,NA,NA,NA,NA,NA,NA,NA,NA,NA,NA,NA,NA,NA,NA,NA,NA,NA,NA,NA,NA,NA,NA,NA,NA,NA
"136","MSB:Fish:611",1949,10,28,"MSB 611-2","JAR11746F","EO","GC","07-31-2025",NA,46,37,870,"impact","impact_1941-1950",35.155761,-106.655157,0,0,1,0,0,0,0,NA,0,0,0,0,0,NA,0,0,0,0,0,0,0,0,0,NA,NA,NA,NA,NA,NA,NA,NA,NA,NA,NA,NA,NA,NA,NA,NA,NA,NA,NA,NA,NA,NA,NA,NA,NA,NA,NA,NA,NA,NA,NA,NA,NA,NA,NA,NA,NA,NA,NA,NA,NA,NA,NA,NA,NA,NA,NA,NA,NA,NA,NA,NA,NA,NA,NA,NA,NA,NA,NA,NA,NA,NA,NA,NA
"137","MSB:Fish:612",1939,1,28,"MSB 612-3","JAR11788F","EO","EO","08-05-2025","F",45,37,858,"impact","impact_1931-1940",35.100259,-106.692107,0,0,0,0,0,0,0,NA,0,0,0,0,0,NA,0,0,0,0,0,0,0,0,0,NA,NA,NA,NA,NA,NA,NA,NA,NA,NA,NA,NA,NA,NA,NA,NA,NA,NA,NA,NA,NA,NA,NA,NA,NA,NA,NA,NA,NA,NA,NA,NA,NA,NA,NA,NA,NA,NA,NA,NA,NA,NA,NA,NA,NA,NA,NA,NA,NA,NA,NA,NA,NA,NA,NA,NA,NA,NA,NA,NA,NA,NA,NA,NA
"138","MSB:Fish:612",1939,1,28,"MSB 612-5","JAR11789F","EO","CW","08-05-2025",NA,37,30,397,"impact","impact_1931-1940",35.100259,-106.692107,0,0,2,0,0,0,0,NA,0,0,0,0,0,NA,0,0,0,0,0,0,0,0,0,NA,NA,NA,NA,NA,NA,NA,NA,NA,NA,NA,NA,NA,NA,NA,NA,NA,NA,NA,NA,NA,NA,NA,NA,NA,NA,NA,NA,NA,NA,NA,NA,NA,NA,NA,NA,NA,NA,NA,NA,NA,NA,NA,NA,NA,NA,NA,NA,NA,NA,NA,NA,NA,NA,NA,NA,NA,NA,NA,NA,NA,NA,NA,NA
"139","MSB:Fish:612",1939,1,28,"MSB 612-4","JAR11792F","JG","CW","08-07-2025",NA,38,32,547,"impact","impact_1931-1940",35.100259,-106.692107,0,0,1,0,0,0,0,NA,0,0,0,0,0,NA,0,0,0,0,0,0,0,0,0,NA,NA,NA,NA,NA,NA,NA,NA,NA,NA,NA,NA,NA,NA,NA,NA,NA,NA,NA,NA,NA,NA,NA,NA,NA,NA,NA,NA,NA,NA,NA,NA,NA,NA,NA,NA,NA,NA,NA,NA,NA,NA,NA,NA,NA,NA,NA,NA,NA,NA,NA,NA,NA,NA,NA,NA,NA,NA,NA,NA,NA,NA,NA,NA
"140","MSB:Fish:612",1939,1,28,"MSB 612-3","JAR11791F","EO","CW","08-05-2025",NA,49,40,1047,"impact","impact_1931-1940",35.100259,-106.692107,0,0,0,0,0,0,0,NA,0,0,0,0,0,NA,0,0,0,0,0,0,0,0,0,NA,NA,NA,NA,NA,NA,NA,NA,NA,NA,NA,NA,NA,NA,NA,NA,NA,NA,NA,NA,NA,NA,NA,NA,NA,NA,NA,NA,NA,NA,NA,NA,NA,NA,NA,NA,NA,NA,NA,NA,NA,NA,NA,NA,NA,NA,NA,NA,NA,NA,NA,NA,NA,NA,NA,NA,NA,NA,NA,NA,NA,NA,NA,NA
"141","MSB:Fish:612",1939,1,28,"MSB 612-1","JAR11790F","JG","JG","08-05-2025",NA,54,45,1686,"impact","impact_1931-1940",35.100259,-106.692107,12,0,1,0,0,0,0,NA,0,0,0,0,0,NA,0,0,0,0,0,NA,0,0,0,NA,NA,NA,NA,NA,NA,NA,NA,NA,NA,NA,NA,NA,NA,NA,NA,NA,NA,NA,NA,NA,NA,NA,NA,NA,NA,NA,NA,NA,NA,NA,NA,NA,NA,NA,NA,NA,NA,NA,NA,NA,NA,NA,NA,NA,NA,NA,NA,NA,NA,NA,NA,NA,NA,NA,NA,NA,NA,NA,NA,NA,NA,NA,NA
"142","MSB:Fish:613",1938,10,19,"MSB 613-3","JAR11686F","EO","EO","07-28-2025","F",62,49,1963,"impact","impact_1931-1940",35.100259,-106.692107,0,0,8,0,0,0,0,NA,0,0,0,0,0,NA,0,0,0,0,0,0,0,0,0,NA,NA,NA,NA,NA,NA,NA,NA,NA,NA,NA,NA,NA,NA,NA,NA,NA,NA,NA,NA,NA,NA,NA,NA,NA,NA,NA,NA,NA,NA,NA,NA,NA,NA,NA,NA,NA,NA,NA,NA,NA,NA,NA,NA,NA,NA,NA,NA,NA,NA,NA,NA,NA,NA,NA,NA,NA,NA,NA,NA,NA,NA,NA,NA
"143","MSB:Fish:613",1938,10,19,"MSB 613-4","JAR11678F","BP","JG","07-28-2025",NA,59,48,1838,"impact","impact_1931-1940",35.100259,-106.692107,0,0,1,0,0,0,0,NA,0,0,0,0,0,NA,0,0,0,0,0,NA,0,0,0,NA,NA,NA,NA,NA,NA,NA,NA,NA,NA,NA,NA,NA,NA,NA,NA,NA,NA,NA,NA,NA,NA,NA,NA,NA,NA,NA,NA,NA,NA,NA,NA,NA,NA,NA,NA,NA,NA,NA,NA,NA,NA,NA,NA,NA,NA,NA,NA,NA,NA,NA,NA,NA,NA,NA,NA,NA,NA,NA,NA,NA,NA,NA,NA
"144","MSB:Fish:613",1938,10,19,"MSB 613-1","JAR1180F","EO","CLW","07-28-2025","F",63,52,2583,"impact","impact_1931-1940",35.100259,-106.692107,0,0,0,0,0,0,0,NA,0,0,0,0,0,NA,0,0,0,0,0,0,0,0,0,NA,NA,NA,NA,NA,NA,NA,NA,NA,NA,NA,NA,NA,NA,NA,NA,NA,NA,NA,NA,NA,NA,NA,NA,NA,NA,NA,NA,NA,NA,NA,NA,NA,NA,NA,NA,NA,NA,NA,NA,NA,NA,NA,NA,NA,NA,NA,NA,NA,NA,NA,NA,NA,NA,NA,NA,NA,NA,NA,NA,NA,NA,NA,NA
"145","MSB:Fish:613",1938,10,19,"MSB 613-2","JAR11683F","BP","GC","07-28-2025",NA,72,57,3631,"impact","impact_1931-1940",35.100259,-106.692107,0,0,0,0,0,0,0,NA,0,0,0,0,0,NA,0,0,0,0,0,0,0,0,0,NA,NA,NA,NA,NA,NA,NA,NA,NA,NA,NA,NA,NA,NA,NA,NA,NA,NA,NA,NA,NA,NA,NA,NA,NA,NA,NA,NA,NA,NA,NA,NA,NA,NA,NA,NA,NA,NA,NA,NA,NA,NA,NA,NA,NA,NA,NA,NA,NA,NA,NA,NA,NA,NA,NA,NA,NA,NA,NA,NA,NA,NA,NA,NA
"146","MSB:Fish:613",1938,10,19,"MSB 613-5","JAR11677F","EO","CLW","07-28-2025",NA,50,42,1308,"impact","impact_1931-1940",35.100259,-106.692107,0,0,0,0,0,0,0,NA,0,0,0,0,0,NA,0,0,0,0,0,0,0,0,0,NA,NA,NA,NA,NA,NA,NA,NA,NA,NA,NA,NA,NA,NA,NA,NA,NA,NA,NA,NA,NA,NA,NA,NA,NA,NA,NA,NA,NA,NA,NA,NA,NA,NA,NA,NA,NA,NA,NA,NA,NA,NA,NA,NA,NA,NA,NA,NA,NA,NA,NA,NA,NA,NA,NA,NA,NA,NA,NA,NA,NA,NA,NA,NA
"147","MSB:Fish:622",1939,2,26,"MSB 622-2","JAR11734F","BP","CLW","07-29-2025",NA,75,59,4394,"impact","impact_1931-1940",35.100259,-106.692107,0,0,8,0,2,0,0,NA,0,0,0,0,0,NA,0,0,0,0,0,0,0,0,0,NA,NA,NA,NA,NA,NA,NA,NA,NA,NA,NA,NA,NA,NA,NA,NA,NA,NA,NA,NA,NA,NA,NA,NA,NA,NA,NA,NA,NA,NA,NA,NA,NA,NA,NA,NA,NA,NA,NA,NA,NA,NA,NA,NA,NA,NA,NA,NA,NA,NA,NA,NA,NA,NA,NA,NA,NA,NA,NA,NA,NA,NA,NA,NA
"148","MSB:Fish:622",1939,2,26,"MSB 622-4","JAR11731F","BP","BP","07-29-2025",NA,73,58,4940,"impact","impact_1931-1940",35.100259,-106.692107,0,0,0,0,2,0,0,NA,0,0,0,0,0,NA,0,0,0,0,0,0,0,0,0,NA,NA,NA,NA,NA,NA,NA,NA,NA,NA,NA,NA,NA,NA,NA,NA,NA,NA,NA,NA,NA,NA,NA,NA,NA,NA,NA,NA,NA,NA,NA,NA,NA,NA,NA,NA,NA,NA,NA,NA,NA,NA,NA,NA,NA,NA,NA,NA,NA,NA,NA,NA,NA,NA,NA,NA,NA,NA,NA,NA,NA,NA,NA,NA
"149","MSB:Fish:622",1939,2,26,"MSB 622-3","JAR11729F","EO","JG","07-29-2025",NA,76,60,4034,"impact","impact_1931-1940",35.100259,-106.692107,0,0,1,0,0,0,0,NA,0,0,0,0,0,NA,0,0,0,0,0,0,0,0,0,NA,NA,NA,NA,NA,NA,NA,NA,NA,NA,NA,NA,NA,NA,NA,NA,NA,NA,NA,NA,NA,NA,NA,NA,NA,NA,NA,NA,NA,NA,NA,NA,NA,NA,NA,NA,NA,NA,NA,NA,NA,NA,NA,NA,NA,NA,NA,NA,NA,NA,NA,NA,NA,NA,NA,NA,NA,NA,NA,NA,NA,NA,NA,NA
"150","MSB:Fish:622",1939,2,26,"MSB 622-5","JAR11726F","EO","EO","07-29-2025",NA,50,40,1172,"impact","impact_1931-1940",35.100259,-106.692107,0,0,3,0,0,0,0,NA,0,0,0,0,0,NA,1,0,0,0,0,0,0,0,0,NA,NA,NA,NA,NA,NA,NA,NA,NA,NA,NA,NA,NA,NA,NA,NA,NA,NA,NA,NA,NA,NA,NA,NA,NA,NA,NA,NA,NA,NA,NA,NA,NA,NA,NA,NA,NA,NA,NA,NA,NA,NA,NA,NA,NA,NA,NA,NA,NA,NA,NA,NA,NA,NA,NA,NA,NA,NA,NA,NA,NA,NA,NA,NA
"151","MSB:Fish:622",1939,2,26,"MSB 622-1","JAR11732F","EO","CLW","07-29-2025",NA,70,56,3074,"impact","impact_1931-1940",35.100259,-106.692107,1,0,10,0,0,0,0,NA,0,0,0,0,0,NA,0,0,0,0,0,0,0,0,0,NA,NA,NA,NA,NA,NA,NA,NA,NA,NA,NA,NA,NA,NA,NA,NA,NA,NA,NA,NA,NA,NA,NA,NA,NA,NA,NA,NA,NA,NA,NA,NA,NA,NA,NA,NA,NA,NA,NA,NA,NA,NA,NA,NA,NA,NA,NA,NA,NA,NA,NA,NA,NA,NA,NA,NA,NA,NA,NA,NA,NA,NA,NA,NA
"152","MSB:Fish:630",1938,12,2,"MSB 630-4","JAR11752F","EO","GC","08-01-2025",NA,48,38,924,"impact","impact_1931-1940",35.100259,-106.692107,0,0,1,0,0,0,0,NA,0,0,0,0,0,NA,0,0,0,0,0,0,0,0,0,NA,NA,NA,NA,NA,NA,NA,NA,NA,NA,NA,NA,NA,NA,NA,NA,NA,NA,NA,NA,NA,NA,NA,NA,NA,NA,NA,NA,NA,NA,NA,NA,NA,NA,NA,NA,NA,NA,NA,NA,NA,NA,NA,NA,NA,NA,NA,NA,NA,NA,NA,NA,NA,NA,NA,NA,NA,NA,NA,NA,NA,NA,NA,NA
"153","MSB:Fish:630",1938,12,2,"MSB 630-2","JAR11749F","EO","BP","08-01-2025",NA,49,40,1051,"impact","impact_1931-1940",35.100259,-106.692107,0,0,1,0,0,0,0,NA,0,0,0,0,0,NA,0,0,0,0,0,0,0,0,0,NA,NA,NA,NA,NA,NA,NA,NA,NA,NA,NA,NA,NA,NA,NA,NA,NA,NA,NA,NA,NA,NA,NA,NA,NA,NA,NA,NA,NA,NA,NA,NA,NA,NA,NA,NA,NA,NA,NA,NA,NA,NA,NA,NA,NA,NA,NA,NA,NA,NA,NA,NA,NA,NA,NA,NA,NA,NA,NA,NA,NA,NA,NA,NA
"154","MSB:Fish:630",1938,12,2,"MSB 630-5","JAR11737F","JG","CLW","08-01-2025",NA,41,35,642,"impact","impact_1931-1940",35.100259,-106.692107,0,0,1,0,0,0,0,NA,0,0,0,0,0,NA,0,0,0,0,0,NA,0,0,0,NA,NA,NA,NA,NA,NA,NA,NA,NA,NA,NA,NA,NA,NA,NA,NA,NA,NA,NA,NA,NA,NA,NA,NA,NA,NA,NA,NA,NA,NA,NA,NA,NA,NA,NA,NA,NA,NA,NA,NA,NA,NA,NA,NA,NA,NA,NA,NA,NA,NA,NA,NA,NA,NA,NA,NA,NA,NA,NA,NA,NA,NA,NA,NA
"155","MSB:Fish:630",1938,12,2,"MSB 630-1","JAR11755F","JG","JG","08-01-2025","F",44,35,722,"impact","impact_1931-1940",35.100259,-106.692107,0,0,0,0,0,0,0,NA,0,0,0,0,0,NA,0,0,0,0,0,0,0,0,0,NA,NA,NA,NA,NA,NA,NA,NA,NA,NA,NA,NA,NA,NA,NA,NA,NA,NA,NA,NA,NA,NA,NA,NA,NA,NA,NA,NA,NA,NA,NA,NA,NA,NA,NA,NA,NA,NA,NA,NA,NA,NA,NA,NA,NA,NA,NA,NA,NA,NA,NA,NA,NA,NA,NA,NA,NA,NA,NA,NA,NA,NA,NA,NA
"156","MSB:Fish:630",1938,12,2,"MSB 630-3","JAR11758F","JG","CLW","08-01-2025",NA,47,37,965,"impact","impact_1931-1940",35.100259,-106.692107,0,0,3,0,0,0,0,NA,0,0,0,0,0,NA,0,0,0,0,0,0,0,0,0,NA,NA,NA,NA,NA,NA,NA,NA,NA,NA,NA,NA,NA,NA,NA,NA,NA,NA,NA,NA,NA,NA,NA,NA,NA,NA,NA,NA,NA,NA,NA,NA,NA,NA,NA,NA,NA,NA,NA,NA,NA,NA,NA,NA,NA,NA,NA,NA,NA,NA,NA,NA,NA,NA,NA,NA,NA,NA,NA,NA,NA,NA,NA,NA
"157","MSB:Fish:6303",1988,11,15,"MSB 6303-3","JAR11825F","EO","CW","08-11-2025",NA,60,49,2374,"impact","impact_1981-1990",35.014147,-106.665834,0,0,0,0,0,0,0,0,0,0,0,0,0,0,0,0,0,0,0,0,0,0,0,NA,NA,NA,NA,NA,NA,NA,NA,NA,NA,NA,NA,NA,NA,NA,NA,NA,NA,NA,NA,NA,NA,NA,NA,NA,NA,NA,NA,NA,NA,NA,NA,NA,NA,NA,NA,NA,NA,NA,NA,NA,NA,NA,NA,NA,NA,NA,NA,NA,NA,NA,NA,NA,NA,NA,NA,NA,NA,NA,NA,NA,NA,NA,NA
"158","MSB:Fish:6303",1988,11,15,"MSB 6303-1","JAR11823F","BP","JG","08-11-2025","F",57,46,2269,"impact","impact_1981-1990",35.014147,-106.665834,0,0,4,0,0,0,0,0,0,0,0,0,0,0,0,0,0,0,0,NA,0,0,0,NA,NA,NA,NA,NA,NA,NA,NA,NA,NA,NA,NA,NA,NA,NA,NA,NA,NA,NA,NA,NA,NA,NA,NA,NA,NA,NA,NA,NA,NA,NA,NA,NA,NA,NA,NA,NA,NA,NA,NA,NA,NA,NA,NA,NA,NA,NA,NA,NA,NA,NA,NA,NA,NA,NA,NA,NA,NA,NA,NA,NA,NA,NA,NA
"159","MSB:Fish:6303",1988,11,15,"MSB 6303-5","JAR11826F","BP","CW","08-11-2025",NA,55,44,1739,"impact","impact_1981-1990",35.014147,-106.665834,0,0,0,0,0,0,0,0,0,0,0,0,0,0,0,0,0,0,0,0,0,0,NA,NA,NA,NA,NA,NA,NA,NA,NA,NA,NA,NA,NA,NA,NA,NA,NA,NA,NA,NA,NA,NA,NA,NA,NA,NA,NA,NA,NA,NA,NA,NA,NA,NA,NA,NA,NA,NA,NA,NA,NA,NA,NA,NA,NA,NA,NA,NA,NA,NA,NA,NA,NA,NA,NA,NA,NA,NA,NA,NA,NA,NA,NA,NA,NA
"160","MSB:Fish:6303",1988,11,15,"MSB 6303-4","JAR11824F","BP","CW","08-11-2025",NA,61,51,2381,"impact","impact_1981-1990",35.014147,-106.665834,0,0,0,0,0,0,0,0,0,0,0,0,0,0,0,0,0,0,0,0,0,0,0,NA,NA,NA,NA,NA,NA,NA,NA,NA,NA,NA,NA,NA,NA,NA,NA,NA,NA,NA,NA,NA,NA,NA,NA,NA,NA,NA,NA,NA,NA,NA,NA,NA,NA,NA,NA,NA,NA,NA,NA,NA,NA,NA,NA,NA,NA,NA,NA,NA,NA,NA,NA,NA,NA,NA,NA,NA,NA,NA,NA,NA,NA,NA,NA
"161","MSB:Fish:6303",1988,11,15,"MSB 6303-2","JAR11827F","EO","CW","08-11-2025",NA,53,43,1222,"impact","impact_1981-1990",35.014147,-106.665834,0,0,0,0,0,0,0,0,0,0,0,0,0,0,0,0,0,0,0,0,0,0,0,NA,NA,NA,NA,NA,NA,NA,NA,NA,NA,NA,NA,NA,NA,NA,NA,NA,NA,NA,NA,NA,NA,NA,NA,NA,NA,NA,NA,NA,NA,NA,NA,NA,NA,NA,NA,NA,NA,NA,NA,NA,NA,NA,NA,NA,NA,NA,NA,NA,NA,NA,NA,NA,NA,NA,NA,NA,NA,NA,NA,NA,NA,NA,NA
"162","MSB:Fish:632",1959,2,5,"MSB 632-3","JAR11796F","JG","CW","08-04-2025","F",51,40,1082,"impact","impact_1951-1960",34.987044,-106.690293,0,0,0,0,0,0,0,NA,0,0,0,0,0,NA,0,0,0,0,0,NA,0,0,0,NA,NA,NA,NA,NA,NA,NA,NA,NA,NA,NA,NA,NA,NA,NA,NA,NA,NA,NA,NA,NA,NA,NA,NA,NA,NA,NA,NA,NA,NA,NA,NA,NA,NA,NA,NA,NA,NA,NA,NA,NA,NA,NA,NA,NA,NA,NA,NA,NA,NA,NA,NA,NA,NA,NA,NA,NA,NA,NA,NA,NA,NA,NA,NA
"163","MSB:Fish:632",1939,2,5,"MSB 632-2","JAR11794F","JG","CW","08-04-2025",NA,41,33,615,"impact","impact_1951-1960",34.987044,-106.690293,0,0,0,0,0,0,0,NA,0,0,0,0,0,NA,0,0,0,0,0,0,0,0,0,NA,NA,NA,NA,NA,NA,NA,NA,NA,NA,NA,NA,NA,NA,NA,NA,NA,NA,NA,NA,NA,NA,NA,NA,NA,NA,NA,NA,NA,NA,NA,NA,NA,NA,NA,NA,NA,NA,NA,NA,NA,NA,NA,NA,NA,NA,NA,NA,NA,NA,NA,NA,NA,NA,NA,NA,NA,NA,NA,NA,NA,NA,NA,NA
"164","MSB:Fish:632",1939,2,5,"MSB 632-1","JAR11793F","JG","CLW","08-04-2025","F",56,48,2023,"impact","impact_1951-1960",34.987044,-106.690293,0,0,0,0,0,0,0,NA,0,0,0,0,0,NA,3,0,0,0,0,0,0,0,0,NA,NA,NA,NA,NA,NA,NA,NA,NA,NA,NA,NA,NA,NA,NA,NA,NA,NA,NA,NA,NA,NA,NA,NA,NA,NA,NA,NA,NA,NA,NA,NA,NA,NA,NA,NA,NA,NA,NA,NA,NA,NA,NA,NA,NA,NA,NA,NA,NA,NA,NA,NA,NA,NA,NA,NA,NA,NA,NA,NA,NA,NA,NA,NA
"165","MSB:Fish:632",1959,2,5,"MSB 632-5","JAR11797F","JG","MV","08-04-2025",NA,75,62,4419,"impact","impact_1951-1960",34.987044,-106.690293,0,0,9,2,0,0,0,NA,0,1,0,0,0,NA,0,0,0,0,0,NA,0,0,0,NA,NA,NA,NA,NA,NA,NA,NA,NA,NA,NA,NA,NA,NA,NA,NA,NA,NA,NA,NA,NA,NA,NA,NA,NA,NA,NA,NA,NA,NA,NA,NA,NA,NA,NA,NA,NA,NA,NA,NA,NA,NA,NA,NA,NA,NA,NA,NA,NA,NA,NA,NA,NA,NA,NA,NA,NA,NA,NA,NA,NA,NA,NA,NA
"166","MSB:Fish:632",1939,2,5,"MSB 632-2","JAR11794F","JG","CW","08-04-2025",NA,67,56,3607,"impact","impact_1951-1960",34.987044,-106.690293,0,0,1,0,0,0,0,NA,0,0,0,0,0,NA,0,0,0,0,0,0,0,0,0,NA,NA,NA,NA,NA,NA,NA,NA,NA,NA,NA,NA,NA,NA,NA,NA,NA,NA,NA,NA,NA,NA,NA,NA,NA,NA,NA,NA,NA,NA,NA,NA,NA,NA,NA,NA,NA,NA,NA,NA,NA,NA,NA,NA,NA,NA,NA,NA,NA,NA,NA,NA,NA,NA,NA,NA,NA,NA,NA,NA,NA,NA,NA,NA
"167","MSB:Fish:637",1941,9,14,"MSB 637-4","JAR11801F","EO","JG","08-05-2025",NA,37,29,335,"impact","impact_1941-1950",35.096748,-106.692027,0,0,0,0,0,0,0,NA,0,0,0,0,0,NA,0,0,0,0,0,0,0,0,0,NA,NA,NA,NA,NA,NA,NA,NA,NA,NA,NA,NA,NA,NA,NA,NA,NA,NA,NA,NA,NA,NA,NA,NA,NA,NA,NA,NA,NA,NA,NA,NA,NA,NA,NA,NA,NA,NA,NA,NA,NA,NA,NA,NA,NA,NA,NA,NA,NA,NA,NA,NA,NA,NA,NA,NA,NA,NA,NA,NA,NA,NA,NA,NA
"168","MSB:Fish:637",1941,9,14,"MSB 637-5","JAR11800F","JG","CW","08-05-2025",NA,36,30,346,"impact","impact_1941-1950",35.096748,-106.692027,0,0,1,0,0,0,0,NA,0,0,0,0,0,NA,0,0,0,0,0,0,0,0,0,NA,NA,NA,NA,NA,NA,NA,NA,NA,NA,NA,NA,NA,NA,NA,NA,NA,NA,NA,NA,NA,NA,NA,NA,NA,NA,NA,NA,NA,NA,NA,NA,NA,NA,NA,NA,NA,NA,NA,NA,NA,NA,NA,NA,NA,NA,NA,NA,NA,NA,NA,NA,NA,NA,NA,NA,NA,NA,NA,NA,NA,NA,NA,NA
"169","MSB:Fish:637",1941,9,14,"MSB 637-3","JAR11798F","JG","JG","08-05-2025",NA,38,33,509,"impact","impact_1941-1950",35.096748,-106.692027,0,0,1,0,0,0,0,NA,0,0,0,0,0,NA,0,0,0,0,0,0,0,0,0,NA,NA,NA,NA,NA,NA,NA,NA,NA,NA,NA,NA,NA,NA,NA,NA,NA,NA,NA,NA,NA,NA,NA,NA,NA,NA,NA,NA,NA,NA,NA,NA,NA,NA,NA,NA,NA,NA,NA,NA,NA,NA,NA,NA,NA,NA,NA,NA,NA,NA,NA,NA,NA,NA,NA,NA,NA,NA,NA,NA,NA,NA,NA,NA
"170","MSB:Fish:637",1941,9,14,"MSB 637-2","JAR11803F","EO","EO","08-05-2025","F",41,33,462,"impact","impact_1941-1950",35.096748,-106.692027,0,0,0,0,0,0,0,NA,0,0,0,0,0,NA,0,1,0,0,0,0,0,0,0,NA,NA,NA,NA,NA,NA,NA,NA,NA,NA,NA,NA,NA,NA,NA,NA,NA,NA,NA,NA,NA,NA,NA,NA,NA,NA,NA,NA,NA,NA,NA,NA,NA,NA,NA,NA,NA,NA,NA,NA,NA,NA,NA,NA,NA,NA,NA,NA,NA,NA,NA,NA,NA,NA,NA,NA,NA,NA,NA,NA,NA,NA,NA,NA
"171","MSB:Fish:637",1941,9,14,"MSB 637-1","JAR11806F","JG","CW","08-05-2025",NA,52,45,1192,"impact","impact_1941-1950",35.096748,-106.692027,0,0,2,0,0,0,0,NA,0,0,0,0,0,NA,0,0,0,0,0,0,0,0,0,NA,NA,NA,NA,NA,NA,NA,NA,NA,NA,NA,NA,NA,NA,NA,NA,NA,NA,NA,NA,NA,NA,NA,NA,NA,NA,NA,NA,NA,NA,NA,NA,NA,NA,NA,NA,NA,NA,NA,NA,NA,NA,NA,NA,NA,NA,NA,NA,NA,NA,NA,NA,NA,NA,NA,NA,NA,NA,NA,NA,NA,NA,NA,NA
"172","MSB:Fish:646",1939,6,13,"MSB 646-3","JAR11842F","EO","BP","08-11-2025",NA,46,37,1079,"impact","impact_1931-1940",35.197329,-106.642983,0,0,0,0,0,0,0,0,0,0,0,0,0,0,0,0,0,0,0,0,0,0,0,NA,NA,NA,NA,NA,NA,NA,NA,NA,NA,NA,NA,NA,NA,NA,NA,NA,NA,NA,NA,NA,NA,NA,NA,NA,NA,NA,NA,NA,NA,NA,NA,NA,NA,NA,NA,NA,NA,NA,NA,NA,NA,NA,NA,NA,NA,NA,NA,NA,NA,NA,NA,NA,NA,NA,NA,NA,NA,NA,NA,NA,NA,NA,NA
"173","MSB:Fish:646",1939,6,13,"MSB 646-2","JAR11839F","BP","BP","08-11-2025",NA,37,31,557,"impact","impact_1931-1940",35.197329,-106.642983,0,0,2,0,0,0,0,2,0,0,0,0,0,1,0,0,0,0,0,0,0,0,0,NA,NA,NA,NA,NA,NA,NA,NA,NA,NA,NA,NA,NA,NA,NA,NA,NA,NA,NA,NA,NA,NA,NA,NA,NA,NA,NA,NA,NA,NA,NA,NA,NA,NA,NA,NA,NA,NA,NA,NA,NA,NA,NA,NA,NA,NA,NA,NA,NA,NA,NA,NA,NA,NA,NA,NA,NA,NA,NA,NA,NA,NA,NA,NA
"174","MSB:Fish:646",1939,6,13,"MSB 646-4","JAR11836F","EO","JG","08-11-2025","F",30,25,290,"impact","impact_1931-1940",35.197329,-106.642983,0,0,0,0,0,0,0,0,0,0,0,0,0,0,0,0,0,0,0,0,0,0,0,NA,NA,NA,NA,NA,NA,NA,NA,NA,NA,NA,NA,NA,NA,NA,NA,NA,NA,NA,NA,NA,NA,NA,NA,NA,NA,NA,NA,NA,NA,NA,NA,NA,NA,NA,NA,NA,NA,NA,NA,NA,NA,NA,NA,NA,NA,NA,NA,NA,NA,NA,NA,NA,NA,NA,NA,NA,NA,NA,NA,NA,NA,NA,NA
"175","MSB:Fish:646",1939,6,13,"MSB 646-1","JAR11834F","EO","CW","08-11-2025",NA,44,36,932,"impact","impact_1931-1940",35.197329,-106.642983,0,0,0,0,0,0,0,0,0,0,0,0,0,0,0,0,0,0,0,0,0,0,0,NA,NA,NA,NA,NA,NA,NA,NA,NA,NA,NA,NA,NA,NA,NA,NA,NA,NA,NA,NA,NA,NA,NA,NA,NA,NA,NA,NA,NA,NA,NA,NA,NA,NA,NA,NA,NA,NA,NA,NA,NA,NA,NA,NA,NA,NA,NA,NA,NA,NA,NA,NA,NA,NA,NA,NA,NA,NA,NA,NA,NA,NA,NA,NA
"176","MSB:Fish:658",1939,1,30,"MSB 658-2","JAR11684F","EO","GC","07-28-2025",NA,43,34,582,"impact","impact_1931-1940",35.100259,-106.692107,0,0,0,0,0,0,0,NA,0,0,0,0,0,NA,0,0,0,0,0,0,0,0,0,NA,NA,NA,NA,NA,NA,NA,NA,NA,NA,NA,NA,NA,NA,NA,NA,NA,NA,NA,NA,NA,NA,NA,NA,NA,NA,NA,NA,NA,NA,NA,NA,NA,NA,NA,NA,NA,NA,NA,NA,NA,NA,NA,NA,NA,NA,NA,NA,NA,NA,NA,NA,NA,NA,NA,NA,NA,NA,NA,NA,NA,NA,NA,NA
"177","MSB:Fish:658",1939,1,30,"MSB 658-1","JAR11681F","BP","CLW","07-28-2025","F",42,33,574,"impact","impact_1931-1940",35.100259,-106.692107,0,0,0,0,0,0,0,NA,0,0,0,0,0,NA,0,0,0,0,0,0,0,0,0,NA,NA,NA,NA,NA,NA,NA,NA,NA,NA,NA,NA,NA,NA,NA,NA,NA,NA,NA,NA,NA,NA,NA,NA,NA,NA,NA,NA,NA,NA,NA,NA,NA,NA,NA,NA,NA,NA,NA,NA,NA,NA,NA,NA,NA,NA,NA,NA,NA,NA,NA,NA,NA,NA,NA,NA,NA,NA,NA,NA,NA,NA,NA,NA
"178","MSB:Fish:658",1939,1,30,"MSB 658-3","JAR11687F","BP","GC","07-28-2025",NA,30,22,213,"impact","impact_1931-1940",35.100259,-106.692107,0,0,0,0,0,0,0,NA,0,0,0,0,0,NA,0,0,0,0,0,0,0,0,0,NA,NA,NA,NA,NA,NA,NA,NA,NA,NA,NA,NA,NA,NA,NA,NA,NA,NA,NA,NA,NA,NA,NA,NA,NA,NA,NA,NA,NA,NA,NA,NA,NA,NA,NA,NA,NA,NA,NA,NA,NA,NA,NA,NA,NA,NA,NA,NA,NA,NA,NA,NA,NA,NA,NA,NA,NA,NA,NA,NA,NA,NA,NA,NA
"179","MSB:Fish:658",1939,1,30,"MSB 658-5","JAR11702F","EO","CLW","07-28-2025",NA,39,30,427,"impact","impact_1931-1940",35.100259,-106.692107,0,0,0,0,0,0,0,NA,0,0,0,0,0,NA,0,0,0,0,0,0,0,0,0,NA,NA,NA,NA,NA,NA,NA,NA,NA,NA,NA,NA,NA,NA,NA,NA,NA,NA,NA,NA,NA,NA,NA,NA,NA,NA,NA,NA,NA,NA,NA,NA,NA,NA,NA,NA,NA,NA,NA,NA,NA,NA,NA,NA,NA,NA,NA,NA,NA,NA,NA,NA,NA,NA,NA,NA,NA,NA,NA,NA,NA,NA,NA,NA
"180","MSB:Fish:658",1939,1,30,"MSB 658-4","JAR11701F","EO","EO","07-28-2025",NA,43,34,654,"impact","impact_1931-1940",35.100259,-106.692107,0,0,6,0,0,0,0,NA,0,0,0,0,0,NA,0,0,0,0,0,0,0,0,0,NA,NA,NA,NA,NA,NA,NA,NA,NA,NA,NA,NA,NA,NA,NA,NA,NA,NA,NA,NA,NA,NA,NA,NA,NA,NA,NA,NA,NA,NA,NA,NA,NA,NA,NA,NA,NA,NA,NA,NA,NA,NA,NA,NA,NA,NA,NA,NA,NA,NA,NA,NA,NA,NA,NA,NA,NA,NA,NA,NA,NA,NA,NA,NA
"181","MSB:Fish:667",1947,10,25,"MSB 667-3","JAR11672F","EO","CLW","07-28-2025",NA,47,38,876,"control","control_1941-1950",35.380629,-106.503529,0,0,0,0,0,0,0,NA,0,0,0,0,0,NA,0,0,0,0,1,0,0,0,2,NA,NA,NA,NA,NA,NA,NA,NA,NA,NA,NA,NA,NA,NA,NA,NA,NA,NA,NA,NA,NA,NA,NA,NA,NA,NA,NA,NA,NA,NA,NA,NA,NA,NA,NA,NA,NA,NA,NA,NA,NA,NA,NA,NA,NA,NA,NA,NA,NA,NA,NA,NA,NA,NA,NA,NA,NA,NA,NA,NA,NA,NA,NA,NA
"182","MSB:Fish:667",1947,10,25,"MSB 667-4","JAR11676F","BP","EO","07-28-2025",NA,44,35,779,"control","control_1941-1950",35.380629,-106.503529,0,0,8,0,0,0,0,NA,2,0,0,0,0,NA,4,0,0,0,0,0,0,0,0,NA,NA,NA,NA,NA,NA,NA,NA,NA,NA,NA,NA,NA,NA,NA,NA,NA,NA,NA,NA,NA,NA,NA,NA,NA,NA,NA,NA,NA,NA,NA,NA,NA,NA,NA,NA,NA,NA,NA,NA,NA,NA,NA,NA,NA,NA,NA,NA,NA,NA,NA,NA,NA,NA,NA,NA,NA,NA,NA,NA,NA,NA,NA,NA
"183","MSB:Fish:667",1947,10,25,"MSB 667-5","JAR11675F","EO","EO","07-28-2025","F",47,37,864,"control","control_1941-1950",35.380629,-106.503529,0,0,1,0,0,0,0,NA,0,0,0,0,0,NA,0,0,0,0,0,0,0,0,2,NA,NA,NA,NA,NA,NA,NA,NA,NA,NA,NA,NA,NA,NA,NA,NA,NA,NA,NA,NA,NA,NA,NA,NA,NA,NA,NA,NA,NA,NA,NA,NA,NA,NA,NA,NA,NA,NA,NA,NA,NA,NA,NA,NA,NA,NA,NA,NA,NA,NA,NA,NA,NA,NA,NA,NA,NA,NA,NA,NA,NA,NA,NA,NA
"184","MSB:Fish:667",1947,10,25,"MSB 667-1","JAR11674F","BP","BP","07-28-2025",NA,51,41,1178,"control","control_1941-1950",35.380629,-106.503529,0,0,8,0,0,0,0,NA,0,0,0,0,0,NA,0,2,0,0,0,0,0,0,0,NA,NA,NA,NA,NA,NA,NA,NA,NA,NA,NA,NA,NA,NA,NA,NA,NA,NA,NA,NA,NA,NA,NA,NA,NA,NA,NA,NA,NA,NA,NA,NA,NA,NA,NA,NA,NA,NA,NA,NA,NA,NA,NA,NA,NA,NA,NA,NA,NA,NA,NA,NA,NA,NA,NA,NA,NA,NA,NA,NA,NA,NA,NA,NA
"185","MSB:Fish:667",1947,10,25,"MSB 667-2","JAR11671F","BP","EO","07-28-2025","F",44,35,784,"control","control_1941-1950",35.380629,-106.503529,0,0,4,0,0,0,0,NA,0,0,0,0,0,NA,0,0,0,0,0,0,0,0,0,NA,NA,NA,NA,NA,NA,NA,NA,NA,NA,NA,NA,NA,NA,NA,NA,NA,NA,NA,NA,NA,NA,NA,NA,NA,NA,NA,NA,NA,NA,NA,NA,NA,NA,NA,NA,NA,NA,NA,NA,NA,NA,NA,NA,NA,NA,NA,NA,NA,NA,NA,NA,NA,NA,NA,NA,NA,NA,NA,NA,NA,NA,NA,NA
"186","MSB:Fish:679",1942,2,28,"MSB 679-4","JAR11831F","EO","CLW","08-07-2025","F",62,54,2530,"control","control_1941-1950",35.37417,-106.49278,0,0,0,0,0,0,0,NA,0,0,0,0,0,NA,0,0,0,0,0,NA,0,0,0,NA,NA,NA,NA,NA,NA,NA,NA,NA,NA,NA,NA,NA,NA,NA,NA,NA,NA,NA,NA,NA,NA,NA,NA,NA,NA,NA,NA,NA,NA,NA,NA,NA,NA,NA,NA,NA,NA,NA,NA,NA,NA,NA,NA,NA,NA,NA,NA,NA,NA,NA,NA,NA,NA,NA,NA,NA,NA,NA,NA,NA,NA,NA,NA
"187","MSB:Fish:679",1942,2,28,"MSB 679-5","JAR11832F","JG","CW","08-07-2025",NA,34,27,314,"control","control_1941-1950",35.37417,-106.49278,0,0,0,0,0,0,0,NA,0,0,0,0,0,NA,1,0,0,0,0,0,0,0,0,NA,NA,NA,NA,NA,NA,NA,NA,NA,NA,NA,NA,NA,NA,NA,NA,NA,NA,NA,NA,NA,NA,NA,NA,NA,NA,NA,NA,NA,NA,NA,NA,NA,NA,NA,NA,NA,NA,NA,NA,NA,NA,NA,NA,NA,NA,NA,NA,NA,NA,NA,NA,NA,NA,NA,NA,NA,NA,NA,NA,NA,NA,NA,NA
"188","MSB:Fish:679",1942,2,28,"MSB 679-2","JAR11828F","EO","CW","08-07-2025","F",68,55,3294,"control","control_1941-1950",35.37417,-106.49278,0,0,4,0,0,0,0,NA,0,NA,0,0,0,NA,0,0,0,0,0,0,0,0,0,NA,NA,NA,NA,NA,NA,NA,NA,NA,NA,NA,NA,NA,NA,NA,NA,NA,NA,NA,NA,NA,NA,NA,NA,NA,NA,NA,NA,NA,NA,NA,NA,NA,NA,NA,NA,NA,NA,NA,NA,NA,NA,NA,NA,NA,NA,NA,NA,NA,NA,NA,NA,NA,NA,NA,NA,NA,NA,NA,NA,NA,NA,NA,NA
"189","MSB:Fish:679",1942,2,28,"MSB 679-6","JAR11838F","EO","CW","08-07-2025",NA,69,57,3902,"control","control_1941-1950",35.37417,-106.49278,0,0,8,0,0,0,0,NA,0,0,0,0,0,NA,0,0,0,0,0,0,0,0,0,NA,NA,NA,NA,NA,NA,NA,NA,NA,NA,NA,NA,NA,NA,NA,NA,NA,NA,NA,NA,NA,NA,NA,NA,NA,NA,NA,NA,NA,NA,NA,NA,NA,NA,NA,NA,NA,NA,NA,NA,NA,NA,NA,NA,NA,NA,NA,NA,NA,NA,NA,NA,NA,NA,NA,NA,NA,NA,NA,NA,NA,NA,NA,NA
"190","MSB:Fish:679",1942,2,28,"MSB 679-1","JAR11830F","JG","CW","08-07-2025",NA,51,42,1331,"control","control_1941-1950",35.37417,-106.49278,0,0,2,0,0,0,0,NA,0,0,0,0,0,NA,0,0,0,0,0,0,0,0,0,NA,NA,NA,NA,NA,NA,NA,NA,NA,NA,NA,NA,NA,NA,NA,NA,NA,NA,NA,NA,NA,NA,NA,NA,NA,NA,NA,NA,NA,NA,NA,NA,NA,NA,NA,NA,NA,NA,NA,NA,NA,NA,NA,NA,NA,NA,NA,NA,NA,NA,NA,NA,NA,NA,NA,NA,NA,NA,NA,NA,NA,NA,NA,NA
"191","MSB:Fish:679",1942,2,28,"MSB 679-3","JAR11829F","JG","CW","08-07-2025",NA,43,35,710,"control","control_1941-1950",35.37417,-106.49278,0,0,0,0,0,0,0,NA,0,0,0,0,0,NA,0,0,0,0,0,NA,0,0,0,NA,NA,NA,NA,NA,NA,NA,NA,NA,NA,NA,NA,NA,NA,NA,NA,NA,NA,NA,NA,NA,NA,NA,NA,NA,NA,NA,NA,NA,NA,NA,NA,NA,NA,NA,NA,NA,NA,NA,NA,NA,NA,NA,NA,NA,NA,NA,NA,NA,NA,NA,NA,NA,NA,NA,NA,NA,NA,NA,NA,NA,NA,NA,NA
"192","MSB:Fish:679",1942,2,28,"MSB 679-10","JAR11837F","BP","CW","08-07-2025",NA,48,39,1139,"control","control_1941-1950",35.37417,-106.49278,0,0,0,0,0,0,0,NA,0,0,0,0,0,NA,0,0,0,0,0,0,0,0,0,NA,NA,NA,NA,NA,NA,NA,NA,NA,NA,NA,NA,NA,NA,NA,NA,NA,NA,NA,NA,NA,NA,NA,NA,NA,NA,NA,NA,NA,NA,NA,NA,NA,NA,NA,NA,NA,NA,NA,NA,NA,NA,NA,NA,NA,NA,NA,NA,NA,NA,NA,NA,NA,NA,NA,NA,NA,NA,NA,NA,NA,NA,NA,NA
"193","MSB:Fish:679",1942,2,28,"MSB 679-9","JAR11843F","EO","CW","08-07-2025",NA,34,28,346,"control","control_1941-1950",35.37417,-106.49278,0,0,0,0,0,0,0,NA,0,0,0,0,0,NA,0,0,0,0,0,NA,0,0,0,NA,NA,NA,NA,NA,NA,NA,NA,NA,NA,NA,NA,NA,NA,NA,NA,NA,NA,NA,NA,NA,NA,NA,NA,NA,NA,NA,NA,NA,NA,NA,NA,NA,NA,NA,NA,NA,NA,NA,NA,NA,NA,NA,NA,NA,NA,NA,NA,NA,NA,NA,NA,NA,NA,NA,NA,NA,NA,NA,NA,NA,NA,NA,NA
"194","MSB:Fish:679",1942,2,28,"MSB 679-7","JAR11840F","BP","CW","08-07-2025",NA,46,36,858,"control","control_1941-1950",35.37417,-106.49278,0,0,0,0,0,0,0,NA,0,0,0,0,0,NA,0,0,0,0,0,0,0,0,0,NA,NA,NA,NA,NA,NA,NA,NA,NA,NA,NA,NA,NA,NA,NA,NA,NA,NA,NA,NA,NA,NA,NA,NA,NA,NA,NA,NA,NA,NA,NA,NA,NA,NA,NA,NA,NA,NA,NA,NA,NA,NA,NA,NA,NA,NA,NA,NA,NA,NA,NA,NA,NA,NA,NA,NA,NA,NA,NA,NA,NA,NA,NA,NA
"195","MSB:Fish:679",1942,2,28,"MSB 679-8","JAR11835F","BP","EO CW","08-07-2025",NA,32,27,378,"control","control_1941-1950",35.37417,-106.49278,0,0,0,0,0,0,0,NA,0,0,0,0,0,NA,0,0,0,0,0,NA,0,0,0,NA,NA,NA,NA,NA,NA,NA,NA,NA,NA,NA,NA,NA,NA,NA,NA,NA,NA,NA,NA,NA,NA,NA,NA,NA,NA,NA,NA,NA,NA,NA,NA,NA,NA,NA,NA,NA,NA,NA,NA,NA,NA,NA,NA,NA,NA,NA,NA,NA,NA,NA,NA,NA,NA,NA,NA,NA,NA,NA,NA,NA,NA,NA,NA
"196","MSB:Fish:680",1959,2,24,"MSB 680-5","JAR11628F","EO","JG","07-23-2025",NA,42,34,600,"impact","impact_1951-1960",34.987044,-106.690293,0,0,0,0,0,0,0,NA,0,0,0,0,0,NA,1,0,0,0,0,0,0,0,0,NA,NA,NA,NA,NA,NA,NA,NA,NA,NA,NA,NA,NA,NA,NA,NA,NA,NA,NA,NA,NA,NA,NA,NA,NA,NA,NA,NA,NA,NA,NA,NA,NA,NA,NA,NA,NA,NA,NA,NA,NA,NA,NA,NA,NA,NA,NA,NA,NA,NA,NA,NA,NA,NA,NA,NA,NA,NA,NA,NA,NA,NA,NA,NA
"197","MSB:Fish:680",1959,2,24,"MSB 680-2","JAR11638F","BP","JG","07-23-2025",NA,54,41,1494,"impact","impact_1951-1960",34.987044,-106.690293,0,0,1,0,0,0,0,NA,0,0,0,0,0,NA,1,0,0,0,0,0,0,0,2,NA,NA,NA,NA,NA,NA,NA,NA,NA,NA,NA,NA,NA,NA,NA,NA,NA,NA,NA,NA,NA,NA,NA,NA,NA,NA,NA,NA,NA,NA,NA,NA,NA,NA,NA,NA,NA,NA,NA,NA,NA,NA,NA,NA,NA,NA,NA,NA,NA,NA,NA,NA,NA,NA,NA,NA,NA,NA,NA,NA,NA,NA,NA,NA
"198","MSB:Fish:680",1959,2,24,"MSB 680-3","JAR11632F","EO","GC","07-23-2025",NA,63,51,2575,"impact","impact_1951-1960",34.987044,-106.690293,0,0,4,0,2,0,0,NA,0,0,0,0,0,NA,0,0,0,0,0,0,0,0,0,NA,NA,NA,NA,NA,NA,NA,NA,NA,NA,NA,NA,NA,NA,NA,NA,NA,NA,NA,NA,NA,NA,NA,NA,NA,NA,NA,NA,NA,NA,NA,NA,NA,NA,NA,NA,NA,NA,NA,NA,NA,NA,NA,NA,NA,NA,NA,NA,NA,NA,NA,NA,NA,NA,NA,NA,NA,NA,NA,NA,NA,NA,NA,NA
"199","MSB:Fish:680",1959,2,24,"MSB 680-1","JAR11629F","EO","JG GC","07-23-2025","F",40,33,661,"impact","impact_1951-1960",34.987044,-106.690293,0,0,0,0,0,0,0,NA,0,0,0,0,0,NA,0,0,0,0,0,0,0,0,0,NA,NA,NA,NA,NA,NA,NA,NA,NA,NA,NA,NA,NA,NA,NA,NA,NA,NA,NA,NA,NA,NA,NA,NA,NA,NA,NA,NA,NA,NA,NA,NA,NA,NA,NA,NA,NA,NA,NA,NA,NA,NA,NA,NA,NA,NA,NA,NA,NA,NA,NA,NA,NA,NA,NA,NA,NA,NA,NA,NA,NA,NA,NA,NA
"200","MSB:Fish:680",1959,2,24,"MSB 680-4","JAR11635F","BP","EO GC","07-23-2025",NA,69,54,3918,"impact","impact_1951-1960",34.987044,-106.690293,0,0,2,0,0,0,0,NA,0,0,0,0,0,NA,0,0,0,0,0,0,0,0,0,NA,NA,NA,NA,NA,NA,NA,NA,NA,NA,NA,NA,NA,NA,NA,NA,NA,NA,NA,NA,NA,NA,NA,NA,NA,NA,NA,NA,NA,NA,NA,NA,NA,NA,NA,NA,NA,NA,NA,NA,NA,NA,NA,NA,NA,NA,NA,NA,NA,NA,NA,NA,NA,NA,NA,NA,NA,NA,NA,NA,NA,NA,NA,NA
"201","MSB:Fish:68516",1984,8,16,"MSB 68516-5","JAR11850F","EO","BP","08-12-2025",NA,39,31,483,"control","control_1981-1990",35.211416,-106.612833,0,0,0,0,0,0,0,0,0,0,0,0,0,0,0,0,0,0,0,0,0,0,2,NA,NA,NA,NA,NA,NA,NA,NA,NA,NA,NA,NA,NA,NA,NA,NA,NA,NA,NA,NA,NA,NA,NA,NA,NA,NA,NA,NA,NA,NA,NA,NA,NA,NA,NA,NA,NA,NA,NA,NA,NA,NA,NA,NA,NA,NA,NA,NA,NA,NA,NA,NA,NA,NA,NA,NA,NA,NA,NA,NA,NA,NA,NA,NA
"202","MSB:Fish:68516",1984,8,16,"MSB 68516-4","JAR11853F","BP","CW","08-12-2025",NA,35,28,326,"control","control_1981-1990",35.211416,-106.612833,0,0,0,0,0,0,0,0,0,0,0,0,0,0,0,0,0,0,0,0,0,0,2,NA,NA,NA,NA,NA,NA,NA,NA,NA,NA,NA,NA,NA,NA,NA,NA,NA,NA,NA,NA,NA,NA,NA,NA,NA,NA,NA,NA,NA,NA,NA,NA,NA,NA,NA,NA,NA,NA,NA,NA,NA,NA,NA,NA,NA,NA,NA,NA,NA,NA,NA,NA,NA,NA,NA,NA,NA,NA,NA,NA,NA,NA,NA,NA
"203","MSB:Fish:68516",1984,8,16,"MSB 68516-3","JAR11856F","EO","CW","08-12-2025",NA,38,30,429,"control","control_1981-1990",35.211416,-106.612833,0,0,0,0,0,0,0,0,0,0,0,0,0,0,0,0,0,0,0,0,0,0,2,NA,NA,NA,NA,NA,NA,NA,NA,NA,NA,NA,NA,NA,NA,NA,NA,NA,NA,NA,NA,NA,NA,NA,NA,NA,NA,NA,NA,NA,NA,NA,NA,NA,NA,NA,NA,NA,NA,NA,NA,NA,NA,NA,NA,NA,NA,NA,NA,NA,NA,NA,NA,NA,NA,NA,NA,NA,NA,NA,NA,NA,NA,NA,NA
"204","MSB:Fish:68516",1984,8,16,"MSB 68516-2","JAR11869F","BP","EO","08-12-2025","F",35,28,409,"control","control_1981-1990",35.211416,-106.612833,0,0,0,0,0,0,0,0,0,0,0,0,0,0,0,0,0,0,0,0,0,0,2,NA,NA,NA,NA,NA,NA,NA,NA,NA,NA,NA,NA,NA,NA,NA,NA,NA,NA,NA,NA,NA,NA,NA,NA,NA,NA,NA,NA,NA,NA,NA,NA,NA,NA,NA,NA,NA,NA,NA,NA,NA,NA,NA,NA,NA,NA,NA,NA,NA,NA,NA,NA,NA,NA,NA,NA,NA,NA,NA,NA,NA,NA,NA,NA
"205","MSB:Fish:68516",1984,8,16,"MSB 68516-1","JAR11872F","EO","EO","08-12-2025","F",36,29,408,"control","control_1981-1990",35.211416,-106.612833,0,0,0,0,0,0,0,0,0,0,0,0,0,0,0,0,0,0,0,0,0,0,2,NA,NA,NA,NA,NA,NA,NA,NA,NA,NA,NA,NA,NA,NA,NA,NA,NA,NA,NA,NA,NA,NA,NA,NA,NA,NA,NA,NA,NA,NA,NA,NA,NA,NA,NA,NA,NA,NA,NA,NA,NA,NA,NA,NA,NA,NA,NA,NA,NA,NA,NA,NA,NA,NA,NA,NA,NA,NA,NA,NA,NA,NA,NA,NA
"206","MSB:Fish:705",1949,10,21,"MSB 705-2","JAR11673F","BP","JG","07-24-2025",NA,46,39,880,"impact","impact_1941-1950",34.929201,-106.681499,0,0,1,0,0,0,0,NA,0,0,0,0,0,NA,0,0,0,0,0,0,0,0,0,NA,NA,NA,NA,NA,NA,NA,NA,NA,NA,NA,NA,NA,NA,NA,NA,NA,NA,NA,NA,NA,NA,NA,NA,NA,NA,NA,NA,NA,NA,NA,NA,NA,NA,NA,NA,NA,NA,NA,NA,NA,NA,NA,NA,NA,NA,NA,NA,NA,NA,NA,NA,NA,NA,NA,NA,NA,NA,NA,NA,NA,NA,NA,NA
"207","MSB:Fish:705",1949,10,21,"MSB 705-1","JAR11682F","JG","CLW","07-24-2025","F",39,32,543,"impact","impact_1941-1950",34.929201,-106.681499,0,0,0,0,0,0,0,NA,0,0,0,0,0,NA,0,0,0,0,0,0,0,0,0,NA,NA,NA,NA,NA,NA,NA,NA,NA,NA,NA,NA,NA,NA,NA,NA,NA,NA,NA,NA,NA,NA,NA,NA,NA,NA,NA,NA,NA,NA,NA,NA,NA,NA,NA,NA,NA,NA,NA,NA,NA,NA,NA,NA,NA,NA,NA,NA,NA,NA,NA,NA,NA,NA,NA,NA,NA,NA,NA,NA,NA,NA,NA,NA
"208","MSB:Fish:705",1949,10,21,"MSB 705-3","JAR11685F","JG","CLW","07-24-2025",NA,45,36,779,"impact","impact_1941-1950",34.929201,-106.681499,0,0,0,0,0,0,0,NA,0,0,0,0,0,NA,0,0,0,0,0,NA,0,0,2,NA,NA,NA,NA,NA,NA,NA,NA,NA,NA,NA,NA,NA,NA,NA,NA,NA,NA,NA,NA,NA,NA,NA,NA,NA,NA,NA,NA,NA,NA,NA,NA,NA,NA,NA,NA,NA,NA,NA,NA,NA,NA,NA,NA,NA,NA,NA,NA,NA,NA,NA,NA,NA,NA,NA,NA,NA,NA,NA,NA,NA,NA,NA,NA
"209","MSB:Fish:705",1949,10,21,"MSB 705-5","JAR11679F","JG","GC","07-24-2025",NA,37,32,510,"impact","impact_1941-1950",34.929201,-106.681499,0,0,0,0,0,0,0,NA,0,0,0,0,0,NA,0,0,0,0,0,0,0,0,0,NA,NA,NA,NA,NA,NA,NA,NA,NA,NA,NA,NA,NA,NA,NA,NA,NA,NA,NA,NA,NA,NA,NA,NA,NA,NA,NA,NA,NA,NA,NA,NA,NA,NA,NA,NA,NA,NA,NA,NA,NA,NA,NA,NA,NA,NA,NA,NA,NA,NA,NA,NA,NA,NA,NA,NA,NA,NA,NA,NA,NA,NA,NA,NA
"210","MSB:Fish:705",1949,10,21,"MSB 705-4","JAR11688F","BP","JG","07-24-2025","F",36,30,391,"impact","impact_1941-1950",34.929201,-106.681499,0,0,0,0,0,0,0,NA,0,0,0,0,0,NA,0,0,0,0,0,0,0,0,0,NA,NA,NA,NA,NA,NA,NA,NA,NA,NA,NA,NA,NA,NA,NA,NA,NA,NA,NA,NA,NA,NA,NA,NA,NA,NA,NA,NA,NA,NA,NA,NA,NA,NA,NA,NA,NA,NA,NA,NA,NA,NA,NA,NA,NA,NA,NA,NA,NA,NA,NA,NA,NA,NA,NA,NA,NA,NA,NA,NA,NA,NA,NA,NA
"211","MSB:Fish:706",1949,11,5,"MSB 706-4","JAR11667F","JG","GC","07-24-2025",NA,36,30,440,"control","control_1941-1950",35.211994,-106.631125,0,0,1,0,0,0,0,NA,0,0,0,0,0,NA,0,0,0,0,0,1,0,0,2,NA,NA,NA,NA,NA,NA,NA,NA,NA,NA,NA,NA,NA,NA,NA,NA,NA,NA,NA,NA,NA,NA,NA,NA,NA,NA,NA,NA,NA,NA,NA,NA,NA,NA,NA,NA,NA,NA,NA,NA,NA,NA,NA,NA,NA,NA,NA,NA,NA,NA,NA,NA,NA,NA,NA,NA,NA,NA,NA,NA,NA,NA,NA,NA
"212","MSB:Fish:706",1949,11,5,"MSB 706-5","JAR11670F","BP","GC","07-24-2025",NA,34,26,335,"control","control_1941-1950",35.211994,-106.631125,0,0,1,0,0,0,0,NA,0,0,0,0,0,NA,0,0,0,0,0,1,0,0,0,NA,NA,NA,NA,NA,NA,NA,NA,NA,NA,NA,NA,NA,NA,NA,NA,NA,NA,NA,NA,NA,NA,NA,NA,NA,NA,NA,NA,NA,NA,NA,NA,NA,NA,NA,NA,NA,NA,NA,NA,NA,NA,NA,NA,NA,NA,NA,NA,NA,NA,NA,NA,NA,NA,NA,NA,NA,NA,NA,NA,NA,NA,NA,NA
"213","MSB:Fish:706",1949,11,5,"MSB 706-1","JAR11669F","BP","GC","07-24-2025",NA,52,40,1287,"control","control_1941-1950",35.211994,-106.631125,0,0,1,0,0,0,0,NA,0,0,0,0,0,NA,0,0,0,0,0,0,0,0,0,NA,NA,NA,NA,NA,NA,NA,NA,NA,NA,NA,NA,NA,NA,NA,NA,NA,NA,NA,NA,NA,NA,NA,NA,NA,NA,NA,NA,NA,NA,NA,NA,NA,NA,NA,NA,NA,NA,NA,NA,NA,NA,NA,NA,NA,NA,NA,NA,NA,NA,NA,NA,NA,NA,NA,NA,NA,NA,NA,NA,NA,NA,NA,NA
"214","MSB:Fish:706",1949,11,5,"MSB 706-2","JAR11666F","JG","CLW","07-24-2025","F",37,31,475,"control","control_1941-1950",35.211994,-106.631125,0,0,0,0,0,0,0,NA,0,0,0,0,0,NA,0,0,0,0,1,0,0,0,0,NA,NA,NA,NA,NA,NA,NA,NA,NA,NA,NA,NA,NA,NA,NA,NA,NA,NA,NA,NA,NA,NA,NA,NA,NA,NA,NA,NA,NA,NA,NA,NA,NA,NA,NA,NA,NA,NA,NA,NA,NA,NA,NA,NA,NA,NA,NA,NA,NA,NA,NA,NA,NA,NA,NA,NA,NA,NA,NA,NA,NA,NA,NA,NA
"215","MSB:Fish:706",1949,11,5,"MSB 706-3","JAR11668F","BP","JG","07-24-2025","F",45,35,910,"control","control_1941-1950",35.211994,-106.631125,0,0,1,0,0,0,0,NA,0,0,0,0,0,NA,0,0,0,0,0,0,0,0,0,NA,NA,NA,NA,NA,NA,NA,NA,NA,NA,NA,NA,NA,NA,NA,NA,NA,NA,NA,NA,NA,NA,NA,NA,NA,NA,NA,NA,NA,NA,NA,NA,NA,NA,NA,NA,NA,NA,NA,NA,NA,NA,NA,NA,NA,NA,NA,NA,NA,NA,NA,NA,NA,NA,NA,NA,NA,NA,NA,NA,NA,NA,NA,NA
"216","MSB:Fish:7206",1989,11,4,"MSB 7206-5","JAR11882F","EO","CW","08-12-2025",NA,39,31,547,"impact","impact_1981-1990",35.205042,-106.609081,0,0,0,0,0,0,0,0,0,0,0,0,0,0,0,0,0,0,0,0,0,0,2,NA,NA,NA,NA,NA,NA,NA,NA,NA,NA,NA,NA,NA,NA,NA,NA,NA,NA,NA,NA,NA,NA,NA,NA,NA,NA,NA,NA,NA,NA,NA,NA,NA,NA,NA,NA,NA,NA,NA,NA,NA,NA,NA,NA,NA,NA,NA,NA,NA,NA,NA,NA,NA,NA,NA,NA,NA,NA,NA,NA,NA,NA,NA,NA
"217","MSB:Fish:7206",1989,11,4,"MSB 7206-4","JAR11883F","BP","CW","08-12-2025",NA,42,32,787,"impact","impact_1981-1990",35.205042,-106.609081,0,0,0,0,0,0,0,0,0,0,0,0,0,0,0,0,0,0,0,NA,0,0,0,NA,NA,NA,NA,NA,NA,NA,NA,NA,NA,NA,NA,NA,NA,NA,NA,NA,NA,NA,NA,NA,NA,NA,NA,NA,NA,NA,NA,NA,NA,NA,NA,NA,NA,NA,NA,NA,NA,NA,NA,NA,NA,NA,NA,NA,NA,NA,NA,NA,NA,NA,NA,NA,NA,NA,NA,NA,NA,NA,NA,NA,NA,NA,NA
"218","MSB:Fish:7206",1989,11,4,"MSB 7206-3","JAR11884F","EO","BP","08-12-2025",NA,50,40,1145,"impact","impact_1981-1990",35.205042,-106.609081,0,0,5,0,0,0,0,0,0,0,0,0,0,0,0,0,0,0,0,0,0,0,0,NA,NA,NA,NA,NA,NA,NA,NA,NA,NA,NA,NA,NA,NA,NA,NA,NA,NA,NA,NA,NA,NA,NA,NA,NA,NA,NA,NA,NA,NA,NA,NA,NA,NA,NA,NA,NA,NA,NA,NA,NA,NA,NA,NA,NA,NA,NA,NA,NA,NA,NA,NA,NA,NA,NA,NA,NA,NA,NA,NA,NA,NA,NA,NA
"219","MSB:Fish:7206",1989,11,4,"MSB 7206-2","JAR11881F","BP","CW","08-12-2025",NA,44,36,509,"impact","impact_1981-1990",35.205042,-106.609081,0,0,0,0,0,0,0,0,0,0,0,0,0,0,0,0,0,0,0,NA,0,0,0,NA,NA,NA,NA,NA,NA,NA,NA,NA,NA,NA,NA,NA,NA,NA,NA,NA,NA,NA,NA,NA,NA,NA,NA,NA,NA,NA,NA,NA,NA,NA,NA,NA,NA,NA,NA,NA,NA,NA,NA,NA,NA,NA,NA,NA,NA,NA,NA,NA,NA,NA,NA,NA,NA,NA,NA,NA,NA,NA,NA,NA,NA,NA,NA
"220","MSB:Fish:7206",1989,11,4,"MSB 7206-1","JAR11885F","EO","BP","08-12-2025","F",45,36,934,"impact","impact_1981-1990",35.205042,-106.609081,0,0,2,0,0,0,0,0,0,0,0,0,0,0,0,0,0,0,0,0,0,0,0,NA,NA,NA,NA,NA,NA,NA,NA,NA,NA,NA,NA,NA,NA,NA,NA,NA,NA,NA,NA,NA,NA,NA,NA,NA,NA,NA,NA,NA,NA,NA,NA,NA,NA,NA,NA,NA,NA,NA,NA,NA,NA,NA,NA,NA,NA,NA,NA,NA,NA,NA,NA,NA,NA,NA,NA,NA,NA,NA,NA,NA,NA,NA,NA
"221","MSB:Fish:7235",1989,11,12,"MSB 7235-5","JAR11871F","EO","EO","08-12-2025","F",61,50,2559,"impact","impact_1981-1990",34.994298,-106.678945,0,0,0,0,0,0,0,0,0,0,0,0,0,0,0,0,0,0,0,0,0,0,4,NA,NA,NA,NA,NA,NA,NA,NA,NA,NA,NA,NA,NA,NA,NA,NA,NA,NA,NA,NA,NA,NA,NA,NA,NA,NA,NA,NA,NA,NA,NA,NA,NA,NA,NA,NA,NA,NA,NA,NA,NA,NA,NA,NA,NA,NA,NA,NA,NA,NA,NA,NA,NA,NA,NA,NA,NA,NA,NA,NA,NA,NA,NA,NA
"222","MSB:Fish:7235",1989,11,12,"MSB 7235-4","JAR11877F","EO","CW","08-12-2025",NA,53,44,1514,"impact","impact_1981-1990",34.994298,-106.678945,0,0,1,0,0,0,0,0,0,0,0,0,0,0,0,0,0,0,0,0,0,0,0,NA,NA,NA,NA,NA,NA,NA,NA,NA,NA,NA,NA,NA,NA,NA,NA,NA,NA,NA,NA,NA,NA,NA,NA,NA,NA,NA,NA,NA,NA,NA,NA,NA,NA,NA,NA,NA,NA,NA,NA,NA,NA,NA,NA,NA,NA,NA,NA,NA,NA,NA,NA,NA,NA,NA,NA,NA,NA,NA,NA,NA,NA,NA,NA
"223","MSB:Fish:7235",1989,11,12,"MSB 7235-3","JAR11880F","EO","EO","08-12-2025","F",64,53,3028,"impact","impact_1981-1990",34.994298,-106.678945,0,0,0,0,0,0,0,0,0,0,0,0,0,0,0,0,0,0,0,0,0,0,0,NA,NA,NA,NA,NA,NA,NA,NA,NA,NA,NA,NA,NA,NA,NA,NA,NA,NA,NA,NA,NA,NA,NA,NA,NA,NA,NA,NA,NA,NA,NA,NA,NA,NA,NA,NA,NA,NA,NA,NA,NA,NA,NA,NA,NA,NA,NA,NA,NA,NA,NA,NA,NA,NA,NA,NA,NA,NA,NA,NA,NA,NA,NA,NA
"224","MSB:Fish:7235",1989,11,12,"MSB 7235-2","JAR11879F","EO","CW","08-12-2025",NA,59,47,1988,"impact","impact_1981-1990",34.994298,-106.678945,0,0,0,0,0,0,0,0,0,0,0,0,0,0,0,0,0,0,0,0,0,0,0,NA,NA,NA,NA,NA,NA,NA,NA,NA,NA,NA,NA,NA,NA,NA,NA,NA,NA,NA,NA,NA,NA,NA,NA,NA,NA,NA,NA,NA,NA,NA,NA,NA,NA,NA,NA,NA,NA,NA,NA,NA,NA,NA,NA,NA,NA,NA,NA,NA,NA,NA,NA,NA,NA,NA,NA,NA,NA,NA,NA,NA,NA,NA,NA
"225","MSB:Fish:7235",1989,11,12,"MSB 7235-1","JAR11874F","EO","EO","08-12-2025","F",62,51,2486,"impact","impact_1981-1990",34.994298,-106.678945,0,0,0,0,0,0,0,0,0,0,0,0,0,0,0,0,0,0,0,0,0,0,2,NA,NA,NA,NA,NA,NA,NA,NA,NA,NA,NA,NA,NA,NA,NA,NA,NA,NA,NA,NA,NA,NA,NA,NA,NA,NA,NA,NA,NA,NA,NA,NA,NA,NA,NA,NA,NA,NA,NA,NA,NA,NA,NA,NA,NA,NA,NA,NA,NA,NA,NA,NA,NA,NA,NA,NA,NA,NA,NA,NA,NA,NA,NA,NA
"226","MSB:Fish:7252",1989,11,19,"MSB 7252-3","JAR11657F","JG","BP GC","07-24-2025",NA,42,34,716,"impact","impact_1981-1990",35.017903,-106.661847,0,0,0,0,0,0,0,NA,0,0,0,0,0,NA,0,0,0,0,0,NA,0,0,0,NA,NA,NA,NA,NA,NA,NA,NA,NA,NA,NA,NA,NA,NA,NA,NA,NA,NA,NA,NA,NA,NA,NA,NA,NA,NA,NA,NA,NA,NA,NA,NA,NA,NA,NA,NA,NA,NA,NA,NA,NA,NA,NA,NA,NA,NA,NA,NA,NA,NA,NA,NA,NA,NA,NA,NA,NA,NA,NA,NA,NA,NA,NA,NA
"227","MSB:Fish:7252",1989,11,19,"MSB 7252-5","JAR11656F","JG","GC","07-24-2025","F",33,27,332,"impact","impact_1981-1990",35.017903,-106.661847,0,0,0,0,0,0,0,NA,0,0,0,0,0,NA,0,0,1,0,0,0,0,0,0,NA,NA,NA,NA,NA,NA,NA,NA,NA,NA,NA,NA,NA,NA,NA,NA,NA,NA,NA,NA,NA,NA,NA,NA,NA,NA,NA,NA,NA,NA,NA,NA,NA,NA,NA,NA,NA,NA,NA,NA,NA,NA,NA,NA,NA,NA,NA,NA,NA,NA,NA,NA,NA,NA,NA,NA,NA,NA,NA,NA,NA,NA,NA,NA
"228","MSB:Fish:7252",1989,11,19,"MSB 7252-4","JAR11659F","EO","EO GC","07-24-2025","F",54,44,1801,"impact","impact_1981-1990",35.017903,-106.661847,0,0,0,1,0,0,0,NA,0,0,0,0,0,NA,0,0,0,0,0,0,0,0,2,NA,NA,NA,NA,NA,NA,NA,NA,NA,NA,NA,NA,NA,NA,NA,NA,NA,NA,NA,NA,NA,NA,NA,NA,NA,NA,NA,NA,NA,NA,NA,NA,NA,NA,NA,NA,NA,NA,NA,NA,NA,NA,NA,NA,NA,NA,NA,NA,NA,NA,NA,NA,NA,NA,NA,NA,NA,NA,NA,NA,NA,NA,NA,NA
"229","MSB:Fish:7252",1989,11,19,"MSB 7252-1","JAR11658F","JG","JG GC","07-24-2025",NA,53,44,1807,"impact","impact_1981-1990",35.017903,-106.661847,0,0,1,0,0,0,0,NA,0,0,0,0,0,NA,0,0,0,0,0,0,0,0,0,NA,NA,NA,NA,NA,NA,NA,NA,NA,NA,NA,NA,NA,NA,NA,NA,NA,NA,NA,NA,NA,NA,NA,NA,NA,NA,NA,NA,NA,NA,NA,NA,NA,NA,NA,NA,NA,NA,NA,NA,NA,NA,NA,NA,NA,NA,NA,NA,NA,NA,NA,NA,NA,NA,NA,NA,NA,NA,NA,NA,NA,NA,NA,NA
"230","MSB:Fish:7252",1989,11,19,"MSB 7252-2","JAR11660F","EO","GC","07-24-2025",NA,58,48,2422,"impact","impact_1981-1990",35.017903,-106.661847,0,0,0,0,0,0,0,NA,0,0,0,0,0,NA,0,0,0,0,0,0,0,0,0,NA,NA,NA,NA,NA,NA,NA,NA,NA,NA,NA,NA,NA,NA,NA,NA,NA,NA,NA,NA,NA,NA,NA,NA,NA,NA,NA,NA,NA,NA,NA,NA,NA,NA,NA,NA,NA,NA,NA,NA,NA,NA,NA,NA,NA,NA,NA,NA,NA,NA,NA,NA,NA,NA,NA,NA,NA,NA,NA,NA,NA,NA,NA,NA
"231","MSB:Fish:7258",1989,11,20,"MSB 7258-1","JAR11873F","BP","JG","08-11-2025",NA,55,45,1903,"impact","impact_1981-1990",35.014147,-106.665834,0,0,0,0,0,0,0,0,0,0,0,0,0,0,0,0,0,0,0,0,0,0,0,NA,NA,NA,NA,NA,NA,NA,NA,NA,NA,NA,NA,NA,NA,NA,NA,NA,NA,NA,NA,NA,NA,NA,NA,NA,NA,NA,NA,NA,NA,NA,NA,NA,NA,NA,NA,NA,NA,NA,NA,NA,NA,NA,NA,NA,NA,NA,NA,NA,NA,NA,NA,NA,NA,NA,NA,NA,NA,NA,NA,NA,NA,NA,NA
"232","MSB:Fish:7258",1989,11,20,"MSB 7258-2","JAR11870F","BP","JG","08-11-2025",NA,50,41,1290,"impact","impact_1981-1990",35.014147,-106.665834,0,0,0,0,0,0,0,0,0,0,0,0,0,0,0,0,0,0,0,0,0,0,0,NA,NA,NA,NA,NA,NA,NA,NA,NA,NA,NA,NA,NA,NA,NA,NA,NA,NA,NA,NA,NA,NA,NA,NA,NA,NA,NA,NA,NA,NA,NA,NA,NA,NA,NA,NA,NA,NA,NA,NA,NA,NA,NA,NA,NA,NA,NA,NA,NA,NA,NA,NA,NA,NA,NA,NA,NA,NA,NA,NA,NA,NA,NA,NA
"233","MSB:Fish:7258",1989,11,20,"MSB 7258-3","JAR11876F","BP","JG","08-11-2025","F",52,42,1526,"impact","impact_1981-1990",35.014147,-106.665834,0,0,0,0,0,0,0,0,0,0,0,0,0,0,0,0,0,0,0,NA,0,0,0,NA,NA,NA,NA,NA,NA,NA,NA,NA,NA,NA,NA,NA,NA,NA,NA,NA,NA,NA,NA,NA,NA,NA,NA,NA,NA,NA,NA,NA,NA,NA,NA,NA,NA,NA,NA,NA,NA,NA,NA,NA,NA,NA,NA,NA,NA,NA,NA,NA,NA,NA,NA,NA,NA,NA,NA,NA,NA,NA,NA,NA,NA,NA,NA
"234","MSB:Fish:7258",1989,11,20,"MSB 7258-4","JAR11878F","EO","CW","08-11-2025",NA,62,50,2617,"impact","impact_1981-1990",35.014147,-106.665834,0,0,1,0,0,0,0,0,0,0,0,0,0,0,0,0,0,0,0,0,0,0,0,NA,NA,NA,NA,NA,NA,NA,NA,NA,NA,NA,NA,NA,NA,NA,NA,NA,NA,NA,NA,NA,NA,NA,NA,NA,NA,NA,NA,NA,NA,NA,NA,NA,NA,NA,NA,NA,NA,NA,NA,NA,NA,NA,NA,NA,NA,NA,NA,NA,NA,NA,NA,NA,NA,NA,NA,NA,NA,NA,NA,NA,NA,NA,NA
"235","MSB:Fish:7258",1989,11,20,"MSB 7258-5","JAR11875F","BP","CW","08-11-2025",NA,56,46,2024,"impact","impact_1981-1990",35.014147,-106.665834,0,0,0,0,0,0,0,0,0,0,0,0,0,0,0,0,0,0,0,0,0,0,0,NA,NA,NA,NA,NA,NA,NA,NA,NA,NA,NA,NA,NA,NA,NA,NA,NA,NA,NA,NA,NA,NA,NA,NA,NA,NA,NA,NA,NA,NA,NA,NA,NA,NA,NA,NA,NA,NA,NA,NA,NA,NA,NA,NA,NA,NA,NA,NA,NA,NA,NA,NA,NA,NA,NA,NA,NA,NA,NA,NA,NA,NA,NA,NA
"236","MSB:Fish:726",1959,2,20,"MSB 726-4","JAR11805F","JG","EO","08-07-2025",NA,48,38,811,"control","control_1951-1960",35.332004,-106.553224,0,0,0,0,0,0,0,NA,0,0,0,0,0,NA,0,0,0,0,0,0,0,0,0,NA,NA,NA,NA,NA,NA,NA,NA,NA,NA,NA,NA,NA,NA,NA,NA,NA,NA,NA,NA,NA,NA,NA,NA,NA,NA,NA,NA,NA,NA,NA,NA,NA,NA,NA,NA,NA,NA,NA,NA,NA,NA,NA,NA,NA,NA,NA,NA,NA,NA,NA,NA,NA,NA,NA,NA,NA,NA,NA,NA,NA,NA,NA,NA
"237","MSB:Fish:726",1959,2,20,"MSB 726-5","JAR11804F","EO","EO","08-07-2025","F",44,35,647,"control","control_1951-1960",35.332004,-106.553224,0,0,0,0,0,0,0,NA,0,0,0,0,0,NA,0,0,0,0,0,0,0,0,2,NA,NA,NA,NA,NA,NA,NA,NA,NA,NA,NA,NA,NA,NA,NA,NA,NA,NA,NA,NA,NA,NA,NA,NA,NA,NA,NA,NA,NA,NA,NA,NA,NA,NA,NA,NA,NA,NA,NA,NA,NA,NA,NA,NA,NA,NA,NA,NA,NA,NA,NA,NA,NA,NA,NA,NA,NA,NA,NA,NA,NA,NA,NA,NA
"238","MSB:Fish:726",1959,2,20,"MSB 726-1","JAR11807F","EO","EO","08-07-2025",NA,47,37,832,"control","control_1951-1960",35.332004,-106.553224,0,0,0,0,0,0,0,NA,0,0,0,0,0,NA,0,0,0,0,0,0,0,0,0,NA,NA,NA,NA,NA,NA,NA,NA,NA,NA,NA,NA,NA,NA,NA,NA,NA,NA,NA,NA,NA,NA,NA,NA,NA,NA,NA,NA,NA,NA,NA,NA,NA,NA,NA,NA,NA,NA,NA,NA,NA,NA,NA,NA,NA,NA,NA,NA,NA,NA,NA,NA,NA,NA,NA,NA,NA,NA,NA,NA,NA,NA,NA,NA
"239","MSB:Fish:726",1959,2,20,"MSB 726-2","JAR11799F","JG","CW","08-07-2025",NA,53,43,1273,"control","control_1951-1960",35.332004,-106.553224,0,0,0,0,0,0,0,NA,0,0,0,0,0,NA,0,0,0,0,0,0,0,0,2,NA,NA,NA,NA,NA,NA,NA,NA,NA,NA,NA,NA,NA,NA,NA,NA,NA,NA,NA,NA,NA,NA,NA,NA,NA,NA,NA,NA,NA,NA,NA,NA,NA,NA,NA,NA,NA,NA,NA,NA,NA,NA,NA,NA,NA,NA,NA,NA,NA,NA,NA,NA,NA,NA,NA,NA,NA,NA,NA,NA,NA,NA,NA,NA
"240","MSB:Fish:726",1959,2,20,"MSB 726-3","JAR11802F","EO","EO","08-07-2025",NA,54,43,1077,"control","control_1951-1960",35.332004,-106.553224,0,0,0,0,0,0,0,NA,0,0,0,0,0,NA,0,0,0,0,0,0,0,0,2,NA,NA,NA,NA,NA,NA,NA,NA,NA,NA,NA,NA,NA,NA,NA,NA,NA,NA,NA,NA,NA,NA,NA,NA,NA,NA,NA,NA,NA,NA,NA,NA,NA,NA,NA,NA,NA,NA,NA,NA,NA,NA,NA,NA,NA,NA,NA,NA,NA,NA,NA,NA,NA,NA,NA,NA,NA,NA,NA,NA,NA,NA,NA,NA
"241","MSB:Fish:727",1949,7,28,"MSB 727-2","JAR11642F","BP","GC","07-23-2025",NA,32,27,306,"impact","impact_1941-1950",35.188761,-106.64706,0,0,0,0,0,0,0,NA,0,0,0,0,0,NA,0,0,0,0,0,0,0,0,2,NA,NA,NA,NA,NA,NA,NA,NA,NA,NA,NA,NA,NA,NA,NA,NA,NA,NA,NA,NA,NA,NA,NA,NA,NA,NA,NA,NA,NA,NA,NA,NA,NA,NA,NA,NA,NA,NA,NA,NA,NA,NA,NA,NA,NA,NA,NA,NA,NA,NA,NA,NA,NA,NA,NA,NA,NA,NA,NA,NA,NA,NA,NA,NA
"242","MSB:Fish:727",1949,7,28,"MSB 727-1","JAR11645F","EO","GC","07-23-2025",NA,34,27,359,"impact","impact_1941-1950",35.188761,-106.64706,0,0,1,0,0,0,0,NA,0,0,0,0,0,NA,0,0,0,0,0,0,0,0,0,NA,NA,NA,NA,NA,NA,NA,NA,NA,NA,NA,NA,NA,NA,NA,NA,NA,NA,NA,NA,NA,NA,NA,NA,NA,NA,NA,NA,NA,NA,NA,NA,NA,NA,NA,NA,NA,NA,NA,NA,NA,NA,NA,NA,NA,NA,NA,NA,NA,NA,NA,NA,NA,NA,NA,NA,NA,NA,NA,NA,NA,NA,NA,NA
"243","MSB:Fish:727",1949,7,28,"MSB 727-3","JAR11648F","EO","BP GC","07-23-2025",NA,37,30,492,"impact","impact_1941-1950",35.188761,-106.64706,0,0,0,0,0,0,0,NA,0,0,0,0,0,NA,0,0,0,0,0,NA,0,0,0,NA,NA,NA,NA,NA,NA,NA,NA,NA,NA,NA,NA,NA,NA,NA,NA,NA,NA,NA,NA,NA,NA,NA,NA,NA,NA,NA,NA,NA,NA,NA,NA,NA,NA,NA,NA,NA,NA,NA,NA,NA,NA,NA,NA,NA,NA,NA,NA,NA,NA,NA,NA,NA,NA,NA,NA,NA,NA,NA,NA,NA,NA,NA,NA
"244","MSB:Fish:727",1949,7,28,"MSB 727-4","JAR11650F","EO","BP GC","07-23-2025",NA,35,28,418,"impact","impact_1941-1950",35.188761,-106.64706,0,0,13,0,0,0,0,NA,0,0,0,0,0,NA,0,1,0,0,0,0,0,0,4,NA,NA,NA,NA,NA,NA,NA,NA,NA,NA,NA,NA,NA,NA,NA,NA,NA,NA,NA,NA,NA,NA,NA,NA,NA,NA,NA,NA,NA,NA,NA,NA,NA,NA,NA,NA,NA,NA,NA,NA,NA,NA,NA,NA,NA,NA,NA,NA,NA,NA,NA,NA,NA,NA,NA,NA,NA,NA,NA,NA,NA,NA,NA,NA
"245","MSB:Fish:727",1949,7,28,"MSB 727-5","JAR11647F","BP","BP EO GC","07-23-2025",NA,31,23,254,"impact","impact_1941-1950",35.188761,-106.64706,0,0,14,0,0,0,0,NA,0,0,0,0,0,NA,1,0,0,0,0,0,0,0,4,NA,NA,NA,NA,NA,NA,NA,NA,NA,NA,NA,NA,NA,NA,NA,NA,NA,NA,NA,NA,NA,NA,NA,NA,NA,NA,NA,NA,NA,NA,NA,NA,NA,NA,NA,NA,NA,NA,NA,NA,NA,NA,NA,NA,NA,NA,NA,NA,NA,NA,NA,NA,NA,NA,NA,NA,NA,NA,NA,NA,NA,NA,NA,NA
"246","MSB:Fish:7824",1990,4,18,"MSB 7824-3","JAR11640F","JG","BP GC","07-24-2025",NA,45,34,798,"control","control_1981-1990",35.322164,-106.557448,0,0,18,0,0,0,0,NA,0,0,0,0,0,NA,0,0,0,0,0,0,0,0,0,NA,NA,NA,NA,NA,NA,NA,NA,NA,NA,NA,NA,NA,NA,NA,NA,NA,NA,NA,NA,NA,NA,NA,NA,NA,NA,NA,NA,NA,NA,NA,NA,NA,NA,NA,NA,NA,NA,NA,NA,NA,NA,NA,NA,NA,NA,NA,NA,NA,NA,NA,NA,NA,NA,NA,NA,NA,NA,NA,NA,NA,NA,NA,NA
"247","MSB:Fish:7824",1990,4,18,"MSB 7824-1","JAR11644F","JG","GC","07-24-2025",NA,45,37,1085,"control","control_1981-1990",35.322164,-106.557448,0,0,0,0,0,0,0,NA,0,0,0,0,0,NA,0,0,0,0,0,NA,0,0,0,NA,NA,NA,NA,NA,NA,NA,NA,NA,NA,NA,NA,NA,NA,NA,NA,NA,NA,NA,NA,NA,NA,NA,NA,NA,NA,NA,NA,NA,NA,NA,NA,NA,NA,NA,NA,NA,NA,NA,NA,NA,NA,NA,NA,NA,NA,NA,NA,NA,NA,NA,NA,NA,NA,NA,NA,NA,NA,NA,NA,NA,NA,NA,NA
"248","MSB:Fish:7824",1990,4,18,"MSB 7824-2","JAR11634F","EO","GC","07-24-2025","F",42,34,873,"control","control_1981-1990",35.322164,-106.557448,0,0,0,0,0,0,0,NA,0,0,0,0,0,NA,0,0,0,0,0,NA,0,0,0,NA,NA,NA,NA,NA,NA,NA,NA,NA,NA,NA,NA,NA,NA,NA,NA,NA,NA,NA,NA,NA,NA,NA,NA,NA,NA,NA,NA,NA,NA,NA,NA,NA,NA,NA,NA,NA,NA,NA,NA,NA,NA,NA,NA,NA,NA,NA,NA,NA,NA,NA,NA,NA,NA,NA,NA,NA,NA,NA,NA,NA,NA,NA,NA
"249","MSB:Fish:7824",1990,4,18,"MSB 7824-5","JAR11637F","EO","BP, GC","07-24-2025",NA,33,27,403,"control","control_1981-1990",35.322164,-106.557448,0,0,0,0,0,0,0,NA,0,0,0,0,0,NA,0,0,0,0,0,0,0,0,2,NA,NA,NA,NA,NA,NA,NA,NA,NA,NA,NA,NA,NA,NA,NA,NA,NA,NA,NA,NA,NA,NA,NA,NA,NA,NA,NA,NA,NA,NA,NA,NA,NA,NA,NA,NA,NA,NA,NA,NA,NA,NA,NA,NA,NA,NA,NA,NA,NA,NA,NA,NA,NA,NA,NA,NA,NA,NA,NA,NA,NA,NA,NA,NA
"250","MSB:Fish:7824",1990,4,18,"MSB 7824-4","JAR11641F","EO","EO GC","07-24-2025",NA,37,30,542,"control","control_1981-1990",35.322164,-106.557448,0,0,0,0,0,0,0,NA,0,0,0,0,0,NA,0,0,0,0,0,0,0,0,0,NA,NA,NA,NA,NA,NA,NA,NA,NA,NA,NA,NA,NA,NA,NA,NA,NA,NA,NA,NA,NA,NA,NA,NA,NA,NA,NA,NA,NA,NA,NA,NA,NA,NA,NA,NA,NA,NA,NA,NA,NA,NA,NA,NA,NA,NA,NA,NA,NA,NA,NA,NA,NA,NA,NA,NA,NA,NA,NA,NA,NA,NA,NA,NA
"251","MSB:Fish:7832",1990,4,18,"MSB 7832-4","JAR11718F","EO","BP","07-31-2025",NA,39,31,635,"control","control_1981-1990",35.28302778,-106.5981389,0,0,0,0,1,0,0,NA,0,0,0,0,0,NA,0,0,0,0,0,0,0,0,0,NA,NA,NA,NA,NA,NA,NA,NA,NA,NA,NA,NA,NA,NA,NA,NA,NA,NA,NA,NA,NA,NA,NA,NA,NA,NA,NA,NA,NA,NA,NA,NA,NA,NA,NA,NA,NA,NA,NA,NA,NA,NA,NA,NA,NA,NA,NA,NA,NA,NA,NA,NA,NA,NA,NA,NA,NA,NA,NA,NA,NA,NA,NA,NA
"252","MSB:Fish:7832",1990,4,18,"MSB 7832-2","JAR11725F","EO","BP","07-31-2025","F",48,39,1627,"control","control_1981-1990",35.28302778,-106.5981389,1,0,1,0,0,0,0,NA,0,1,0,0,2,NA,0,0,0,0,1,0,0,0,0,NA,NA,NA,NA,NA,NA,NA,NA,NA,NA,NA,NA,NA,NA,NA,NA,NA,NA,NA,NA,NA,NA,NA,NA,NA,NA,NA,NA,NA,NA,NA,NA,NA,NA,NA,NA,NA,NA,NA,NA,NA,NA,NA,NA,NA,NA,NA,NA,NA,NA,NA,NA,NA,NA,NA,NA,NA,NA,NA,NA,NA,NA,NA,NA
"253","MSB:Fish:7832",1990,4,18,"MSB 7832-1","JAR11722F","JG","GC","07-31-2025",NA,39,32,681,"control","control_1981-1990",35.28302778,-106.5981389,0,0,0,0,0,0,0,NA,0,0,0,0,0,NA,0,0,0,0,0,NA,0,0,0,NA,NA,NA,NA,NA,NA,NA,NA,NA,NA,NA,NA,NA,NA,NA,NA,NA,NA,NA,NA,NA,NA,NA,NA,NA,NA,NA,NA,NA,NA,NA,NA,NA,NA,NA,NA,NA,NA,NA,NA,NA,NA,NA,NA,NA,NA,NA,NA,NA,NA,NA,NA,NA,NA,NA,NA,NA,NA,NA,NA,NA,NA,NA,NA
"254","MSB:Fish:7832",1990,4,18,"MSB 7832-3","JAR11719F","JG","GC","07-31-2025",NA,48,39,1139,"control","control_1981-1990",35.28302778,-106.5981389,0,0,0,0,0,0,0,NA,0,0,0,0,0,NA,0,0,0,0,0,NA,0,0,0,NA,NA,NA,NA,NA,NA,NA,NA,NA,NA,NA,NA,NA,NA,NA,NA,NA,NA,NA,NA,NA,NA,NA,NA,NA,NA,NA,NA,NA,NA,NA,NA,NA,NA,NA,NA,NA,NA,NA,NA,NA,NA,NA,NA,NA,NA,NA,NA,NA,NA,NA,NA,NA,NA,NA,NA,NA,NA,NA,NA,NA,NA,NA,NA
"255","MSB:Fish:7832",1990,4,18,"MSB 7832-5","JAR11728F","JG","GC","07-31-2025",NA,37,30,583,"control","control_1981-1990",35.28302778,-106.5981389,0,0,0,0,0,0,0,NA,0,0,0,0,0,NA,0,0,0,0,0,0,0,0,0,NA,NA,NA,NA,NA,NA,NA,NA,NA,NA,NA,NA,NA,NA,NA,NA,NA,NA,NA,NA,NA,NA,NA,NA,NA,NA,NA,NA,NA,NA,NA,NA,NA,NA,NA,NA,NA,NA,NA,NA,NA,NA,NA,NA,NA,NA,NA,NA,NA,NA,NA,NA,NA,NA,NA,NA,NA,NA,NA,NA,NA,NA,NA,NA
"256","MSB:Fish:8990",1990,10,28,"MSB 8990-3","JAR11697F","EO","GC","07-23-2025",NA,53,43,1605,"impact","impact_1981-1990",35.089293,-106.680842,0,0,0,0,0,0,0,NA,0,0,0,0,0,NA,0,0,0,0,0,0,0,0,0,NA,NA,NA,NA,NA,NA,NA,NA,NA,NA,NA,NA,NA,NA,NA,NA,NA,NA,NA,NA,NA,NA,NA,NA,NA,NA,NA,NA,NA,NA,NA,NA,NA,NA,NA,NA,NA,NA,NA,NA,NA,NA,NA,NA,NA,NA,NA,NA,NA,NA,NA,NA,NA,NA,NA,NA,NA,NA,NA,NA,NA,NA,NA,NA
"257","MSB:Fish:8990",1990,10,28,"MSB 8990--5","JAR11694F","BP","JG GC","07-23-2025",NA,44,34,793,"impact","impact_1981-1990",35.089293,-106.680842,0,0,1,0,0,0,0,NA,0,0,0,0,0,NA,0,0,0,0,0,0,0,0,0,NA,NA,NA,NA,NA,NA,NA,NA,NA,NA,NA,NA,NA,NA,NA,NA,NA,NA,NA,NA,NA,NA,NA,NA,NA,NA,NA,NA,NA,NA,NA,NA,NA,NA,NA,NA,NA,NA,NA,NA,NA,NA,NA,NA,NA,NA,NA,NA,NA,NA,NA,NA,NA,NA,NA,NA,NA,NA,NA,NA,NA,NA,NA,NA
"258","MSB:Fish:8990",1990,10,28,"MSB 8990-3","JAR11698F","BP","JG GC","07-23-2025","F",48,37,906,"impact","impact_1981-1990",35.089293,-106.680842,0,0,0,0,0,0,0,NA,0,0,0,0,0,NA,0,0,0,0,0,0,0,0,0,NA,NA,NA,NA,NA,NA,NA,NA,NA,NA,NA,NA,NA,NA,NA,NA,NA,NA,NA,NA,NA,NA,NA,NA,NA,NA,NA,NA,NA,NA,NA,NA,NA,NA,NA,NA,NA,NA,NA,NA,NA,NA,NA,NA,NA,NA,NA,NA,NA,NA,NA,NA,NA,NA,NA,NA,NA,NA,NA,NA,NA,NA,NA,NA
"259","MSB:Fish:8990",1990,10,28,"MSB 8990-1","JAR11696F","BP","GC","07-23-2025",NA,51,39,1373,"impact","impact_1981-1990",35.089293,-106.680842,0,0,0,0,0,0,0,NA,0,0,0,0,0,NA,0,0,0,0,0,0,0,0,0,NA,NA,NA,NA,NA,NA,NA,NA,NA,NA,NA,NA,NA,NA,NA,NA,NA,NA,NA,NA,NA,NA,NA,NA,NA,NA,NA,NA,NA,NA,NA,NA,NA,NA,NA,NA,NA,NA,NA,NA,NA,NA,NA,NA,NA,NA,NA,NA,NA,NA,NA,NA,NA,NA,NA,NA,NA,NA,NA,NA,NA,NA,NA,NA
"260","MSB:Fish:8990",1990,10,28,"MSB 8990-4","JAR11695F","EO","EO GC","07-23-2025",NA,47,38,1097,"impact","impact_1981-1990",35.089293,-106.680842,0,0,0,0,0,0,0,NA,0,0,0,0,0,NA,0,0,0,0,0,0,0,0,2,NA,NA,NA,NA,NA,NA,NA,NA,NA,NA,NA,NA,NA,NA,NA,NA,NA,NA,NA,NA,NA,NA,NA,NA,NA,NA,NA,NA,NA,NA,NA,NA,NA,NA,NA,NA,NA,NA,NA,NA,NA,NA,NA,NA,NA,NA,NA,NA,NA,NA,NA,NA,NA,NA,NA,NA,NA,NA,NA,NA,NA,NA,NA,NA
"261","MSB:Fish:8998",1990,10,28,"MSB 8998-2","JAR11711F","BP","GC","07-29-2025",NA,39,31,550,"impact","impact_1981-1990",35.196977,-106.642444,0,0,0,0,0,0,0,NA,0,0,0,0,0,NA,1,0,0,0,0,0,0,0,0,NA,NA,NA,NA,NA,NA,NA,NA,NA,NA,NA,NA,NA,NA,NA,NA,NA,NA,NA,NA,NA,NA,NA,NA,NA,NA,NA,NA,NA,NA,NA,NA,NA,NA,NA,NA,NA,NA,NA,NA,NA,NA,NA,NA,NA,NA,NA,NA,NA,NA,NA,NA,NA,NA,NA,NA,NA,NA,NA,NA,NA,NA,NA,NA
"262","MSB:Fish:8998",1990,10,28,"MSB 8998-3","JAR11710F","EO","JG","07-29-2025",NA,55,44,1916,"impact","impact_1981-1990",35.196977,-106.642444,0,0,0,0,0,0,0,NA,0,0,0,0,0,NA,0,0,0,0,0,0,0,0,0,NA,NA,NA,NA,NA,NA,NA,NA,NA,NA,NA,NA,NA,NA,NA,NA,NA,NA,NA,NA,NA,NA,NA,NA,NA,NA,NA,NA,NA,NA,NA,NA,NA,NA,NA,NA,NA,NA,NA,NA,NA,NA,NA,NA,NA,NA,NA,NA,NA,NA,NA,NA,NA,NA,NA,NA,NA,NA,NA,NA,NA,NA,NA,NA
"263","MSB:Fish:8998",1990,10,28,"MSB 8998-4","JAR11709F","BP","GC","07-29-2025",NA,54,43,1719,"impact","impact_1981-1990",35.196977,-106.642444,0,0,0,0,0,0,0,NA,0,0,0,0,0,NA,0,0,0,0,0,0,0,0,0,NA,NA,NA,NA,NA,NA,NA,NA,NA,NA,NA,NA,NA,NA,NA,NA,NA,NA,NA,NA,NA,NA,NA,NA,NA,NA,NA,NA,NA,NA,NA,NA,NA,NA,NA,NA,NA,NA,NA,NA,NA,NA,NA,NA,NA,NA,NA,NA,NA,NA,NA,NA,NA,NA,NA,NA,NA,NA,NA,NA,NA,NA,NA,NA
"264","MSB:Fish:8998",1990,10,28,"MSB 8998-1","JAR11712F","EO","EO","07-29-2025","F",47,38,1015,"impact","impact_1981-1990",35.196977,-106.642444,0,0,0,0,0,0,0,NA,0,0,0,0,0,NA,0,0,0,0,0,0,3,0,2,NA,NA,NA,NA,NA,NA,NA,NA,NA,NA,NA,NA,NA,NA,NA,NA,NA,NA,NA,NA,NA,NA,NA,NA,NA,NA,NA,NA,NA,NA,NA,NA,NA,NA,NA,NA,NA,NA,NA,NA,NA,NA,NA,NA,NA,NA,NA,NA,NA,NA,NA,NA,NA,NA,NA,NA,NA,NA,NA,NA,NA,NA,NA,NA
"265","MSB:Fish:8998",1990,10,28,"MSB 8998-5","JAR11708F","BP","GC","07-29-2025",NA,57,45,2182,"impact","impact_1981-1990",35.196977,-106.642444,0,0,2,0,0,0,0,NA,0,0,0,0,0,NA,0,0,0,0,0,0,0,0,2,NA,NA,NA,NA,NA,NA,NA,NA,NA,NA,NA,NA,NA,NA,NA,NA,NA,NA,NA,NA,NA,NA,NA,NA,NA,NA,NA,NA,NA,NA,NA,NA,NA,NA,NA,NA,NA,NA,NA,NA,NA,NA,NA,NA,NA,NA,NA,NA,NA,NA,NA,NA,NA,NA,NA,NA,NA,NA,NA,NA,NA,NA,NA,NA
"266","MSB:Fish:9007",1990,10,28,"MSB 9007-3","JAR11815F","CW","CW","08-08-2025",NA,54,44,1524,"control","control_1981-1990",35.28086111,-106.5988056,0,0,5,0,0,0,0,NA,0,0,0,0,0,NA,0,0,0,0,0,NA,0,0,0,NA,NA,NA,NA,NA,NA,NA,NA,NA,NA,NA,NA,NA,NA,NA,NA,NA,NA,NA,NA,NA,NA,NA,NA,NA,NA,NA,NA,NA,NA,NA,NA,NA,NA,NA,NA,NA,NA,NA,NA,NA,NA,NA,NA,NA,NA,NA,NA,NA,NA,NA,NA,NA,NA,NA,NA,NA,NA,NA,NA,NA,NA,NA,NA
"267","MSB:Fish:9007",1990,10,28,"MSB 9007-4","JAR11818F","CW","CLW","08-08-2025",NA,57,47,2025,"control","control_1981-1990",35.28086111,-106.5988056,0,0,0,0,2,0,0,NA,0,0,0,0,0,NA,0,0,0,0,0,0,0,0,0,NA,NA,NA,NA,NA,NA,NA,NA,NA,NA,NA,NA,NA,NA,NA,NA,NA,NA,NA,NA,NA,NA,NA,NA,NA,NA,NA,NA,NA,NA,NA,NA,NA,NA,NA,NA,NA,NA,NA,NA,NA,NA,NA,NA,NA,NA,NA,NA,NA,NA,NA,NA,NA,NA,NA,NA,NA,NA,NA,NA,NA,NA,NA,NA
"268","MSB:Fish:9007",1990,10,28,"MSB 9007-5","JAR11808F","CW","CW","08-08-2025",NA,54,45,1393,"control","control_1981-1990",35.28086111,-106.5988056,0,0,0,0,0,0,0,NA,0,0,0,0,0,NA,0,0,0,0,0,0,0,0,0,NA,NA,NA,NA,NA,NA,NA,NA,NA,NA,NA,NA,NA,NA,NA,NA,NA,NA,NA,NA,NA,NA,NA,NA,NA,NA,NA,NA,NA,NA,NA,NA,NA,NA,NA,NA,NA,NA,NA,NA,NA,NA,NA,NA,NA,NA,NA,NA,NA,NA,NA,NA,NA,NA,NA,NA,NA,NA,NA,NA,NA,NA,NA,NA
"269","MSB:Fish:9007",1990,10,28,"MSB 9007-1","JAR11809F","CW","CW","08-08-2025",NA,51,42,1392,"control","control_1981-1990",35.28086111,-106.5988056,0,0,1,0,0,0,0,0,0,0,0,0,0,0,0,0,0,0,0,0,0,0,0,NA,NA,NA,NA,NA,NA,NA,NA,NA,NA,NA,NA,NA,NA,NA,NA,NA,NA,NA,NA,NA,NA,NA,NA,NA,NA,NA,NA,NA,NA,NA,NA,NA,NA,NA,NA,NA,NA,NA,NA,NA,NA,NA,NA,NA,NA,NA,NA,NA,NA,NA,NA,NA,NA,NA,NA,NA,NA,NA,NA,NA,NA,NA,NA
"270","MSB:Fish:9007",1990,10,28,"MSB 9007-2","JAR11812F","CW","CW","08-08-2025",NA,57,46,2072,"control","control_1981-1990",35.28086111,-106.5988056,0,0,1,0,0,0,0,0,0,0,0,0,0,NA,0,0,0,0,0,0,0,0,0,NA,NA,NA,NA,NA,NA,NA,NA,NA,NA,NA,NA,NA,NA,NA,NA,NA,NA,NA,NA,NA,NA,NA,NA,NA,NA,NA,NA,NA,NA,NA,NA,NA,NA,NA,NA,NA,NA,NA,NA,NA,NA,NA,NA,NA,NA,NA,NA,NA,NA,NA,NA,NA,NA,NA,NA,NA,NA,NA,NA,NA,NA,NA,NA
"271","MSB:Fish:9015",1990,10,28,"MSB 9015-2","JAR11646F","BP","JG","07-28-2025",NA,60,49,2336,"control","control_1981-1990",35.28302778,-106.5981389,0,0,0,0,0,0,0,NA,0,0,0,0,0,NA,0,0,0,1,0,0,3,0,0,NA,NA,NA,NA,NA,NA,NA,NA,NA,NA,NA,NA,NA,NA,NA,NA,NA,NA,NA,NA,NA,NA,NA,NA,NA,NA,NA,NA,NA,NA,NA,NA,NA,NA,NA,NA,NA,NA,NA,NA,NA,NA,NA,NA,NA,NA,NA,NA,NA,NA,NA,NA,NA,NA,NA,NA,NA,NA,NA,NA,NA,NA,NA,NA
"272","MSB:Fish:9015",1990,10,28,"MSB 9015-5","JAR11643F","JG","CLW","07-28-2025",NA,54,45,1577,"control","control_1981-1990",35.28302778,-106.5981389,0,0,0,0,0,0,0,NA,0,0,0,0,0,NA,0,0,0,0,0,NA,0,0,0,NA,NA,NA,NA,NA,NA,NA,NA,NA,NA,NA,NA,NA,NA,NA,NA,NA,NA,NA,NA,NA,NA,NA,NA,NA,NA,NA,NA,NA,NA,NA,NA,NA,NA,NA,NA,NA,NA,NA,NA,NA,NA,NA,NA,NA,NA,NA,NA,NA,NA,NA,NA,NA,NA,NA,NA,NA,NA,NA,NA,NA,NA,NA,NA
"273","MSB:Fish:9015",1990,10,28,"MSB 9015-4","JAR11699F","JG","GC","07-28-2025",NA,46,38,938,"control","control_1981-1990",35.28302778,-106.5981389,0,0,0,0,0,0,0,NA,0,0,0,0,0,NA,0,0,0,0,0,0,0,2,0,NA,NA,NA,NA,NA,NA,NA,NA,NA,NA,NA,NA,NA,NA,NA,NA,NA,NA,NA,NA,NA,NA,NA,NA,NA,NA,NA,NA,NA,NA,NA,NA,NA,NA,NA,NA,NA,NA,NA,NA,NA,NA,NA,NA,NA,NA,NA,NA,NA,NA,NA,NA,NA,NA,NA,NA,NA,NA,NA,NA,NA,NA,NA,NA
"274","MSB:Fish:9015",1990,10,28,"MSB 9015-3","JAR11651F","BP","GC","07-28-2025",NA,53,43,1447,"control","control_1981-1990",35.28302778,-106.5981389,0,0,0,0,0,0,0,NA,0,0,0,0,0,NA,0,0,0,0,0,0,0,0,0,NA,NA,NA,NA,NA,NA,NA,NA,NA,NA,NA,NA,NA,NA,NA,NA,NA,NA,NA,NA,NA,NA,NA,NA,NA,NA,NA,NA,NA,NA,NA,NA,NA,NA,NA,NA,NA,NA,NA,NA,NA,NA,NA,NA,NA,NA,NA,NA,NA,NA,NA,NA,NA,NA,NA,NA,NA,NA,NA,NA,NA,NA,NA,NA
"275","MSB:Fish:9015",1990,10,28,"MSB 9015-1","JAR11700F","JG","GC","07-28-2025","F",55,44,1804,"control","control_1981-1990",35.28302778,-106.5981389,0,0,0,0,0,0,0,NA,0,0,0,0,0,NA,0,0,0,0,0,NA,0,0,0,NA,NA,NA,NA,NA,NA,NA,NA,NA,NA,NA,NA,NA,NA,NA,NA,NA,NA,NA,NA,NA,NA,NA,NA,NA,NA,NA,NA,NA,NA,NA,NA,NA,NA,NA,NA,NA,NA,NA,NA,NA,NA,NA,NA,NA,NA,NA,NA,NA,NA,NA,NA,NA,NA,NA,NA,NA,NA,NA,NA,NA,NA,NA,NA
"276","MSB:Fish:9023",1990,10,28,"MSB 9023-3","JAR11655F","EO","GC","07-24-2025",NA,45,36,783,"control","control_1981-1990",35.322164,-106.557448,0,0,0,0,0,0,0,NA,0,0,0,0,0,NA,0,0,0,0,0,NA,1,0,0,NA,NA,NA,NA,NA,NA,NA,NA,NA,NA,NA,NA,NA,NA,NA,NA,NA,NA,NA,NA,NA,NA,NA,NA,NA,NA,NA,NA,NA,NA,NA,NA,NA,NA,NA,NA,NA,NA,NA,NA,NA,NA,NA,NA,NA,NA,NA,NA,NA,NA,NA,NA,NA,NA,NA,NA,NA,NA,NA,NA,NA,NA,NA,NA
"277","MSB:Fish:9023",1990,10,28,"MSB 9023-2","JAR11654F","BP","JG GC","07-24-2025","F",43,44,794,"control","control_1981-1990",35.322164,-106.557448,0,0,0,0,0,0,0,NA,0,0,0,0,0,NA,0,0,0,0,0,0,0,0,0,NA,NA,NA,NA,NA,NA,NA,NA,NA,NA,NA,NA,NA,NA,NA,NA,NA,NA,NA,NA,NA,NA,NA,NA,NA,NA,NA,NA,NA,NA,NA,NA,NA,NA,NA,NA,NA,NA,NA,NA,NA,NA,NA,NA,NA,NA,NA,NA,NA,NA,NA,NA,NA,NA,NA,NA,NA,NA,NA,NA,NA,NA,NA,NA
"278","MSB:Fish:9023",1990,10,28,"MSB 9023-4","JAR116532F","BP","BP GC","07-24-2025",NA,39,29,584,"control","control_1981-1990",35.322164,-106.557448,0,0,0,0,0,0,0,NA,0,0,0,0,0,NA,0,0,0,0,0,0,0,0,4,NA,NA,NA,NA,NA,NA,NA,NA,NA,NA,NA,NA,NA,NA,NA,NA,NA,NA,NA,NA,NA,NA,NA,NA,NA,NA,NA,NA,NA,NA,NA,NA,NA,NA,NA,NA,NA,NA,NA,NA,NA,NA,NA,NA,NA,NA,NA,NA,NA,NA,NA,NA,NA,NA,NA,NA,NA,NA,NA,NA,NA,NA,NA,NA
"279","MSB:Fish:9023",1990,10,28,"MSB 9023-1","JAR11649F","EO","EO GC","07-24-2025","F",52,43,1533,"control","control_1981-1990",35.322164,-106.557448,0,0,0,0,0,0,0,NA,0,0,0,0,0,NA,0,0,0,0,0,0,0,0,0,NA,NA,NA,NA,NA,NA,NA,NA,NA,NA,NA,NA,NA,NA,NA,NA,NA,NA,NA,NA,NA,NA,NA,NA,NA,NA,NA,NA,NA,NA,NA,NA,NA,NA,NA,NA,NA,NA,NA,NA,NA,NA,NA,NA,NA,NA,NA,NA,NA,NA,NA,NA,NA,NA,NA,NA,NA,NA,NA,NA,NA,NA,NA,NA
"280","MSB:Fish:9023",1990,10,28,"MSB 9023-5","JAR11653F","EO","JG GC","07-24-2025",NA,39,32,563,"control","control_1981-1990",35.322164,-106.557448,0,0,0,0,0,0,0,NA,0,0,0,0,0,NA,0,0,0,0,0,NA,2,0,0,NA,NA,NA,NA,NA,NA,NA,NA,NA,NA,NA,NA,NA,NA,NA,NA,NA,NA,NA,NA,NA,NA,NA,NA,NA,NA,NA,NA,NA,NA,NA,NA,NA,NA,NA,NA,NA,NA,NA,NA,NA,NA,NA,NA,NA,NA,NA,NA,NA,NA,NA,NA,NA,NA,NA,NA,NA,NA,NA,NA,NA,NA,NA,NA
"281","MSB:Fish:9040",1990,10,29,"MSB 9040-2","JAR11692F","BP","EO GC","07-23-2025",NA,34,27,373,"control","control_1981-1990",35.38033333,-106.4990556,0,0,1,0,0,0,0,NA,0,0,0,0,0,NA,1,0,0,0,0,NA,0,0,0,NA,NA,NA,NA,NA,NA,NA,NA,NA,NA,NA,NA,NA,NA,NA,NA,NA,NA,NA,NA,NA,NA,NA,NA,NA,NA,NA,NA,NA,NA,NA,NA,NA,NA,NA,NA,NA,NA,NA,NA,NA,NA,NA,NA,NA,NA,NA,NA,NA,NA,NA,NA,NA,NA,NA,NA,NA,NA,NA,NA,NA,NA,NA,NA
"282","MSB:Fish:9040",1990,10,29,"MSB 9040-1","JAR11693F","EO","GC","07-23-2025",NA,50,41,1104,"control","control_1981-1990",35.38033333,-106.4990556,0,0,0,0,1,0,0,NA,0,0,0,0,0,NA,0,0,0,0,0,0,0,0,0,NA,NA,NA,NA,NA,NA,NA,NA,NA,NA,NA,NA,NA,NA,NA,NA,NA,NA,NA,NA,NA,NA,NA,NA,NA,NA,NA,NA,NA,NA,NA,NA,NA,NA,NA,NA,NA,NA,NA,NA,NA,NA,NA,NA,NA,NA,NA,NA,NA,NA,NA,NA,NA,NA,NA,NA,NA,NA,NA,NA,NA,NA,NA,NA
"283","MSB:Fish:9040",1990,10,29,"MSB 9040-3","JAR11691F","EO","GC","07-23-2025",NA,48,39,1043,"control","control_1981-1990",35.38033333,-106.4990556,0,0,7,0,0,0,0,NA,0,0,0,0,0,NA,0,0,0,0,0,0,0,0,0,NA,NA,NA,NA,NA,NA,NA,NA,NA,NA,NA,NA,NA,NA,NA,NA,NA,NA,NA,NA,NA,NA,NA,NA,NA,NA,NA,NA,NA,NA,NA,NA,NA,NA,NA,NA,NA,NA,NA,NA,NA,NA,NA,NA,NA,NA,NA,NA,NA,NA,NA,NA,NA,NA,NA,NA,NA,NA,NA,NA,NA,NA,NA,NA
"284","MSB:Fish:9040",1990,10,29,"MSB 9040-5","JAR11689F","BP","JG GC","07-23-2025",NA,34,27,382,"control","control_1981-1990",35.38033333,-106.4990556,0,0,6,0,0,0,0,NA,0,0,0,0,0,NA,2,0,0,0,0,NA,0,0,0,NA,NA,NA,NA,NA,NA,NA,NA,NA,NA,NA,NA,NA,NA,NA,NA,NA,NA,NA,NA,NA,NA,NA,NA,NA,NA,NA,NA,NA,NA,NA,NA,NA,NA,NA,NA,NA,NA,NA,NA,NA,NA,NA,NA,NA,NA,NA,NA,NA,NA,NA,NA,NA,NA,NA,NA,NA,NA,NA,NA,NA,NA,NA,NA
"285","MSB:Fish:9040",1990,10,29,"MSB 9040-4","JAR11690F","EO","EO GC","07-23-2025","F",50,41,1262,"control","control_1981-1990",35.38033333,-106.4990556,0,0,6,0,0,0,0,NA,0,0,0,0,0,NA,0,0,0,0,0,0,0,0,0,NA,NA,NA,NA,NA,NA,NA,NA,NA,NA,NA,NA,NA,NA,NA,NA,NA,NA,NA,NA,NA,NA,NA,NA,NA,NA,NA,NA,NA,NA,NA,NA,NA,NA,NA,NA,NA,NA,NA,NA,NA,NA,NA,NA,NA,NA,NA,NA,NA,NA,NA,NA,NA,NA,NA,NA,NA,NA,NA,NA,NA,NA,NA,NA
"286","MSB:Fish:1078",NA,NA,NA,NA,NA,NA,NA,NA,NA,NA,NA,NA,NA,NA,NA,NA,NA,NA,NA,NA,NA,NA,NA,NA,NA,NA,NA,NA,NA,NA,NA,NA,NA,NA,NA,NA,NA,NA,NA,1939,1,30,"MSB 1078-1","JAR11299F","BP","JG","07-14-2025","F",40,31,647,"impact","impact_1931-1940",35.087167,-106.682164,0,0,0,2,0,0,0,0,0,0,0,0,0,"0",0,NA,NA,NA,NA,NA,NA,NA,NA,NA,NA,NA,NA,NA,NA,NA,NA,NA,NA,NA,NA,NA,NA,NA,NA,NA,NA,NA,NA,NA,NA,NA,NA,NA
"287","MSB:Fish:1078",NA,NA,NA,NA,NA,NA,NA,NA,NA,NA,NA,NA,NA,NA,NA,NA,NA,NA,NA,NA,NA,NA,NA,NA,NA,NA,NA,NA,NA,NA,NA,NA,NA,NA,NA,NA,NA,NA,NA,1939,1,30,"MSB 1078-2","JAR11302F","JG","KL","07-14-2025",NA,41,32,699,"impact","impact_1931-1940",35.087167,-106.682164,0,0,0,0,0,0,0,0,0,0,0,0,0,"0",0,NA,NA,NA,NA,NA,NA,NA,NA,NA,NA,NA,NA,NA,NA,NA,NA,NA,NA,NA,NA,NA,NA,NA,NA,NA,NA,NA,NA,NA,NA,NA,NA,NA
"288","MSB:Fish:1078",NA,NA,NA,NA,NA,NA,NA,NA,NA,NA,NA,NA,NA,NA,NA,NA,NA,NA,NA,NA,NA,NA,NA,NA,NA,NA,NA,NA,NA,NA,NA,NA,NA,NA,NA,NA,NA,NA,NA,1939,1,30,"MSB 1078-3","JAR11305F","BP","KL","07-14-2025",NA,43,35,798,"impact","impact_1931-1940",35.087167,-106.682164,0,0,0,0,0,0,0,0,0,0,0,0,0,"0",0,NA,NA,NA,NA,NA,NA,NA,NA,NA,NA,NA,NA,NA,NA,NA,NA,NA,NA,NA,NA,NA,NA,NA,NA,NA,NA,NA,NA,NA,NA,NA,NA,NA
"289","MSB:Fish:1078",NA,NA,NA,NA,NA,NA,NA,NA,NA,NA,NA,NA,NA,NA,NA,NA,NA,NA,NA,NA,NA,NA,NA,NA,NA,NA,NA,NA,NA,NA,NA,NA,NA,NA,NA,NA,NA,NA,NA,1939,1,30,"MSB 1078-4","JAR11320F","JG","GC","07-14-2025","F",43,37,1027,"impact","impact_1931-1940",35.087167,-106.682164,0,0,0,0,0,0,0,0,0,0,0,0,0,"0",0,NA,NA,NA,NA,NA,NA,NA,NA,NA,NA,NA,NA,NA,NA,NA,NA,NA,NA,NA,NA,NA,NA,NA,NA,NA,NA,NA,NA,NA,NA,NA,NA,NA
"290","MSB:Fish:1078",NA,NA,NA,NA,NA,NA,NA,NA,NA,NA,NA,NA,NA,NA,NA,NA,NA,NA,NA,NA,NA,NA,NA,NA,NA,NA,NA,NA,NA,NA,NA,NA,NA,NA,NA,NA,NA,NA,NA,1939,1,30,"MSB 1078-5","JAR11308F","BP","KL","07-14-2025",NA,39,29,627,"impact","impact_1931-1940",35.087167,-106.682164,0,0,0,0,0,0,0,0,0,0,0,0,0,NA,0,NA,NA,NA,NA,NA,NA,NA,NA,NA,NA,NA,NA,NA,NA,NA,NA,NA,NA,NA,NA,NA,NA,NA,NA,NA,NA,NA,NA,NA,NA,NA,NA,NA
"291","MSB:Fish:1079",NA,NA,NA,NA,NA,NA,NA,NA,NA,NA,NA,NA,NA,NA,NA,NA,NA,NA,NA,NA,NA,NA,NA,NA,NA,NA,NA,NA,NA,NA,NA,NA,NA,NA,NA,NA,NA,NA,NA,1941,9,14,"MSB 1079-5","JAR11311F","JG","KL","07-14-2025",NA,37,29,441,"impact","impact_1941-1950",35.096748,-106.692027,0,0,0,0,0,0,0,0,0,0,0,0,0,"0",0,NA,NA,NA,NA,NA,NA,NA,NA,NA,NA,NA,NA,NA,NA,NA,NA,NA,NA,NA,NA,NA,NA,NA,NA,NA,NA,NA,NA,NA,NA,NA,NA,NA
"292","MSB:Fish:1079",NA,NA,NA,NA,NA,NA,NA,NA,NA,NA,NA,NA,NA,NA,NA,NA,NA,NA,NA,NA,NA,NA,NA,NA,NA,NA,NA,NA,NA,NA,NA,NA,NA,NA,NA,NA,NA,NA,NA,1941,9,14,"MSB 1079-3","JAR11332F","BP","GC","07-14-2025","F",33,25,457,"impact","impact_1941-1950",35.096748,-106.692027,0,0,0,0,0,0,0,0,0,0,0,0,0,"0",0,NA,NA,NA,NA,NA,NA,NA,NA,NA,NA,NA,NA,NA,NA,NA,NA,NA,NA,NA,NA,NA,NA,NA,NA,NA,NA,NA,NA,NA,NA,NA,NA,NA
"293","MSB:Fish:1079",NA,NA,NA,NA,NA,NA,NA,NA,NA,NA,NA,NA,NA,NA,NA,NA,NA,NA,NA,NA,NA,NA,NA,NA,NA,NA,NA,NA,NA,NA,NA,NA,NA,NA,NA,NA,NA,NA,NA,1941,9,14,"MSB 1079-1","JAR11334F","BP","GC","07-14-2025",NA,29,24,231,"impact","impact_1941-1950",35.096748,-106.692027,0,0,0,0,0,0,0,0,0,0,0,0,0,"0",0,NA,NA,NA,NA,NA,NA,NA,NA,NA,NA,NA,NA,NA,NA,NA,NA,NA,NA,NA,NA,NA,NA,NA,NA,NA,NA,NA,NA,NA,NA,NA,NA,NA
"294","MSB:Fish:1079",NA,NA,NA,NA,NA,NA,NA,NA,NA,NA,NA,NA,NA,NA,NA,NA,NA,NA,NA,NA,NA,NA,NA,NA,NA,NA,NA,NA,NA,NA,NA,NA,NA,NA,NA,NA,NA,NA,NA,1941,9,14,"MSB 1079-2","JAR11331F","JG","KL","07-14-2025",NA,35,29,447,"impact","impact_1941-1950",35.096748,-106.692027,0,0,0,0,0,0,0,0,0,0,0,0,0,NA,0,NA,NA,NA,NA,NA,NA,NA,NA,NA,NA,NA,NA,NA,NA,NA,NA,NA,NA,NA,NA,NA,NA,NA,NA,NA,NA,NA,NA,NA,NA,NA,NA,NA
"295","MSB:Fish:1079",NA,NA,NA,NA,NA,NA,NA,NA,NA,NA,NA,NA,NA,NA,NA,NA,NA,NA,NA,NA,NA,NA,NA,NA,NA,NA,NA,NA,NA,NA,NA,NA,NA,NA,NA,NA,NA,NA,NA,1941,9,14,"MSB 1079-4","JAR11333F","BP","GC","07-14-2025","F",44,33,754,"impact","impact_1941-1950",35.096748,-106.692027,0,0,0,0,0,0,0,0,0,0,0,0,0,NA,0,NA,NA,NA,NA,NA,NA,NA,NA,NA,NA,NA,NA,NA,NA,NA,NA,NA,NA,NA,NA,NA,NA,NA,NA,NA,NA,NA,NA,NA,NA,NA,NA,NA
"296","MSB:Fish:1081",NA,NA,NA,NA,NA,NA,NA,NA,NA,NA,NA,NA,NA,NA,NA,NA,NA,NA,NA,NA,NA,NA,NA,NA,NA,NA,NA,NA,NA,NA,NA,NA,NA,NA,NA,NA,NA,NA,NA,1939,3,17,"MSB 1081-5","JAR8835F","BP","EO","07-08-2025","F",28,22,226,"impact","impact_1931-1940",35.072363,-106.668064,0,0,0,2,0,0,0,0,0,0,0,0,0,"0",0,NA,NA,NA,NA,NA,NA,NA,NA,NA,NA,NA,NA,NA,NA,NA,NA,NA,NA,NA,NA,NA,NA,NA,NA,NA,NA,NA,NA,NA,NA,NA,NA,NA
"297","MSB:Fish:1081",NA,NA,NA,NA,NA,NA,NA,NA,NA,NA,NA,NA,NA,NA,NA,NA,NA,NA,NA,NA,NA,NA,NA,NA,NA,NA,NA,NA,NA,NA,NA,NA,NA,NA,NA,NA,NA,NA,NA,1939,3,17,"MSB 1081-4","JAR8832F","JG","KL","07-08-2025","F",27,22,188,"impact","impact_1931-1940",35.072363,-106.668064,0,0,0,2,0,0,0,0,0,0,0,0,0,NA,0,NA,NA,NA,NA,NA,NA,NA,NA,NA,NA,NA,NA,NA,NA,NA,NA,NA,NA,NA,NA,NA,NA,NA,NA,NA,NA,NA,NA,NA,NA,NA,NA,NA
"298","MSB:Fish:1081",NA,NA,NA,NA,NA,NA,NA,NA,NA,NA,NA,NA,NA,NA,NA,NA,NA,NA,NA,NA,NA,NA,NA,NA,NA,NA,NA,NA,NA,NA,NA,NA,NA,NA,NA,NA,NA,NA,NA,1939,3,17,"MSB 1081-2","JAR8836","JG","BP","07-08-2025",NA,29,24,239,"impact","impact_1931-1940",35.072363,-106.668064,0,0,0,0,0,0,0,0,0,0,0,0,0,"0",0,NA,NA,NA,NA,NA,NA,NA,NA,NA,NA,NA,NA,NA,NA,NA,NA,NA,NA,NA,NA,NA,NA,NA,NA,NA,NA,NA,NA,NA,NA,NA,NA,NA
"299","MSB:Fish:1081",NA,NA,NA,NA,NA,NA,NA,NA,NA,NA,NA,NA,NA,NA,NA,NA,NA,NA,NA,NA,NA,NA,NA,NA,NA,NA,NA,NA,NA,NA,NA,NA,NA,NA,NA,NA,NA,NA,NA,1939,3,17,"MSB 1081-1","JAR8837F","BP","BP","07-08-2025","F",43,33,868,"impact","impact_1931-1940",35.072363,-106.668064,0,0,0,8,0,0,0,0,0,0,0,0,0,"0",0,NA,NA,NA,NA,NA,NA,NA,NA,NA,NA,NA,NA,NA,NA,NA,NA,NA,NA,NA,NA,NA,NA,NA,NA,NA,NA,NA,NA,NA,NA,NA,NA,NA
"300","MSB:Fish:1081",NA,NA,NA,NA,NA,NA,NA,NA,NA,NA,NA,NA,NA,NA,NA,NA,NA,NA,NA,NA,NA,NA,NA,NA,NA,NA,NA,NA,NA,NA,NA,NA,NA,NA,NA,NA,NA,NA,NA,1939,3,17,"MSB 1081-3","JAR8834F","BP","JG","07-08-2025",NA,27,21,176,"impact","impact_1931-1940",35.072363,-106.668064,0,0,0,4,0,0,0,0,0,0,0,0,0,"0",0,NA,NA,NA,NA,NA,NA,NA,NA,NA,NA,NA,NA,NA,NA,NA,NA,NA,NA,NA,NA,NA,NA,NA,NA,NA,NA,NA,NA,NA,NA,NA,NA,NA
"301","MSB:Fish:1082",NA,NA,NA,NA,NA,NA,NA,NA,NA,NA,NA,NA,NA,NA,NA,NA,NA,NA,NA,NA,NA,NA,NA,NA,NA,NA,NA,NA,NA,NA,NA,NA,NA,NA,NA,NA,NA,NA,NA,1938,10,18,"MSB 1082-1","JAR8930F","BP","EO","07-09-2025","F",41,32,722,"impact","impact_1931-1940",35.100259,-106.692107,0,0,0,10,0,0,0,0,0,0,0,0,0,"0",0,NA,NA,NA,NA,NA,NA,NA,NA,NA,NA,NA,NA,NA,NA,NA,NA,NA,NA,NA,NA,NA,NA,NA,NA,NA,NA,NA,NA,NA,NA,NA,NA,NA
"302","MSB:Fish:1082",NA,NA,NA,NA,NA,NA,NA,NA,NA,NA,NA,NA,NA,NA,NA,NA,NA,NA,NA,NA,NA,NA,NA,NA,NA,NA,NA,NA,NA,NA,NA,NA,NA,NA,NA,NA,NA,NA,NA,1938,10,18,"MSB 1082-4","JAR8934F","BP","BP","07-09-2025",NA,31,24,264,"impact","impact_1931-1940",35.100259,-106.692107,0,0,0,0,0,0,0,0,0,0,0,0,0,"0",0,NA,NA,NA,NA,NA,NA,NA,NA,NA,NA,NA,NA,NA,NA,NA,NA,NA,NA,NA,NA,NA,NA,NA,NA,NA,NA,NA,NA,NA,NA,NA,NA,NA
"303","MSB:Fish:1082",NA,NA,NA,NA,NA,NA,NA,NA,NA,NA,NA,NA,NA,NA,NA,NA,NA,NA,NA,NA,NA,NA,NA,NA,NA,NA,NA,NA,NA,NA,NA,NA,NA,NA,NA,NA,NA,NA,NA,1938,10,18,"MSB 1082-2","JAR8928F","EO","GC","07-09-2025","F",40,33,627,"impact","impact_1931-1940",35.100259,-106.692107,0,0,0,10,0,0,0,0,0,0,0,0,0,"0",0,NA,NA,NA,NA,NA,NA,NA,NA,NA,NA,NA,NA,NA,NA,NA,NA,NA,NA,NA,NA,NA,NA,NA,NA,NA,NA,NA,NA,NA,NA,NA,NA,NA
"304","MSB:Fish:1082",NA,NA,NA,NA,NA,NA,NA,NA,NA,NA,NA,NA,NA,NA,NA,NA,NA,NA,NA,NA,NA,NA,NA,NA,NA,NA,NA,NA,NA,NA,NA,NA,NA,NA,NA,NA,NA,NA,NA,1938,10,18,"MSB 1082-5","JAR8927F","EO","KL","07-09-2025",NA,25,21,140,"impact","impact_1931-1940",35.100259,-106.692107,0,0,0,0,0,0,0,0,0,0,0,0,0,NA,0,NA,NA,NA,NA,NA,NA,NA,NA,NA,NA,NA,NA,NA,NA,NA,NA,NA,NA,NA,NA,NA,NA,NA,NA,NA,NA,NA,NA,NA,NA,NA,NA,NA
"305","MSB:Fish:1082",NA,NA,NA,NA,NA,NA,NA,NA,NA,NA,NA,NA,NA,NA,NA,NA,NA,NA,NA,NA,NA,NA,NA,NA,NA,NA,NA,NA,NA,NA,NA,NA,NA,NA,NA,NA,NA,NA,NA,1938,10,18,"MSB 1082-3","JAR8929F","EO","KL","07-09-2025","F",34,28,397,"impact","impact_1931-1940",35.100259,-106.692107,0,0,0,0,10,0,0,0,0,0,0,0,0,NA,0,NA,NA,NA,NA,NA,NA,NA,NA,NA,NA,NA,NA,NA,NA,NA,NA,NA,NA,NA,NA,NA,NA,NA,NA,NA,NA,NA,NA,NA,NA,NA,NA,NA
"306","MSB:Fish:1085",NA,NA,NA,NA,NA,NA,NA,NA,NA,NA,NA,NA,NA,NA,NA,NA,NA,NA,NA,NA,NA,NA,NA,NA,NA,NA,NA,NA,NA,NA,NA,NA,NA,NA,NA,NA,NA,NA,NA,1939,5,13,"MSB 1085-5","JAR8935F","JG","GC","07-10-2025","F",50,39,1499,"impact","impact_1931-1940",35.192334,-106.619678,0,0,0,2,0,0,0,0,0,0,0,0,0,"0",0,NA,NA,NA,NA,NA,NA,NA,NA,NA,NA,NA,NA,NA,NA,NA,NA,NA,NA,NA,NA,NA,NA,NA,NA,NA,NA,NA,NA,NA,NA,NA,NA,NA
"307","MSB:Fish:1085",NA,NA,NA,NA,NA,NA,NA,NA,NA,NA,NA,NA,NA,NA,NA,NA,NA,NA,NA,NA,NA,NA,NA,NA,NA,NA,NA,NA,NA,NA,NA,NA,NA,NA,NA,NA,NA,NA,NA,1939,5,13,"MSB 1085-4","JAR8941F","JG","KL","07-10-2025","F",44,36,1060,"impact","impact_1931-1940",35.192334,-106.619678,0,0,0,0,0,0,0,0,0,0,0,0,0,NA,0,NA,NA,NA,NA,NA,NA,NA,NA,NA,NA,NA,NA,NA,NA,NA,NA,NA,NA,NA,NA,NA,NA,NA,NA,NA,NA,NA,NA,NA,NA,NA,NA,NA
"308","MSB:Fish:1085",NA,NA,NA,NA,NA,NA,NA,NA,NA,NA,NA,NA,NA,NA,NA,NA,NA,NA,NA,NA,NA,NA,NA,NA,NA,NA,NA,NA,NA,NA,NA,NA,NA,NA,NA,NA,NA,NA,NA,1939,5,13,"MSB 1085-1","JAR8932F","JG","KL","07-10-2025","F",41,33,809,"impact","impact_1931-1940",35.192334,-106.619678,0,0,0,0,0,0,0,0,0,0,0,0,0,NA,0,NA,NA,NA,NA,NA,NA,NA,NA,NA,NA,NA,NA,NA,NA,NA,NA,NA,NA,NA,NA,NA,NA,NA,NA,NA,NA,NA,NA,NA,NA,NA,NA,NA
"309","MSB:Fish:1085",NA,NA,NA,NA,NA,NA,NA,NA,NA,NA,NA,NA,NA,NA,NA,NA,NA,NA,NA,NA,NA,NA,NA,NA,NA,NA,NA,NA,NA,NA,NA,NA,NA,NA,NA,NA,NA,NA,NA,1939,5,13,"MSB 1085-3","JAR8939F","JG","KL","07-10-2025","F",42,34,861,"impact","impact_1931-1940",35.192334,-106.619678,0,0,0,0,0,0,0,0,0,0,0,0,0,"0",0,NA,NA,NA,NA,NA,NA,NA,NA,NA,NA,NA,NA,NA,NA,NA,NA,NA,NA,NA,NA,NA,NA,NA,NA,NA,NA,NA,NA,NA,NA,NA,NA,NA
"310","MSB:Fish:1085",NA,NA,NA,NA,NA,NA,NA,NA,NA,NA,NA,NA,NA,NA,NA,NA,NA,NA,NA,NA,NA,NA,NA,NA,NA,NA,NA,NA,NA,NA,NA,NA,NA,NA,NA,NA,NA,NA,NA,1939,5,13,"MSB 1085-2","JAR8937F","JG","GC","07-10-2025","M",26,21,147,"impact","impact_1931-1940",35.192334,-106.619678,0,0,0,0,0,0,0,0,0,0,0,0,0,NA,0,NA,NA,NA,NA,NA,NA,NA,NA,NA,NA,NA,NA,NA,NA,NA,NA,NA,NA,NA,NA,NA,NA,NA,NA,NA,NA,NA,NA,NA,NA,NA,NA,NA
"311","MSB:Fish:1086",NA,NA,NA,NA,NA,NA,NA,NA,NA,NA,NA,NA,NA,NA,NA,NA,NA,NA,NA,NA,NA,NA,NA,NA,NA,NA,NA,NA,NA,NA,NA,NA,NA,NA,NA,NA,NA,NA,NA,1939,4,22,"MSB 1086-2","JAR8900F","BP","GC","07-07-2025","F",45,36,994,"impact","impact_1931-1940",35.173111,-106.626066,0,0,0,0,0,0,0,0,0,0,0,0,0,"0",0,NA,NA,NA,NA,NA,NA,NA,NA,NA,NA,NA,NA,NA,NA,NA,NA,NA,NA,NA,NA,NA,NA,NA,NA,NA,NA,NA,NA,NA,NA,NA,NA,NA
"312","MSB:Fish:1086",NA,NA,NA,NA,NA,NA,NA,NA,NA,NA,NA,NA,NA,NA,NA,NA,NA,NA,NA,NA,NA,NA,NA,NA,NA,NA,NA,NA,NA,NA,NA,NA,NA,NA,NA,NA,NA,NA,NA,1939,4,22,"MSB 1086-5","JAR8792F","JG","GC","07-07-2025","F",46,35,1207,"impact","impact_1931-1940",35.173111,-106.626066,0,0,0,2,0,0,0,0,0,0,0,0,0,NA,0,NA,NA,NA,NA,NA,NA,NA,NA,NA,NA,NA,NA,NA,NA,NA,NA,NA,NA,NA,NA,NA,NA,NA,NA,NA,NA,NA,NA,NA,NA,NA,NA,NA
"313","MSB:Fish:1086",NA,NA,NA,NA,NA,NA,NA,NA,NA,NA,NA,NA,NA,NA,NA,NA,NA,NA,NA,NA,NA,NA,NA,NA,NA,NA,NA,NA,NA,NA,NA,NA,NA,NA,NA,NA,NA,NA,NA,1939,4,22,"MSB1086-4","JAR8791F","BP","KL","07-07-2025","F",39,30,752,"impact","impact_1931-1940",35.173111,-106.626066,0,0,0,2,0,0,0,0,0,0,0,0,0,"0",0,NA,NA,NA,NA,NA,NA,NA,NA,NA,NA,NA,NA,NA,NA,NA,NA,NA,NA,NA,NA,NA,NA,NA,NA,NA,NA,NA,NA,NA,NA,NA,NA,NA
"314","MSB:Fish:1086",NA,NA,NA,NA,NA,NA,NA,NA,NA,NA,NA,NA,NA,NA,NA,NA,NA,NA,NA,NA,NA,NA,NA,NA,NA,NA,NA,NA,NA,NA,NA,NA,NA,NA,NA,NA,NA,NA,NA,1939,4,22,"MSB 1086-1","JAR8898F","BP","KL","07-07-2025","F",47,37,1182,"impact","impact_1931-1940",35.173111,-106.626066,0,0,0,6,0,0,0,0,0,0,0,0,0,"0",0,NA,NA,NA,NA,NA,NA,NA,NA,NA,NA,NA,NA,NA,NA,NA,NA,NA,NA,NA,NA,NA,NA,NA,NA,NA,NA,NA,NA,NA,NA,NA,NA,NA
"315","MSB:Fish:1086",NA,NA,NA,NA,NA,NA,NA,NA,NA,NA,NA,NA,NA,NA,NA,NA,NA,NA,NA,NA,NA,NA,NA,NA,NA,NA,NA,NA,NA,NA,NA,NA,NA,NA,NA,NA,NA,NA,NA,1939,4,22,"MSB 1086-3","JAR8902F","BP","KL","07-07-2025",NA,42,35,1023,"impact","impact_1931-1940",35.173111,-106.626066,0,0,0,0,0,0,0,0,0,0,0,0,0,"0",0,NA,NA,NA,NA,NA,NA,NA,NA,NA,NA,NA,NA,NA,NA,NA,NA,NA,NA,NA,NA,NA,NA,NA,NA,NA,NA,NA,NA,NA,NA,NA,NA,NA
"316","MSB:Fish:1089",NA,NA,NA,NA,NA,NA,NA,NA,NA,NA,NA,NA,NA,NA,NA,NA,NA,NA,NA,NA,NA,NA,NA,NA,NA,NA,NA,NA,NA,NA,NA,NA,NA,NA,NA,NA,NA,NA,NA,1939,1,24,"MSB 1089-3","JAR11117F","BP","GC","07-16-2025","F",38,29,552,"impact","impact_1931-1940",35.087167,-106.682164,0,0,0,4,0,0,0,0,0,0,0,0,0,"0",0,NA,NA,NA,NA,NA,NA,NA,NA,NA,NA,NA,NA,NA,NA,NA,NA,NA,NA,NA,NA,NA,NA,NA,NA,NA,NA,NA,NA,NA,NA,NA,NA,NA
"317","MSB:Fish:1089",NA,NA,NA,NA,NA,NA,NA,NA,NA,NA,NA,NA,NA,NA,NA,NA,NA,NA,NA,NA,NA,NA,NA,NA,NA,NA,NA,NA,NA,NA,NA,NA,NA,NA,NA,NA,NA,NA,NA,1939,1,24,"MSB 1089-5","JAR11111F","BP","KL","07-16-2025",NA,35,28,476,"impact","impact_1931-1940",35.087167,-106.682164,0,0,0,4,0,0,0,0,0,0,0,0,0,"0",0,NA,NA,NA,NA,NA,NA,NA,NA,NA,NA,NA,NA,NA,NA,NA,NA,NA,NA,NA,NA,NA,NA,NA,NA,NA,NA,NA,NA,NA,NA,NA,NA,NA
"318","MSB:Fish:1089",NA,NA,NA,NA,NA,NA,NA,NA,NA,NA,NA,NA,NA,NA,NA,NA,NA,NA,NA,NA,NA,NA,NA,NA,NA,NA,NA,NA,NA,NA,NA,NA,NA,NA,NA,NA,NA,NA,NA,1939,1,24,"MSB 1089-1","JAR11112F","BP","KL","07-16-2025","F",40,33,666,"impact","impact_1931-1940",35.087167,-106.682164,0,0,0,2,4,0,0,0,0,0,0,0,0,"0",0,NA,NA,NA,NA,NA,NA,NA,NA,NA,NA,NA,NA,NA,NA,NA,NA,NA,NA,NA,NA,NA,NA,NA,NA,NA,NA,NA,NA,NA,NA,NA,NA,NA
"319","MSB:Fish:1089",NA,NA,NA,NA,NA,NA,NA,NA,NA,NA,NA,NA,NA,NA,NA,NA,NA,NA,NA,NA,NA,NA,NA,NA,NA,NA,NA,NA,NA,NA,NA,NA,NA,NA,NA,NA,NA,NA,NA,1939,1,24,"MSB 1089-4","JAR11114F","BP","KL","07-16-2025","F",40,33,741,"impact","impact_1931-1940",35.087167,-106.682164,0,0,0,0,0,2,0,0,0,0,0,0,0,"0",0,NA,NA,NA,NA,NA,NA,NA,NA,NA,NA,NA,NA,NA,NA,NA,NA,NA,NA,NA,NA,NA,NA,NA,NA,NA,NA,NA,NA,NA,NA,NA,NA,NA
"320","MSB:Fish:1089",NA,NA,NA,NA,NA,NA,NA,NA,NA,NA,NA,NA,NA,NA,NA,NA,NA,NA,NA,NA,NA,NA,NA,NA,NA,NA,NA,NA,NA,NA,NA,NA,NA,NA,NA,NA,NA,NA,NA,1939,1,24,"MSB 1089-2","JAR11109F","BP","GC","07-16-2025",NA,38,30,571,"impact","impact_1931-1940",35.087167,-106.682164,0,0,0,4,0,0,0,0,0,0,0,0,0,"0",0,NA,NA,NA,NA,NA,NA,NA,NA,NA,NA,NA,NA,NA,NA,NA,NA,NA,NA,NA,NA,NA,NA,NA,NA,NA,NA,NA,NA,NA,NA,NA,NA,NA
"321","MSB:Fish:10898",NA,NA,NA,NA,NA,NA,NA,NA,NA,NA,NA,NA,NA,NA,NA,NA,NA,NA,NA,NA,NA,NA,NA,NA,NA,NA,NA,NA,NA,NA,NA,NA,NA,NA,NA,NA,NA,NA,NA,1992,7,9,"MSB 10898-5","JAR11023F","KL","KL","07-28-2025",NA,25,20,139,"control","control_1991-2000",35.211277,-106.611666,0,0,0,0,0,0,0,0,0,0,0,0,0,"0",0,NA,NA,NA,NA,NA,NA,NA,NA,NA,NA,NA,NA,NA,NA,NA,NA,NA,NA,NA,NA,NA,NA,NA,NA,NA,NA,NA,NA,NA,NA,NA,NA,NA
"322","MSB:Fish:10898",NA,NA,NA,NA,NA,NA,NA,NA,NA,NA,NA,NA,NA,NA,NA,NA,NA,NA,NA,NA,NA,NA,NA,NA,NA,NA,NA,NA,NA,NA,NA,NA,NA,NA,NA,NA,NA,NA,NA,1992,7,9,"MSB 10898-4","JAR11046F","KL","KL","07-28-2025","F",31,25,309,"control","control_1991-2000",35.211277,-106.611666,0,0,0,0,0,0,0,0,0,0,0,0,0,NA,0,NA,NA,NA,NA,NA,NA,NA,NA,NA,NA,NA,NA,NA,NA,NA,NA,NA,NA,NA,NA,NA,NA,NA,NA,NA,NA,NA,NA,NA,NA,NA,NA,NA
"323","MSB:Fish:10898",NA,NA,NA,NA,NA,NA,NA,NA,NA,NA,NA,NA,NA,NA,NA,NA,NA,NA,NA,NA,NA,NA,NA,NA,NA,NA,NA,NA,NA,NA,NA,NA,NA,NA,NA,NA,NA,NA,NA,1992,7,9,"MSB 10898-3","JAR11040F","KL","KL","07-28-2025","F",24,19,123,"control","control_1991-2000",35.211277,-106.611666,0,0,0,0,0,0,0,0,0,0,0,0,0,NA,0,NA,NA,NA,NA,NA,NA,NA,NA,NA,NA,NA,NA,NA,NA,NA,NA,NA,NA,NA,NA,NA,NA,NA,NA,NA,NA,NA,NA,NA,NA,NA,NA,NA
"324","MSB:Fish:10898",NA,NA,NA,NA,NA,NA,NA,NA,NA,NA,NA,NA,NA,NA,NA,NA,NA,NA,NA,NA,NA,NA,NA,NA,NA,NA,NA,NA,NA,NA,NA,NA,NA,NA,NA,NA,NA,NA,NA,1992,7,9,"MSB 10898-2","JAR11038F","KL","KL","07-28-2025","M",26,21,118,"control","control_1991-2000",35.211277,-106.611666,0,0,0,0,0,0,0,0,0,0,0,0,0,NA,0,NA,NA,NA,NA,NA,NA,NA,NA,NA,NA,NA,NA,NA,NA,NA,NA,NA,NA,NA,NA,NA,NA,NA,NA,NA,NA,NA,NA,NA,NA,NA,NA,NA
"325","MSB:Fish:10898",NA,NA,NA,NA,NA,NA,NA,NA,NA,NA,NA,NA,NA,NA,NA,NA,NA,NA,NA,NA,NA,NA,NA,NA,NA,NA,NA,NA,NA,NA,NA,NA,NA,NA,NA,NA,NA,NA,NA,1992,7,9,"MSB 10898-1","JAR11039F","KL","KL","07-28-2025","M",22,18,90,"control","control_1991-2000",35.211277,-106.611666,0,0,0,0,2,0,0,0,0,0,0,0,0,NA,0,NA,NA,NA,NA,NA,NA,NA,NA,NA,NA,NA,NA,NA,NA,NA,NA,NA,NA,NA,NA,NA,NA,NA,NA,NA,NA,NA,NA,NA,NA,NA,NA,NA
"326","MSB:Fish:1090",NA,NA,NA,NA,NA,NA,NA,NA,NA,NA,NA,NA,NA,NA,NA,NA,NA,NA,NA,NA,NA,NA,NA,NA,NA,NA,NA,NA,NA,NA,NA,NA,NA,NA,NA,NA,NA,NA,NA,1939,6,9,"MSB 1090-4","JAR11354F","BP","GC","07-10-2025","M",25,19,132,"impact","impact_1931-1940",34.906619,-106.685289,0,0,0,14,0,0,0,0,0,0,0,0,0,NA,0,NA,NA,NA,NA,NA,NA,NA,NA,NA,NA,NA,NA,NA,NA,NA,NA,NA,NA,NA,NA,NA,NA,NA,NA,NA,NA,NA,NA,NA,NA,NA,NA,NA
"327","MSB:Fish:1090",NA,NA,NA,NA,NA,NA,NA,NA,NA,NA,NA,NA,NA,NA,NA,NA,NA,NA,NA,NA,NA,NA,NA,NA,NA,NA,NA,NA,NA,NA,NA,NA,NA,NA,NA,NA,NA,NA,NA,1939,6,9,"MSB 1090-2","JAR11351F","BP","JG","07-10-2025","F",37,30,670,"impact","impact_1931-1940",34.906619,-106.685289,0,0,0,8,0,0,0,0,0,0,0,0,0,NA,0,NA,NA,NA,NA,NA,NA,NA,NA,NA,NA,NA,NA,NA,NA,NA,NA,NA,NA,NA,NA,NA,NA,NA,NA,NA,NA,NA,NA,NA,NA,NA,NA,NA
"328","MSB:Fish:1090",NA,NA,NA,NA,NA,NA,NA,NA,NA,NA,NA,NA,NA,NA,NA,NA,NA,NA,NA,NA,NA,NA,NA,NA,NA,NA,NA,NA,NA,NA,NA,NA,NA,NA,NA,NA,NA,NA,NA,1939,6,9,"MSB 1090-5","JAR11349F","BP","KL","07-10-2025","F",29,24,323,"impact","impact_1931-1940",34.906619,-106.685289,0,0,0,12,0,0,0,0,0,0,0,0,0,NA,0,NA,NA,NA,NA,NA,NA,NA,NA,NA,NA,NA,NA,NA,NA,NA,NA,NA,NA,NA,NA,NA,NA,NA,NA,NA,NA,NA,NA,NA,NA,NA,NA,NA
"329","MSB:Fish:1090",NA,NA,NA,NA,NA,NA,NA,NA,NA,NA,NA,NA,NA,NA,NA,NA,NA,NA,NA,NA,NA,NA,NA,NA,NA,NA,NA,NA,NA,NA,NA,NA,NA,NA,NA,NA,NA,NA,NA,1939,6,9,"MSB 1090-3","JAR11357F","BP","EO","07-10-2025","F",33,25,483,"impact","impact_1931-1940",34.906619,-106.685289,0,0,0,6,0,0,0,0,0,0,0,0,0,NA,0,NA,NA,NA,NA,NA,NA,NA,NA,NA,NA,NA,NA,NA,NA,NA,NA,NA,NA,NA,NA,NA,NA,NA,NA,NA,NA,NA,NA,NA,NA,NA,NA,NA
"330","MSB:Fish:1090",NA,NA,NA,NA,NA,NA,NA,NA,NA,NA,NA,NA,NA,NA,NA,NA,NA,NA,NA,NA,NA,NA,NA,NA,NA,NA,NA,NA,NA,NA,NA,NA,NA,NA,NA,NA,NA,NA,NA,1939,6,9,"MSB 1090-1","JAR11348F","BP","GC","07-10-2025","F",39,30,751,"impact","impact_1931-1940",34.906619,-106.685289,0,0,0,22,0,0,0,0,0,0,0,0,0,NA,0,NA,NA,NA,NA,NA,NA,NA,NA,NA,NA,NA,NA,NA,NA,NA,NA,NA,NA,NA,NA,NA,NA,NA,NA,NA,NA,NA,NA,NA,NA,NA,NA,NA
"331","MSB:Fish:10922",NA,NA,NA,NA,NA,NA,NA,NA,NA,NA,NA,NA,NA,NA,NA,NA,NA,NA,NA,NA,NA,NA,NA,NA,NA,NA,NA,NA,NA,NA,NA,NA,NA,NA,NA,NA,NA,NA,NA,1992,7,9,"MSB 10922-3","JAR11592F","BP","KL","07-18-2025","F",33,25,400,"impact","impact_1991-2000",35.10469444,-106.6916667,0,0,0,12,2,0,0,0,0,0,1,0,0,"0",0,NA,NA,NA,NA,NA,NA,NA,NA,NA,NA,NA,NA,NA,NA,NA,NA,NA,NA,NA,NA,NA,NA,NA,NA,NA,NA,NA,NA,NA,NA,NA,NA,NA
"332","MSB:Fish:10922",NA,NA,NA,NA,NA,NA,NA,NA,NA,NA,NA,NA,NA,NA,NA,NA,NA,NA,NA,NA,NA,NA,NA,NA,NA,NA,NA,NA,NA,NA,NA,NA,NA,NA,NA,NA,NA,NA,NA,1992,7,9,"MSB 10922-5","JAR115843F","BP","GC","07-18-2025","F",30,24,322,"impact","impact_1991-2000",35.10469444,-106.6916667,0,0,0,12,0,0,0,0,0,0,0,0,0,"0",0,NA,NA,NA,NA,NA,NA,NA,NA,NA,NA,NA,NA,NA,NA,NA,NA,NA,NA,NA,NA,NA,NA,NA,NA,NA,NA,NA,NA,NA,NA,NA,NA,NA
"333","MSB:Fish:10922",NA,NA,NA,NA,NA,NA,NA,NA,NA,NA,NA,NA,NA,NA,NA,NA,NA,NA,NA,NA,NA,NA,NA,NA,NA,NA,NA,NA,NA,NA,NA,NA,NA,NA,NA,NA,NA,NA,NA,1992,7,9,"MSB 10922-4","JAR11584F","JG","GC","07-18-2025","F",27,22,141,"impact","impact_1991-2000",35.10469444,-106.6916667,0,0,0,4,0,0,0,0,0,0,0,0,0,NA,0,NA,NA,NA,NA,NA,NA,NA,NA,NA,NA,NA,NA,NA,NA,NA,NA,NA,NA,NA,NA,NA,NA,NA,NA,NA,NA,NA,NA,NA,NA,NA,NA,NA
"334","MSB:Fish:10922",NA,NA,NA,NA,NA,NA,NA,NA,NA,NA,NA,NA,NA,NA,NA,NA,NA,NA,NA,NA,NA,NA,NA,NA,NA,NA,NA,NA,NA,NA,NA,NA,NA,NA,NA,NA,NA,NA,NA,1992,7,9,"MSB 10922-2","JAR11586F","JG","GC","07-18-2025","F",25,20,143,"impact","impact_1991-2000",35.10469444,-106.6916667,0,0,0,0,0,0,0,0,0,0,0,0,0,NA,0,NA,NA,NA,NA,NA,NA,NA,NA,NA,NA,NA,NA,NA,NA,NA,NA,NA,NA,NA,NA,NA,NA,NA,NA,NA,NA,NA,NA,NA,NA,NA,NA,NA
"335","MSB:Fish:10922",NA,NA,NA,NA,NA,NA,NA,NA,NA,NA,NA,NA,NA,NA,NA,NA,NA,NA,NA,NA,NA,NA,NA,NA,NA,NA,NA,NA,NA,NA,NA,NA,NA,NA,NA,NA,NA,NA,NA,1992,7,9,"MSB 10922-1","JAR11589F","JG","KL","07-18-2025","F",30,25,362,"impact","impact_1991-2000",35.10469444,-106.6916667,0,0,0,0,0,0,0,0,0,0,0,0,0,NA,0,NA,NA,NA,NA,NA,NA,NA,NA,NA,NA,NA,NA,NA,NA,NA,NA,NA,NA,NA,NA,NA,NA,NA,NA,NA,NA,NA,NA,NA,NA,NA,NA,NA
"336","MSB:Fish:10944",NA,NA,NA,NA,NA,NA,NA,NA,NA,NA,NA,NA,NA,NA,NA,NA,NA,NA,NA,NA,NA,NA,NA,NA,NA,NA,NA,NA,NA,NA,NA,NA,NA,NA,NA,NA,NA,NA,NA,1992,7,15,"MSB 10944-2","JAR11565F","BP","GC","07-17-2025","F",37,29,751,"impact","impact_1991-2000",35.089293,-106.680842,0,0,0,28,0,0,0,0,0,0,0,0,0,"0",0,NA,NA,NA,NA,NA,NA,NA,NA,NA,NA,NA,NA,NA,NA,NA,NA,NA,NA,NA,NA,NA,NA,NA,NA,NA,NA,NA,NA,NA,NA,NA,NA,NA
"337","MSB:Fish:10944",NA,NA,NA,NA,NA,NA,NA,NA,NA,NA,NA,NA,NA,NA,NA,NA,NA,NA,NA,NA,NA,NA,NA,NA,NA,NA,NA,NA,NA,NA,NA,NA,NA,NA,NA,NA,NA,NA,NA,1992,7,15,"MSB 10944-3","JAR11566F","BP","GC","07-17-2025","F",48,36,1418,"impact","impact_1991-2000",35.089293,-106.680842,0,0,0,38,0,0,0,0,0,0,0,0,0,"0",0,NA,NA,NA,NA,NA,NA,NA,NA,NA,NA,NA,NA,NA,NA,NA,NA,NA,NA,NA,NA,NA,NA,NA,NA,NA,NA,NA,NA,NA,NA,NA,NA,NA
"338","MSB:Fish:10944",NA,NA,NA,NA,NA,NA,NA,NA,NA,NA,NA,NA,NA,NA,NA,NA,NA,NA,NA,NA,NA,NA,NA,NA,NA,NA,NA,NA,NA,NA,NA,NA,NA,NA,NA,NA,NA,NA,NA,1992,7,15,"MSB 10944-4","JAR11564F","BP","KL","07-17-2025","F",34,27,538,"impact","impact_1991-2000",35.089293,-106.680842,0,0,0,38,6,0,0,0,0,0,0,0,0,"0",0,NA,NA,NA,NA,NA,NA,NA,NA,NA,NA,NA,NA,NA,NA,NA,NA,NA,NA,NA,NA,NA,NA,NA,NA,NA,NA,NA,NA,NA,NA,NA,NA,NA
"339","MSB:Fish:10944",NA,NA,NA,NA,NA,NA,NA,NA,NA,NA,NA,NA,NA,NA,NA,NA,NA,NA,NA,NA,NA,NA,NA,NA,NA,NA,NA,NA,NA,NA,NA,NA,NA,NA,NA,NA,NA,NA,NA,1992,7,15,"MSB 10944-5","JAR11567F","BP","KL","07-17-2025","F",35,27,542,"impact","impact_1991-2000",35.089293,-106.680842,0,0,0,8,0,0,0,0,0,0,0,0,0,NA,0,NA,NA,NA,NA,NA,NA,NA,NA,NA,NA,NA,NA,NA,NA,NA,NA,NA,NA,NA,NA,NA,NA,NA,NA,NA,NA,NA,NA,NA,NA,NA,NA,NA
"340","MSB:Fish:10944",NA,NA,NA,NA,NA,NA,NA,NA,NA,NA,NA,NA,NA,NA,NA,NA,NA,NA,NA,NA,NA,NA,NA,NA,NA,NA,NA,NA,NA,NA,NA,NA,NA,NA,NA,NA,NA,NA,NA,1992,7,15,"MSB 10944-1","JAR11568F","BP","GC","07-17-2025","F",43,33,1179,"impact","impact_1991-2000",35.089293,-106.680842,0,0,0,76,0,0,0,0,0,0,0,0,0,NA,0,NA,NA,NA,NA,NA,NA,NA,NA,NA,NA,NA,NA,NA,NA,NA,NA,NA,NA,NA,NA,NA,NA,NA,NA,NA,NA,NA,NA,NA,NA,NA,NA,NA
"341","MSB:Fish:1098",NA,NA,NA,NA,NA,NA,NA,NA,NA,NA,NA,NA,NA,NA,NA,NA,NA,NA,NA,NA,NA,NA,NA,NA,NA,NA,NA,NA,NA,NA,NA,NA,NA,NA,NA,NA,NA,NA,NA,1939,5,13,"MSB 1098-4","JAR8819F","EO","KL","07-07-2025","F",32,25,352,"impact","impact_1931-1940",35.189406,-106.625396,0,0,0,2,0,0,0,0,0,0,0,0,0,"0",0,NA,NA,NA,NA,NA,NA,NA,NA,NA,NA,NA,NA,NA,NA,NA,NA,NA,NA,NA,NA,NA,NA,NA,NA,NA,NA,NA,NA,NA,NA,NA,NA,NA
"342","MSB:Fish:1098",NA,NA,NA,NA,NA,NA,NA,NA,NA,NA,NA,NA,NA,NA,NA,NA,NA,NA,NA,NA,NA,NA,NA,NA,NA,NA,NA,NA,NA,NA,NA,NA,NA,NA,NA,NA,NA,NA,NA,1939,5,13,"MSB 1098-2","JAR8815F","EO","GC","07-07-2025","F",41,33,887,"impact","impact_1931-1940",35.189406,-106.625396,0,0,0,2,0,0,0,0,0,0,0,0,0,"0",0,NA,NA,NA,NA,NA,NA,NA,NA,NA,NA,NA,NA,NA,NA,NA,NA,NA,NA,NA,NA,NA,NA,NA,NA,NA,NA,NA,NA,NA,NA,NA,NA,NA
"343","MSB:Fish:1098",NA,NA,NA,NA,NA,NA,NA,NA,NA,NA,NA,NA,NA,NA,NA,NA,NA,NA,NA,NA,NA,NA,NA,NA,NA,NA,NA,NA,NA,NA,NA,NA,NA,NA,NA,NA,NA,NA,NA,1939,5,13,"MSB 1098-3","JAR8817F","EO","KL","07-07-2025",NA,30,24,257,"impact","impact_1931-1940",35.189406,-106.625396,0,0,0,2,0,0,0,0,0,0,0,0,0,"0",0,NA,NA,NA,NA,NA,NA,NA,NA,NA,NA,NA,NA,NA,NA,NA,NA,NA,NA,NA,NA,NA,NA,NA,NA,NA,NA,NA,NA,NA,NA,NA,NA,NA
"344","MSB:Fish:1098",NA,NA,NA,NA,NA,NA,NA,NA,NA,NA,NA,NA,NA,NA,NA,NA,NA,NA,NA,NA,NA,NA,NA,NA,NA,NA,NA,NA,NA,NA,NA,NA,NA,NA,NA,NA,NA,NA,NA,1939,5,13,"MSB 1098-5","JAR8812F","EO","KL","07-07-2025",NA,41,33,697,"impact","impact_1931-1940",35.189406,-106.625396,0,0,0,2,0,0,0,0,0,0,0,0,0,"0",0,NA,NA,NA,NA,NA,NA,NA,NA,NA,NA,NA,NA,NA,NA,NA,NA,NA,NA,NA,NA,NA,NA,NA,NA,NA,NA,NA,NA,NA,NA,NA,NA,NA
"345","MSB:Fish:1098",NA,NA,NA,NA,NA,NA,NA,NA,NA,NA,NA,NA,NA,NA,NA,NA,NA,NA,NA,NA,NA,NA,NA,NA,NA,NA,NA,NA,NA,NA,NA,NA,NA,NA,NA,NA,NA,NA,NA,1939,5,13,"MSB 1098-1","JAR8814F","EO","KL","07-08-2025","F",46,37,1164,"impact","impact_1931-1940",35.189406,-106.625396,0,0,0,4,0,0,0,0,0,0,0,0,0,"0",0,NA,NA,NA,NA,NA,NA,NA,NA,NA,NA,NA,NA,NA,NA,NA,NA,NA,NA,NA,NA,NA,NA,NA,NA,NA,NA,NA,NA,NA,NA,NA,NA,NA
"346","MSB:Fish:1100",NA,NA,NA,NA,NA,NA,NA,NA,NA,NA,NA,NA,NA,NA,NA,NA,NA,NA,NA,NA,NA,NA,NA,NA,NA,NA,NA,NA,NA,NA,NA,NA,NA,NA,NA,NA,NA,NA,NA,1939,2,26,"MSB 1100-4","JAR8824F","BP","KL","07-08-2025","F",28,24,303,"impact","impact_1931-1940",35.072363,-106.668064,0,0,0,0,0,0,0,0,0,0,0,0,0,"0",0,NA,NA,NA,NA,NA,NA,NA,NA,NA,NA,NA,NA,NA,NA,NA,NA,NA,NA,NA,NA,NA,NA,NA,NA,NA,NA,NA,NA,NA,NA,NA,NA,NA
"347","MSB:Fish:1100",NA,NA,NA,NA,NA,NA,NA,NA,NA,NA,NA,NA,NA,NA,NA,NA,NA,NA,NA,NA,NA,NA,NA,NA,NA,NA,NA,NA,NA,NA,NA,NA,NA,NA,NA,NA,NA,NA,NA,1939,2,26,"MSB 1100-3","JAR8823F","JG","KL","07-08-2025",NA,33,25,326,"impact","impact_1931-1940",35.072363,-106.668064,0,0,0,2,0,0,0,0,0,0,0,0,0,NA,0,NA,NA,NA,NA,NA,NA,NA,NA,NA,NA,NA,NA,NA,NA,NA,NA,NA,NA,NA,NA,NA,NA,NA,NA,NA,NA,NA,NA,NA,NA,NA,NA,NA
"348","MSB:Fish:1100",NA,NA,NA,NA,NA,NA,NA,NA,NA,NA,NA,NA,NA,NA,NA,NA,NA,NA,NA,NA,NA,NA,NA,NA,NA,NA,NA,NA,NA,NA,NA,NA,NA,NA,NA,NA,NA,NA,NA,1939,2,26,"MSB 1100-1","JAR8825F","JG","KL","07-08-2025","F",43,33,679,"impact","impact_1931-1940",35.072363,-106.668064,0,0,0,6,0,0,0,0,0,0,0,0,0,"0",0,NA,NA,NA,NA,NA,NA,NA,NA,NA,NA,NA,NA,NA,NA,NA,NA,NA,NA,NA,NA,NA,NA,NA,NA,NA,NA,NA,NA,NA,NA,NA,NA,NA
"349","MSB:Fish:1100",NA,NA,NA,NA,NA,NA,NA,NA,NA,NA,NA,NA,NA,NA,NA,NA,NA,NA,NA,NA,NA,NA,NA,NA,NA,NA,NA,NA,NA,NA,NA,NA,NA,NA,NA,NA,NA,NA,NA,1939,2,26,"MSB 1100-2","JAR8827F","BP","EO ","07-08-2025","F",28,25,318,"impact","impact_1931-1940",35.072363,-106.668064,0,0,0,0,0,0,0,0,0,0,0,0,0,"0",0,NA,NA,NA,NA,NA,NA,NA,NA,NA,NA,NA,NA,NA,NA,NA,NA,NA,NA,NA,NA,NA,NA,NA,NA,NA,NA,NA,NA,NA,NA,NA,NA,NA
"350","MSB:Fish:1100",NA,NA,NA,NA,NA,NA,NA,NA,NA,NA,NA,NA,NA,NA,NA,NA,NA,NA,NA,NA,NA,NA,NA,NA,NA,NA,NA,NA,NA,NA,NA,NA,NA,NA,NA,NA,NA,NA,NA,1939,2,26,"MSB 1100-5","JAR8829F","JG","KL","07-08-2025",NA,26,23,226,"impact","impact_1931-1940",35.072363,-106.668064,0,0,0,0,0,0,0,0,0,0,0,0,0,"0",0,NA,NA,NA,NA,NA,NA,NA,NA,NA,NA,NA,NA,NA,NA,NA,NA,NA,NA,NA,NA,NA,NA,NA,NA,NA,NA,NA,NA,NA,NA,NA,NA,NA
"351","MSB:Fish:1105",NA,NA,NA,NA,NA,NA,NA,NA,NA,NA,NA,NA,NA,NA,NA,NA,NA,NA,NA,NA,NA,NA,NA,NA,NA,NA,NA,NA,NA,NA,NA,NA,NA,NA,NA,NA,NA,NA,NA,1939,1,20,"MSB 1105-1","JAR11362F","JG","GC","07-10-2025",NA,30,24,202,"impact","impact_1931-1940",35.100259,-106.692107,0,0,0,8,0,0,0,0,0,0,0,0,0,NA,0,NA,NA,NA,NA,NA,NA,NA,NA,NA,NA,NA,NA,NA,NA,NA,NA,NA,NA,NA,NA,NA,NA,NA,NA,NA,NA,NA,NA,NA,NA,NA,NA,NA
"352","MSB:Fish:1105",NA,NA,NA,NA,NA,NA,NA,NA,NA,NA,NA,NA,NA,NA,NA,NA,NA,NA,NA,NA,NA,NA,NA,NA,NA,NA,NA,NA,NA,NA,NA,NA,NA,NA,NA,NA,NA,NA,NA,1939,1,30,"MSB 1105-5","JAR11360F","JG","KL","07-10-2025",NA,36,28,396,"impact","impact_1931-1940",35.100259,-106.692107,0,0,0,0,2,2,0,0,0,0,0,0,0,"0",0,NA,NA,NA,NA,NA,NA,NA,NA,NA,NA,NA,NA,NA,NA,NA,NA,NA,NA,NA,NA,NA,NA,NA,NA,NA,NA,NA,NA,NA,NA,NA,NA,NA
"353","MSB:Fish:1105",NA,NA,NA,NA,NA,NA,NA,NA,NA,NA,NA,NA,NA,NA,NA,NA,NA,NA,NA,NA,NA,NA,NA,NA,NA,NA,NA,NA,NA,NA,NA,NA,NA,NA,NA,NA,NA,NA,NA,1939,1,30,"MSB 1105-3","JAR11361F","JG","KL","07-10-2025",NA,40,36,728,"impact","impact_1931-1940",35.100259,-106.692107,0,0,0,0,0,0,0,0,0,0,0,0,0,"0",0,NA,NA,NA,NA,NA,NA,NA,NA,NA,NA,NA,NA,NA,NA,NA,NA,NA,NA,NA,NA,NA,NA,NA,NA,NA,NA,NA,NA,NA,NA,NA,NA,NA
"354","MSB:Fish:1105",NA,NA,NA,NA,NA,NA,NA,NA,NA,NA,NA,NA,NA,NA,NA,NA,NA,NA,NA,NA,NA,NA,NA,NA,NA,NA,NA,NA,NA,NA,NA,NA,NA,NA,NA,NA,NA,NA,NA,1939,1,30,"MSB 1105-2","JAR11365F","JG","JG","07-10-2025",NA,27,23,158,"impact","impact_1931-1940",35.100259,-106.692107,0,0,0,0,0,0,0,0,0,0,0,0,0,NA,0,NA,NA,NA,NA,NA,NA,NA,NA,NA,NA,NA,NA,NA,NA,NA,NA,NA,NA,NA,NA,NA,NA,NA,NA,NA,NA,NA,NA,NA,NA,NA,NA,NA
"355","MSB:Fish:1105",NA,NA,NA,NA,NA,NA,NA,NA,NA,NA,NA,NA,NA,NA,NA,NA,NA,NA,NA,NA,NA,NA,NA,NA,NA,NA,NA,NA,NA,NA,NA,NA,NA,NA,NA,NA,NA,NA,NA,1939,1,30,"MSB 1105-4","JAR11368F","EO","EO","07-10-2025",NA,40,32,456,"impact","impact_1931-1940",35.100259,-106.692107,0,0,0,0,0,0,0,0,0,0,0,0,0,"0",0,NA,NA,NA,NA,NA,NA,NA,NA,NA,NA,NA,NA,NA,NA,NA,NA,NA,NA,NA,NA,NA,NA,NA,NA,NA,NA,NA,NA,NA,NA,NA,NA,NA
"356","MSB:Fish:11095",NA,NA,NA,NA,NA,NA,NA,NA,NA,NA,NA,NA,NA,NA,NA,NA,NA,NA,NA,NA,NA,NA,NA,NA,NA,NA,NA,NA,NA,NA,NA,NA,NA,NA,NA,NA,NA,NA,NA,1992,7,21,"MSB 11095-1","JAR11015F","KL","KL","07-23-2025",NA,26,21,178,"impact","impact_1991-2000",35.027111,-106.672944,0,0,0,4,0,4,0,0,0,0,0,0,0,NA,0,NA,NA,NA,NA,NA,NA,NA,NA,NA,NA,NA,NA,NA,NA,NA,NA,NA,NA,NA,NA,NA,NA,NA,NA,NA,NA,NA,NA,NA,NA,NA,NA,NA
"357","MSB:Fish:11095",NA,NA,NA,NA,NA,NA,NA,NA,NA,NA,NA,NA,NA,NA,NA,NA,NA,NA,NA,NA,NA,NA,NA,NA,NA,NA,NA,NA,NA,NA,NA,NA,NA,NA,NA,NA,NA,NA,NA,1992,7,21,"MSB 11095-3","JAR11013F","KL","KL","07-23-2025","F",35,28,526,"impact","impact_1991-2000",35.027111,-106.672944,0,0,0,2,0,0,0,0,0,0,0,0,0,"1",0,NA,NA,NA,NA,NA,NA,NA,NA,NA,NA,NA,NA,NA,NA,NA,NA,NA,NA,NA,NA,NA,NA,NA,NA,NA,NA,NA,NA,NA,NA,NA,NA,NA
"358","MSB:Fish:11095",NA,NA,NA,NA,NA,NA,NA,NA,NA,NA,NA,NA,NA,NA,NA,NA,NA,NA,NA,NA,NA,NA,NA,NA,NA,NA,NA,NA,NA,NA,NA,NA,NA,NA,NA,NA,NA,NA,NA,1992,7,21,"MSB 11095-2","JAR11016F","KL","KL","07-23-2025","F",33,27,385,"impact","impact_1991-2000",35.027111,-106.672944,0,0,0,4,0,0,0,0,0,0,0,0,0,"1",0,NA,NA,NA,NA,NA,NA,NA,NA,NA,NA,NA,NA,NA,NA,NA,NA,NA,NA,NA,NA,NA,NA,NA,NA,NA,NA,NA,NA,NA,NA,NA,NA,NA
"359","MSB:Fish:11095",NA,NA,NA,NA,NA,NA,NA,NA,NA,NA,NA,NA,NA,NA,NA,NA,NA,NA,NA,NA,NA,NA,NA,NA,NA,NA,NA,NA,NA,NA,NA,NA,NA,NA,NA,NA,NA,NA,NA,1992,7,21,"MSB 11095-4","JAR11000F","KL","KL","07-23-2025","F",31,25,375,"impact","impact_1991-2000",35.027111,-106.672944,0,0,0,4,0,0,0,0,0,0,0,0,0,"na",0,NA,NA,NA,NA,NA,NA,NA,NA,NA,NA,NA,NA,NA,NA,NA,NA,NA,NA,NA,NA,NA,NA,NA,NA,NA,NA,NA,NA,NA,NA,NA,NA,NA
"360","MSB:Fish:11095",NA,NA,NA,NA,NA,NA,NA,NA,NA,NA,NA,NA,NA,NA,NA,NA,NA,NA,NA,NA,NA,NA,NA,NA,NA,NA,NA,NA,NA,NA,NA,NA,NA,NA,NA,NA,NA,NA,NA,1992,7,21,"MSB 11095-5","JAR11003F","KL","KL","07-23-2025",NA,32,26,460,"impact","impact_1991-2000",35.027111,-106.672944,0,0,0,0,0,0,0,0,0,0,0,0,4,NA,0,NA,NA,NA,NA,NA,NA,NA,NA,NA,NA,NA,NA,NA,NA,NA,NA,NA,NA,NA,NA,NA,NA,NA,NA,NA,NA,NA,NA,NA,NA,NA,NA,NA
"361","MSB:Fish:11126",NA,NA,NA,NA,NA,NA,NA,NA,NA,NA,NA,NA,NA,NA,NA,NA,NA,NA,NA,NA,NA,NA,NA,NA,NA,NA,NA,NA,NA,NA,NA,NA,NA,NA,NA,NA,NA,NA,NA,1992,7,22,"MSB 11126-2","JAR11562F","JG","BP","07-17-2025","F",37,30,634,"impact","impact_1991-2000",34.97052778,-106.6911111,0,0,0,0,0,0,0,0,0,0,0,0,0,NA,0,NA,NA,NA,NA,NA,NA,NA,NA,NA,NA,NA,NA,NA,NA,NA,NA,NA,NA,NA,NA,NA,NA,NA,NA,NA,NA,NA,NA,NA,NA,NA,NA,NA
"362","MSB:Fish:11126",NA,NA,NA,NA,NA,NA,NA,NA,NA,NA,NA,NA,NA,NA,NA,NA,NA,NA,NA,NA,NA,NA,NA,NA,NA,NA,NA,NA,NA,NA,NA,NA,NA,NA,NA,NA,NA,NA,NA,1992,7,22,"MSB 11126-3","JAR11560F","JG","BP","07-17-2025","F",31,25,355,"impact","impact_1991-2000",34.97052778,-106.6911111,0,0,0,0,0,0,0,0,0,0,0,0,0,NA,0,NA,NA,NA,NA,NA,NA,NA,NA,NA,NA,NA,NA,NA,NA,NA,NA,NA,NA,NA,NA,NA,NA,NA,NA,NA,NA,NA,NA,NA,NA,NA,NA,NA
"363","MSB:Fish:11126",NA,NA,NA,NA,NA,NA,NA,NA,NA,NA,NA,NA,NA,NA,NA,NA,NA,NA,NA,NA,NA,NA,NA,NA,NA,NA,NA,NA,NA,NA,NA,NA,NA,NA,NA,NA,NA,NA,NA,1992,7,22,"MSB 11126-1","JAR11561F","EO","EO","07-17-2025","F",45,36,1113,"impact","impact_1991-2000",34.97052778,-106.6911111,0,0,0,0,0,0,0,0,0,0,0,0,0,NA,0,NA,NA,NA,NA,NA,NA,NA,NA,NA,NA,NA,NA,NA,NA,NA,NA,NA,NA,NA,NA,NA,NA,NA,NA,NA,NA,NA,NA,NA,NA,NA,NA,NA
"364","MSB:Fish:11126",NA,NA,NA,NA,NA,NA,NA,NA,NA,NA,NA,NA,NA,NA,NA,NA,NA,NA,NA,NA,NA,NA,NA,NA,NA,NA,NA,NA,NA,NA,NA,NA,NA,NA,NA,NA,NA,NA,NA,1992,7,22,"MSB 11126-4","JAR11559F","JG","GC","07-17-2025","F",40,34,733,"impact","impact_1991-2000",34.97052778,-106.6911111,0,0,0,0,0,0,0,0,0,0,0,0,0,"0",0,NA,NA,NA,NA,NA,NA,NA,NA,NA,NA,NA,NA,NA,NA,NA,NA,NA,NA,NA,NA,NA,NA,NA,NA,NA,NA,NA,NA,NA,NA,NA,NA,NA
"365","MSB:Fish:11126",NA,NA,NA,NA,NA,NA,NA,NA,NA,NA,NA,NA,NA,NA,NA,NA,NA,NA,NA,NA,NA,NA,NA,NA,NA,NA,NA,NA,NA,NA,NA,NA,NA,NA,NA,NA,NA,NA,NA,1992,7,22,"MSB 11126-5","JAR11558F","EO","KL","07-17-2025","M",26,21,179,"impact","impact_1991-2000",34.97052778,-106.6911111,0,0,0,0,0,0,0,0,0,0,0,0,0,"0",0,NA,NA,NA,NA,NA,NA,NA,NA,NA,NA,NA,NA,NA,NA,NA,NA,NA,NA,NA,NA,NA,NA,NA,NA,NA,NA,NA,NA,NA,NA,NA,NA,NA
"366","MSB:Fish:11194",NA,NA,NA,NA,NA,NA,NA,NA,NA,NA,NA,NA,NA,NA,NA,NA,NA,NA,NA,NA,NA,NA,NA,NA,NA,NA,NA,NA,NA,NA,NA,NA,NA,NA,NA,NA,NA,NA,NA,1992,7,24,"MSB 11194-2","JAR11570F","EO","KL","07-17-2025","M",26,22,151,"impact","impact_1991-2000",34.92872222,-106.6818611,0,0,0,0,0,0,0,0,0,0,0,0,0,NA,2,NA,NA,NA,NA,NA,NA,NA,NA,NA,NA,NA,NA,NA,NA,NA,NA,NA,NA,NA,NA,NA,NA,NA,NA,NA,NA,NA,NA,NA,NA,NA,NA,NA
"367","MSB:Fish:11194",NA,NA,NA,NA,NA,NA,NA,NA,NA,NA,NA,NA,NA,NA,NA,NA,NA,NA,NA,NA,NA,NA,NA,NA,NA,NA,NA,NA,NA,NA,NA,NA,NA,NA,NA,NA,NA,NA,NA,1992,7,24,"MSB 11194-3","JAR11569F","EO","GC","07-17-2025",NA,28,22,159,"impact","impact_1991-2000",34.92872222,-106.6818611,0,0,0,4,0,0,0,0,0,0,0,0,0,"0",0,NA,NA,NA,NA,NA,NA,NA,NA,NA,NA,NA,NA,NA,NA,NA,NA,NA,NA,NA,NA,NA,NA,NA,NA,NA,NA,NA,NA,NA,NA,NA,NA,NA
"368","MSB:Fish:11194",NA,NA,NA,NA,NA,NA,NA,NA,NA,NA,NA,NA,NA,NA,NA,NA,NA,NA,NA,NA,NA,NA,NA,NA,NA,NA,NA,NA,NA,NA,NA,NA,NA,NA,NA,NA,NA,NA,NA,1992,7,24,"MSB 11194-5","JAR11572F","EO","KL","07-17-2025",NA,36,29,658,"impact","impact_1991-2000",34.92872222,-106.6818611,0,0,0,2,0,0,0,0,0,0,0,0,0,NA,0,NA,NA,NA,NA,NA,NA,NA,NA,NA,NA,NA,NA,NA,NA,NA,NA,NA,NA,NA,NA,NA,NA,NA,NA,NA,NA,NA,NA,NA,NA,NA,NA,NA
"369","MSB:Fish:11194",NA,NA,NA,NA,NA,NA,NA,NA,NA,NA,NA,NA,NA,NA,NA,NA,NA,NA,NA,NA,NA,NA,NA,NA,NA,NA,NA,NA,NA,NA,NA,NA,NA,NA,NA,NA,NA,NA,NA,1992,7,24,"MSB 11194-4","JAR11571F","EO","EO","07-17-2025","F",35,27,456,"impact","impact_1991-2000",34.92872222,-106.6818611,0,0,0,4,0,0,0,0,0,0,0,0,0,"0",0,NA,NA,NA,NA,NA,NA,NA,NA,NA,NA,NA,NA,NA,NA,NA,NA,NA,NA,NA,NA,NA,NA,NA,NA,NA,NA,NA,NA,NA,NA,NA,NA,NA
"370","MSB:Fish:11194",NA,NA,NA,NA,NA,NA,NA,NA,NA,NA,NA,NA,NA,NA,NA,NA,NA,NA,NA,NA,NA,NA,NA,NA,NA,NA,NA,NA,NA,NA,NA,NA,NA,NA,NA,NA,NA,NA,NA,1992,7,24,"MSB 11194-1","JAR11563F","EO","GC","07-17-2025","F",29,24,333,"impact","impact_1991-2000",34.92872222,-106.6818611,0,0,0,6,0,0,0,0,0,0,0,0,0,NA,0,NA,NA,NA,NA,NA,NA,NA,NA,NA,NA,NA,NA,NA,NA,NA,NA,NA,NA,NA,NA,NA,NA,NA,NA,NA,NA,NA,NA,NA,NA,NA,NA,NA
"371","MSB:Fish:12010",NA,NA,NA,NA,NA,NA,NA,NA,NA,NA,NA,NA,NA,NA,NA,NA,NA,NA,NA,NA,NA,NA,NA,NA,NA,NA,NA,NA,NA,NA,NA,NA,NA,NA,NA,NA,NA,NA,NA,1992,9,28,"MSB 12010-3","JAR11037F","KL","KL","07-28-2025","F",28,23,210,"control","control_1991-2000",35.211416,-106.612833,0,0,0,4,10,0,0,0,0,0,0,0,0,"0",0,NA,NA,NA,NA,NA,NA,NA,NA,NA,NA,NA,NA,NA,NA,NA,NA,NA,NA,NA,NA,NA,NA,NA,NA,NA,NA,NA,NA,NA,NA,NA,NA,NA
"372","MSB:Fish:12010",NA,NA,NA,NA,NA,NA,NA,NA,NA,NA,NA,NA,NA,NA,NA,NA,NA,NA,NA,NA,NA,NA,NA,NA,NA,NA,NA,NA,NA,NA,NA,NA,NA,NA,NA,NA,NA,NA,NA,1992,9,28,"MSB 12010-2","JAR11056F","KL","KL","07-28-2025",NA,27,21.5,211,"control","control_1991-2000",35.211416,-106.612833,0,0,0,12,0,0,0,0,0,0,0,0,0,NA,0,NA,NA,NA,NA,NA,NA,NA,NA,NA,NA,NA,NA,NA,NA,NA,NA,NA,NA,NA,NA,NA,NA,NA,NA,NA,NA,NA,NA,NA,NA,NA,NA,NA
"373","MSB:Fish:12010",NA,NA,NA,NA,NA,NA,NA,NA,NA,NA,NA,NA,NA,NA,NA,NA,NA,NA,NA,NA,NA,NA,NA,NA,NA,NA,NA,NA,NA,NA,NA,NA,NA,NA,NA,NA,NA,NA,NA,1992,9,28,"MSB 12010-1","JAR11057F","KL","KL","07-28-2025","F",36,29,446,"control","control_1991-2000",35.211416,-106.612833,0,0,0,20,4,0,0,0,0,0,0,0,0,"0",0,NA,NA,NA,NA,NA,NA,NA,NA,NA,NA,NA,NA,NA,NA,NA,NA,NA,NA,NA,NA,NA,NA,NA,NA,NA,NA,NA,NA,NA,NA,NA,NA,NA
"374","MSB:Fish:12010",NA,NA,NA,NA,NA,NA,NA,NA,NA,NA,NA,NA,NA,NA,NA,NA,NA,NA,NA,NA,NA,NA,NA,NA,NA,NA,NA,NA,NA,NA,NA,NA,NA,NA,NA,NA,NA,NA,NA,1992,9,28,"MSB 12010-5","JAR11045F","KL","KL","07-28-2025","F",25,20,156,"control","control_1991-2000",35.211416,-106.612833,0,0,0,6,6,0,0,0,0,0,0,0,0,NA,0,NA,NA,NA,NA,NA,NA,NA,NA,NA,NA,NA,NA,NA,NA,NA,NA,NA,NA,NA,NA,NA,NA,NA,NA,NA,NA,NA,NA,NA,NA,NA,NA,NA
"375","MSB:Fish:12010",NA,NA,NA,NA,NA,NA,NA,NA,NA,NA,NA,NA,NA,NA,NA,NA,NA,NA,NA,NA,NA,NA,NA,NA,NA,NA,NA,NA,NA,NA,NA,NA,NA,NA,NA,NA,NA,NA,NA,1992,9,28,"MSB 12010-4","JAR11044F","KL","KL","07-28-2025","F",28,21,210,"control","control_1991-2000",35.211416,-106.612833,0,0,0,0,0,0,0,0,0,0,0,0,0,"0",0,NA,NA,NA,NA,NA,NA,NA,NA,NA,NA,NA,NA,NA,NA,NA,NA,NA,NA,NA,NA,NA,NA,NA,NA,NA,NA,NA,NA,NA,NA,NA,NA,NA
"376","MSB:Fish:12531",NA,NA,NA,NA,NA,NA,NA,NA,NA,NA,NA,NA,NA,NA,NA,NA,NA,NA,NA,NA,NA,NA,NA,NA,NA,NA,NA,NA,NA,NA,NA,NA,NA,NA,NA,NA,NA,NA,NA,1992,11,13,"MSB 12531-1","JAR11267F","EO","GC","07-11-2025",NA,46,38,1030,"control","control_1991-2000",35.380486,-106.502059,0,0,0,0,0,0,0,0,0,0,0,0,0,"0",0,NA,NA,NA,NA,NA,NA,NA,NA,NA,NA,NA,NA,NA,NA,NA,NA,NA,NA,NA,NA,NA,NA,NA,NA,NA,NA,NA,NA,NA,NA,NA,NA,NA
"377","MSB:Fish:12531",NA,NA,NA,NA,NA,NA,NA,NA,NA,NA,NA,NA,NA,NA,NA,NA,NA,NA,NA,NA,NA,NA,NA,NA,NA,NA,NA,NA,NA,NA,NA,NA,NA,NA,NA,NA,NA,NA,NA,1992,11,13,"MSB 12531-4","JAR11265F","EO","KL","07-11-2025",NA,31,25,317,"control","control_1991-2000",35.380486,-106.502059,0,0,0,0,4,0,0,0,0,0,0,0,0,"0",0,NA,NA,NA,NA,NA,NA,NA,NA,NA,NA,NA,NA,NA,NA,NA,NA,NA,NA,NA,NA,NA,NA,NA,NA,NA,NA,NA,NA,NA,NA,NA,NA,NA
"378","MSB:Fish:12531",NA,NA,NA,NA,NA,NA,NA,NA,NA,NA,NA,NA,NA,NA,NA,NA,NA,NA,NA,NA,NA,NA,NA,NA,NA,NA,NA,NA,NA,NA,NA,NA,NA,NA,NA,NA,NA,NA,NA,1992,11,13,"MSB 12531-5","JAR11266F","EO","BP","07-11-2025","F",48,40,1190,"control","control_1991-2000",35.380486,-106.502059,0,0,0,0,8,16,0,0,0,0,0,0,0,"0",0,NA,NA,NA,NA,NA,NA,NA,NA,NA,NA,NA,NA,NA,NA,NA,NA,NA,NA,NA,NA,NA,NA,NA,NA,NA,NA,NA,NA,NA,NA,NA,NA,NA
"379","MSB:Fish:12531",NA,NA,NA,NA,NA,NA,NA,NA,NA,NA,NA,NA,NA,NA,NA,NA,NA,NA,NA,NA,NA,NA,NA,NA,NA,NA,NA,NA,NA,NA,NA,NA,NA,NA,NA,NA,NA,NA,NA,1992,11,13,"MSB 12531-2","JAR11263F","EO","KL","07-11-2025",NA,34,27,414,"control","control_1991-2000",35.380486,-106.502059,0,0,0,0,6,0,0,0,0,0,0,0,0,"0",2,NA,NA,NA,NA,NA,NA,NA,NA,NA,NA,NA,NA,NA,NA,NA,NA,NA,NA,NA,NA,NA,NA,NA,NA,NA,NA,NA,NA,NA,NA,NA,NA,NA
"380","MSB:Fish:12531",NA,NA,NA,NA,NA,NA,NA,NA,NA,NA,NA,NA,NA,NA,NA,NA,NA,NA,NA,NA,NA,NA,NA,NA,NA,NA,NA,NA,NA,NA,NA,NA,NA,NA,NA,NA,NA,NA,NA,1992,11,13,"MSB 12531-3","JAR11264F","EO","KL","07-11-2025","F",35,28,445,"control","control_1991-2000",35.380486,-106.502059,0,0,0,0,10,0,0,0,0,0,0,0,0,"0",0,NA,NA,NA,NA,NA,NA,NA,NA,NA,NA,NA,NA,NA,NA,NA,NA,NA,NA,NA,NA,NA,NA,NA,NA,NA,NA,NA,NA,NA,NA,NA,NA,NA
"381","MSB:Fish:14485",NA,NA,NA,NA,NA,NA,NA,NA,NA,NA,NA,NA,NA,NA,NA,NA,NA,NA,NA,NA,NA,NA,NA,NA,NA,NA,NA,NA,NA,NA,NA,NA,NA,NA,NA,NA,NA,NA,NA,1993,7,13,"MSB 14485-1","JAR11128F","EO","GC","07-17-2025",NA,41,34,760,"impact","impact_1991-2000",34.929964,-106.681431,0,0,0,6,0,0,0,0,0,0,0,0,0,"0",0,NA,NA,NA,NA,NA,NA,NA,NA,NA,NA,NA,NA,NA,NA,NA,NA,NA,NA,NA,NA,NA,NA,NA,NA,NA,NA,NA,NA,NA,NA,NA,NA,NA
"382","MSB:Fish:14485",NA,NA,NA,NA,NA,NA,NA,NA,NA,NA,NA,NA,NA,NA,NA,NA,NA,NA,NA,NA,NA,NA,NA,NA,NA,NA,NA,NA,NA,NA,NA,NA,NA,NA,NA,NA,NA,NA,NA,1993,7,13,"MSB 14485-5","JAR11127F","JG","JG","07-17-2025",NA,24,20,116,"impact","impact_1991-2000",34.929964,-106.681431,0,0,0,0,0,0,0,0,0,0,0,0,0,NA,0,NA,NA,NA,NA,NA,NA,NA,NA,NA,NA,NA,NA,NA,NA,NA,NA,NA,NA,NA,NA,NA,NA,NA,NA,NA,NA,NA,NA,NA,NA,NA,NA,NA
"383","MSB:Fish:14485",NA,NA,NA,NA,NA,NA,NA,NA,NA,NA,NA,NA,NA,NA,NA,NA,NA,NA,NA,NA,NA,NA,NA,NA,NA,NA,NA,NA,NA,NA,NA,NA,NA,NA,NA,NA,NA,NA,NA,1993,7,13,"MSB 14485-4","JAR11129F","EO","GC","07-17-2025","F",30,23,247,"impact","impact_1991-2000",34.929964,-106.681431,0,0,0,0,0,0,0,0,0,0,0,0,0,"0",0,NA,NA,NA,NA,NA,NA,NA,NA,NA,NA,NA,NA,NA,NA,NA,NA,NA,NA,NA,NA,NA,NA,NA,NA,NA,NA,NA,NA,NA,NA,NA,NA,NA
"384","MSB:Fish:14485",NA,NA,NA,NA,NA,NA,NA,NA,NA,NA,NA,NA,NA,NA,NA,NA,NA,NA,NA,NA,NA,NA,NA,NA,NA,NA,NA,NA,NA,NA,NA,NA,NA,NA,NA,NA,NA,NA,NA,1993,7,13,"MSB 14485-3","JAR11557F","EO","KL","07-17-2025","F",37,29,520,"impact","impact_1991-2000",34.929964,-106.681431,0,0,0,10,0,0,0,0,0,0,0,0,0,"0",0,NA,NA,NA,NA,NA,NA,NA,NA,NA,NA,NA,NA,NA,NA,NA,NA,NA,NA,NA,NA,NA,NA,NA,NA,NA,NA,NA,NA,NA,NA,NA,NA,NA
"385","MSB:Fish:14485",NA,NA,NA,NA,NA,NA,NA,NA,NA,NA,NA,NA,NA,NA,NA,NA,NA,NA,NA,NA,NA,NA,NA,NA,NA,NA,NA,NA,NA,NA,NA,NA,NA,NA,NA,NA,NA,NA,NA,1993,7,13,"MSB 14485-2","JAR11130F","JG","GC","07-17-2025","F",43,35,751,"impact","impact_1991-2000",34.929964,-106.681431,0,0,0,0,0,0,0,0,0,0,0,0,0,"0",0,NA,NA,NA,NA,NA,NA,NA,NA,NA,NA,NA,NA,NA,NA,NA,NA,NA,NA,NA,NA,NA,NA,NA,NA,NA,NA,NA,NA,NA,NA,NA,NA,NA
"386","MSB:Fish:18799",NA,NA,NA,NA,NA,NA,NA,NA,NA,NA,NA,NA,NA,NA,NA,NA,NA,NA,NA,NA,NA,NA,NA,NA,NA,NA,NA,NA,NA,NA,NA,NA,NA,NA,NA,NA,NA,NA,NA,1993,8,12,"MSB 18799-5","JAR11578F","BP","KL","07-17-2025","F",30,23,274,"control","control_1991-2000",35.280904,-106.597587,0,0,0,2,10,0,0,0,0,0,0,0,0,"0",0,NA,NA,NA,NA,NA,NA,NA,NA,NA,NA,NA,NA,NA,NA,NA,NA,NA,NA,NA,NA,NA,NA,NA,NA,NA,NA,NA,NA,NA,NA,NA,NA,NA
"387","MSB:Fish:18799",NA,NA,NA,NA,NA,NA,NA,NA,NA,NA,NA,NA,NA,NA,NA,NA,NA,NA,NA,NA,NA,NA,NA,NA,NA,NA,NA,NA,NA,NA,NA,NA,NA,NA,NA,NA,NA,NA,NA,1993,8,12,"MSB 18799-2","JAR11582F","BP","KL","07-17-2025","F",31,25,375,"control","control_1991-2000",35.280904,-106.597587,0,0,0,4,0,0,0,0,0,0,0,0,0,NA,0,NA,NA,NA,NA,NA,NA,NA,NA,NA,NA,NA,NA,NA,NA,NA,NA,NA,NA,NA,NA,NA,NA,NA,NA,NA,NA,NA,NA,NA,NA,NA,NA,NA
"388","MSB:Fish:18799",NA,NA,NA,NA,NA,NA,NA,NA,NA,NA,NA,NA,NA,NA,NA,NA,NA,NA,NA,NA,NA,NA,NA,NA,NA,NA,NA,NA,NA,NA,NA,NA,NA,NA,NA,NA,NA,NA,NA,1993,8,12,"MSB 18799-4","JAR11579F","BP","GC","07-17-2025","F",32,26,344,"control","control_1991-2000",35.280904,-106.597587,0,0,0,0,6,0,0,0,0,0,0,0,0,"0",0,NA,NA,NA,NA,NA,NA,NA,NA,NA,NA,NA,NA,NA,NA,NA,NA,NA,NA,NA,NA,NA,NA,NA,NA,NA,NA,NA,NA,NA,NA,NA,NA,NA
"389","MSB:Fish:18799",NA,NA,NA,NA,NA,NA,NA,NA,NA,NA,NA,NA,NA,NA,NA,NA,NA,NA,NA,NA,NA,NA,NA,NA,NA,NA,NA,NA,NA,NA,NA,NA,NA,NA,NA,NA,NA,NA,NA,1993,8,12,"MSB 18799-3","JAR11580","BP","EO","07-17-2025","F",36,28,509,"control","control_1991-2000",35.280904,-106.597587,0,0,0,4,0,0,0,0,0,0,0,0,0,NA,0,NA,NA,NA,NA,NA,NA,NA,NA,NA,NA,NA,NA,NA,NA,NA,NA,NA,NA,NA,NA,NA,NA,NA,NA,NA,NA,NA,NA,NA,NA,NA,NA,NA
"390","MSB:Fish:18799",NA,NA,NA,NA,NA,NA,NA,NA,NA,NA,NA,NA,NA,NA,NA,NA,NA,NA,NA,NA,NA,NA,NA,NA,NA,NA,NA,NA,NA,NA,NA,NA,NA,NA,NA,NA,NA,NA,NA,1993,8,12,"MSB 18799-1","JAR11581F","BP","KL","07-17-2025","M",29,23,249,"control","control_1991-2000",35.280904,-106.597587,0,0,0,4,4,0,0,0,0,0,0,0,0,"0",0,NA,NA,NA,NA,NA,NA,NA,NA,NA,NA,NA,NA,NA,NA,NA,NA,NA,NA,NA,NA,NA,NA,NA,NA,NA,NA,NA,NA,NA,NA,NA,NA,NA
"391","MSB:Fish:19155",NA,NA,NA,NA,NA,NA,NA,NA,NA,NA,NA,NA,NA,NA,NA,NA,NA,NA,NA,NA,NA,NA,NA,NA,NA,NA,NA,NA,NA,NA,NA,NA,NA,NA,NA,NA,NA,NA,NA,1993,8,4,"MSB 19155-1","JAR11020F","KL","KL","07-23-2025","F",38,30,585,"impact","impact_1991-2000",35.017503,-106.672569,0,0,0,10,0,0,0,0,0,0,0,0,0,"0",0,NA,NA,NA,NA,NA,NA,NA,NA,NA,NA,NA,NA,NA,NA,NA,NA,NA,NA,NA,NA,NA,NA,NA,NA,NA,NA,NA,NA,NA,NA,NA,NA,NA
"392","MSB:Fish:19155",NA,NA,NA,NA,NA,NA,NA,NA,NA,NA,NA,NA,NA,NA,NA,NA,NA,NA,NA,NA,NA,NA,NA,NA,NA,NA,NA,NA,NA,NA,NA,NA,NA,NA,NA,NA,NA,NA,NA,1993,8,4,"MSB 19155-2","JAR11021F","KL","KL","07-23-2025","F",34,28,495,"impact","impact_1991-2000",35.017503,-106.672569,0,0,0,12,0,0,0,0,0,0,0,0,0,NA,0,NA,NA,NA,NA,NA,NA,NA,NA,NA,NA,NA,NA,NA,NA,NA,NA,NA,NA,NA,NA,NA,NA,NA,NA,NA,NA,NA,NA,NA,NA,NA,NA,NA
"393","MSB:Fish:19155",NA,NA,NA,NA,NA,NA,NA,NA,NA,NA,NA,NA,NA,NA,NA,NA,NA,NA,NA,NA,NA,NA,NA,NA,NA,NA,NA,NA,NA,NA,NA,NA,NA,NA,NA,NA,NA,NA,NA,1993,8,4,"MSB 19155-3","JAR11022F","KL","KL","07-23-2025","F",31,26,355,"impact","impact_1991-2000",35.017503,-106.672569,0,0,0,4,0,0,0,0,0,0,0,0,0,"1",0,NA,NA,NA,NA,NA,NA,NA,NA,NA,NA,NA,NA,NA,NA,NA,NA,NA,NA,NA,NA,NA,NA,NA,NA,NA,NA,NA,NA,NA,NA,NA,NA,NA
"394","MSB:Fish:19155",NA,NA,NA,NA,NA,NA,NA,NA,NA,NA,NA,NA,NA,NA,NA,NA,NA,NA,NA,NA,NA,NA,NA,NA,NA,NA,NA,NA,NA,NA,NA,NA,NA,NA,NA,NA,NA,NA,NA,1993,8,4,"MSB 19155-5","JAR11012F","KL","KL","07-23-2025","F",38,32,697,"impact","impact_1991-2000",35.017503,-106.672569,0,0,0,0,0,0,0,0,0,0,0,0,0,"1",0,NA,NA,NA,NA,NA,NA,NA,NA,NA,NA,NA,NA,NA,NA,NA,NA,NA,NA,NA,NA,NA,NA,NA,NA,NA,NA,NA,NA,NA,NA,NA,NA,NA
"395","MSB:Fish:19155",NA,NA,NA,NA,NA,NA,NA,NA,NA,NA,NA,NA,NA,NA,NA,NA,NA,NA,NA,NA,NA,NA,NA,NA,NA,NA,NA,NA,NA,NA,NA,NA,NA,NA,NA,NA,NA,NA,NA,1993,8,4,"MSB 19155-4","JAR11027F","KL","KL","07-23-2025","F",34,28,NA,"impact","impact_1991-2000",35.017503,-106.672569,0,0,0,6,0,0,0,0,0,0,0,0,0,"0",0,NA,NA,NA,NA,NA,NA,NA,NA,NA,NA,NA,NA,NA,NA,NA,NA,NA,NA,NA,NA,NA,NA,NA,NA,NA,NA,NA,NA,NA,NA,NA,NA,NA
"396","MSB:Fish:19170",NA,NA,NA,NA,NA,NA,NA,NA,NA,NA,NA,NA,NA,NA,NA,NA,NA,NA,NA,NA,NA,NA,NA,NA,NA,NA,NA,NA,NA,NA,NA,NA,NA,NA,NA,NA,NA,NA,NA,1993,8,4,"MSB 19170-3","JAR8800F","BP","BP GC","07-07-2025","F",34,26,421,"impact","impact_1991-2000",35.008358,-106.678909,0,0,0,0,0,0,0,0,0,0,0,0,0,"0",0,NA,NA,NA,NA,NA,NA,NA,NA,NA,NA,NA,NA,NA,NA,NA,NA,NA,NA,NA,NA,NA,NA,NA,NA,NA,NA,NA,NA,NA,NA,NA,NA,NA
"397","MSB:Fish:19170",NA,NA,NA,NA,NA,NA,NA,NA,NA,NA,NA,NA,NA,NA,NA,NA,NA,NA,NA,NA,NA,NA,NA,NA,NA,NA,NA,NA,NA,NA,NA,NA,NA,NA,NA,NA,NA,NA,NA,1993,8,4,"MSB 19170-5","JAR8798F","EO","JG","07-07-2025","F",32,25,353,"impact","impact_1991-2000",35.008358,-106.678909,0,0,0,0,0,0,0,0,0,0,0,0,0,"0",0,NA,NA,NA,NA,NA,NA,NA,NA,NA,NA,NA,NA,NA,NA,NA,NA,NA,NA,NA,NA,NA,NA,NA,NA,NA,NA,NA,NA,NA,NA,NA,NA,NA
"398","MSB:Fish:19170",NA,NA,NA,NA,NA,NA,NA,NA,NA,NA,NA,NA,NA,NA,NA,NA,NA,NA,NA,NA,NA,NA,NA,NA,NA,NA,NA,NA,NA,NA,NA,NA,NA,NA,NA,NA,NA,NA,NA,1993,8,4,"MSB 19170-1","JAR8802F","BP","GC","07-07-2025","F",31,24,355,"impact","impact_1991-2000",35.008358,-106.678909,0,0,0,0,0,0,0,0,0,0,0,0,0,"0",0,NA,NA,NA,NA,NA,NA,NA,NA,NA,NA,NA,NA,NA,NA,NA,NA,NA,NA,NA,NA,NA,NA,NA,NA,NA,NA,NA,NA,NA,NA,NA,NA,NA
"399","MSB:Fish:19170",NA,NA,NA,NA,NA,NA,NA,NA,NA,NA,NA,NA,NA,NA,NA,NA,NA,NA,NA,NA,NA,NA,NA,NA,NA,NA,NA,NA,NA,NA,NA,NA,NA,NA,NA,NA,NA,NA,NA,1993,8,4,"MSB 19170-4","JAR8799F","EO","BP","07-07-2025","F",34,27,460,"impact","impact_1991-2000",35.008358,-106.678909,0,0,0,0,0,0,0,0,0,0,0,0,0,"0",0,NA,NA,NA,NA,NA,NA,NA,NA,NA,NA,NA,NA,NA,NA,NA,NA,NA,NA,NA,NA,NA,NA,NA,NA,NA,NA,NA,NA,NA,NA,NA,NA,NA
"400","MSB:Fish:19170",NA,NA,NA,NA,NA,NA,NA,NA,NA,NA,NA,NA,NA,NA,NA,NA,NA,NA,NA,NA,NA,NA,NA,NA,NA,NA,NA,NA,NA,NA,NA,NA,NA,NA,NA,NA,NA,NA,NA,1993,8,4,"MSB 19170-2","JAR8801F","EO","BP KL","07-07-2025",NA,35,27,481,"impact","impact_1991-2000",35.008358,-106.678909,0,0,0,0,0,0,0,0,0,0,0,0,0,"0",0,NA,NA,NA,NA,NA,NA,NA,NA,NA,NA,NA,NA,NA,NA,NA,NA,NA,NA,NA,NA,NA,NA,NA,NA,NA,NA,NA,NA,NA,NA,NA,NA,NA
"401","MSB:Fish:2795",NA,NA,NA,NA,NA,NA,NA,NA,NA,NA,NA,NA,NA,NA,NA,NA,NA,NA,NA,NA,NA,NA,NA,NA,NA,NA,NA,NA,NA,NA,NA,NA,NA,NA,NA,NA,NA,NA,NA,1969,4,2,"MSB 2795-4","JAR8920F","BP","KL","07-09-2025","F",29,24,236,"control","control_1961-1970",35.253452,-106.592892,0,0,0,6,0,0,0,0,0,0,0,0,0,"0",0,NA,NA,NA,NA,NA,NA,NA,NA,NA,NA,NA,NA,NA,NA,NA,NA,NA,NA,NA,NA,NA,NA,NA,NA,NA,NA,NA,NA,NA,NA,NA,NA,NA
"402","MSB:Fish:2795",NA,NA,NA,NA,NA,NA,NA,NA,NA,NA,NA,NA,NA,NA,NA,NA,NA,NA,NA,NA,NA,NA,NA,NA,NA,NA,NA,NA,NA,NA,NA,NA,NA,NA,NA,NA,NA,NA,NA,1969,4,2,"MSB 2795-5","JAR8919F","BP","JG","07-09-2025",NA,25,19,105,"control","control_1961-1970",35.253452,-106.592892,0,0,0,0,0,0,0,0,0,0,0,0,0,NA,0,NA,NA,NA,NA,NA,NA,NA,NA,NA,NA,NA,NA,NA,NA,NA,NA,NA,NA,NA,NA,NA,NA,NA,NA,NA,NA,NA,NA,NA,NA,NA,NA,NA
"403","MSB:Fish:2795",NA,NA,NA,NA,NA,NA,NA,NA,NA,NA,NA,NA,NA,NA,NA,NA,NA,NA,NA,NA,NA,NA,NA,NA,NA,NA,NA,NA,NA,NA,NA,NA,NA,NA,NA,NA,NA,NA,NA,1969,4,2,"MSB 2795-2","JAR8925F","BP","GC","07-09-2025",NA,31,24,325,"control","control_1961-1970",35.253452,-106.592892,0,0,0,4,0,0,0,0,0,0,0,0,0,NA,0,NA,NA,NA,NA,NA,NA,NA,NA,NA,NA,NA,NA,NA,NA,NA,NA,NA,NA,NA,NA,NA,NA,NA,NA,NA,NA,NA,NA,NA,NA,NA,NA,NA
"404","MSB:Fish:2795",NA,NA,NA,NA,NA,NA,NA,NA,NA,NA,NA,NA,NA,NA,NA,NA,NA,NA,NA,NA,NA,NA,NA,NA,NA,NA,NA,NA,NA,NA,NA,NA,NA,NA,NA,NA,NA,NA,NA,1969,4,2,"MSB 2795-1","JAR8932F","BP","JG","07-09-2025",NA,45,35,820,"control","control_1961-1970",35.253452,-106.592892,0,0,0,0,0,0,0,0,0,0,0,0,0,NA,0,NA,NA,NA,NA,NA,NA,NA,NA,NA,NA,NA,NA,NA,NA,NA,NA,NA,NA,NA,NA,NA,NA,NA,NA,NA,NA,NA,NA,NA,NA,NA,NA,NA
"405","MSB:Fish:2795",NA,NA,NA,NA,NA,NA,NA,NA,NA,NA,NA,NA,NA,NA,NA,NA,NA,NA,NA,NA,NA,NA,NA,NA,NA,NA,NA,NA,NA,NA,NA,NA,NA,NA,NA,NA,NA,NA,NA,1969,4,2,"MSB 2795-3","JAR8921F","BP","GC","07-09-2025",NA,46,37,885,"control","control_1961-1970",35.253452,-106.592892,0,0,0,4,0,0,0,0,0,0,0,0,0,"0",0,NA,NA,NA,NA,NA,NA,NA,NA,NA,NA,NA,NA,NA,NA,NA,NA,NA,NA,NA,NA,NA,NA,NA,NA,NA,NA,NA,NA,NA,NA,NA,NA,NA
"406","MSB:Fish:280",NA,NA,NA,NA,NA,NA,NA,NA,NA,NA,NA,NA,NA,NA,NA,NA,NA,NA,NA,NA,NA,NA,NA,NA,NA,NA,NA,NA,NA,NA,NA,NA,NA,NA,NA,NA,NA,NA,NA,1949,10,28,"MSB 280-3","JAR8830F","BP","EO","07-08-2025","F",28,20,184,"impact","impact_1941-1950",35.155761,-106.655157,0,0,0,0,0,0,0,0,0,0,0,0,0,NA,0,NA,NA,NA,NA,NA,NA,NA,NA,NA,NA,NA,NA,NA,NA,NA,NA,NA,NA,NA,NA,NA,NA,NA,NA,NA,NA,NA,NA,NA,NA,NA,NA,NA
"407","MSB:Fish:280",NA,NA,NA,NA,NA,NA,NA,NA,NA,NA,NA,NA,NA,NA,NA,NA,NA,NA,NA,NA,NA,NA,NA,NA,NA,NA,NA,NA,NA,NA,NA,NA,NA,NA,NA,NA,NA,NA,NA,1949,10,28,"MSB 280-4","JAR8828F","JG","JG","07-08-2025",NA,43,35,824,"impact","impact_1941-1950",35.155761,-106.655157,0,0,0,0,0,0,0,0,0,0,0,0,0,"0",0,NA,NA,NA,NA,NA,NA,NA,NA,NA,NA,NA,NA,NA,NA,NA,NA,NA,NA,NA,NA,NA,NA,NA,NA,NA,NA,NA,NA,NA,NA,NA,NA,NA
"408","MSB:Fish:280",NA,NA,NA,NA,NA,NA,NA,NA,NA,NA,NA,NA,NA,NA,NA,NA,NA,NA,NA,NA,NA,NA,NA,NA,NA,NA,NA,NA,NA,NA,NA,NA,NA,NA,NA,NA,NA,NA,NA,1949,10,28,"MSB 280-1","JAR8833F","BP","BP","07-08-2025",NA,33,26,379,"impact","impact_1941-1950",35.155761,-106.655157,0,0,0,0,0,0,0,0,0,0,0,0,0,NA,0,NA,NA,NA,NA,NA,NA,NA,NA,NA,NA,NA,NA,NA,NA,NA,NA,NA,NA,NA,NA,NA,NA,NA,NA,NA,NA,NA,NA,NA,NA,NA,NA,NA
"409","MSB:Fish:280",NA,NA,NA,NA,NA,NA,NA,NA,NA,NA,NA,NA,NA,NA,NA,NA,NA,NA,NA,NA,NA,NA,NA,NA,NA,NA,NA,NA,NA,NA,NA,NA,NA,NA,NA,NA,NA,NA,NA,1949,10,28,"MSB 280-5","JAR8826F","JG","JG","07-08-2025",NA,28,23,238,"impact","impact_1941-1950",35.155761,-106.655157,0,0,0,0,0,0,0,0,0,0,0,0,0,NA,0,NA,NA,NA,NA,NA,NA,NA,NA,NA,NA,NA,NA,NA,NA,NA,NA,NA,NA,NA,NA,NA,NA,NA,NA,NA,NA,NA,NA,NA,NA,NA,NA,NA
"410","MSB:Fish:280",NA,NA,NA,NA,NA,NA,NA,NA,NA,NA,NA,NA,NA,NA,NA,NA,NA,NA,NA,NA,NA,NA,NA,NA,NA,NA,NA,NA,NA,NA,NA,NA,NA,NA,NA,NA,NA,NA,NA,1949,10,28,"MSB 280-2","JAR8831F","JG","KL","07-08-2025","F",42,33,733,"impact","impact_1941-1950",35.155761,-106.655157,0,0,0,0,6,0,0,0,0,0,0,0,0,"0",0,NA,NA,NA,NA,NA,NA,NA,NA,NA,NA,NA,NA,NA,NA,NA,NA,NA,NA,NA,NA,NA,NA,NA,NA,NA,NA,NA,NA,NA,NA,NA,NA,NA
"411","MSB:Fish:285",NA,NA,NA,NA,NA,NA,NA,NA,NA,NA,NA,NA,NA,NA,NA,NA,NA,NA,NA,NA,NA,NA,NA,NA,NA,NA,NA,NA,NA,NA,NA,NA,NA,NA,NA,NA,NA,NA,NA,1961,2,17,"MSB 285-3","JAR11528F","EO","KL","07-15-2025","F",42,34,741,"impact","impact_1961-1970",35.051774,-106.671997,0,0,0,0,8,0,0,0,0,0,0,0,0,NA,0,NA,NA,NA,NA,NA,NA,NA,NA,NA,NA,NA,NA,NA,NA,NA,NA,NA,NA,NA,NA,NA,NA,NA,NA,NA,NA,NA,NA,NA,NA,NA,NA,NA
"412","MSB:Fish:285",NA,NA,NA,NA,NA,NA,NA,NA,NA,NA,NA,NA,NA,NA,NA,NA,NA,NA,NA,NA,NA,NA,NA,NA,NA,NA,NA,NA,NA,NA,NA,NA,NA,NA,NA,NA,NA,NA,NA,1961,2,17,"MSB 285-2","JAR11525F","BP","GC","07-15-2025",NA,32,25,318,"impact","impact_1961-1970",35.051774,-106.671997,0,0,0,16,0,0,0,0,0,0,0,0,0,NA,0,NA,NA,NA,NA,NA,NA,NA,NA,NA,NA,NA,NA,NA,NA,NA,NA,NA,NA,NA,NA,NA,NA,NA,NA,NA,NA,NA,NA,NA,NA,NA,NA,NA
"413","MSB:Fish:285",NA,NA,NA,NA,NA,NA,NA,NA,NA,NA,NA,NA,NA,NA,NA,NA,NA,NA,NA,NA,NA,NA,NA,NA,NA,NA,NA,NA,NA,NA,NA,NA,NA,NA,NA,NA,NA,NA,NA,1961,2,17,"MSB 285-1","JAR11517F","EO","KL","07-15-2025","F",46,37,1064,"impact","impact_1961-1970",35.051774,-106.671997,0,0,0,18,0,0,0,0,0,0,0,0,0,"0",0,NA,NA,NA,NA,NA,NA,NA,NA,NA,NA,NA,NA,NA,NA,NA,NA,NA,NA,NA,NA,NA,NA,NA,NA,NA,NA,NA,NA,NA,NA,NA,NA,NA
"414","MSB:Fish:285",NA,NA,NA,NA,NA,NA,NA,NA,NA,NA,NA,NA,NA,NA,NA,NA,NA,NA,NA,NA,NA,NA,NA,NA,NA,NA,NA,NA,NA,NA,NA,NA,NA,NA,NA,NA,NA,NA,NA,1961,2,17,"MSB 285-4","JAR11530F","BP","KL","07-15-2025","F",34,26,419,"impact","impact_1961-1970",35.051774,-106.671997,1,0,4,14,0,0,0,0,0,0,0,0,0,"0",0,NA,NA,NA,NA,NA,NA,NA,NA,NA,NA,NA,NA,NA,NA,NA,NA,NA,NA,NA,NA,NA,NA,NA,NA,NA,NA,NA,NA,NA,NA,NA,NA,NA
"415","MSB:Fish:285",NA,NA,NA,NA,NA,NA,NA,NA,NA,NA,NA,NA,NA,NA,NA,NA,NA,NA,NA,NA,NA,NA,NA,NA,NA,NA,NA,NA,NA,NA,NA,NA,NA,NA,NA,NA,NA,NA,NA,1961,2,17,"MSB 285-5","JAR11520F","EO","EO","07-15-2025","F",29,23,224,"impact","impact_1961-1970",35.051774,-106.671997,0,0,0,6,0,0,0,0,0,0,0,0,0,"0",0,NA,NA,NA,NA,NA,NA,NA,NA,NA,NA,NA,NA,NA,NA,NA,NA,NA,NA,NA,NA,NA,NA,NA,NA,NA,NA,NA,NA,NA,NA,NA,NA,NA
"416","MSB:Fish:288",NA,NA,NA,NA,NA,NA,NA,NA,NA,NA,NA,NA,NA,NA,NA,NA,NA,NA,NA,NA,NA,NA,NA,NA,NA,NA,NA,NA,NA,NA,NA,NA,NA,NA,NA,NA,NA,NA,NA,1949,12,3,"MSB 288-1","JAR11272F","BP","GC","07-11-2025","F",41,32,695,"impact","impact_1941-1950",35.068939,-106.663683,0,0,0,2,0,0,0,0,0,0,0,0,0,NA,0,NA,NA,NA,NA,NA,NA,NA,NA,NA,NA,NA,NA,NA,NA,NA,NA,NA,NA,NA,NA,NA,NA,NA,NA,NA,NA,NA,NA,NA,NA,NA,NA,NA
"417","MSB:Fish:288",NA,NA,NA,NA,NA,NA,NA,NA,NA,NA,NA,NA,NA,NA,NA,NA,NA,NA,NA,NA,NA,NA,NA,NA,NA,NA,NA,NA,NA,NA,NA,NA,NA,NA,NA,NA,NA,NA,NA,1949,12,3,"MSB 288-4","JAR11269F","BP","BP","07-11-2025",NA,28,22,247,"impact","impact_1941-1950",35.068939,-106.663683,0,0,0,0,0,0,0,0,0,0,0,0,0,"0",0,NA,NA,NA,NA,NA,NA,NA,NA,NA,NA,NA,NA,NA,NA,NA,NA,NA,NA,NA,NA,NA,NA,NA,NA,NA,NA,NA,NA,NA,NA,NA,NA,NA
"418","MSB:Fish:288",NA,NA,NA,NA,NA,NA,NA,NA,NA,NA,NA,NA,NA,NA,NA,NA,NA,NA,NA,NA,NA,NA,NA,NA,NA,NA,NA,NA,NA,NA,NA,NA,NA,NA,NA,NA,NA,NA,NA,1949,12,3,"MSB 288-5","JAR11268F","EO","EO","07-11-2025","F",35,28,413,"impact","impact_1941-1950",35.068939,-106.663683,0,0,0,2,0,0,0,0,0,0,0,0,0,"0",0,NA,NA,NA,NA,NA,NA,NA,NA,NA,NA,NA,NA,NA,NA,NA,NA,NA,NA,NA,NA,NA,NA,NA,NA,NA,NA,NA,NA,NA,NA,NA,NA,NA
"419","MSB:Fish:288",NA,NA,NA,NA,NA,NA,NA,NA,NA,NA,NA,NA,NA,NA,NA,NA,NA,NA,NA,NA,NA,NA,NA,NA,NA,NA,NA,NA,NA,NA,NA,NA,NA,NA,NA,NA,NA,NA,NA,1949,12,3,"MSB 288-3","JAR11270F","EO","KL","07-11-2025","F",49,40,1240,"impact","impact_1941-1950",35.068939,-106.663683,0,0,0,0,6,0,0,0,0,0,0,0,0,NA,0,NA,NA,NA,NA,NA,NA,NA,NA,NA,NA,NA,NA,NA,NA,NA,NA,NA,NA,NA,NA,NA,NA,NA,NA,NA,NA,NA,NA,NA,NA,NA,NA,NA
"420","MSB:Fish:288",NA,NA,NA,NA,NA,NA,NA,NA,NA,NA,NA,NA,NA,NA,NA,NA,NA,NA,NA,NA,NA,NA,NA,NA,NA,NA,NA,NA,NA,NA,NA,NA,NA,NA,NA,NA,NA,NA,NA,1949,12,3,"MSB 288-2","JAR11271F","BP","BP","07-11-2025",NA,30,27,461,"impact","impact_1941-1950",35.068939,-106.663683,0,0,0,2,0,0,0,0,0,0,0,0,0,"0",0,NA,NA,NA,NA,NA,NA,NA,NA,NA,NA,NA,NA,NA,NA,NA,NA,NA,NA,NA,NA,NA,NA,NA,NA,NA,NA,NA,NA,NA,NA,NA,NA,NA
"421","MSB:Fish:292",NA,NA,NA,NA,NA,NA,NA,NA,NA,NA,NA,NA,NA,NA,NA,NA,NA,NA,NA,NA,NA,NA,NA,NA,NA,NA,NA,NA,NA,NA,NA,NA,NA,NA,NA,NA,NA,NA,NA,1961,2,12,"MSB 292-3","JAR11553F","JG","KL","07-16-2025","M",25,21,138,"control","control_1961-1970",35.408152,-106.470544,0,0,NA,2,2,0,0,0,0,0,0,0,0,NA,0,NA,NA,NA,NA,NA,NA,NA,NA,NA,NA,NA,NA,NA,NA,NA,NA,NA,NA,NA,NA,NA,NA,NA,NA,NA,NA,NA,NA,NA,NA,NA,NA,NA
"422","MSB:Fish:292",NA,NA,NA,NA,NA,NA,NA,NA,NA,NA,NA,NA,NA,NA,NA,NA,NA,NA,NA,NA,NA,NA,NA,NA,NA,NA,NA,NA,NA,NA,NA,NA,NA,NA,NA,NA,NA,NA,NA,1961,2,12,"MSB 292-1","JAR11556F","BP","KL","07-16-2025","M",31,24,273,"control","control_1961-1970",35.408152,-106.470544,0,0,0,4,0,0,2,0,0,0,0,0,0,"0",0,NA,NA,NA,NA,NA,NA,NA,NA,NA,NA,NA,NA,NA,NA,NA,NA,NA,NA,NA,NA,NA,NA,NA,NA,NA,NA,NA,NA,NA,NA,NA,NA,NA
"423","MSB:Fish:292",NA,NA,NA,NA,NA,NA,NA,NA,NA,NA,NA,NA,NA,NA,NA,NA,NA,NA,NA,NA,NA,NA,NA,NA,NA,NA,NA,NA,NA,NA,NA,NA,NA,NA,NA,NA,NA,NA,NA,1961,2,12,"MSB 292-5","JAR11547F","JG","JG","07-16-2025",NA,25,21,167,"control","control_1961-1970",35.408152,-106.470544,0,0,0,4,0,0,0,0,0,0,0,0,0,NA,0,NA,NA,NA,NA,NA,NA,NA,NA,NA,NA,NA,NA,NA,NA,NA,NA,NA,NA,NA,NA,NA,NA,NA,NA,NA,NA,NA,NA,NA,NA,NA,NA,NA
"424","MSB:Fish:292",NA,NA,NA,NA,NA,NA,NA,NA,NA,NA,NA,NA,NA,NA,NA,NA,NA,NA,NA,NA,NA,NA,NA,NA,NA,NA,NA,NA,NA,NA,NA,NA,NA,NA,NA,NA,NA,NA,NA,1961,2,12,"MSB 292-4","JAR11550F","BP","KL","07-16-2025","F",33,25,342,"control","control_1961-1970",35.408152,-106.470544,0,0,0,16,2,0,0,0,0,0,0,0,0,"0",0,NA,NA,NA,NA,NA,NA,NA,NA,NA,NA,NA,NA,NA,NA,NA,NA,NA,NA,NA,NA,NA,NA,NA,NA,NA,NA,NA,NA,NA,NA,NA,NA,NA
"425","MSB:Fish:292",NA,NA,NA,NA,NA,NA,NA,NA,NA,NA,NA,NA,NA,NA,NA,NA,NA,NA,NA,NA,NA,NA,NA,NA,NA,NA,NA,NA,NA,NA,NA,NA,NA,NA,NA,NA,NA,NA,NA,1961,2,12,"MSB 292-2","JAR11534F","JG","JG","07-16-2025",NA,25,20,132,"control","control_1961-1970",35.408152,-106.470544,0,0,0,4,0,0,0,0,0,0,0,0,0,NA,0,NA,NA,NA,NA,NA,NA,NA,NA,NA,NA,NA,NA,NA,NA,NA,NA,NA,NA,NA,NA,NA,NA,NA,NA,NA,NA,NA,NA,NA,NA,NA,NA,NA
"426","MSB:Fish:305",NA,NA,NA,NA,NA,NA,NA,NA,NA,NA,NA,NA,NA,NA,NA,NA,NA,NA,NA,NA,NA,NA,NA,NA,NA,NA,NA,NA,NA,NA,NA,NA,NA,NA,NA,NA,NA,NA,NA,1949,7,21,"MSB 305-2","JAR8913F","BP","GC","07-09-2025",NA,41,32,810,"impact","impact_1941-1950",35.204443,-106.610046,0,0,0,34,0,0,0,0,0,0,0,0,0,NA,0,NA,NA,NA,NA,NA,NA,NA,NA,NA,NA,NA,NA,NA,NA,NA,NA,NA,NA,NA,NA,NA,NA,NA,NA,NA,NA,NA,NA,NA,NA,NA,NA,NA
"427","MSB:Fish:305",NA,NA,NA,NA,NA,NA,NA,NA,NA,NA,NA,NA,NA,NA,NA,NA,NA,NA,NA,NA,NA,NA,NA,NA,NA,NA,NA,NA,NA,NA,NA,NA,NA,NA,NA,NA,NA,NA,NA,1949,7,21,"MSB 305-3","JAR8915F","BP","KL","07-09-2025","F",39,31,840,"impact","impact_1941-1950",35.204443,-106.610046,0,0,0,60,0,0,0,0,0,0,0,0,0,"0",0,NA,NA,NA,NA,NA,NA,NA,NA,NA,NA,NA,NA,NA,NA,NA,NA,NA,NA,NA,NA,NA,NA,NA,NA,NA,NA,NA,NA,NA,NA,NA,NA,NA
"428","MSB:Fish:305",NA,NA,NA,NA,NA,NA,NA,NA,NA,NA,NA,NA,NA,NA,NA,NA,NA,NA,NA,NA,NA,NA,NA,NA,NA,NA,NA,NA,NA,NA,NA,NA,NA,NA,NA,NA,NA,NA,NA,1949,7,21,"MSB 305-1","JAR8911F","BP","JG","07-09-2025","F",38,30,653,"impact","impact_1941-1950",35.204443,-106.610046,0,0,0,32,0,0,0,0,0,0,0,0,0,"0",0,NA,NA,NA,NA,NA,NA,NA,NA,NA,NA,NA,NA,NA,NA,NA,NA,NA,NA,NA,NA,NA,NA,NA,NA,NA,NA,NA,NA,NA,NA,NA,NA,NA
"429","MSB:Fish:305",NA,NA,NA,NA,NA,NA,NA,NA,NA,NA,NA,NA,NA,NA,NA,NA,NA,NA,NA,NA,NA,NA,NA,NA,NA,NA,NA,NA,NA,NA,NA,NA,NA,NA,NA,NA,NA,NA,NA,1949,7,21,"MSB 305-5","JAR8918F","BP","KL","07-09-2025",NA,41,34,848,"impact","impact_1941-1950",35.204443,-106.610046,0,0,0,42,0,0,0,0,0,0,0,0,0,NA,0,NA,NA,NA,NA,NA,NA,NA,NA,NA,NA,NA,NA,NA,NA,NA,NA,NA,NA,NA,NA,NA,NA,NA,NA,NA,NA,NA,NA,NA,NA,NA,NA,NA
"430","MSB:Fish:305",NA,NA,NA,NA,NA,NA,NA,NA,NA,NA,NA,NA,NA,NA,NA,NA,NA,NA,NA,NA,NA,NA,NA,NA,NA,NA,NA,NA,NA,NA,NA,NA,NA,NA,NA,NA,NA,NA,NA,1949,7,21,"MSB 305-4","JAR8917F","BP","EO","07-09-2025","F",26,21,146,"impact","impact_1941-1950",35.204443,-106.610046,0,0,0,6,0,0,0,0,0,0,0,0,0,"0",0,NA,NA,NA,NA,NA,NA,NA,NA,NA,NA,NA,NA,NA,NA,NA,NA,NA,NA,NA,NA,NA,NA,NA,NA,NA,NA,NA,NA,NA,NA,NA,NA,NA
"431","MSB:Fish:307",NA,NA,NA,NA,NA,NA,NA,NA,NA,NA,NA,NA,NA,NA,NA,NA,NA,NA,NA,NA,NA,NA,NA,NA,NA,NA,NA,NA,NA,NA,NA,NA,NA,NA,NA,NA,NA,NA,NA,1959,2,24,"MSB 307-1","JAR8797F","BP","GC","07-07-2025","F",30,24,257,"impact","impact_1951-1960",34.987044,-106.690293,0,0,0,0,0,0,0,0,0,0,0,0,0,"0",0,NA,NA,NA,NA,NA,NA,NA,NA,NA,NA,NA,NA,NA,NA,NA,NA,NA,NA,NA,NA,NA,NA,NA,NA,NA,NA,NA,NA,NA,NA,NA,NA,NA
"432","MSB:Fish:307",NA,NA,NA,NA,NA,NA,NA,NA,NA,NA,NA,NA,NA,NA,NA,NA,NA,NA,NA,NA,NA,NA,NA,NA,NA,NA,NA,NA,NA,NA,NA,NA,NA,NA,NA,NA,NA,NA,NA,1959,2,24,"MSB 307-2","JAR8796F","JG","KL","07-07-2025","F",31,23,295,"impact","impact_1951-1960",34.987044,-106.690293,0,0,0,2,0,0,0,0,0,0,0,0,0,NA,0,NA,NA,NA,NA,NA,NA,NA,NA,NA,NA,NA,NA,NA,NA,NA,NA,NA,NA,NA,NA,NA,NA,NA,NA,NA,NA,NA,NA,NA,NA,NA,NA,NA
"433","MSB:Fish:307",NA,NA,NA,NA,NA,NA,NA,NA,NA,NA,NA,NA,NA,NA,NA,NA,NA,NA,NA,NA,NA,NA,NA,NA,NA,NA,NA,NA,NA,NA,NA,NA,NA,NA,NA,NA,NA,NA,NA,1959,2,24,"MSB 307-5","JAR8793F","JG","GC","07-07-2025",NA,33,24,304,"impact","impact_1951-1960",34.987044,-106.690293,0,0,0,0,0,0,0,0,0,0,0,0,0,"0",0,NA,NA,NA,NA,NA,NA,NA,NA,NA,NA,NA,NA,NA,NA,NA,NA,NA,NA,NA,NA,NA,NA,NA,NA,NA,NA,NA,NA,NA,NA,NA,NA,NA
"434","MSB:Fish:307",NA,NA,NA,NA,NA,NA,NA,NA,NA,NA,NA,NA,NA,NA,NA,NA,NA,NA,NA,NA,NA,NA,NA,NA,NA,NA,NA,NA,NA,NA,NA,NA,NA,NA,NA,NA,NA,NA,NA,1959,2,24,"MSB 307-4","JAR8794F","BP","KL","07-07-2025","F",31,26,296,"impact","impact_1951-1960",34.987044,-106.690293,0,0,0,0,0,0,0,0,0,0,0,0,0,"0",0,NA,NA,NA,NA,NA,NA,NA,NA,NA,NA,NA,NA,NA,NA,NA,NA,NA,NA,NA,NA,NA,NA,NA,NA,NA,NA,NA,NA,NA,NA,NA,NA,NA
"435","MSB:Fish:307",NA,NA,NA,NA,NA,NA,NA,NA,NA,NA,NA,NA,NA,NA,NA,NA,NA,NA,NA,NA,NA,NA,NA,NA,NA,NA,NA,NA,NA,NA,NA,NA,NA,NA,NA,NA,NA,NA,NA,1959,2,24,"MSB 307-3","JAR8795F","BP","KL","07-07-2025",NA,31,25,277,"impact","impact_1951-1960",34.987044,-106.690293,0,0,0,4,0,0,0,0,0,0,0,0,0,NA,0,NA,NA,NA,NA,NA,NA,NA,NA,NA,NA,NA,NA,NA,NA,NA,NA,NA,NA,NA,NA,NA,NA,NA,NA,NA,NA,NA,NA,NA,NA,NA,NA,NA
"436","MSB:Fish:30771",NA,NA,NA,NA,NA,NA,NA,NA,NA,NA,NA,NA,NA,NA,NA,NA,NA,NA,NA,NA,NA,NA,NA,NA,NA,NA,NA,NA,NA,NA,NA,NA,NA,NA,NA,NA,NA,NA,NA,1996,10,30,"MSB 30771-3","JAR11025F","KL","KL","07-28-2025",NA,39,32,613,"control","control_1991-2000",35.38033333,-106.4990556,0,0,0,0,2,0,0,0,0,0,0,0,0,"0",0,NA,NA,NA,NA,NA,NA,NA,NA,NA,NA,NA,NA,NA,NA,NA,NA,NA,NA,NA,NA,NA,NA,NA,NA,NA,NA,NA,NA,NA,NA,NA,NA,NA
"437","MSB:Fish:30771",NA,NA,NA,NA,NA,NA,NA,NA,NA,NA,NA,NA,NA,NA,NA,NA,NA,NA,NA,NA,NA,NA,NA,NA,NA,NA,NA,NA,NA,NA,NA,NA,NA,NA,NA,NA,NA,NA,NA,1996,10,30,"MSB 30771-2","JAR11024F","KL","KL","07-28-2025",NA,34,27,361,"control","control_1991-2000",35.38033333,-106.4990556,0,0,0,0,10,0,0,0,0,0,0,0,0,"0",0,NA,NA,NA,NA,NA,NA,NA,NA,NA,NA,NA,NA,NA,NA,NA,NA,NA,NA,NA,NA,NA,NA,NA,NA,NA,NA,NA,NA,NA,NA,NA,NA,NA
"438","MSB:Fish:30771",NA,NA,NA,NA,NA,NA,NA,NA,NA,NA,NA,NA,NA,NA,NA,NA,NA,NA,NA,NA,NA,NA,NA,NA,NA,NA,NA,NA,NA,NA,NA,NA,NA,NA,NA,NA,NA,NA,NA,1996,10,30,"MSB 30771-1","JAR11030F","KL","KL","07-28-2025",NA,27,21,182,"control","control_1991-2000",35.38033333,-106.4990556,0,0,0,0,2,0,0,0,0,0,0,0,0,"0",0,NA,NA,NA,NA,NA,NA,NA,NA,NA,NA,NA,NA,NA,NA,NA,NA,NA,NA,NA,NA,NA,NA,NA,NA,NA,NA,NA,NA,NA,NA,NA,NA,NA
"439","MSB:Fish:30771",NA,NA,NA,NA,NA,NA,NA,NA,NA,NA,NA,NA,NA,NA,NA,NA,NA,NA,NA,NA,NA,NA,NA,NA,NA,NA,NA,NA,NA,NA,NA,NA,NA,NA,NA,NA,NA,NA,NA,1996,10,30,"MSB 30771-5","JAR11033F","KL","KL","07-28-2025","M",30,23,241,"control","control_1991-2000",35.38033333,-106.4990556,0,0,0,0,8,0,0,0,0,0,0,0,0,"0",0,NA,NA,NA,NA,NA,NA,NA,NA,NA,NA,NA,NA,NA,NA,NA,NA,NA,NA,NA,NA,NA,NA,NA,NA,NA,NA,NA,NA,NA,NA,NA,NA,NA
"440","MSB:Fish:30771",NA,NA,NA,NA,NA,NA,NA,NA,NA,NA,NA,NA,NA,NA,NA,NA,NA,NA,NA,NA,NA,NA,NA,NA,NA,NA,NA,NA,NA,NA,NA,NA,NA,NA,NA,NA,NA,NA,NA,1996,10,30,"MSB 30771-4","JAR11028F","KL","KL","07-28-2025",NA,26,20,165,"control","control_1991-2000",35.38033333,-106.4990556,0,0,0,2,0,0,0,0,0,0,0,0,0,"0",0,NA,NA,NA,NA,NA,NA,NA,NA,NA,NA,NA,NA,NA,NA,NA,NA,NA,NA,NA,NA,NA,NA,NA,NA,NA,NA,NA,NA,NA,NA,NA,NA,NA
"441","MSB:Fish:315",NA,NA,NA,NA,NA,NA,NA,NA,NA,NA,NA,NA,NA,NA,NA,NA,NA,NA,NA,NA,NA,NA,NA,NA,NA,NA,NA,NA,NA,NA,NA,NA,NA,NA,NA,NA,NA,NA,NA,1949,7,28,"MSB 315-3","JAR11521F","JG","KL","07-15-2025",NA,33,27,445,"impact","impact_1941-1950",35.188761,-106.64706,0,0,0,2,0,10,0,0,0,0,0,0,0,NA,0,NA,NA,NA,NA,NA,NA,NA,NA,NA,NA,NA,NA,NA,NA,NA,NA,NA,NA,NA,NA,NA,NA,NA,NA,NA,NA,NA,NA,NA,NA,NA,NA,NA
"442","MSB:Fish:315",NA,NA,NA,NA,NA,NA,NA,NA,NA,NA,NA,NA,NA,NA,NA,NA,NA,NA,NA,NA,NA,NA,NA,NA,NA,NA,NA,NA,NA,NA,NA,NA,NA,NA,NA,NA,NA,NA,NA,1949,7,28,"MSB 315-2","JAR11524F","BP","KL","07-15-2025","F",38,30,666,"impact","impact_1941-1950",35.188761,-106.64706,0,0,0,18,0,4,0,0,0,0,0,0,0,"0",0,NA,NA,NA,NA,NA,NA,NA,NA,NA,NA,NA,NA,NA,NA,NA,NA,NA,NA,NA,NA,NA,NA,NA,NA,NA,NA,NA,NA,NA,NA,NA,NA,NA
"443","MSB:Fish:315",NA,NA,NA,NA,NA,NA,NA,NA,NA,NA,NA,NA,NA,NA,NA,NA,NA,NA,NA,NA,NA,NA,NA,NA,NA,NA,NA,NA,NA,NA,NA,NA,NA,NA,NA,NA,NA,NA,NA,1949,7,28,"MSB 315-4","JAR11527F","BP","KL","07-15-2025","F",31,24,301,"impact","impact_1941-1950",35.188761,-106.64706,0,0,0,4,0,10,0,0,0,0,0,0,0,NA,0,NA,NA,NA,NA,NA,NA,NA,NA,NA,NA,NA,NA,NA,NA,NA,NA,NA,NA,NA,NA,NA,NA,NA,NA,NA,NA,NA,NA,NA,NA,NA,NA,NA
"444","MSB:Fish:315",NA,NA,NA,NA,NA,NA,NA,NA,NA,NA,NA,NA,NA,NA,NA,NA,NA,NA,NA,NA,NA,NA,NA,NA,NA,NA,NA,NA,NA,NA,NA,NA,NA,NA,NA,NA,NA,NA,NA,1949,7,28,"MSB 315-1","JAR11522F","JG","BP","07-15-2025",NA,38,31,711,"impact","impact_1941-1950",35.188761,-106.64706,0,0,0,0,0,0,0,0,0,0,0,0,0,NA,0,NA,NA,NA,NA,NA,NA,NA,NA,NA,NA,NA,NA,NA,NA,NA,NA,NA,NA,NA,NA,NA,NA,NA,NA,NA,NA,NA,NA,NA,NA,NA,NA,NA
"445","MSB:Fish:315",NA,NA,NA,NA,NA,NA,NA,NA,NA,NA,NA,NA,NA,NA,NA,NA,NA,NA,NA,NA,NA,NA,NA,NA,NA,NA,NA,NA,NA,NA,NA,NA,NA,NA,NA,NA,NA,NA,NA,1949,7,28,"MSB 315-5","JAR11544F","JG","EO","07-15-2025","F",35,28,417,"impact","impact_1941-1950",35.188761,-106.64706,0,0,0,2,0,2,0,0,0,0,0,0,0,"0",0,NA,NA,NA,NA,NA,NA,NA,NA,NA,NA,NA,NA,NA,NA,NA,NA,NA,NA,NA,NA,NA,NA,NA,NA,NA,NA,NA,NA,NA,NA,NA,NA,NA
"446","MSB:Fish:324",NA,NA,NA,NA,NA,NA,NA,NA,NA,NA,NA,NA,NA,NA,NA,NA,NA,NA,NA,NA,NA,NA,NA,NA,NA,NA,NA,NA,NA,NA,NA,NA,NA,NA,NA,NA,NA,NA,NA,1950,10,18,"MSB 324-2","JAR11336F","BP","KL","07-10-2025","F",45,36,1097,"control","control_1941-1950",35.229809,-106.616288,0,0,0,0,24,0,0,0,0,0,0,0,0,NA,0,NA,NA,NA,NA,NA,NA,NA,NA,NA,NA,NA,NA,NA,NA,NA,NA,NA,NA,NA,NA,NA,NA,NA,NA,NA,NA,NA,NA,NA,NA,NA,NA,NA
"447","MSB:Fish:324",NA,NA,NA,NA,NA,NA,NA,NA,NA,NA,NA,NA,NA,NA,NA,NA,NA,NA,NA,NA,NA,NA,NA,NA,NA,NA,NA,NA,NA,NA,NA,NA,NA,NA,NA,NA,NA,NA,NA,1950,10,18,"MSB 324-1","JAR11335F","JG","KL","07-10-2025","F",39,33,691,"control","control_1941-1950",35.229809,-106.616288,0,0,0,0,0,0,0,0,1,0,0,0,0,NA,0,NA,NA,NA,NA,NA,NA,NA,NA,NA,NA,NA,NA,NA,NA,NA,NA,NA,NA,NA,NA,NA,NA,NA,NA,NA,NA,NA,NA,NA,NA,NA,NA,NA
"448","MSB:Fish:324",NA,NA,NA,NA,NA,NA,NA,NA,NA,NA,NA,NA,NA,NA,NA,NA,NA,NA,NA,NA,NA,NA,NA,NA,NA,NA,NA,NA,NA,NA,NA,NA,NA,NA,NA,NA,NA,NA,NA,1950,10,18,"MSB 324-5","JAR11339F","BP","KL","07-10-2025","F",39,31,754,"control","control_1941-1950",35.229809,-106.616288,0,0,0,0,8,0,0,0,0,0,0,0,0,"0",0,NA,NA,NA,NA,NA,NA,NA,NA,NA,NA,NA,NA,NA,NA,NA,NA,NA,NA,NA,NA,NA,NA,NA,NA,NA,NA,NA,NA,NA,NA,NA,NA,NA
"449","MSB:Fish:324",NA,NA,NA,NA,NA,NA,NA,NA,NA,NA,NA,NA,NA,NA,NA,NA,NA,NA,NA,NA,NA,NA,NA,NA,NA,NA,NA,NA,NA,NA,NA,NA,NA,NA,NA,NA,NA,NA,NA,1950,10,18,"MSB 324-4","JAR11338F","BP","GC","07-10-2025",NA,46,36,1172,"control","control_1941-1950",35.229809,-106.616288,0,0,0,12,0,0,0,0,0,0,0,0,0,NA,0,NA,NA,NA,NA,NA,NA,NA,NA,NA,NA,NA,NA,NA,NA,NA,NA,NA,NA,NA,NA,NA,NA,NA,NA,NA,NA,NA,NA,NA,NA,NA,NA,NA
"450","MSB:Fish:324",NA,NA,NA,NA,NA,NA,NA,NA,NA,NA,NA,NA,NA,NA,NA,NA,NA,NA,NA,NA,NA,NA,NA,NA,NA,NA,NA,NA,NA,NA,NA,NA,NA,NA,NA,NA,NA,NA,NA,1950,10,18,"MSB 324-3","JAR11337F","BP","GC","07-10-2025",NA,49,39,1841,"control","control_1941-1950",35.229809,-106.616288,0,0,0,10,0,0,0,0,0,0,0,0,0,NA,0,NA,NA,NA,NA,NA,NA,NA,NA,NA,NA,NA,NA,NA,NA,NA,NA,NA,NA,NA,NA,NA,NA,NA,NA,NA,NA,NA,NA,NA,NA,NA,NA,NA
"451","MSB:Fish:326",NA,NA,NA,NA,NA,NA,NA,NA,NA,NA,NA,NA,NA,NA,NA,NA,NA,NA,NA,NA,NA,NA,NA,NA,NA,NA,NA,NA,NA,NA,NA,NA,NA,NA,NA,NA,NA,NA,NA,1949,7,21,"MSB 326-5","JAR8924F","EO","JG","07-09-2025","F",38,32,628,"impact","impact_1941-1950",35.210652,-106.627124,0,0,0,4,0,0,0,0,0,0,0,0,0,"0",0,NA,NA,NA,NA,NA,NA,NA,NA,NA,NA,NA,NA,NA,NA,NA,NA,NA,NA,NA,NA,NA,NA,NA,NA,NA,NA,NA,NA,NA,NA,NA,NA,NA
"452","MSB:Fish:326",NA,NA,NA,NA,NA,NA,NA,NA,NA,NA,NA,NA,NA,NA,NA,NA,NA,NA,NA,NA,NA,NA,NA,NA,NA,NA,NA,NA,NA,NA,NA,NA,NA,NA,NA,NA,NA,NA,NA,1949,7,21,"MSB 326-4","JAR8933F","EO","KL","07-09-2025","F",33,27,421,"impact","impact_1941-1950",35.210652,-106.627124,0,0,0,4,0,0,0,0,0,0,0,0,0,NA,0,NA,NA,NA,NA,NA,NA,NA,NA,NA,NA,NA,NA,NA,NA,NA,NA,NA,NA,NA,NA,NA,NA,NA,NA,NA,NA,NA,NA,NA,NA,NA,NA,NA
"453","MSB:Fish:326",NA,NA,NA,NA,NA,NA,NA,NA,NA,NA,NA,NA,NA,NA,NA,NA,NA,NA,NA,NA,NA,NA,NA,NA,NA,NA,NA,NA,NA,NA,NA,NA,NA,NA,NA,NA,NA,NA,NA,1949,7,21,"MSB 326-3","JAR8931F","KL","KL","07-09-2025",NA,36,30,581,"impact","impact_1941-1950",35.210652,-106.627124,0,0,0,0,0,0,0,0,0,0,0,0,0,NA,0,NA,NA,NA,NA,NA,NA,NA,NA,NA,NA,NA,NA,NA,NA,NA,NA,NA,NA,NA,NA,NA,NA,NA,NA,NA,NA,NA,NA,NA,NA,NA,NA,NA
"454","MSB:Fish:326",NA,NA,NA,NA,NA,NA,NA,NA,NA,NA,NA,NA,NA,NA,NA,NA,NA,NA,NA,NA,NA,NA,NA,NA,NA,NA,NA,NA,NA,NA,NA,NA,NA,NA,NA,NA,NA,NA,NA,1949,7,21,"MSB 326-2","JAR8926F","KL","GC","07-09-2025","F",34,28,560,"impact","impact_1941-1950",35.210652,-106.627124,0,0,0,6,0,0,0,0,0,0,0,0,0,NA,0,NA,NA,NA,NA,NA,NA,NA,NA,NA,NA,NA,NA,NA,NA,NA,NA,NA,NA,NA,NA,NA,NA,NA,NA,NA,NA,NA,NA,NA,NA,NA,NA,NA
"455","MSB:Fish:326",NA,NA,NA,NA,NA,NA,NA,NA,NA,NA,NA,NA,NA,NA,NA,NA,NA,NA,NA,NA,NA,NA,NA,NA,NA,NA,NA,NA,NA,NA,NA,NA,NA,NA,NA,NA,NA,NA,NA,1949,7,21,"MSB 326-1","JAR8922F","KL","KL","07-09-2025","F",33,27,355,"impact","impact_1941-1950",35.210652,-106.627124,0,0,0,4,0,0,0,0,0,0,0,0,0,"0",0,NA,NA,NA,NA,NA,NA,NA,NA,NA,NA,NA,NA,NA,NA,NA,NA,NA,NA,NA,NA,NA,NA,NA,NA,NA,NA,NA,NA,NA,NA,NA,NA,NA
"456","MSB:Fish:327",NA,NA,NA,NA,NA,NA,NA,NA,NA,NA,NA,NA,NA,NA,NA,NA,NA,NA,NA,NA,NA,NA,NA,NA,NA,NA,NA,NA,NA,NA,NA,NA,NA,NA,NA,NA,NA,NA,NA,1942,2,28,"MSB 327-1","JAR8840F","EO","GC","07-08-2025","F",45,36,927,"control","control_1941-1950",35.37417,-106.49278,0,0,0,0,0,0,0,0,0,0,0,0,0,"0",0,NA,NA,NA,NA,NA,NA,NA,NA,NA,NA,NA,NA,NA,NA,NA,NA,NA,NA,NA,NA,NA,NA,NA,NA,NA,NA,NA,NA,NA,NA,NA,NA,NA
"457","MSB:Fish:327",NA,NA,NA,NA,NA,NA,NA,NA,NA,NA,NA,NA,NA,NA,NA,NA,NA,NA,NA,NA,NA,NA,NA,NA,NA,NA,NA,NA,NA,NA,NA,NA,NA,NA,NA,NA,NA,NA,NA,1942,2,28,"MSB 327-4","JAR8842F","EO","GC","07-08-2025",NA,32,25,257,"control","control_1941-1950",35.37417,-106.49278,0,0,0,0,0,0,0,0,0,0,0,0,0,"0",0,NA,NA,NA,NA,NA,NA,NA,NA,NA,NA,NA,NA,NA,NA,NA,NA,NA,NA,NA,NA,NA,NA,NA,NA,NA,NA,NA,NA,NA,NA,NA,NA,NA
"458","MSB:Fish:327",NA,NA,NA,NA,NA,NA,NA,NA,NA,NA,NA,NA,NA,NA,NA,NA,NA,NA,NA,NA,NA,NA,NA,NA,NA,NA,NA,NA,NA,NA,NA,NA,NA,NA,NA,NA,NA,NA,NA,1942,2,28,"MSB 327-3","JAR8846F","BP","GC","07-08-2025","F",45,36,910,"control","control_1941-1950",35.37417,-106.49278,0,0,0,0,0,0,0,0,0,0,0,0,0,"0",0,NA,NA,NA,NA,NA,NA,NA,NA,NA,NA,NA,NA,NA,NA,NA,NA,NA,NA,NA,NA,NA,NA,NA,NA,NA,NA,NA,NA,NA,NA,NA,NA,NA
"459","MSB:Fish:327",NA,NA,NA,NA,NA,NA,NA,NA,NA,NA,NA,NA,NA,NA,NA,NA,NA,NA,NA,NA,NA,NA,NA,NA,NA,NA,NA,NA,NA,NA,NA,NA,NA,NA,NA,NA,NA,NA,NA,1942,2,28,"MSB 327-2","JAR8903F","EO","JG","07-08-2025",NA,47,38,1118,"control","control_1941-1950",35.37417,-106.49278,0,0,0,0,0,0,0,0,0,0,0,0,0,"0",0,NA,NA,NA,NA,NA,NA,NA,NA,NA,NA,NA,NA,NA,NA,NA,NA,NA,NA,NA,NA,NA,NA,NA,NA,NA,NA,NA,NA,NA,NA,NA,NA,NA
"460","MSB:Fish:327",NA,NA,NA,NA,NA,NA,NA,NA,NA,NA,NA,NA,NA,NA,NA,NA,NA,NA,NA,NA,NA,NA,NA,NA,NA,NA,NA,NA,NA,NA,NA,NA,NA,NA,NA,NA,NA,NA,NA,1942,2,28,"MSB 327-5","JAR8844F","BP","GC","07-08-2025","F",25,20,131,"control","control_1941-1950",35.37417,-106.49278,0,0,0,0,0,0,0,0,0,0,0,0,0,"0",0,NA,NA,NA,NA,NA,NA,NA,NA,NA,NA,NA,NA,NA,NA,NA,NA,NA,NA,NA,NA,NA,NA,NA,NA,NA,NA,NA,NA,NA,NA,NA,NA,NA
"461","MSB:Fish:330",NA,NA,NA,NA,NA,NA,NA,NA,NA,NA,NA,NA,NA,NA,NA,NA,NA,NA,NA,NA,NA,NA,NA,NA,NA,NA,NA,NA,NA,NA,NA,NA,NA,NA,NA,NA,NA,NA,NA,1949,11,5,"MSB 330-1","JAR11350F","EO","JG","07-10-2025",NA,45,36,982,"control","control_1941-1950",35.211994,-106.631125,0,0,0,2,0,0,0,0,0,0,0,0,0,NA,0,NA,NA,NA,NA,NA,NA,NA,NA,NA,NA,NA,NA,NA,NA,NA,NA,NA,NA,NA,NA,NA,NA,NA,NA,NA,NA,NA,NA,NA,NA,NA,NA,NA
"462","MSB:Fish:330",NA,NA,NA,NA,NA,NA,NA,NA,NA,NA,NA,NA,NA,NA,NA,NA,NA,NA,NA,NA,NA,NA,NA,NA,NA,NA,NA,NA,NA,NA,NA,NA,NA,NA,NA,NA,NA,NA,NA,1949,11,5,"MSB 330-3","JAR11356F","EO","GC","07-10-2025",NA,29,23,241,"control","control_1941-1950",35.211994,-106.631125,0,0,0,12,0,0,0,0,0,0,0,0,0,"0",0,NA,NA,NA,NA,NA,NA,NA,NA,NA,NA,NA,NA,NA,NA,NA,NA,NA,NA,NA,NA,NA,NA,NA,NA,NA,NA,NA,NA,NA,NA,NA,NA,NA
"463","MSB:Fish:330",NA,NA,NA,NA,NA,NA,NA,NA,NA,NA,NA,NA,NA,NA,NA,NA,NA,NA,NA,NA,NA,NA,NA,NA,NA,NA,NA,NA,NA,NA,NA,NA,NA,NA,NA,NA,NA,NA,NA,1949,11,5,"MSB 330-4","JAR11353F","JG","BP","07-10-2025",NA,32,26,276,"control","control_1941-1950",35.211994,-106.631125,0,0,0,0,0,0,0,0,0,0,0,0,0,"0",0,NA,NA,NA,NA,NA,NA,NA,NA,NA,NA,NA,NA,NA,NA,NA,NA,NA,NA,NA,NA,NA,NA,NA,NA,NA,NA,NA,NA,NA,NA,NA,NA,NA
"464","MSB:Fish:330",NA,NA,NA,NA,NA,NA,NA,NA,NA,NA,NA,NA,NA,NA,NA,NA,NA,NA,NA,NA,NA,NA,NA,NA,NA,NA,NA,NA,NA,NA,NA,NA,NA,NA,NA,NA,NA,NA,NA,1949,11,5,"MSB 330-5","JAR11369F","JG","EO","07-10-2025","F",26,22,195,"control","control_1941-1950",35.211994,-106.631125,0,0,0,0,0,0,0,0,0,0,0,0,0,NA,0,NA,NA,NA,NA,NA,NA,NA,NA,NA,NA,NA,NA,NA,NA,NA,NA,NA,NA,NA,NA,NA,NA,NA,NA,NA,NA,NA,NA,NA,NA,NA,NA,NA
"465","MSB:Fish:330",NA,NA,NA,NA,NA,NA,NA,NA,NA,NA,NA,NA,NA,NA,NA,NA,NA,NA,NA,NA,NA,NA,NA,NA,NA,NA,NA,NA,NA,NA,NA,NA,NA,NA,NA,NA,NA,NA,NA,1949,11,5,"MSB 330-2","JAR11347F","JG","BP","07-10-2025",NA,34,28,374,"control","control_1941-1950",35.211994,-106.631125,0,0,0,0,4,0,0,0,0,0,0,0,0,"0",0,NA,NA,NA,NA,NA,NA,NA,NA,NA,NA,NA,NA,NA,NA,NA,NA,NA,NA,NA,NA,NA,NA,NA,NA,NA,NA,NA,NA,NA,NA,NA,NA,NA
"466","MSB:Fish:334",NA,NA,NA,NA,NA,NA,NA,NA,NA,NA,NA,NA,NA,NA,NA,NA,NA,NA,NA,NA,NA,NA,NA,NA,NA,NA,NA,NA,NA,NA,NA,NA,NA,NA,NA,NA,NA,NA,NA,1952,5,3,"MSB 334-1","JAR11113F","BP","KL","07-16-2025",NA,33,26,309,"control","control_1951-1960",35.302146,-106.571551,0,0,0,10,4,0,0,0,1,0,0,0,0,"0",0,NA,NA,NA,NA,NA,NA,NA,NA,NA,NA,NA,NA,NA,NA,NA,NA,NA,NA,NA,NA,NA,NA,NA,NA,NA,NA,NA,NA,NA,NA,NA,NA,NA
"467","MSB:Fish:334",NA,NA,NA,NA,NA,NA,NA,NA,NA,NA,NA,NA,NA,NA,NA,NA,NA,NA,NA,NA,NA,NA,NA,NA,NA,NA,NA,NA,NA,NA,NA,NA,NA,NA,NA,NA,NA,NA,NA,1952,5,3,"MSB 334-3","JAR11107F","BP","JG","07-16-2025",NA,30,24,217,"control","control_1951-1960",35.302146,-106.571551,0,0,0,0,0,0,0,0,0,0,0,0,0,"0",0,NA,NA,NA,NA,NA,NA,NA,NA,NA,NA,NA,NA,NA,NA,NA,NA,NA,NA,NA,NA,NA,NA,NA,NA,NA,NA,NA,NA,NA,NA,NA,NA,NA
"468","MSB:Fish:334",NA,NA,NA,NA,NA,NA,NA,NA,NA,NA,NA,NA,NA,NA,NA,NA,NA,NA,NA,NA,NA,NA,NA,NA,NA,NA,NA,NA,NA,NA,NA,NA,NA,NA,NA,NA,NA,NA,NA,1952,5,3,"MSB 334-5","JAR11108F","BP","GC","07-16-2025",NA,27,22,179,"control","control_1951-1960",35.302146,-106.571551,0,0,0,2,0,0,0,0,0,0,0,0,0,"0",0,NA,NA,NA,NA,NA,NA,NA,NA,NA,NA,NA,NA,NA,NA,NA,NA,NA,NA,NA,NA,NA,NA,NA,NA,NA,NA,NA,NA,NA,NA,NA,NA,NA
"469","MSB:Fish:334",NA,NA,NA,NA,NA,NA,NA,NA,NA,NA,NA,NA,NA,NA,NA,NA,NA,NA,NA,NA,NA,NA,NA,NA,NA,NA,NA,NA,NA,NA,NA,NA,NA,NA,NA,NA,NA,NA,NA,1952,5,3,"MSB 334-4","JAR11116F","BP","EO","07-16-2025","F",30,23,233,"control","control_1951-1960",35.302146,-106.571551,0,0,0,0,0,0,0,0,0,0,0,0,0,"0",0,NA,NA,NA,NA,NA,NA,NA,NA,NA,NA,NA,NA,NA,NA,NA,NA,NA,NA,NA,NA,NA,NA,NA,NA,NA,NA,NA,NA,NA,NA,NA,NA,NA
"470","MSB:Fish:334",NA,NA,NA,NA,NA,NA,NA,NA,NA,NA,NA,NA,NA,NA,NA,NA,NA,NA,NA,NA,NA,NA,NA,NA,NA,NA,NA,NA,NA,NA,NA,NA,NA,NA,NA,NA,NA,NA,NA,1952,5,3,"MSB 334-2","JAR11110F","BP","EO","07-16-2025","F",31,25,293,"control","control_1951-1960",35.302146,-106.571551,0,0,0,6,0,0,0,0,0,0,0,0,0,"0",0,NA,NA,NA,NA,NA,NA,NA,NA,NA,NA,NA,NA,NA,NA,NA,NA,NA,NA,NA,NA,NA,NA,NA,NA,NA,NA,NA,NA,NA,NA,NA,NA,NA
"471","MSB:Fish:3391",NA,NA,NA,NA,NA,NA,NA,NA,NA,NA,NA,NA,NA,NA,NA,NA,NA,NA,NA,NA,NA,NA,NA,NA,NA,NA,NA,NA,NA,NA,NA,NA,NA,NA,NA,NA,NA,NA,NA,1965,5,18,"MSB 3391-1","JAR11370F","EO","KL","07-10-2025","F",41,35,794,"control","control_1961-1970",35.383813,-106.481,0,0,0,2,0,10,0,0,0,0,0,0,0,"0",0,NA,NA,NA,NA,NA,NA,NA,NA,NA,NA,NA,NA,NA,NA,NA,NA,NA,NA,NA,NA,NA,NA,NA,NA,NA,NA,NA,NA,NA,NA,NA,NA,NA
"472","MSB:Fish:3391",NA,NA,NA,NA,NA,NA,NA,NA,NA,NA,NA,NA,NA,NA,NA,NA,NA,NA,NA,NA,NA,NA,NA,NA,NA,NA,NA,NA,NA,NA,NA,NA,NA,NA,NA,NA,NA,NA,NA,1965,5,18,"MSB 3391-2","JAR11366F","EO","GC","07-10-2025","M",28,23,188,"control","control_1961-1970",35.383813,-106.481,0,0,0,0,0,4,0,0,0,0,0,0,0,NA,0,NA,NA,NA,NA,NA,NA,NA,NA,NA,NA,NA,NA,NA,NA,NA,NA,NA,NA,NA,NA,NA,NA,NA,NA,NA,NA,NA,NA,NA,NA,NA,NA,NA
"473","MSB:Fish:3391",NA,NA,NA,NA,NA,NA,NA,NA,NA,NA,NA,NA,NA,NA,NA,NA,NA,NA,NA,NA,NA,NA,NA,NA,NA,NA,NA,NA,NA,NA,NA,NA,NA,NA,NA,NA,NA,NA,NA,1965,5,18,"MSB 3391-5","JAR11367F","EO","JG","07-10-2025","F",35,28,522,"control","control_1961-1970",35.383813,-106.481,0,0,0,0,0,6,0,0,0,0,0,0,0,"0",0,NA,NA,NA,NA,NA,NA,NA,NA,NA,NA,NA,NA,NA,NA,NA,NA,NA,NA,NA,NA,NA,NA,NA,NA,NA,NA,NA,NA,NA,NA,NA,NA,NA
"474","MSB:Fish:3391",NA,NA,NA,NA,NA,NA,NA,NA,NA,NA,NA,NA,NA,NA,NA,NA,NA,NA,NA,NA,NA,NA,NA,NA,NA,NA,NA,NA,NA,NA,NA,NA,NA,NA,NA,NA,NA,NA,NA,1965,5,18,"MSB 3391-4","JAR11364F","EO","KL","07-10-2025",NA,33,27,348,"control","control_1961-1970",35.383813,-106.481,0,0,0,0,0,4,0,0,0,0,0,0,0,NA,0,NA,NA,NA,NA,NA,NA,NA,NA,NA,NA,NA,NA,NA,NA,NA,NA,NA,NA,NA,NA,NA,NA,NA,NA,NA,NA,NA,NA,NA,NA,NA,NA,NA
"475","MSB:Fish:3391",NA,NA,NA,NA,NA,NA,NA,NA,NA,NA,NA,NA,NA,NA,NA,NA,NA,NA,NA,NA,NA,NA,NA,NA,NA,NA,NA,NA,NA,NA,NA,NA,NA,NA,NA,NA,NA,NA,NA,1965,5,18,"MSB 3391-3","JAR11363F","EO","EO","07-10-2025","F",31,26,296,"control","control_1961-1970",35.383813,-106.481,0,0,0,0,0,0,0,0,0,0,0,0,0,NA,0,NA,NA,NA,NA,NA,NA,NA,NA,NA,NA,NA,NA,NA,NA,NA,NA,NA,NA,NA,NA,NA,NA,NA,NA,NA,NA,NA,NA,NA,NA,NA,NA,NA
"476","MSB:Fish:3421",NA,NA,NA,NA,NA,NA,NA,NA,NA,NA,NA,NA,NA,NA,NA,NA,NA,NA,NA,NA,NA,NA,NA,NA,NA,NA,NA,NA,NA,NA,NA,NA,NA,NA,NA,NA,NA,NA,NA,1972,6,19,"MSB 3421-1","JAR11296F","EO","KL","07-14-2025","F",36,29,612,"control","control_1971-1980",35.249718,-106.603396,0,0,0,4,0,0,0,0,0,0,0,0,0,NA,0,NA,NA,NA,NA,NA,NA,NA,NA,NA,NA,NA,NA,NA,NA,NA,NA,NA,NA,NA,NA,NA,NA,NA,NA,NA,NA,NA,NA,NA,NA,NA,NA,NA
"477","MSB:Fish:3421",NA,NA,NA,NA,NA,NA,NA,NA,NA,NA,NA,NA,NA,NA,NA,NA,NA,NA,NA,NA,NA,NA,NA,NA,NA,NA,NA,NA,NA,NA,NA,NA,NA,NA,NA,NA,NA,NA,NA,1972,6,19,"MSB 3421-4","JAR11294F","EO","KL","07-14-2025","F",40,33,736,"control","control_1971-1980",35.249718,-106.603396,0,0,0,2,0,0,0,0,0,0,0,0,0,"0",0,NA,NA,NA,NA,NA,NA,NA,NA,NA,NA,NA,NA,NA,NA,NA,NA,NA,NA,NA,NA,NA,NA,NA,NA,NA,NA,NA,NA,NA,NA,NA,NA,NA
"478","MSB:Fish:3421",NA,NA,NA,NA,NA,NA,NA,NA,NA,NA,NA,NA,NA,NA,NA,NA,NA,NA,NA,NA,NA,NA,NA,NA,NA,NA,NA,NA,NA,NA,NA,NA,NA,NA,NA,NA,NA,NA,NA,1972,6,19,"MSB 3421-2","JAR11288F","EO","KL","07-14-2025","F",46,37,1270,"control","control_1971-1980",35.249718,-106.603396,0,0,0,0,0,0,0,0,0,0,0,0,0,NA,0,NA,NA,NA,NA,NA,NA,NA,NA,NA,NA,NA,NA,NA,NA,NA,NA,NA,NA,NA,NA,NA,NA,NA,NA,NA,NA,NA,NA,NA,NA,NA,NA,NA
"479","MSB:Fish:3421",NA,NA,NA,NA,NA,NA,NA,NA,NA,NA,NA,NA,NA,NA,NA,NA,NA,NA,NA,NA,NA,NA,NA,NA,NA,NA,NA,NA,NA,NA,NA,NA,NA,NA,NA,NA,NA,NA,NA,1972,6,19,"MSB 3421-5","JAR11293F","EO","KL","07-14-2025","F",44,36,1076,"control","control_1971-1980",35.249718,-106.603396,0,0,0,34,0,0,0,0,0,0,0,0,0,NA,0,NA,NA,NA,NA,NA,NA,NA,NA,NA,NA,NA,NA,NA,NA,NA,NA,NA,NA,NA,NA,NA,NA,NA,NA,NA,NA,NA,NA,NA,NA,NA,NA,NA
"480","MSB:Fish:3421",NA,NA,NA,NA,NA,NA,NA,NA,NA,NA,NA,NA,NA,NA,NA,NA,NA,NA,NA,NA,NA,NA,NA,NA,NA,NA,NA,NA,NA,NA,NA,NA,NA,NA,NA,NA,NA,NA,NA,1972,6,19,"MSB 3421-3","JAR11291F","EO","KL","07-14-2025","F",42,35,996,"control","control_1971-1980",35.249718,-106.603396,0,0,0,4,0,0,0,0,0,0,0,0,0,NA,0,NA,NA,NA,NA,NA,NA,NA,NA,NA,NA,NA,NA,NA,NA,NA,NA,NA,NA,NA,NA,NA,NA,NA,NA,NA,NA,NA,NA,NA,NA,NA,NA,NA
"481","MSB:Fish:365",NA,NA,NA,NA,NA,NA,NA,NA,NA,NA,NA,NA,NA,NA,NA,NA,NA,NA,NA,NA,NA,NA,NA,NA,NA,NA,NA,NA,NA,NA,NA,NA,NA,NA,NA,NA,NA,NA,NA,1947,9,27,"MSB 365-1","JAR11529F","JG","JG","07-15-2025",NA,39,33,608,"control","control_1941-1950",35.321576,-106.555389,0,0,0,0,0,5,0,0,0,0,0,0,0,NA,0,NA,NA,NA,NA,NA,NA,NA,NA,NA,NA,NA,NA,NA,NA,NA,NA,NA,NA,NA,NA,NA,NA,NA,NA,NA,NA,NA,NA,NA,NA,NA,NA,NA
"482","MSB:Fish:365",NA,NA,NA,NA,NA,NA,NA,NA,NA,NA,NA,NA,NA,NA,NA,NA,NA,NA,NA,NA,NA,NA,NA,NA,NA,NA,NA,NA,NA,NA,NA,NA,NA,NA,NA,NA,NA,NA,NA,1947,9,27,"MSB 365-5","JAR11531F","JG","JG","07-15-2025",NA,32,25,251,"control","control_1941-1950",35.321576,-106.555389,0,0,0,0,0,0,0,0,0,0,0,0,0,NA,0,NA,NA,NA,NA,NA,NA,NA,NA,NA,NA,NA,NA,NA,NA,NA,NA,NA,NA,NA,NA,NA,NA,NA,NA,NA,NA,NA,NA,NA,NA,NA,NA,NA
"483","MSB:Fish:365",NA,NA,NA,NA,NA,NA,NA,NA,NA,NA,NA,NA,NA,NA,NA,NA,NA,NA,NA,NA,NA,NA,NA,NA,NA,NA,NA,NA,NA,NA,NA,NA,NA,NA,NA,NA,NA,NA,NA,1947,9,27,"MSB 365-2","JAR11532F","BP","KL","07-15-2025","F",38,29,390,"control","control_1941-1950",35.321576,-106.555389,0,0,0,0,0,8,0,0,0,0,0,0,0,NA,0,NA,NA,NA,NA,NA,NA,NA,NA,NA,NA,NA,NA,NA,NA,NA,NA,NA,NA,NA,NA,NA,NA,NA,NA,NA,NA,NA,NA,NA,NA,NA,NA,NA
"484","MSB:Fish:365",NA,NA,NA,NA,NA,NA,NA,NA,NA,NA,NA,NA,NA,NA,NA,NA,NA,NA,NA,NA,NA,NA,NA,NA,NA,NA,NA,NA,NA,NA,NA,NA,NA,NA,NA,NA,NA,NA,NA,1947,9,27,"MSB 365-3","JAR11526F","JG","KL","07-15-2025","F",37,29,507,"control","control_1941-1950",35.321576,-106.555389,0,0,0,8,0,0,0,0,0,0,0,0,0,NA,0,NA,NA,NA,NA,NA,NA,NA,NA,NA,NA,NA,NA,NA,NA,NA,NA,NA,NA,NA,NA,NA,NA,NA,NA,NA,NA,NA,NA,NA,NA,NA,NA,NA
"485","MSB:Fish:365",NA,NA,NA,NA,NA,NA,NA,NA,NA,NA,NA,NA,NA,NA,NA,NA,NA,NA,NA,NA,NA,NA,NA,NA,NA,NA,NA,NA,NA,NA,NA,NA,NA,NA,NA,NA,NA,NA,NA,1947,9,27,"MSB 365-4","JAR11523F","BP","KL","07-15-2025",NA,38,30,356,"control","control_1941-1950",35.321576,-106.555389,0,0,0,12,0,0,0,0,1,0,0,0,0,NA,0,NA,NA,NA,NA,NA,NA,NA,NA,NA,NA,NA,NA,NA,NA,NA,NA,NA,NA,NA,NA,NA,NA,NA,NA,NA,NA,NA,NA,NA,NA,NA,NA,NA
"486","MSB:Fish:38942",NA,NA,NA,NA,NA,NA,NA,NA,NA,NA,NA,NA,NA,NA,NA,NA,NA,NA,NA,NA,NA,NA,NA,NA,NA,NA,NA,NA,NA,NA,NA,NA,NA,NA,NA,NA,NA,NA,NA,1997,7,5,"MSB 38942-5","JAR11115F","EO","GC","07-17-2025","F",41,32,883,"control","control_1991-2000",35.28302778,-106.5981389,0,0,0,4,0,0,0,0,0,0,0,0,0,"0",0,NA,NA,NA,NA,NA,NA,NA,NA,NA,NA,NA,NA,NA,NA,NA,NA,NA,NA,NA,NA,NA,NA,NA,NA,NA,NA,NA,NA,NA,NA,NA,NA,NA
"487","MSB:Fish:38942",NA,NA,NA,NA,NA,NA,NA,NA,NA,NA,NA,NA,NA,NA,NA,NA,NA,NA,NA,NA,NA,NA,NA,NA,NA,NA,NA,NA,NA,NA,NA,NA,NA,NA,NA,NA,NA,NA,NA,1997,7,5,"MSB 38942-1","JAR11120F","EO","GC","07-17-2025","F",50,42,2039,"control","control_1991-2000",35.28302778,-106.5981389,0,0,0,6,0,0,0,0,0,0,0,0,0,"0",0,NA,NA,NA,NA,NA,NA,NA,NA,NA,NA,NA,NA,NA,NA,NA,NA,NA,NA,NA,NA,NA,NA,NA,NA,NA,NA,NA,NA,NA,NA,NA,NA,NA
"488","MSB:Fish:38942",NA,NA,NA,NA,NA,NA,NA,NA,NA,NA,NA,NA,NA,NA,NA,NA,NA,NA,NA,NA,NA,NA,NA,NA,NA,NA,NA,NA,NA,NA,NA,NA,NA,NA,NA,NA,NA,NA,NA,1997,7,5,"MSB 38942-2","JAR11119F","EO","KL","07-17-2025","F",47,39,1803,"control","control_1991-2000",35.28302778,-106.5981389,0,0,0,24,0,0,0,0,0,0,0,0,0,"0",0,NA,NA,NA,NA,NA,NA,NA,NA,NA,NA,NA,NA,NA,NA,NA,NA,NA,NA,NA,NA,NA,NA,NA,NA,NA,NA,NA,NA,NA,NA,NA,NA,NA
"489","MSB:Fish:38942",NA,NA,NA,NA,NA,NA,NA,NA,NA,NA,NA,NA,NA,NA,NA,NA,NA,NA,NA,NA,NA,NA,NA,NA,NA,NA,NA,NA,NA,NA,NA,NA,NA,NA,NA,NA,NA,NA,NA,1997,7,5,"MSB 38942-3","JAR11121F","EO","KL","07-17-2025","F",45,38,1685,"control","control_1991-2000",35.28302778,-106.5981389,0,0,0,8,0,0,0,0,0,0,0,0,0,NA,0,NA,NA,NA,NA,NA,NA,NA,NA,NA,NA,NA,NA,NA,NA,NA,NA,NA,NA,NA,NA,NA,NA,NA,NA,NA,NA,NA,NA,NA,NA,NA,NA,NA
"490","MSB:Fish:38942",NA,NA,NA,NA,NA,NA,NA,NA,NA,NA,NA,NA,NA,NA,NA,NA,NA,NA,NA,NA,NA,NA,NA,NA,NA,NA,NA,NA,NA,NA,NA,NA,NA,NA,NA,NA,NA,NA,NA,1997,7,5,"MSB 38942-4","JAR11118F","EO","KL","07-17-2025","F",46,38,1451,"control","control_1991-2000",35.28302778,-106.5981389,0,0,0,12,0,0,0,0,0,0,0,0,2,"0",0,NA,NA,NA,NA,NA,NA,NA,NA,NA,NA,NA,NA,NA,NA,NA,NA,NA,NA,NA,NA,NA,NA,NA,NA,NA,NA,NA,NA,NA,NA,NA,NA,NA
"491","MSB:Fish:39100",NA,NA,NA,NA,NA,NA,NA,NA,NA,NA,NA,NA,NA,NA,NA,NA,NA,NA,NA,NA,NA,NA,NA,NA,NA,NA,NA,NA,NA,NA,NA,NA,NA,NA,NA,NA,NA,NA,NA,1997,10,15,"MSB 39100-1","JAR11577F","BP","JG","07-17-2025",NA,34,26,374,"control","control_1991-2000",35.322164,-106.557448,0,0,0,0,2,0,0,0,0,0,0,0,0,"0",0,NA,NA,NA,NA,NA,NA,NA,NA,NA,NA,NA,NA,NA,NA,NA,NA,NA,NA,NA,NA,NA,NA,NA,NA,NA,NA,NA,NA,NA,NA,NA,NA,NA
"492","MSB:Fish:39100",NA,NA,NA,NA,NA,NA,NA,NA,NA,NA,NA,NA,NA,NA,NA,NA,NA,NA,NA,NA,NA,NA,NA,NA,NA,NA,NA,NA,NA,NA,NA,NA,NA,NA,NA,NA,NA,NA,NA,1997,10,15,"MSB 39100-2","JAR11573F","BP","EO","07-17-2025","F",38,28,500,"control","control_1991-2000",35.322164,-106.557448,0,0,0,0,8,0,0,0,0,0,0,0,0,NA,0,NA,NA,NA,NA,NA,NA,NA,NA,NA,NA,NA,NA,NA,NA,NA,NA,NA,NA,NA,NA,NA,NA,NA,NA,NA,NA,NA,NA,NA,NA,NA,NA,NA
"493","MSB:Fish:39100",NA,NA,NA,NA,NA,NA,NA,NA,NA,NA,NA,NA,NA,NA,NA,NA,NA,NA,NA,NA,NA,NA,NA,NA,NA,NA,NA,NA,NA,NA,NA,NA,NA,NA,NA,NA,NA,NA,NA,1997,10,15,"MSB 39100-4","JAR11575F","BP","GC","07-17-2025","F",34,26,403,"control","control_1991-2000",35.322164,-106.557448,0,0,0,0,0,0,0,0,0,0,0,0,0,"0",0,NA,NA,NA,NA,NA,NA,NA,NA,NA,NA,NA,NA,NA,NA,NA,NA,NA,NA,NA,NA,NA,NA,NA,NA,NA,NA,NA,NA,NA,NA,NA,NA,NA
"494","MSB:Fish:39100",NA,NA,NA,NA,NA,NA,NA,NA,NA,NA,NA,NA,NA,NA,NA,NA,NA,NA,NA,NA,NA,NA,NA,NA,NA,NA,NA,NA,NA,NA,NA,NA,NA,NA,NA,NA,NA,NA,NA,1997,10,15,"MSB 39100-5","JAR11576F","BP","GC","07-17-2025","F",25,19,144,"control","control_1991-2000",35.322164,-106.557448,0,0,0,0,0,0,0,0,0,0,0,0,0,NA,0,NA,NA,NA,NA,NA,NA,NA,NA,NA,NA,NA,NA,NA,NA,NA,NA,NA,NA,NA,NA,NA,NA,NA,NA,NA,NA,NA,NA,NA,NA,NA,NA,NA
"495","MSB:Fish:39100",NA,NA,NA,NA,NA,NA,NA,NA,NA,NA,NA,NA,NA,NA,NA,NA,NA,NA,NA,NA,NA,NA,NA,NA,NA,NA,NA,NA,NA,NA,NA,NA,NA,NA,NA,NA,NA,NA,NA,1997,10,15,"MSB 39100-3","JAR11574F","BP","KL","07-17-2025","M",25,20,167,"control","control_1991-2000",35.322164,-106.557448,0,0,0,0,0,2,0,0,0,0,0,0,0,"0",0,NA,NA,NA,NA,NA,NA,NA,NA,NA,NA,NA,NA,NA,NA,NA,NA,NA,NA,NA,NA,NA,NA,NA,NA,NA,NA,NA,NA,NA,NA,NA,NA,NA
"496","MSB:Fish:3993",NA,NA,NA,NA,NA,NA,NA,NA,NA,NA,NA,NA,NA,NA,NA,NA,NA,NA,NA,NA,NA,NA,NA,NA,NA,NA,NA,NA,NA,NA,NA,NA,NA,NA,NA,NA,NA,NA,NA,1977,9,28,"MSB 3993-4","JAR11626F","BP","GC","07-21-2025","F",29,23,333,"impact","impact_1971-1980",35.136341,-106.685742,0,0,0,2,0,0,0,0,0,0,0,0,0,"0",0,NA,NA,NA,NA,NA,NA,NA,NA,NA,NA,NA,NA,NA,NA,NA,NA,NA,NA,NA,NA,NA,NA,NA,NA,NA,NA,NA,NA,NA,NA,NA,NA,NA
"497","MSB:Fish:3993",NA,NA,NA,NA,NA,NA,NA,NA,NA,NA,NA,NA,NA,NA,NA,NA,NA,NA,NA,NA,NA,NA,NA,NA,NA,NA,NA,NA,NA,NA,NA,NA,NA,NA,NA,NA,NA,NA,NA,1977,9,28,"MSB 3993-1","JAR11623F","JG","GC","07-21-2025",NA,25,20,170,"impact","impact_1971-1980",35.136341,-106.685742,0,0,0,4,0,0,0,0,0,0,0,0,0,"0",0,NA,NA,NA,NA,NA,NA,NA,NA,NA,NA,NA,NA,NA,NA,NA,NA,NA,NA,NA,NA,NA,NA,NA,NA,NA,NA,NA,NA,NA,NA,NA,NA,NA
"498","MSB:Fish:3993",NA,NA,NA,NA,NA,NA,NA,NA,NA,NA,NA,NA,NA,NA,NA,NA,NA,NA,NA,NA,NA,NA,NA,NA,NA,NA,NA,NA,NA,NA,NA,NA,NA,NA,NA,NA,NA,NA,NA,1977,9,28,"MSB 3993-2","JAR11621F","BP","GC","07-21-2025","F",26,20,224,"impact","impact_1971-1980",35.136341,-106.685742,0,0,0,12,0,0,0,0,0,0,0,0,0,"0",0,NA,NA,NA,NA,NA,NA,NA,NA,NA,NA,NA,NA,NA,NA,NA,NA,NA,NA,NA,NA,NA,NA,NA,NA,NA,NA,NA,NA,NA,NA,NA,NA,NA
"499","MSB:Fish:3993",NA,NA,NA,NA,NA,NA,NA,NA,NA,NA,NA,NA,NA,NA,NA,NA,NA,NA,NA,NA,NA,NA,NA,NA,NA,NA,NA,NA,NA,NA,NA,NA,NA,NA,NA,NA,NA,NA,NA,1977,9,28,"MSB 3993-3","JAR11618F","JG","BP","07-21-2025","M",28,21,181,"impact","impact_1971-1980",35.136341,-106.685742,0,0,0,8,0,0,0,0,0,0,0,0,0,"0",0,NA,NA,NA,NA,NA,NA,NA,NA,NA,NA,NA,NA,NA,NA,NA,NA,NA,NA,NA,NA,NA,NA,NA,NA,NA,NA,NA,NA,NA,NA,NA,NA,NA
"500","MSB:Fish:3993",NA,NA,NA,NA,NA,NA,NA,NA,NA,NA,NA,NA,NA,NA,NA,NA,NA,NA,NA,NA,NA,NA,NA,NA,NA,NA,NA,NA,NA,NA,NA,NA,NA,NA,NA,NA,NA,NA,NA,1977,9,28,"MSB 3993-5","JAR11620F","JG","BP","07-21-2025","M",27,21,186,"impact","impact_1971-1980",35.136341,-106.685742,0,0,0,4,0,0,0,0,0,0,0,0,0,"0",0,NA,NA,NA,NA,NA,NA,NA,NA,NA,NA,NA,NA,NA,NA,NA,NA,NA,NA,NA,NA,NA,NA,NA,NA,NA,NA,NA,NA,NA,NA,NA,NA,NA
"501","MSB:Fish:4012",NA,NA,NA,NA,NA,NA,NA,NA,NA,NA,NA,NA,NA,NA,NA,NA,NA,NA,NA,NA,NA,NA,NA,NA,NA,NA,NA,NA,NA,NA,NA,NA,NA,NA,NA,NA,NA,NA,NA,1977,9,28,"MSB 4012-5","JAR11616F","JG","JG","07-21-2025",NA,25,21,169,"impact","impact_1971-1980",35.134932,-106.690783,0,0,0,4,0,0,0,0,0,0,0,0,0,"0",0,NA,NA,NA,NA,NA,NA,NA,NA,NA,NA,NA,NA,NA,NA,NA,NA,NA,NA,NA,NA,NA,NA,NA,NA,NA,NA,NA,NA,NA,NA,NA,NA,NA
"502","MSB:Fish:4012",NA,NA,NA,NA,NA,NA,NA,NA,NA,NA,NA,NA,NA,NA,NA,NA,NA,NA,NA,NA,NA,NA,NA,NA,NA,NA,NA,NA,NA,NA,NA,NA,NA,NA,NA,NA,NA,NA,NA,1977,9,28,"MSB 4012-1","JAR11607F","JG","EO","07-21-2025","F",32,25,365,"impact","impact_1971-1980",35.134932,-106.690783,0,0,0,0,0,0,0,0,0,0,0,0,0,"0",0,NA,NA,NA,NA,NA,NA,NA,NA,NA,NA,NA,NA,NA,NA,NA,NA,NA,NA,NA,NA,NA,NA,NA,NA,NA,NA,NA,NA,NA,NA,NA,NA,NA
"503","MSB:Fish:4012",NA,NA,NA,NA,NA,NA,NA,NA,NA,NA,NA,NA,NA,NA,NA,NA,NA,NA,NA,NA,NA,NA,NA,NA,NA,NA,NA,NA,NA,NA,NA,NA,NA,NA,NA,NA,NA,NA,NA,1977,9,28,"MSB 4012-4","JAR11613F","BP","GC","07-21-2025","F",26,20,178,"impact","impact_1971-1980",35.134932,-106.690783,0,0,0,0,0,0,0,0,0,0,0,0,0,"0",0,NA,NA,NA,NA,NA,NA,NA,NA,NA,NA,NA,NA,NA,NA,NA,NA,NA,NA,NA,NA,NA,NA,NA,NA,NA,NA,NA,NA,NA,NA,NA,NA,NA
"504","MSB:Fish:4012",NA,NA,NA,NA,NA,NA,NA,NA,NA,NA,NA,NA,NA,NA,NA,NA,NA,NA,NA,NA,NA,NA,NA,NA,NA,NA,NA,NA,NA,NA,NA,NA,NA,NA,NA,NA,NA,NA,NA,1977,9,28,"MSB 4012-3","JAR11617F","JG","GC","07-21-2025","F",32,27,303,"impact","impact_1971-1980",35.134932,-106.690783,0,0,0,0,0,0,0,0,0,0,0,0,0,"1",0,NA,NA,NA,NA,NA,NA,NA,NA,NA,NA,NA,NA,NA,NA,NA,NA,NA,NA,NA,NA,NA,NA,NA,NA,NA,NA,NA,NA,NA,NA,NA,NA,NA
"505","MSB:Fish:4012",NA,NA,NA,NA,NA,NA,NA,NA,NA,NA,NA,NA,NA,NA,NA,NA,NA,NA,NA,NA,NA,NA,NA,NA,NA,NA,NA,NA,NA,NA,NA,NA,NA,NA,NA,NA,NA,NA,NA,1977,9,28,"MSB 4012-2","JAR11610F","BP","GC","07-21-2025","F",31,24,316,"impact","impact_1971-1980",35.134932,-106.690783,0,0,0,0,0,0,0,0,0,0,0,0,0,"0",0,NA,NA,NA,NA,NA,NA,NA,NA,NA,NA,NA,NA,NA,NA,NA,NA,NA,NA,NA,NA,NA,NA,NA,NA,NA,NA,NA,NA,NA,NA,NA,NA,NA
"506","MSB:Fish:4056",NA,NA,NA,NA,NA,NA,NA,NA,NA,NA,NA,NA,NA,NA,NA,NA,NA,NA,NA,NA,NA,NA,NA,NA,NA,NA,NA,NA,NA,NA,NA,NA,NA,NA,NA,NA,NA,NA,NA,1978,5,19,"MSB 4056-2","JAR11322F","EO","KL","07-14-2025","F",36,28,566,"control","control_1971-1980",35.253481,-106.591225,0,0,0,6,0,0,0,0,0,0,0,0,0,NA,0,NA,NA,NA,NA,NA,NA,NA,NA,NA,NA,NA,NA,NA,NA,NA,NA,NA,NA,NA,NA,NA,NA,NA,NA,NA,NA,NA,NA,NA,NA,NA,NA,NA
"507","MSB:Fish:4056",NA,NA,NA,NA,NA,NA,NA,NA,NA,NA,NA,NA,NA,NA,NA,NA,NA,NA,NA,NA,NA,NA,NA,NA,NA,NA,NA,NA,NA,NA,NA,NA,NA,NA,NA,NA,NA,NA,NA,1978,5,19,"MSB 4056-3","JAR11318F","EO","JG","07-14-2025","F",37,28,549,"control","control_1971-1980",35.253481,-106.591225,0,0,0,8,0,6,0,0,0,0,0,0,0,NA,0,NA,NA,NA,NA,NA,NA,NA,NA,NA,NA,NA,NA,NA,NA,NA,NA,NA,NA,NA,NA,NA,NA,NA,NA,NA,NA,NA,NA,NA,NA,NA,NA,NA
"508","MSB:Fish:4056",NA,NA,NA,NA,NA,NA,NA,NA,NA,NA,NA,NA,NA,NA,NA,NA,NA,NA,NA,NA,NA,NA,NA,NA,NA,NA,NA,NA,NA,NA,NA,NA,NA,NA,NA,NA,NA,NA,NA,1978,5,19,"MSB 4056-4","JAR11317F","EO","JG","07-14-2025","F",34,28,483,"control","control_1971-1980",35.253481,-106.591225,0,0,0,0,0,0,0,0,0,0,0,0,0,NA,0,NA,NA,NA,NA,NA,NA,NA,NA,NA,NA,NA,NA,NA,NA,NA,NA,NA,NA,NA,NA,NA,NA,NA,NA,NA,NA,NA,NA,NA,NA,NA,NA,NA
"509","MSB:Fish:4056",NA,NA,NA,NA,NA,NA,NA,NA,NA,NA,NA,NA,NA,NA,NA,NA,NA,NA,NA,NA,NA,NA,NA,NA,NA,NA,NA,NA,NA,NA,NA,NA,NA,NA,NA,NA,NA,NA,NA,1978,5,19,"MSB 4056-1","JAR11319F","EO","GC","07-14-2025","F",37,30,644,"control","control_1971-1980",35.253481,-106.591225,0,0,0,6,0,0,0,0,0,0,0,0,0,NA,0,NA,NA,NA,NA,NA,NA,NA,NA,NA,NA,NA,NA,NA,NA,NA,NA,NA,NA,NA,NA,NA,NA,NA,NA,NA,NA,NA,NA,NA,NA,NA,NA,NA
"510","MSB:Fish:4056",NA,NA,NA,NA,NA,NA,NA,NA,NA,NA,NA,NA,NA,NA,NA,NA,NA,NA,NA,NA,NA,NA,NA,NA,NA,NA,NA,NA,NA,NA,NA,NA,NA,NA,NA,NA,NA,NA,NA,1978,5,19,"MSB 4056-5","JAR11321F","EO","GC","07-14-2025","F",34,28,581,"control","control_1971-1980",35.253481,-106.591225,0,0,0,4,0,0,0,0,0,0,0,0,0,"0",0,NA,NA,NA,NA,NA,NA,NA,NA,NA,NA,NA,NA,NA,NA,NA,NA,NA,NA,NA,NA,NA,NA,NA,NA,NA,NA,NA,NA,NA,NA,NA,NA,NA
"511","MSB:Fish:4086",NA,NA,NA,NA,NA,NA,NA,NA,NA,NA,NA,NA,NA,NA,NA,NA,NA,NA,NA,NA,NA,NA,NA,NA,NA,NA,NA,NA,NA,NA,NA,NA,NA,NA,NA,NA,NA,NA,NA,1978,9,29,"MSB 4086-3","JAR11342F","BP","JG","07-11-2025",NA,31,24,340,"control","control_1971-1980",35.380072,-106.499406,0,0,0,4,0,10,0,0,0,0,0,0,0,NA,0,NA,NA,NA,NA,NA,NA,NA,NA,NA,NA,NA,NA,NA,NA,NA,NA,NA,NA,NA,NA,NA,NA,NA,NA,NA,NA,NA,NA,NA,NA,NA,NA,NA
"512","MSB:Fish:4086",NA,NA,NA,NA,NA,NA,NA,NA,NA,NA,NA,NA,NA,NA,NA,NA,NA,NA,NA,NA,NA,NA,NA,NA,NA,NA,NA,NA,NA,NA,NA,NA,NA,NA,NA,NA,NA,NA,NA,1978,9,29,"MSB 4086-5","JAR11340F","BP","GC","07-11-2025","M",29,23,261,"control","control_1971-1980",35.380072,-106.499406,0,0,0,0,0,0,0,0,0,0,0,0,0,"0",0,NA,NA,NA,NA,NA,NA,NA,NA,NA,NA,NA,NA,NA,NA,NA,NA,NA,NA,NA,NA,NA,NA,NA,NA,NA,NA,NA,NA,NA,NA,NA,NA,NA
"513","MSB:Fish:4086",NA,NA,NA,NA,NA,NA,NA,NA,NA,NA,NA,NA,NA,NA,NA,NA,NA,NA,NA,NA,NA,NA,NA,NA,NA,NA,NA,NA,NA,NA,NA,NA,NA,NA,NA,NA,NA,NA,NA,1978,9,29,"MSB 4086-4","JAR11341F","BP","GC","07-11-2025","F",26,19,139,"control","control_1971-1980",35.380072,-106.499406,0,0,0,4,0,0,0,0,0,0,0,0,0,"0",0,NA,NA,NA,NA,NA,NA,NA,NA,NA,NA,NA,NA,NA,NA,NA,NA,NA,NA,NA,NA,NA,NA,NA,NA,NA,NA,NA,NA,NA,NA,NA,NA,NA
"514","MSB:Fish:4086",NA,NA,NA,NA,NA,NA,NA,NA,NA,NA,NA,NA,NA,NA,NA,NA,NA,NA,NA,NA,NA,NA,NA,NA,NA,NA,NA,NA,NA,NA,NA,NA,NA,NA,NA,NA,NA,NA,NA,1978,9,29,"MSB 4086-2","JAR11344F","BP","EO","07-11-2025","F",40,30,701,"control","control_1971-1980",35.380072,-106.499406,0,0,0,0,0,0,0,0,0,0,0,0,0,NA,0,NA,NA,NA,NA,NA,NA,NA,NA,NA,NA,NA,NA,NA,NA,NA,NA,NA,NA,NA,NA,NA,NA,NA,NA,NA,NA,NA,NA,NA,NA,NA,NA,NA
"515","MSB:Fish:4086",NA,NA,NA,NA,NA,NA,NA,NA,NA,NA,NA,NA,NA,NA,NA,NA,NA,NA,NA,NA,NA,NA,NA,NA,NA,NA,NA,NA,NA,NA,NA,NA,NA,NA,NA,NA,NA,NA,NA,1978,9,29,"MSB 4086-1","JAR11345F","BP","KL","07-11-2025","F",41,32,795,"control","control_1971-1980",35.380072,-106.499406,0,0,0,0,12,0,0,0,0,0,0,0,0,"0",0,NA,NA,NA,NA,NA,NA,NA,NA,NA,NA,NA,NA,NA,NA,NA,NA,NA,NA,NA,NA,NA,NA,NA,NA,NA,NA,NA,NA,NA,NA,NA,NA,NA
"516","MSB:Fish:4172",NA,NA,NA,NA,NA,NA,NA,NA,NA,NA,NA,NA,NA,NA,NA,NA,NA,NA,NA,NA,NA,NA,NA,NA,NA,NA,NA,NA,NA,NA,NA,NA,NA,NA,NA,NA,NA,NA,NA,1977,5,10,"MSB 4172-2","JAR11329F","JG","GC","07-14-2025","F",33,29,347,"control","control_1971-1980",35.26637,-106.598674,0,0,0,4,0,0,0,0,0,0,0,0,0,NA,0,NA,NA,NA,NA,NA,NA,NA,NA,NA,NA,NA,NA,NA,NA,NA,NA,NA,NA,NA,NA,NA,NA,NA,NA,NA,NA,NA,NA,NA,NA,NA,NA,NA
"517","MSB:Fish:4172",NA,NA,NA,NA,NA,NA,NA,NA,NA,NA,NA,NA,NA,NA,NA,NA,NA,NA,NA,NA,NA,NA,NA,NA,NA,NA,NA,NA,NA,NA,NA,NA,NA,NA,NA,NA,NA,NA,NA,1977,5,10,"MSB 4172-3","JAR11330F","BP","KL","07-14-2025","F",27,21,170,"control","control_1971-1980",35.26637,-106.598674,0,0,0,4,0,0,0,0,0,0,0,0,0,"0",0,NA,NA,NA,NA,NA,NA,NA,NA,NA,NA,NA,NA,NA,NA,NA,NA,NA,NA,NA,NA,NA,NA,NA,NA,NA,NA,NA,NA,NA,NA,NA,NA,NA
"518","MSB:Fish:4172",NA,NA,NA,NA,NA,NA,NA,NA,NA,NA,NA,NA,NA,NA,NA,NA,NA,NA,NA,NA,NA,NA,NA,NA,NA,NA,NA,NA,NA,NA,NA,NA,NA,NA,NA,NA,NA,NA,NA,1977,5,10,"MSB 4172-4","JAR11327F","BP","GC","07-14-2025","M",27,21,150,"control","control_1971-1980",35.26637,-106.598674,0,0,0,8,0,0,0,0,0,0,0,0,0,"0",0,NA,NA,NA,NA,NA,NA,NA,NA,NA,NA,NA,NA,NA,NA,NA,NA,NA,NA,NA,NA,NA,NA,NA,NA,NA,NA,NA,NA,NA,NA,NA,NA,NA
"519","MSB:Fish:4172",NA,NA,NA,NA,NA,NA,NA,NA,NA,NA,NA,NA,NA,NA,NA,NA,NA,NA,NA,NA,NA,NA,NA,NA,NA,NA,NA,NA,NA,NA,NA,NA,NA,NA,NA,NA,NA,NA,NA,1977,5,10,"MSB 4172-1","JAR11328F","BP","KL","07-14-2025",NA,29,24,252,"control","control_1971-1980",35.26637,-106.598674,0,0,0,4,0,0,0,0,0,0,0,0,0,NA,0,NA,NA,NA,NA,NA,NA,NA,NA,NA,NA,NA,NA,NA,NA,NA,NA,NA,NA,NA,NA,NA,NA,NA,NA,NA,NA,NA,NA,NA,NA,NA,NA,NA
"520","MSB:Fish:4172",NA,NA,NA,NA,NA,NA,NA,NA,NA,NA,NA,NA,NA,NA,NA,NA,NA,NA,NA,NA,NA,NA,NA,NA,NA,NA,NA,NA,NA,NA,NA,NA,NA,NA,NA,NA,NA,NA,NA,1977,5,10,"MSB 4172-5","JAR11326F","JG","JG","07-14-2025",NA,27,21,137,"control","control_1971-1980",35.26637,-106.598674,0,0,0,6,0,0,0,0,0,0,0,0,0,"0",0,NA,NA,NA,NA,NA,NA,NA,NA,NA,NA,NA,NA,NA,NA,NA,NA,NA,NA,NA,NA,NA,NA,NA,NA,NA,NA,NA,NA,NA,NA,NA,NA,NA
"521","MSB:Fish:4176",NA,NA,NA,NA,NA,NA,NA,NA,NA,NA,NA,NA,NA,NA,NA,NA,NA,NA,NA,NA,NA,NA,NA,NA,NA,NA,NA,NA,NA,NA,NA,NA,NA,NA,NA,NA,NA,NA,NA,1978,5,21,"MSB 4176-5","JAR8822F","JG","KL","07-08-2025","F",29,23,368,"control","control_1971-1980",35.253481,-106.591225,0,0,0,10,0,0,0,0,0,0,0,0,0,"0",0,NA,NA,NA,NA,NA,NA,NA,NA,NA,NA,NA,NA,NA,NA,NA,NA,NA,NA,NA,NA,NA,NA,NA,NA,NA,NA,NA,NA,NA,NA,NA,NA,NA
"522","MSB:Fish:4176",NA,NA,NA,NA,NA,NA,NA,NA,NA,NA,NA,NA,NA,NA,NA,NA,NA,NA,NA,NA,NA,NA,NA,NA,NA,NA,NA,NA,NA,NA,NA,NA,NA,NA,NA,NA,NA,NA,NA,1978,5,21,"MSB 4176-1","JAR8821F","BP","JG","07-08-2025","F",38,31,741,"control","control_1971-1980",35.253481,-106.591225,0,0,0,0,0,0,0,0,0,0,0,0,0,"0",0,NA,NA,NA,NA,NA,NA,NA,NA,NA,NA,NA,NA,NA,NA,NA,NA,NA,NA,NA,NA,NA,NA,NA,NA,NA,NA,NA,NA,NA,NA,NA,NA,NA
"523","MSB:Fish:4176",NA,NA,NA,NA,NA,NA,NA,NA,NA,NA,NA,NA,NA,NA,NA,NA,NA,NA,NA,NA,NA,NA,NA,NA,NA,NA,NA,NA,NA,NA,NA,NA,NA,NA,NA,NA,NA,NA,NA,1978,5,21,"MSB 4176-3","JAR8818F","JG","KL","07-08-2025","F",33,26,425,"control","control_1971-1980",35.253481,-106.591225,0,0,0,2,0,0,0,0,0,0,0,0,0,"1",0,NA,NA,NA,NA,NA,NA,NA,NA,NA,NA,NA,NA,NA,NA,NA,NA,NA,NA,NA,NA,NA,NA,NA,NA,NA,NA,NA,NA,NA,NA,NA,NA,NA
"524","MSB:Fish:4176",NA,NA,NA,NA,NA,NA,NA,NA,NA,NA,NA,NA,NA,NA,NA,NA,NA,NA,NA,NA,NA,NA,NA,NA,NA,NA,NA,NA,NA,NA,NA,NA,NA,NA,NA,NA,NA,NA,NA,1978,5,21,"MSB 4176-2","JAR8816F","BP","EO","07-08-2025","F",39,31,798,"control","control_1971-1980",35.253481,-106.591225,0,0,0,0,0,0,0,0,0,0,0,0,0,"0",0,NA,NA,NA,NA,NA,NA,NA,NA,NA,NA,NA,NA,NA,NA,NA,NA,NA,NA,NA,NA,NA,NA,NA,NA,NA,NA,NA,NA,NA,NA,NA,NA,NA
"525","MSB:Fish:4176",NA,NA,NA,NA,NA,NA,NA,NA,NA,NA,NA,NA,NA,NA,NA,NA,NA,NA,NA,NA,NA,NA,NA,NA,NA,NA,NA,NA,NA,NA,NA,NA,NA,NA,NA,NA,NA,NA,NA,1978,5,21,"MSB 4176-4","JAR8820F","BP","JG","07-08-2025","F",38,30,806,"control","control_1971-1980",35.253481,-106.591225,0,0,0,12,0,0,0,0,0,0,0,0,0,"0",0,NA,NA,NA,NA,NA,NA,NA,NA,NA,NA,NA,NA,NA,NA,NA,NA,NA,NA,NA,NA,NA,NA,NA,NA,NA,NA,NA,NA,NA,NA,NA,NA,NA
"526","MSB:Fish:43165",NA,NA,NA,NA,NA,NA,NA,NA,NA,NA,NA,NA,NA,NA,NA,NA,NA,NA,NA,NA,NA,NA,NA,NA,NA,NA,NA,NA,NA,NA,NA,NA,NA,NA,NA,NA,NA,NA,NA,1999,4,21,"MSB 43165-3","JAR11124F","EO","KL","07-17-2025","F",35,27,471,"impact","impact_1991-2000",35.027111,-106.672944,0,0,0,22,0,0,0,0,0,0,0,0,0,"0",0,NA,NA,NA,NA,NA,NA,NA,NA,NA,NA,NA,NA,NA,NA,NA,NA,NA,NA,NA,NA,NA,NA,NA,NA,NA,NA,NA,NA,NA,NA,NA,NA,NA
"527","MSB:Fish:43165",NA,NA,NA,NA,NA,NA,NA,NA,NA,NA,NA,NA,NA,NA,NA,NA,NA,NA,NA,NA,NA,NA,NA,NA,NA,NA,NA,NA,NA,NA,NA,NA,NA,NA,NA,NA,NA,NA,NA,1999,4,21,"MSB 43165-4","JAR11123F","EO","JG GC","07-17-2025","F",38,30,636,"impact","impact_1991-2000",35.027111,-106.672944,0,0,0,0,0,0,0,0,0,0,0,0,0,NA,0,NA,NA,NA,NA,NA,NA,NA,NA,NA,NA,NA,NA,NA,NA,NA,NA,NA,NA,NA,NA,NA,NA,NA,NA,NA,NA,NA,NA,NA,NA,NA,NA,NA
"528","MSB:Fish:43165",NA,NA,NA,NA,NA,NA,NA,NA,NA,NA,NA,NA,NA,NA,NA,NA,NA,NA,NA,NA,NA,NA,NA,NA,NA,NA,NA,NA,NA,NA,NA,NA,NA,NA,NA,NA,NA,NA,NA,1999,4,21,"MSB 43165-2","JAR11125F","EO","EO","07-17-2025","F",38,30,668,"impact","impact_1991-2000",35.027111,-106.672944,0,0,0,2,0,0,0,0,0,0,0,0,NA,NA,0,NA,NA,NA,NA,NA,NA,NA,NA,NA,NA,NA,NA,NA,NA,NA,NA,NA,NA,NA,NA,NA,NA,NA,NA,NA,NA,NA,NA,NA,NA,NA,NA,NA
"529","MSB:Fish:43165",NA,NA,NA,NA,NA,NA,NA,NA,NA,NA,NA,NA,NA,NA,NA,NA,NA,NA,NA,NA,NA,NA,NA,NA,NA,NA,NA,NA,NA,NA,NA,NA,NA,NA,NA,NA,NA,NA,NA,1999,4,21,"MSB 43165-1","JAR11126F","EO","GC","07-17-2025","F",33,27,464,"impact","impact_1991-2000",35.027111,-106.672944,0,0,0,4,0,0,0,0,0,0,0,0,0,"0",0,NA,NA,NA,NA,NA,NA,NA,NA,NA,NA,NA,NA,NA,NA,NA,NA,NA,NA,NA,NA,NA,NA,NA,NA,NA,NA,NA,NA,NA,NA,NA,NA,NA
"530","MSB:Fish:43165",NA,NA,NA,NA,NA,NA,NA,NA,NA,NA,NA,NA,NA,NA,NA,NA,NA,NA,NA,NA,NA,NA,NA,NA,NA,NA,NA,NA,NA,NA,NA,NA,NA,NA,NA,NA,NA,NA,NA,1999,4,21,"MSB 43165-5","JAR11122F","EO","KL","07-17-2025","F",40,32,732,"impact","impact_1991-2000",35.027111,-106.672944,0,0,0,2,0,0,0,0,0,0,0,0,5,NA,0,NA,NA,NA,NA,NA,NA,NA,NA,NA,NA,NA,NA,NA,NA,NA,NA,NA,NA,NA,NA,NA,NA,NA,NA,NA,NA,NA,NA,NA,NA,NA,NA,NA
"531","MSB:Fish:43242",NA,NA,NA,NA,NA,NA,NA,NA,NA,NA,NA,NA,NA,NA,NA,NA,NA,NA,NA,NA,NA,NA,NA,NA,NA,NA,NA,NA,NA,NA,NA,NA,NA,NA,NA,NA,NA,NA,NA,1999,7,14,"MSB 43242-5","JAR11026F","KL","KL","07-28-2025",NA,41,33,899,"control","control_1991-2000",35.28302778,-106.5981389,0,0,0,6,0,0,0,0,0,0,0,0,0,"0",0,NA,NA,NA,NA,NA,NA,NA,NA,NA,NA,NA,NA,NA,NA,NA,NA,NA,NA,NA,NA,NA,NA,NA,NA,NA,NA,NA,NA,NA,NA,NA,NA,NA
"532","MSB:Fish:43242",NA,NA,NA,NA,NA,NA,NA,NA,NA,NA,NA,NA,NA,NA,NA,NA,NA,NA,NA,NA,NA,NA,NA,NA,NA,NA,NA,NA,NA,NA,NA,NA,NA,NA,NA,NA,NA,NA,NA,1999,7,14,"MSB 43242-4","JAR11034F","KL","KL","07-28-2025","F",32,25,344,"control","control_1991-2000",35.28302778,-106.5981389,0,0,0,8,4,0,0,0,0,0,0,0,0,"0",0,NA,NA,NA,NA,NA,NA,NA,NA,NA,NA,NA,NA,NA,NA,NA,NA,NA,NA,NA,NA,NA,NA,NA,NA,NA,NA,NA,NA,NA,NA,NA,NA,NA
"533","MSB:Fish:43242",NA,NA,NA,NA,NA,NA,NA,NA,NA,NA,NA,NA,NA,NA,NA,NA,NA,NA,NA,NA,NA,NA,NA,NA,NA,NA,NA,NA,NA,NA,NA,NA,NA,NA,NA,NA,NA,NA,NA,1999,7,14,"MSB 43242-3","JAR11029F","KL","KL","07-28-2025","F",32,25,338,"control","control_1991-2000",35.28302778,-106.5981389,0,0,0,4,0,0,0,0,0,0,0,0,0,"0",0,NA,NA,NA,NA,NA,NA,NA,NA,NA,NA,NA,NA,NA,NA,NA,NA,NA,NA,NA,NA,NA,NA,NA,NA,NA,NA,NA,NA,NA,NA,NA,NA,NA
"534","MSB:Fish:43242",NA,NA,NA,NA,NA,NA,NA,NA,NA,NA,NA,NA,NA,NA,NA,NA,NA,NA,NA,NA,NA,NA,NA,NA,NA,NA,NA,NA,NA,NA,NA,NA,NA,NA,NA,NA,NA,NA,NA,1999,7,14,"MSB 43242-2","JAR11032F","KL","KL","07-28-2025",NA,32,26,416,"control","control_1991-2000",35.28302778,-106.5981389,0,0,0,0,0,0,0,0,0,0,0,0,0,"0",0,NA,NA,NA,NA,NA,NA,NA,NA,NA,NA,NA,NA,NA,NA,NA,NA,NA,NA,NA,NA,NA,NA,NA,NA,NA,NA,NA,NA,NA,NA,NA,NA,NA
"535","MSB:Fish:43242",NA,NA,NA,NA,NA,NA,NA,NA,NA,NA,NA,NA,NA,NA,NA,NA,NA,NA,NA,NA,NA,NA,NA,NA,NA,NA,NA,NA,NA,NA,NA,NA,NA,NA,NA,NA,NA,NA,NA,1999,7,14,"MSB 43242-1","JAR11031F","KL","KL","07-28-2025",NA,29,22,249,"control","control_1991-2000",35.28302778,-106.5981389,0,0,0,0,0,0,0,0,0,0,0,0,0,"0",0,NA,NA,NA,NA,NA,NA,NA,NA,NA,NA,NA,NA,NA,NA,NA,NA,NA,NA,NA,NA,NA,NA,NA,NA,NA,NA,NA,NA,NA,NA,NA,NA,NA
"536","MSB:Fish:43251",NA,NA,NA,NA,NA,NA,NA,NA,NA,NA,NA,NA,NA,NA,NA,NA,NA,NA,NA,NA,NA,NA,NA,NA,NA,NA,NA,NA,NA,NA,NA,NA,NA,NA,NA,NA,NA,NA,NA,1999,7,15,"MSB 43251-2","JAR11011F","KL","KL","07-23-2025","F",37,29,616,"impact","impact_1991-2000",35.089293,-106.680842,0,0,0,0,0,0,0,0,0,0,0,0,0,NA,0,NA,NA,NA,NA,NA,NA,NA,NA,NA,NA,NA,NA,NA,NA,NA,NA,NA,NA,NA,NA,NA,NA,NA,NA,NA,NA,NA,NA,NA,NA,NA,NA,NA
"537","MSB:Fish:43251",NA,NA,NA,NA,NA,NA,NA,NA,NA,NA,NA,NA,NA,NA,NA,NA,NA,NA,NA,NA,NA,NA,NA,NA,NA,NA,NA,NA,NA,NA,NA,NA,NA,NA,NA,NA,NA,NA,NA,1999,7,15,"MSB 43251-1","JAR11014F","KL","KL","07-23-2025",NA,32,26,384,"impact","impact_1991-2000",35.089293,-106.680842,0,0,0,4,0,0,0,0,0,0,0,0,0,NA,0,NA,NA,NA,NA,NA,NA,NA,NA,NA,NA,NA,NA,NA,NA,NA,NA,NA,NA,NA,NA,NA,NA,NA,NA,NA,NA,NA,NA,NA,NA,NA,NA,NA
"538","MSB:Fish:43251",NA,NA,NA,NA,NA,NA,NA,NA,NA,NA,NA,NA,NA,NA,NA,NA,NA,NA,NA,NA,NA,NA,NA,NA,NA,NA,NA,NA,NA,NA,NA,NA,NA,NA,NA,NA,NA,NA,NA,1999,7,15,"MSB 43251-4","JAR11018F","KL","KL","07-23-2025","F",32,25,392,"impact","impact_1991-2000",35.089293,-106.680842,0,0,0,2,6,0,0,0,0,0,0,0,0,NA,0,NA,NA,NA,NA,NA,NA,NA,NA,NA,NA,NA,NA,NA,NA,NA,NA,NA,NA,NA,NA,NA,NA,NA,NA,NA,NA,NA,NA,NA,NA,NA,NA,NA
"539","MSB:Fish:43251",NA,NA,NA,NA,NA,NA,NA,NA,NA,NA,NA,NA,NA,NA,NA,NA,NA,NA,NA,NA,NA,NA,NA,NA,NA,NA,NA,NA,NA,NA,NA,NA,NA,NA,NA,NA,NA,NA,NA,1999,7,15,"MSB 43251-5","JAR11019F","KL","KL","07-23-2025","F",34,27,NA,"impact","impact_1991-2000",35.089293,-106.680842,0,0,0,10,0,0,0,0,0,0,0,0,0,"0",0,NA,NA,NA,NA,NA,NA,NA,NA,NA,NA,NA,NA,NA,NA,NA,NA,NA,NA,NA,NA,NA,NA,NA,NA,NA,NA,NA,NA,NA,NA,NA,NA,NA
"540","MSB:Fish:43251",NA,NA,NA,NA,NA,NA,NA,NA,NA,NA,NA,NA,NA,NA,NA,NA,NA,NA,NA,NA,NA,NA,NA,NA,NA,NA,NA,NA,NA,NA,NA,NA,NA,NA,NA,NA,NA,NA,NA,1999,7,15,"MSB 43251-3","JAR11017F","KL","KL","07-23-2025","F",33,27,379,"impact","impact_1991-2000",35.089293,-106.680842,0,0,0,4,2,0,0,0,0,0,0,0,0,"0",0,NA,NA,NA,NA,NA,NA,NA,NA,NA,NA,NA,NA,NA,NA,NA,NA,NA,NA,NA,NA,NA,NA,NA,NA,NA,NA,NA,NA,NA,NA,NA,NA,NA
"541","MSB:Fish:43370",NA,NA,NA,NA,NA,NA,NA,NA,NA,NA,NA,NA,NA,NA,NA,NA,NA,NA,NA,NA,NA,NA,NA,NA,NA,NA,NA,NA,NA,NA,NA,NA,NA,NA,NA,NA,NA,NA,NA,1999,8,25,"MSB 43370-2","JAR11035F","KL","KL","07-28-2025",NA,28,22,215,"control","control_1991-2000",35.28302778,-106.5981389,0,0,0,0,0,0,0,0,0,0,0,0,0,NA,0,NA,NA,NA,NA,NA,NA,NA,NA,NA,NA,NA,NA,NA,NA,NA,NA,NA,NA,NA,NA,NA,NA,NA,NA,NA,NA,NA,NA,NA,NA,NA,NA,NA
"542","MSB:Fish:43370",NA,NA,NA,NA,NA,NA,NA,NA,NA,NA,NA,NA,NA,NA,NA,NA,NA,NA,NA,NA,NA,NA,NA,NA,NA,NA,NA,NA,NA,NA,NA,NA,NA,NA,NA,NA,NA,NA,NA,1999,8,25,"MSB 43370-3","JAR11036F","KL","KL","07-28-2025",NA,36,29,480,"control","control_1991-2000",35.28302778,-106.5981389,0,0,0,0,0,0,0,0,0,0,0,0,0,NA,0,NA,NA,NA,NA,NA,NA,NA,NA,NA,NA,NA,NA,NA,NA,NA,NA,NA,NA,NA,NA,NA,NA,NA,NA,NA,NA,NA,NA,NA,NA,NA,NA,NA
"543","MSB:Fish:43370",NA,NA,NA,NA,NA,NA,NA,NA,NA,NA,NA,NA,NA,NA,NA,NA,NA,NA,NA,NA,NA,NA,NA,NA,NA,NA,NA,NA,NA,NA,NA,NA,NA,NA,NA,NA,NA,NA,NA,1999,8,25,"MSB 43370-1","JAR11041F","KL","KL","07-28-2025",NA,38,30,NA,"control","control_1991-2000",35.28302778,-106.5981389,0,0,0,2,0,0,0,0,0,0,0,0,0,"1",0,NA,NA,NA,NA,NA,NA,NA,NA,NA,NA,NA,NA,NA,NA,NA,NA,NA,NA,NA,NA,NA,NA,NA,NA,NA,NA,NA,NA,NA,NA,NA,NA,NA
"544","MSB:Fish:43370",NA,NA,NA,NA,NA,NA,NA,NA,NA,NA,NA,NA,NA,NA,NA,NA,NA,NA,NA,NA,NA,NA,NA,NA,NA,NA,NA,NA,NA,NA,NA,NA,NA,NA,NA,NA,NA,NA,NA,1999,8,25,"MSB 43370-5","JAR11043F","KL","KL","07-28-2025","M",30,24,225,"control","control_1991-2000",35.28302778,-106.5981389,0,0,0,0,2,0,0,0,0,0,0,0,0,NA,0,NA,NA,NA,NA,NA,NA,NA,NA,NA,NA,NA,NA,NA,NA,NA,NA,NA,NA,NA,NA,NA,NA,NA,NA,NA,NA,NA,NA,NA,NA,NA,NA,NA
"545","MSB:Fish:43370",NA,NA,NA,NA,NA,NA,NA,NA,NA,NA,NA,NA,NA,NA,NA,NA,NA,NA,NA,NA,NA,NA,NA,NA,NA,NA,NA,NA,NA,NA,NA,NA,NA,NA,NA,NA,NA,NA,NA,1999,8,25,"MSB 43370-4","JAR11042F","KL","KL","07-28-2025",NA,26,20,154,"control","control_1991-2000",35.28302778,-106.5981389,0,0,0,4,0,0,0,0,0,0,0,0,0,NA,0,NA,NA,NA,NA,NA,NA,NA,NA,NA,NA,NA,NA,NA,NA,NA,NA,NA,NA,NA,NA,NA,NA,NA,NA,NA,NA,NA,NA,NA,NA,NA,NA,NA
"546","MSB:Fish:4353",NA,NA,NA,NA,NA,NA,NA,NA,NA,NA,NA,NA,NA,NA,NA,NA,NA,NA,NA,NA,NA,NA,NA,NA,NA,NA,NA,NA,NA,NA,NA,NA,NA,NA,NA,NA,NA,NA,NA,1978,9,8,"MSB 4353-1","JAR11097F","JG","GC","07-16-2025","F",35,29,601,"control","control_1971-1980",35.222784,-106.601974,0,0,0,0,0,0,0,0,0,0,0,0,0,"0",0,NA,NA,NA,NA,NA,NA,NA,NA,NA,NA,NA,NA,NA,NA,NA,NA,NA,NA,NA,NA,NA,NA,NA,NA,NA,NA,NA,NA,NA,NA,NA,NA,NA
"547","MSB:Fish:4353",NA,NA,NA,NA,NA,NA,NA,NA,NA,NA,NA,NA,NA,NA,NA,NA,NA,NA,NA,NA,NA,NA,NA,NA,NA,NA,NA,NA,NA,NA,NA,NA,NA,NA,NA,NA,NA,NA,NA,1978,9,8,"MSB 4353-4","JAR11106F","BP","BP","07-16-2025",NA,25,19,157,"control","control_1971-1980",35.222784,-106.601974,0,0,0,0,0,0,0,1,0,0,0,0,0,"1",0,NA,NA,NA,NA,NA,NA,NA,NA,NA,NA,NA,NA,NA,NA,NA,NA,NA,NA,NA,NA,NA,NA,NA,NA,NA,NA,NA,NA,NA,NA,NA,NA,NA
"548","MSB:Fish:4353",NA,NA,NA,NA,NA,NA,NA,NA,NA,NA,NA,NA,NA,NA,NA,NA,NA,NA,NA,NA,NA,NA,NA,NA,NA,NA,NA,NA,NA,NA,NA,NA,NA,NA,NA,NA,NA,NA,NA,1978,9,8,"MSB 4353-2","JAR11100F","JG","GC","07-16-2025","M",29,24,212,"control","control_1971-1980",35.222784,-106.601974,0,0,0,8,0,0,0,0,0,0,0,0,0,NA,0,NA,NA,NA,NA,NA,NA,NA,NA,NA,NA,NA,NA,NA,NA,NA,NA,NA,NA,NA,NA,NA,NA,NA,NA,NA,NA,NA,NA,NA,NA,NA,NA,NA
"549","MSB:Fish:4353",NA,NA,NA,NA,NA,NA,NA,NA,NA,NA,NA,NA,NA,NA,NA,NA,NA,NA,NA,NA,NA,NA,NA,NA,NA,NA,NA,NA,NA,NA,NA,NA,NA,NA,NA,NA,NA,NA,NA,1978,9,8,"MSB 4353-5","JAR11105F","BP","KL","07-16-2025",NA,25,20,NA,"control","control_1971-1980",35.222784,-106.601974,0,0,0,6,0,0,0,0,0,0,0,0,0,NA,0,NA,NA,NA,NA,NA,NA,NA,NA,NA,NA,NA,NA,NA,NA,NA,NA,NA,NA,NA,NA,NA,NA,NA,NA,NA,NA,NA,NA,NA,NA,NA,NA,NA
"550","MSB:Fish:4353",NA,NA,NA,NA,NA,NA,NA,NA,NA,NA,NA,NA,NA,NA,NA,NA,NA,NA,NA,NA,NA,NA,NA,NA,NA,NA,NA,NA,NA,NA,NA,NA,NA,NA,NA,NA,NA,NA,NA,1978,9,8,"MSB 4353-3","JAR11103F","JG","GC","07-16-2025","M",27,22,151,"control","control_1971-1980",35.222784,-106.601974,0,0,0,0,0,0,0,0,0,0,0,0,0,NA,0,NA,NA,NA,NA,NA,NA,NA,NA,NA,NA,NA,NA,NA,NA,NA,NA,NA,NA,NA,NA,NA,NA,NA,NA,NA,NA,NA,NA,NA,NA,NA,NA,NA
"551","MSB:Fish:4378",NA,NA,NA,NA,NA,NA,NA,NA,NA,NA,NA,NA,NA,NA,NA,NA,NA,NA,NA,NA,NA,NA,NA,NA,NA,NA,NA,NA,NA,NA,NA,NA,NA,NA,NA,NA,NA,NA,NA,1978,9,23,"MSB 4378-3","JAR11554F","JG","KL","07-16-2025","F",38,32,556,"impact","impact_1971-1980",34.905272,-106.685564,0,0,0,4,0,6,0,0,0,0,0,0,0,"1",0,NA,NA,NA,NA,NA,NA,NA,NA,NA,NA,NA,NA,NA,NA,NA,NA,NA,NA,NA,NA,NA,NA,NA,NA,NA,NA,NA,NA,NA,NA,NA,NA,NA
"552","MSB:Fish:4378",NA,NA,NA,NA,NA,NA,NA,NA,NA,NA,NA,NA,NA,NA,NA,NA,NA,NA,NA,NA,NA,NA,NA,NA,NA,NA,NA,NA,NA,NA,NA,NA,NA,NA,NA,NA,NA,NA,NA,1978,9,23,"MSB 4378-5","JAR11545F","BP","GC","07-16-2025","F",36,28,469,"impact","impact_1971-1980",34.905272,-106.685564,0,0,0,0,0,0,0,0,0,0,0,0,0,"0",0,NA,NA,NA,NA,NA,NA,NA,NA,NA,NA,NA,NA,NA,NA,NA,NA,NA,NA,NA,NA,NA,NA,NA,NA,NA,NA,NA,NA,NA,NA,NA,NA,NA
"553","MSB:Fish:4378",NA,NA,NA,NA,NA,NA,NA,NA,NA,NA,NA,NA,NA,NA,NA,NA,NA,NA,NA,NA,NA,NA,NA,NA,NA,NA,NA,NA,NA,NA,NA,NA,NA,NA,NA,NA,NA,NA,NA,1978,9,23,"MSB 4378-3","JAR11546F","BP","KL","07-16-2025","F",42,32,738,"impact","impact_1971-1980",34.905272,-106.685564,0,0,0,2,0,0,0,0,0,0,0,0,0,NA,0,NA,NA,NA,NA,NA,NA,NA,NA,NA,NA,NA,NA,NA,NA,NA,NA,NA,NA,NA,NA,NA,NA,NA,NA,NA,NA,NA,NA,NA,NA,NA,NA,NA
"554","MSB:Fish:4378",NA,NA,NA,NA,NA,NA,NA,NA,NA,NA,NA,NA,NA,NA,NA,NA,NA,NA,NA,NA,NA,NA,NA,NA,NA,NA,NA,NA,NA,NA,NA,NA,NA,NA,NA,NA,NA,NA,NA,1978,9,23,"MSB 4378-2","JAR11551F","BP","JG","07-16-2025","F",38,30,633,"impact","impact_1971-1980",34.905272,-106.685564,0,0,0,6,0,0,0,0,0,0,0,0,0,"0",0,NA,NA,NA,NA,NA,NA,NA,NA,NA,NA,NA,NA,NA,NA,NA,NA,NA,NA,NA,NA,NA,NA,NA,NA,NA,NA,NA,NA,NA,NA,NA,NA,NA
"555","MSB:Fish:4378",NA,NA,NA,NA,NA,NA,NA,NA,NA,NA,NA,NA,NA,NA,NA,NA,NA,NA,NA,NA,NA,NA,NA,NA,NA,NA,NA,NA,NA,NA,NA,NA,NA,NA,NA,NA,NA,NA,NA,1978,9,23,"MSB 4378-1","JAR11548F","BP","KL","07-16-2025","F",37,28,634,"impact","impact_1971-1980",34.905272,-106.685564,0,0,0,2,0,0,0,0,0,0,0,0,0,"0",0,NA,NA,NA,NA,NA,NA,NA,NA,NA,NA,NA,NA,NA,NA,NA,NA,NA,NA,NA,NA,NA,NA,NA,NA,NA,NA,NA,NA,NA,NA,NA,NA,NA
"556","MSB:Fish:438",NA,NA,NA,NA,NA,NA,NA,NA,NA,NA,NA,NA,NA,NA,NA,NA,NA,NA,NA,NA,NA,NA,NA,NA,NA,NA,NA,NA,NA,NA,NA,NA,NA,NA,NA,NA,NA,NA,NA,1978,NA,5,"MSB 4389-1","JAR11516F","JG","GC","07-15-2025",NA,38,31,575,NA,NA,NA,NA,0,0,0,0,0,0,0,0,0,0,0,0,0,NA,0,NA,NA,NA,NA,NA,NA,NA,NA,NA,NA,NA,NA,NA,NA,NA,NA,NA,NA,NA,NA,NA,NA,NA,NA,NA,NA,NA,NA,NA,NA,NA,NA,NA
"557","MSB:Fish:4385",NA,NA,NA,NA,NA,NA,NA,NA,NA,NA,NA,NA,NA,NA,NA,NA,NA,NA,NA,NA,NA,NA,NA,NA,NA,NA,NA,NA,NA,NA,NA,NA,NA,NA,NA,NA,NA,NA,NA,1978,9,6,"MSB 4385-2","JAR8843F","EO","KL","07-08-2025",NA,30,26,273,"impact","impact_1971-1980",34.905272,-106.685564,0,0,0,2,0,6,0,0,0,0,0,0,0,"0",0,NA,NA,NA,NA,NA,NA,NA,NA,NA,NA,NA,NA,NA,NA,NA,NA,NA,NA,NA,NA,NA,NA,NA,NA,NA,NA,NA,NA,NA,NA,NA,NA,NA
"558","MSB:Fish:4385",NA,NA,NA,NA,NA,NA,NA,NA,NA,NA,NA,NA,NA,NA,NA,NA,NA,NA,NA,NA,NA,NA,NA,NA,NA,NA,NA,NA,NA,NA,NA,NA,NA,NA,NA,NA,NA,NA,NA,1978,9,6,"MSB 4385-5","JAR8838F","EO","JG","07-08-2025","F",27,22,197,"impact","impact_1971-1980",34.905272,-106.685564,0,0,0,2,0,0,0,0,0,0,0,0,0,"0",0,NA,NA,NA,NA,NA,NA,NA,NA,NA,NA,NA,NA,NA,NA,NA,NA,NA,NA,NA,NA,NA,NA,NA,NA,NA,NA,NA,NA,NA,NA,NA,NA,NA
"559","MSB:Fish:4385",NA,NA,NA,NA,NA,NA,NA,NA,NA,NA,NA,NA,NA,NA,NA,NA,NA,NA,NA,NA,NA,NA,NA,NA,NA,NA,NA,NA,NA,NA,NA,NA,NA,NA,NA,NA,NA,NA,NA,1978,9,6,"MSB 4385-3","JAR8845F","KL","KL","07-08-2025","F",27,23,204,"impact","impact_1971-1980",34.905272,-106.685564,0,0,0,4,0,4,0,0,0,0,0,0,0,"0",0,NA,NA,NA,NA,NA,NA,NA,NA,NA,NA,NA,NA,NA,NA,NA,NA,NA,NA,NA,NA,NA,NA,NA,NA,NA,NA,NA,NA,NA,NA,NA,NA,NA
"560","MSB:Fish:4385",NA,NA,NA,NA,NA,NA,NA,NA,NA,NA,NA,NA,NA,NA,NA,NA,NA,NA,NA,NA,NA,NA,NA,NA,NA,NA,NA,NA,NA,NA,NA,NA,NA,NA,NA,NA,NA,NA,NA,1978,9,6,"MSB 4385-4","JAR8839","KL","GC","07-08-2025","F",26,22,222,"impact","impact_1971-1980",34.905272,-106.685564,0,0,0,0,0,4,0,0,0,0,0,0,0,NA,0,NA,NA,NA,NA,NA,NA,NA,NA,NA,NA,NA,NA,NA,NA,NA,NA,NA,NA,NA,NA,NA,NA,NA,NA,NA,NA,NA,NA,NA,NA,NA,NA,NA
"561","MSB:Fish:4385",NA,NA,NA,NA,NA,NA,NA,NA,NA,NA,NA,NA,NA,NA,NA,NA,NA,NA,NA,NA,NA,NA,NA,NA,NA,NA,NA,NA,NA,NA,NA,NA,NA,NA,NA,NA,NA,NA,NA,1978,9,6,"MSB 4385-1","JAR8841F","KL","KL","07-08-2025","F",25,21,161,"impact","impact_1971-1980",34.905272,-106.685564,0,0,0,2,0,2,0,0,0,0,0,0,0,NA,0,NA,NA,NA,NA,NA,NA,NA,NA,NA,NA,NA,NA,NA,NA,NA,NA,NA,NA,NA,NA,NA,NA,NA,NA,NA,NA,NA,NA,NA,NA,NA,NA,NA
"562","MSB:Fish:4389",NA,NA,NA,NA,NA,NA,NA,NA,NA,NA,NA,NA,NA,NA,NA,NA,NA,NA,NA,NA,NA,NA,NA,NA,NA,NA,NA,NA,NA,NA,NA,NA,NA,NA,NA,NA,NA,NA,NA,1978,9,5,"MSB 4389-2","JAR11519F","JG","GC","07-15-2025","F",34,28,507,"impact","impact_1971-1980",35.092867,-106.682332,0,0,0,0,0,0,0,0,0,0,0,0,0,"0",0,NA,NA,NA,NA,NA,NA,NA,NA,NA,NA,NA,NA,NA,NA,NA,NA,NA,NA,NA,NA,NA,NA,NA,NA,NA,NA,NA,NA,NA,NA,NA,NA,NA
"563","MSB:Fish:4389",NA,NA,NA,NA,NA,NA,NA,NA,NA,NA,NA,NA,NA,NA,NA,NA,NA,NA,NA,NA,NA,NA,NA,NA,NA,NA,NA,NA,NA,NA,NA,NA,NA,NA,NA,NA,NA,NA,NA,1978,9,5,"MSB 4389-4","JAR11514F","JG","GC","07-15-2025",NA,40,33,716,"impact","impact_1971-1980",35.092867,-106.682332,0,0,0,0,0,2,0,0,0,0,0,0,0,NA,0,NA,NA,NA,NA,NA,NA,NA,NA,NA,NA,NA,NA,NA,NA,NA,NA,NA,NA,NA,NA,NA,NA,NA,NA,NA,NA,NA,NA,NA,NA,NA,NA,NA
"564","MSB:Fish:4389",NA,NA,NA,NA,NA,NA,NA,NA,NA,NA,NA,NA,NA,NA,NA,NA,NA,NA,NA,NA,NA,NA,NA,NA,NA,NA,NA,NA,NA,NA,NA,NA,NA,NA,NA,NA,NA,NA,NA,1978,9,5,"MSB 4389-3","JAR11511F","JG","GC","07-15-2025","M",34,29,461,"impact","impact_1971-1980",35.092867,-106.682332,0,0,0,0,0,0,0,0,0,0,0,0,0,NA,0,NA,NA,NA,NA,NA,NA,NA,NA,NA,NA,NA,NA,NA,NA,NA,NA,NA,NA,NA,NA,NA,NA,NA,NA,NA,NA,NA,NA,NA,NA,NA,NA,NA
"565","MSB:Fish:4389",NA,NA,NA,NA,NA,NA,NA,NA,NA,NA,NA,NA,NA,NA,NA,NA,NA,NA,NA,NA,NA,NA,NA,NA,NA,NA,NA,NA,NA,NA,NA,NA,NA,NA,NA,NA,NA,NA,NA,1978,9,5,"MSB 4389-5","JAR11513F","JG","GC","07-15-2025",NA,38,32,654,"impact","impact_1971-1980",35.092867,-106.682332,0,0,0,0,0,3,0,0,0,0,0,0,0,"0",0,NA,NA,NA,NA,NA,NA,NA,NA,NA,NA,NA,NA,NA,NA,NA,NA,NA,NA,NA,NA,NA,NA,NA,NA,NA,NA,NA,NA,NA,NA,NA,NA,NA
"566","MSB:Fish:4418",NA,NA,NA,NA,NA,NA,NA,NA,NA,NA,NA,NA,NA,NA,NA,NA,NA,NA,NA,NA,NA,NA,NA,NA,NA,NA,NA,NA,NA,NA,NA,NA,NA,NA,NA,NA,NA,NA,NA,1978,8,3,"MSB 4418-1","JAR11292F","BP","GC","07-14-2025","F",43,34,1443,"impact","impact_1971-1980",34.905272,-106.685564,0,0,0,4,0,0,0,0,0,0,0,0,0,NA,0,NA,NA,NA,NA,NA,NA,NA,NA,NA,NA,NA,NA,NA,NA,NA,NA,NA,NA,NA,NA,NA,NA,NA,NA,NA,NA,NA,NA,NA,NA,NA,NA,NA
"567","MSB:Fish:4418",NA,NA,NA,NA,NA,NA,NA,NA,NA,NA,NA,NA,NA,NA,NA,NA,NA,NA,NA,NA,NA,NA,NA,NA,NA,NA,NA,NA,NA,NA,NA,NA,NA,NA,NA,NA,NA,NA,NA,1978,8,3,"MSB 4418-2","JAR11289F","BP","KL","07-14-2025","F",38,30,662,"impact","impact_1971-1980",34.905272,-106.685564,0,0,0,0,0,0,0,0,0,0,0,0,0,"0",0,NA,NA,NA,NA,NA,NA,NA,NA,NA,NA,NA,NA,NA,NA,NA,NA,NA,NA,NA,NA,NA,NA,NA,NA,NA,NA,NA,NA,NA,NA,NA,NA,NA
"568","MSB:Fish:4418",NA,NA,NA,NA,NA,NA,NA,NA,NA,NA,NA,NA,NA,NA,NA,NA,NA,NA,NA,NA,NA,NA,NA,NA,NA,NA,NA,NA,NA,NA,NA,NA,NA,NA,NA,NA,NA,NA,NA,1978,8,3,"MSB 4418-5","JAR11297F","EO","KL","07-14-2025","F",40,33,985,"impact","impact_1971-1980",34.905272,-106.685564,0,0,0,0,0,0,0,0,0,0,0,0,0,NA,0,NA,NA,NA,NA,NA,NA,NA,NA,NA,NA,NA,NA,NA,NA,NA,NA,NA,NA,NA,NA,NA,NA,NA,NA,NA,NA,NA,NA,NA,NA,NA,NA,NA
"569","MSB:Fish:4418",NA,NA,NA,NA,NA,NA,NA,NA,NA,NA,NA,NA,NA,NA,NA,NA,NA,NA,NA,NA,NA,NA,NA,NA,NA,NA,NA,NA,NA,NA,NA,NA,NA,NA,NA,NA,NA,NA,NA,1978,8,3,"MSB 4418-4","JAR11298F","EO","KL","07-14-2025","F",37,30,678,"impact","impact_1971-1980",34.905272,-106.685564,0,0,0,0,0,0,0,0,0,0,0,0,0,"0",0,NA,NA,NA,NA,NA,NA,NA,NA,NA,NA,NA,NA,NA,NA,NA,NA,NA,NA,NA,NA,NA,NA,NA,NA,NA,NA,NA,NA,NA,NA,NA,NA,NA
"570","MSB:Fish:4418",NA,NA,NA,NA,NA,NA,NA,NA,NA,NA,NA,NA,NA,NA,NA,NA,NA,NA,NA,NA,NA,NA,NA,NA,NA,NA,NA,NA,NA,NA,NA,NA,NA,NA,NA,NA,NA,NA,NA,1978,8,3,"MSB 4418-3","JAR11295F","BP","KL","07-14-2025","F",40,31,805,"impact","impact_1971-1980",34.905272,-106.685564,2,0,0,0,0,0,0,0,0,0,0,0,0,"0",0,NA,NA,NA,NA,NA,NA,NA,NA,NA,NA,NA,NA,NA,NA,NA,NA,NA,NA,NA,NA,NA,NA,NA,NA,NA,NA,NA,NA,NA,NA,NA,NA,NA
"571","MSB:Fish:4440",NA,NA,NA,NA,NA,NA,NA,NA,NA,NA,NA,NA,NA,NA,NA,NA,NA,NA,NA,NA,NA,NA,NA,NA,NA,NA,NA,NA,NA,NA,NA,NA,NA,NA,NA,NA,NA,NA,NA,1978,9,5,"MSB 4440-2","JAR11555F","BJG","JG","07-16-2025",NA,28,22,223,"impact","impact_1971-1980",35.090702,-106.684514,0,0,0,0,0,0,0,0,0,0,0,0,0,"0",0,NA,NA,NA,NA,NA,NA,NA,NA,NA,NA,NA,NA,NA,NA,NA,NA,NA,NA,NA,NA,NA,NA,NA,NA,NA,NA,NA,NA,NA,NA,NA,NA,NA
"572","MSB:Fish:4440",NA,NA,NA,NA,NA,NA,NA,NA,NA,NA,NA,NA,NA,NA,NA,NA,NA,NA,NA,NA,NA,NA,NA,NA,NA,NA,NA,NA,NA,NA,NA,NA,NA,NA,NA,NA,NA,NA,NA,1978,9,5,"MSB 4440-1","JAR11552F","BP","JG","07-16-2025",NA,25,20,138,"impact","impact_1971-1980",35.090702,-106.684514,0,0,0,0,0,0,0,0,0,0,0,0,0,"0",0,NA,NA,NA,NA,NA,NA,NA,NA,NA,NA,NA,NA,NA,NA,NA,NA,NA,NA,NA,NA,NA,NA,NA,NA,NA,NA,NA,NA,NA,NA,NA,NA,NA
"573","MSB:Fish:4440",NA,NA,NA,NA,NA,NA,NA,NA,NA,NA,NA,NA,NA,NA,NA,NA,NA,NA,NA,NA,NA,NA,NA,NA,NA,NA,NA,NA,NA,NA,NA,NA,NA,NA,NA,NA,NA,NA,NA,1978,9,5,"MSB 4440-4","JAR11098F","JG","KL","07-16-2025","M",25,21,144,"impact","impact_1971-1980",35.090702,-106.684514,0,0,0,2,0,0,0,0,0,0,0,0,0,NA,0,NA,NA,NA,NA,NA,NA,NA,NA,NA,NA,NA,NA,NA,NA,NA,NA,NA,NA,NA,NA,NA,NA,NA,NA,NA,NA,NA,NA,NA,NA,NA,NA,NA
"574","MSB:Fish:4440",NA,NA,NA,NA,NA,NA,NA,NA,NA,NA,NA,NA,NA,NA,NA,NA,NA,NA,NA,NA,NA,NA,NA,NA,NA,NA,NA,NA,NA,NA,NA,NA,NA,NA,NA,NA,NA,NA,NA,1978,9,5,"MSB 4440-3","JAR11095F","BP","GC","07-16-2025","M",27,20,205,"impact","impact_1971-1980",35.090702,-106.684514,0,0,0,0,0,0,0,0,0,0,0,0,0,"0",0,NA,NA,NA,NA,NA,NA,NA,NA,NA,NA,NA,NA,NA,NA,NA,NA,NA,NA,NA,NA,NA,NA,NA,NA,NA,NA,NA,NA,NA,NA,NA,NA,NA
"575","MSB:Fish:4440",NA,NA,NA,NA,NA,NA,NA,NA,NA,NA,NA,NA,NA,NA,NA,NA,NA,NA,NA,NA,NA,NA,NA,NA,NA,NA,NA,NA,NA,NA,NA,NA,NA,NA,NA,NA,NA,NA,NA,1978,9,5,"MSB 4440-5","JAR11549F","BP","GC","07-16-2025","M",26,20,151,"impact","impact_1971-1980",35.090702,-106.684514,0,0,0,2,0,0,0,0,0,0,0,0,0,"0",0,NA,NA,NA,NA,NA,NA,NA,NA,NA,NA,NA,NA,NA,NA,NA,NA,NA,NA,NA,NA,NA,NA,NA,NA,NA,NA,NA,NA,NA,NA,NA,NA,NA
"576","MSB:Fish:4453",NA,NA,NA,NA,NA,NA,NA,NA,NA,NA,NA,NA,NA,NA,NA,NA,NA,NA,NA,NA,NA,NA,NA,NA,NA,NA,NA,NA,NA,NA,NA,NA,NA,NA,NA,NA,NA,NA,NA,1978,9,5,"MSB 4453-5","JAR8940F","EO","GC","07-10-2025","M",27,22,167,"impact","impact_1971-1980",35.10562,-106.681074,0,0,0,0,0,0,0,0,0,0,0,0,0,"0",0,NA,NA,NA,NA,NA,NA,NA,NA,NA,NA,NA,NA,NA,NA,NA,NA,NA,NA,NA,NA,NA,NA,NA,NA,NA,NA,NA,NA,NA,NA,NA,NA,NA
"577","MSB:Fish:4453",NA,NA,NA,NA,NA,NA,NA,NA,NA,NA,NA,NA,NA,NA,NA,NA,NA,NA,NA,NA,NA,NA,NA,NA,NA,NA,NA,NA,NA,NA,NA,NA,NA,NA,NA,NA,NA,NA,NA,1978,9,5,"MSB 4453-1","JAR11359F","EO","KL","07-10-2025","F",36,30,577,"impact","impact_1971-1980",35.10562,-106.681074,0,0,0,8,0,0,0,0,0,0,0,0,0,NA,0,NA,NA,NA,NA,NA,NA,NA,NA,NA,NA,NA,NA,NA,NA,NA,NA,NA,NA,NA,NA,NA,NA,NA,NA,NA,NA,NA,NA,NA,NA,NA,NA,NA
"578","MSB:Fish:4453",NA,NA,NA,NA,NA,NA,NA,NA,NA,NA,NA,NA,NA,NA,NA,NA,NA,NA,NA,NA,NA,NA,NA,NA,NA,NA,NA,NA,NA,NA,NA,NA,NA,NA,NA,NA,NA,NA,NA,1978,9,5,"MSB 4453-3","JAR8938F","EO","KL","07-10-2025","M",28,22,149,"impact","impact_1971-1980",35.10562,-106.681074,0,0,0,2,0,0,0,0,0,0,0,0,0,"0",0,NA,NA,NA,NA,NA,NA,NA,NA,NA,NA,NA,NA,NA,NA,NA,NA,NA,NA,NA,NA,NA,NA,NA,NA,NA,NA,NA,NA,NA,NA,NA,NA,NA
"579","MSB:Fish:4453",NA,NA,NA,NA,NA,NA,NA,NA,NA,NA,NA,NA,NA,NA,NA,NA,NA,NA,NA,NA,NA,NA,NA,NA,NA,NA,NA,NA,NA,NA,NA,NA,NA,NA,NA,NA,NA,NA,NA,1978,9,5,"MSB 4453-2","JAR8936F","EO ","GC","07-10-2025","F",39,31,742,"impact","impact_1971-1980",35.10562,-106.681074,0,0,0,6,0,0,0,0,0,0,0,0,0,"0",0,NA,NA,NA,NA,NA,NA,NA,NA,NA,NA,NA,NA,NA,NA,NA,NA,NA,NA,NA,NA,NA,NA,NA,NA,NA,NA,NA,NA,NA,NA,NA,NA,NA
"580","MSB:Fish:4453",NA,NA,NA,NA,NA,NA,NA,NA,NA,NA,NA,NA,NA,NA,NA,NA,NA,NA,NA,NA,NA,NA,NA,NA,NA,NA,NA,NA,NA,NA,NA,NA,NA,NA,NA,NA,NA,NA,NA,1978,9,5,"MSB 4453-4","JAR8942F","EO","JG","07-10-2025",NA,26,22,143,"impact","impact_1971-1980",35.10562,-106.681074,0,0,0,0,0,0,0,0,0,0,0,0,0,NA,0,NA,NA,NA,NA,NA,NA,NA,NA,NA,NA,NA,NA,NA,NA,NA,NA,NA,NA,NA,NA,NA,NA,NA,NA,NA,NA,NA,NA,NA,NA,NA,NA,NA
"581","MSB:Fish:4462",NA,NA,NA,NA,NA,NA,NA,NA,NA,NA,NA,NA,NA,NA,NA,NA,NA,NA,NA,NA,NA,NA,NA,NA,NA,NA,NA,NA,NA,NA,NA,NA,NA,NA,NA,NA,NA,NA,NA,1978,6,14,"MSB 4462-1","JAR11541F","BP","BP","07-15-2025",NA,27,22,205,"control","control_1971-1980",35.322164,-106.557448,0,0,0,0,2,0,0,0,0,0,0,0,0,"0",0,NA,NA,NA,NA,NA,NA,NA,NA,NA,NA,NA,NA,NA,NA,NA,NA,NA,NA,NA,NA,NA,NA,NA,NA,NA,NA,NA,NA,NA,NA,NA,NA,NA
"582","MSB:Fish:4462",NA,NA,NA,NA,NA,NA,NA,NA,NA,NA,NA,NA,NA,NA,NA,NA,NA,NA,NA,NA,NA,NA,NA,NA,NA,NA,NA,NA,NA,NA,NA,NA,NA,NA,NA,NA,NA,NA,NA,1978,6,14,"MSB 4462-2","JAR11540F","BP","EO","07-15-2025","F",36,27,517,"control","control_1971-1980",35.322164,-106.557448,0,0,0,8,0,0,0,0,0,0,0,0,0,"0",0,NA,NA,NA,NA,NA,NA,NA,NA,NA,NA,NA,NA,NA,NA,NA,NA,NA,NA,NA,NA,NA,NA,NA,NA,NA,NA,NA,NA,NA,NA,NA,NA,NA
"583","MSB:Fish:4462",NA,NA,NA,NA,NA,NA,NA,NA,NA,NA,NA,NA,NA,NA,NA,NA,NA,NA,NA,NA,NA,NA,NA,NA,NA,NA,NA,NA,NA,NA,NA,NA,NA,NA,NA,NA,NA,NA,NA,1978,6,14,"MSB 4462-5","JAR11535F","BP","GC","07-15-2025","M",26,20,170,"control","control_1971-1980",35.322164,-106.557448,0,0,0,0,0,0,0,0,0,0,0,0,0,NA,0,NA,NA,NA,NA,NA,NA,NA,NA,NA,NA,NA,NA,NA,NA,NA,NA,NA,NA,NA,NA,NA,NA,NA,NA,NA,NA,NA,NA,NA,NA,NA,NA,NA
"584","MSB:Fish:4462",NA,NA,NA,NA,NA,NA,NA,NA,NA,NA,NA,NA,NA,NA,NA,NA,NA,NA,NA,NA,NA,NA,NA,NA,NA,NA,NA,NA,NA,NA,NA,NA,NA,NA,NA,NA,NA,NA,NA,1978,6,14,"MSB 4462-3","JAR11538F","BP","KL","07-15-2025","F",27,20,195,"control","control_1971-1980",35.322164,-106.557448,0,0,0,6,0,0,0,0,0,0,0,0,0,"0",0,NA,NA,NA,NA,NA,NA,NA,NA,NA,NA,NA,NA,NA,NA,NA,NA,NA,NA,NA,NA,NA,NA,NA,NA,NA,NA,NA,NA,NA,NA,NA,NA,NA
"585","MSB:Fish:4462",NA,NA,NA,NA,NA,NA,NA,NA,NA,NA,NA,NA,NA,NA,NA,NA,NA,NA,NA,NA,NA,NA,NA,NA,NA,NA,NA,NA,NA,NA,NA,NA,NA,NA,NA,NA,NA,NA,NA,1978,6,14,"MSB 4462-4","JAR11543F","BP","GC","07-15-2025","M",27,20,197,"control","control_1971-1980",35.322164,-106.557448,0,0,0,0,0,0,0,0,0,0,0,0,0,NA,0,NA,NA,NA,NA,NA,NA,NA,NA,NA,NA,NA,NA,NA,NA,NA,NA,NA,NA,NA,NA,NA,NA,NA,NA,NA,NA,NA,NA,NA,NA,NA,NA,NA
"586","MSB:Fish:4486",NA,NA,NA,NA,NA,NA,NA,NA,NA,NA,NA,NA,NA,NA,NA,NA,NA,NA,NA,NA,NA,NA,NA,NA,NA,NA,NA,NA,NA,NA,NA,NA,NA,NA,NA,NA,NA,NA,NA,1978,9,29,"MSB 4486-1","JAR11274F","JG","KL","07-11-2025","F",29,24,252,"control","control_1971-1980",35.383856,-106.490929,0,0,0,0,4,0,0,0,0,0,0,0,0,"0",0,NA,NA,NA,NA,NA,NA,NA,NA,NA,NA,NA,NA,NA,NA,NA,NA,NA,NA,NA,NA,NA,NA,NA,NA,NA,NA,NA,NA,NA,NA,NA,NA,NA
"587","MSB:Fish:4486",NA,NA,NA,NA,NA,NA,NA,NA,NA,NA,NA,NA,NA,NA,NA,NA,NA,NA,NA,NA,NA,NA,NA,NA,NA,NA,NA,NA,NA,NA,NA,NA,NA,NA,NA,NA,NA,NA,NA,1978,9,29,"MSB 4486-2","JAR11324F","JG","KL","07-11-2025","M",25,20,171,"control","control_1971-1980",35.383856,-106.490929,0,0,0,0,4,0,0,0,0,0,0,0,0,"1",0,NA,NA,NA,NA,NA,NA,NA,NA,NA,NA,NA,NA,NA,NA,NA,NA,NA,NA,NA,NA,NA,NA,NA,NA,NA,NA,NA,NA,NA,NA,NA,NA,NA
"588","MSB:Fish:4486",NA,NA,NA,NA,NA,NA,NA,NA,NA,NA,NA,NA,NA,NA,NA,NA,NA,NA,NA,NA,NA,NA,NA,NA,NA,NA,NA,NA,NA,NA,NA,NA,NA,NA,NA,NA,NA,NA,NA,1978,9,29,"MSB 4486-3","JAR11325F","KL","EO","07-11-2025","F",28,23,227,"control","control_1971-1980",35.383856,-106.490929,0,0,0,0,4,0,0,0,0,0,0,0,0,NA,0,NA,NA,NA,NA,NA,NA,NA,NA,NA,NA,NA,NA,NA,NA,NA,NA,NA,NA,NA,NA,NA,NA,NA,NA,NA,NA,NA,NA,NA,NA,NA,NA,NA
"589","MSB:Fish:4486",NA,NA,NA,NA,NA,NA,NA,NA,NA,NA,NA,NA,NA,NA,NA,NA,NA,NA,NA,NA,NA,NA,NA,NA,NA,NA,NA,NA,NA,NA,NA,NA,NA,NA,NA,NA,NA,NA,NA,1978,9,29,"MSB 4486-4","JAR11323F","KL","KL","07-11-2025",NA,27,22,226,"control","control_1971-1980",35.383856,-106.490929,0,0,0,0,8,0,0,0,0,0,0,0,0,"0",0,NA,NA,NA,NA,NA,NA,NA,NA,NA,NA,NA,NA,NA,NA,NA,NA,NA,NA,NA,NA,NA,NA,NA,NA,NA,NA,NA,NA,NA,NA,NA,NA,NA
"590","MSB:Fish:4486",NA,NA,NA,NA,NA,NA,NA,NA,NA,NA,NA,NA,NA,NA,NA,NA,NA,NA,NA,NA,NA,NA,NA,NA,NA,NA,NA,NA,NA,NA,NA,NA,NA,NA,NA,NA,NA,NA,NA,1978,9,29,"MSB 4486-5","JAR11273F","KL","KL","07-11-2025",NA,25,20,158,"control","control_1971-1980",35.383856,-106.490929,0,0,0,0,4,0,0,0,0,0,0,0,0,"1",0,NA,NA,NA,NA,NA,NA,NA,NA,NA,NA,NA,NA,NA,NA,NA,NA,NA,NA,NA,NA,NA,NA,NA,NA,NA,NA,NA,NA,NA,NA,NA,NA,NA
"591","MSB:Fish:4748",NA,NA,NA,NA,NA,NA,NA,NA,NA,NA,NA,NA,NA,NA,NA,NA,NA,NA,NA,NA,NA,NA,NA,NA,NA,NA,NA,NA,NA,NA,NA,NA,NA,NA,NA,NA,NA,NA,NA,1978,9,5,"MSB 4748-1","JAR8904F","BP","JG","07-09-2025",NA,33,25,374,"impact","impact_1971-1980",35.197227,-106.642667,0,0,0,4,0,0,0,0,0,0,0,0,0,"0",0,NA,NA,NA,NA,NA,NA,NA,NA,NA,NA,NA,NA,NA,NA,NA,NA,NA,NA,NA,NA,NA,NA,NA,NA,NA,NA,NA,NA,NA,NA,NA,NA,NA
"592","MSB:Fish:4748",NA,NA,NA,NA,NA,NA,NA,NA,NA,NA,NA,NA,NA,NA,NA,NA,NA,NA,NA,NA,NA,NA,NA,NA,NA,NA,NA,NA,NA,NA,NA,NA,NA,NA,NA,NA,NA,NA,NA,1978,9,5,"MSB 4748-3","JAR8907F","BP","EO","07-09-2025","F",34,27,362,"impact","impact_1971-1980",35.197227,-106.642667,0,0,0,8,0,0,0,0,0,0,0,0,0,NA,0,NA,NA,NA,NA,NA,NA,NA,NA,NA,NA,NA,NA,NA,NA,NA,NA,NA,NA,NA,NA,NA,NA,NA,NA,NA,NA,NA,NA,NA,NA,NA,NA,NA
"593","MSB:Fish:4748",NA,NA,NA,NA,NA,NA,NA,NA,NA,NA,NA,NA,NA,NA,NA,NA,NA,NA,NA,NA,NA,NA,NA,NA,NA,NA,NA,NA,NA,NA,NA,NA,NA,NA,NA,NA,NA,NA,NA,1978,9,5,"MSB 4748-2","JAR8909F","EO","JG","07-09-2025",NA,36,28,522,"impact","impact_1971-1980",35.197227,-106.642667,0,0,0,0,0,0,0,0,0,0,0,0,0,NA,0,NA,NA,NA,NA,NA,NA,NA,NA,NA,NA,NA,NA,NA,NA,NA,NA,NA,NA,NA,NA,NA,NA,NA,NA,NA,NA,NA,NA,NA,NA,NA,NA,NA
"594","MSB:Fish:4748",NA,NA,NA,NA,NA,NA,NA,NA,NA,NA,NA,NA,NA,NA,NA,NA,NA,NA,NA,NA,NA,NA,NA,NA,NA,NA,NA,NA,NA,NA,NA,NA,NA,NA,NA,NA,NA,NA,NA,1978,9,5,"MSB 4748-5","JAR8905F","BP","GC","07-09-2025",NA,30,24,278,"impact","impact_1971-1980",35.197227,-106.642667,0,0,0,0,0,2,0,0,0,0,0,0,0,"0",0,NA,NA,NA,NA,NA,NA,NA,NA,NA,NA,NA,NA,NA,NA,NA,NA,NA,NA,NA,NA,NA,NA,NA,NA,NA,NA,NA,NA,NA,NA,NA,NA,NA
"595","MSB:Fish:4748",NA,NA,NA,NA,NA,NA,NA,NA,NA,NA,NA,NA,NA,NA,NA,NA,NA,NA,NA,NA,NA,NA,NA,NA,NA,NA,NA,NA,NA,NA,NA,NA,NA,NA,NA,NA,NA,NA,NA,1978,9,5,"MSB 4748-4","JAR8906F","EO","GC","07-09-2025",NA,29,23,213,"impact","impact_1971-1980",35.197227,-106.642667,0,0,0,0,0,0,0,0,0,0,0,0,0,NA,0,NA,NA,NA,NA,NA,NA,NA,NA,NA,NA,NA,NA,NA,NA,NA,NA,NA,NA,NA,NA,NA,NA,NA,NA,NA,NA,NA,NA,NA,NA,NA,NA,NA
"596","MSB:Fish:4750",NA,NA,NA,NA,NA,NA,NA,NA,NA,NA,NA,NA,NA,NA,NA,NA,NA,NA,NA,NA,NA,NA,NA,NA,NA,NA,NA,NA,NA,NA,NA,NA,NA,NA,NA,NA,NA,NA,NA,1978,9,29,"MSB 4750-5","JAR8807F","EO","JG KL","07-07-2025",NA,34,27,447,"control","control_1971-1980",35.385246,-106.478952,0,0,0,10,0,0,0,0,0,0,0,0,0,NA,0,NA,NA,NA,NA,NA,NA,NA,NA,NA,NA,NA,NA,NA,NA,NA,NA,NA,NA,NA,NA,NA,NA,NA,NA,NA,NA,NA,NA,NA,NA,NA,NA,NA
"597","MSB:Fish:4750",NA,NA,NA,NA,NA,NA,NA,NA,NA,NA,NA,NA,NA,NA,NA,NA,NA,NA,NA,NA,NA,NA,NA,NA,NA,NA,NA,NA,NA,NA,NA,NA,NA,NA,NA,NA,NA,NA,NA,1978,9,29,"MSB 4750-3","JAR8809F","EO","GC","07-07-2025","F",44,35,886,"control","control_1971-1980",35.385246,-106.478952,0,0,0,14,0,0,0,0,0,0,0,0,0,NA,0,NA,NA,NA,NA,NA,NA,NA,NA,NA,NA,NA,NA,NA,NA,NA,NA,NA,NA,NA,NA,NA,NA,NA,NA,NA,NA,NA,NA,NA,NA,NA,NA,NA
"598","MSB:Fish:4750",NA,NA,NA,NA,NA,NA,NA,NA,NA,NA,NA,NA,NA,NA,NA,NA,NA,NA,NA,NA,NA,NA,NA,NA,NA,NA,NA,NA,NA,NA,NA,NA,NA,NA,NA,NA,NA,NA,NA,1978,9,29,"MSB 4750-1","JAR8811F","BP","JG GC","07-07-2025","F",40,32,703,"control","control_1971-1980",35.385246,-106.478952,0,0,0,0,0,0,0,0,0,0,0,0,0,"0",0,NA,NA,NA,NA,NA,NA,NA,NA,NA,NA,NA,NA,NA,NA,NA,NA,NA,NA,NA,NA,NA,NA,NA,NA,NA,NA,NA,NA,NA,NA,NA,NA,NA
"599","MSB:Fish:4750",NA,NA,NA,NA,NA,NA,NA,NA,NA,NA,NA,NA,NA,NA,NA,NA,NA,NA,NA,NA,NA,NA,NA,NA,NA,NA,NA,NA,NA,NA,NA,NA,NA,NA,NA,NA,NA,NA,NA,1978,9,29,"MSB 4750-4","JAR8813F","BP","KL","07-07-2025","F",39,31,703,"control","control_1971-1980",35.385246,-106.478952,0,0,0,16,0,0,0,0,0,0,0,0,0,NA,0,NA,NA,NA,NA,NA,NA,NA,NA,NA,NA,NA,NA,NA,NA,NA,NA,NA,NA,NA,NA,NA,NA,NA,NA,NA,NA,NA,NA,NA,NA,NA,NA,NA
"600","MSB:Fish:4750",NA,NA,NA,NA,NA,NA,NA,NA,NA,NA,NA,NA,NA,NA,NA,NA,NA,NA,NA,NA,NA,NA,NA,NA,NA,NA,NA,NA,NA,NA,NA,NA,NA,NA,NA,NA,NA,NA,NA,1978,9,29,"MSB 4750-2","JAR8808F","JG","KL","07-07-2025","F",41,36,1080,"control","control_1971-1980",35.385246,-106.478952,0,0,0,2,0,0,0,0,0,0,0,0,0,"0",0,NA,NA,NA,NA,NA,NA,NA,NA,NA,NA,NA,NA,NA,NA,NA,NA,NA,NA,NA,NA,NA,NA,NA,NA,NA,NA,NA,NA,NA,NA,NA,NA,NA
"601","MSB:Fish:515",NA,NA,NA,NA,NA,NA,NA,NA,NA,NA,NA,NA,NA,NA,NA,NA,NA,NA,NA,NA,NA,NA,NA,NA,NA,NA,NA,NA,NA,NA,NA,NA,NA,NA,NA,NA,NA,NA,NA,1949,11,19,"MSB 515-4","JAR11287F","EO","KL","07-14-2025","F",37,32,1145,"impact","impact_1941-1950",35.20447,-106.610066,0,0,0,0,2,0,0,0,0,0,0,0,0,"0",0,NA,NA,NA,NA,NA,NA,NA,NA,NA,NA,NA,NA,NA,NA,NA,NA,NA,NA,NA,NA,NA,NA,NA,NA,NA,NA,NA,NA,NA,NA,NA,NA,NA
"602","MSB:Fish:515",NA,NA,NA,NA,NA,NA,NA,NA,NA,NA,NA,NA,NA,NA,NA,NA,NA,NA,NA,NA,NA,NA,NA,NA,NA,NA,NA,NA,NA,NA,NA,NA,NA,NA,NA,NA,NA,NA,NA,1949,11,19,"MSB 515-1","JAR11307F","EO","KL","07-14-2025",NA,43,36,964,"impact","impact_1941-1950",35.20447,-106.610066,0,0,0,0,8,0,0,0,0,0,0,0,0,"0",0,NA,NA,NA,NA,NA,NA,NA,NA,NA,NA,NA,NA,NA,NA,NA,NA,NA,NA,NA,NA,NA,NA,NA,NA,NA,NA,NA,NA,NA,NA,NA,NA,NA
"603","MSB:Fish:515",NA,NA,NA,NA,NA,NA,NA,NA,NA,NA,NA,NA,NA,NA,NA,NA,NA,NA,NA,NA,NA,NA,NA,NA,NA,NA,NA,NA,NA,NA,NA,NA,NA,NA,NA,NA,NA,NA,NA,1949,11,19,"MSB 515-3","JAR11290F","EO","GC","07-14-2025","F",39,32,785,"impact","impact_1941-1950",35.20447,-106.610066,0,0,0,2,0,0,0,0,0,0,0,0,0,NA,0,NA,NA,NA,NA,NA,NA,NA,NA,NA,NA,NA,NA,NA,NA,NA,NA,NA,NA,NA,NA,NA,NA,NA,NA,NA,NA,NA,NA,NA,NA,NA,NA,NA
"604","MSB:Fish:515",NA,NA,NA,NA,NA,NA,NA,NA,NA,NA,NA,NA,NA,NA,NA,NA,NA,NA,NA,NA,NA,NA,NA,NA,NA,NA,NA,NA,NA,NA,NA,NA,NA,NA,NA,NA,NA,NA,NA,1949,11,19,"MSB 515-2","JAR11310F","EO","GC","07-14-2025","F",37,30,662,"impact","impact_1941-1950",35.20447,-106.610066,0,0,0,NA,NA,0,0,0,0,0,0,0,0,"0",NA,NA,NA,NA,NA,NA,NA,NA,NA,NA,NA,NA,NA,NA,NA,NA,NA,NA,NA,NA,NA,NA,NA,NA,NA,NA,NA,NA,NA,NA,NA,NA,NA,NA
"605","MSB:Fish:515",NA,NA,NA,NA,NA,NA,NA,NA,NA,NA,NA,NA,NA,NA,NA,NA,NA,NA,NA,NA,NA,NA,NA,NA,NA,NA,NA,NA,NA,NA,NA,NA,NA,NA,NA,NA,NA,NA,NA,1949,11,19,"MSB 515-5","JAR11304F","EO","JG","07-14-2025","F",43,35,1190,"impact","impact_1941-1950",35.20447,-106.610066,0,0,0,0,4,0,0,0,0,0,0,0,0,NA,0,NA,NA,NA,NA,NA,NA,NA,NA,NA,NA,NA,NA,NA,NA,NA,NA,NA,NA,NA,NA,NA,NA,NA,NA,NA,NA,NA,NA,NA,NA,NA,NA,NA
"606","MSB:Fish:5811",NA,NA,NA,NA,NA,NA,NA,NA,NA,NA,NA,NA,NA,NA,NA,NA,NA,NA,NA,NA,NA,NA,NA,NA,NA,NA,NA,NA,NA,NA,NA,NA,NA,NA,NA,NA,NA,NA,NA,1987,9,9,"MSB 5811-4","JAR8806F","EO","KL","07-07-2025","F",34,27,481,"control","control_1981-1990",35.322164,-106.557448,0,0,0,4,0,0,0,0,0,0,0,0,0,NA,0,NA,NA,NA,NA,NA,NA,NA,NA,NA,NA,NA,NA,NA,NA,NA,NA,NA,NA,NA,NA,NA,NA,NA,NA,NA,NA,NA,NA,NA,NA,NA,NA,NA
"607","MSB:Fish:5811",NA,NA,NA,NA,NA,NA,NA,NA,NA,NA,NA,NA,NA,NA,NA,NA,NA,NA,NA,NA,NA,NA,NA,NA,NA,NA,NA,NA,NA,NA,NA,NA,NA,NA,NA,NA,NA,NA,NA,1987,9,9,"MSB 5811-5","JAR8810F","BP","GC","07-07-2025","F",32,26,411,"control","control_1981-1990",35.322164,-106.557448,0,0,0,8,0,0,0,0,0,0,0,0,0,"0",0,NA,NA,NA,NA,NA,NA,NA,NA,NA,NA,NA,NA,NA,NA,NA,NA,NA,NA,NA,NA,NA,NA,NA,NA,NA,NA,NA,NA,NA,NA,NA,NA,NA
"608","MSB:Fish:5811",NA,NA,NA,NA,NA,NA,NA,NA,NA,NA,NA,NA,NA,NA,NA,NA,NA,NA,NA,NA,NA,NA,NA,NA,NA,NA,NA,NA,NA,NA,NA,NA,NA,NA,NA,NA,NA,NA,NA,1987,9,9,"MSB 5811-2","JAR8804F","EO","GC","07-07-2025",NA,41,34,755,"control","control_1981-1990",35.322164,-106.557448,0,0,0,8,0,0,0,0,0,0,0,0,0,"0",0,NA,NA,NA,NA,NA,NA,NA,NA,NA,NA,NA,NA,NA,NA,NA,NA,NA,NA,NA,NA,NA,NA,NA,NA,NA,NA,NA,NA,NA,NA,NA,NA,NA
"609","MSB:Fish:5811",NA,NA,NA,NA,NA,NA,NA,NA,NA,NA,NA,NA,NA,NA,NA,NA,NA,NA,NA,NA,NA,NA,NA,NA,NA,NA,NA,NA,NA,NA,NA,NA,NA,NA,NA,NA,NA,NA,NA,1987,9,9,"MSB 5811-1","JAR8803F","BP","EO GC","07-07-2025","F",39,31,706,"control","control_1981-1990",35.322164,-106.557448,0,0,0,6,0,0,0,0,0,0,0,0,0,"0",0,NA,NA,NA,NA,NA,NA,NA,NA,NA,NA,NA,NA,NA,NA,NA,NA,NA,NA,NA,NA,NA,NA,NA,NA,NA,NA,NA,NA,NA,NA,NA,NA,NA
"610","MSB:Fish:5811",NA,NA,NA,NA,NA,NA,NA,NA,NA,NA,NA,NA,NA,NA,NA,NA,NA,NA,NA,NA,NA,NA,NA,NA,NA,NA,NA,NA,NA,NA,NA,NA,NA,NA,NA,NA,NA,NA,NA,1987,9,9,"MSB 5811-3","JAR8805F","BP","JG KL","07-07-2025",NA,35,27,556,"control","control_1981-1990",35.322164,-106.557448,0,0,0,10,0,0,0,0,0,0,0,0,0,"0",0,NA,NA,NA,NA,NA,NA,NA,NA,NA,NA,NA,NA,NA,NA,NA,NA,NA,NA,NA,NA,NA,NA,NA,NA,NA,NA,NA,NA,NA,NA,NA,NA,NA
"611","MSB:Fish:5822",NA,NA,NA,NA,NA,NA,NA,NA,NA,NA,NA,NA,NA,NA,NA,NA,NA,NA,NA,NA,NA,NA,NA,NA,NA,NA,NA,NA,NA,NA,NA,NA,NA,NA,NA,NA,NA,NA,NA,1987,9,10,"MSB 5822-1","JAR11343F","BP","GC","07-10-2025","F",34,26,358,"impact","impact_1981-1990",34.905272,-106.685564,0,0,0,4,0,0,0,0,0,0,0,0,0,"1",0,NA,NA,NA,NA,NA,NA,NA,NA,NA,NA,NA,NA,NA,NA,NA,NA,NA,NA,NA,NA,NA,NA,NA,NA,NA,NA,NA,NA,NA,NA,NA,NA,NA
"612","MSB:Fish:5822",NA,NA,NA,NA,NA,NA,NA,NA,NA,NA,NA,NA,NA,NA,NA,NA,NA,NA,NA,NA,NA,NA,NA,NA,NA,NA,NA,NA,NA,NA,NA,NA,NA,NA,NA,NA,NA,NA,NA,1987,9,10,"MSB 5822-5","JAR11352F","BP","JG","07-10-2025",NA,29,21,200,"impact","impact_1981-1990",34.905272,-106.685564,0,0,0,0,0,0,0,0,0,0,0,0,0,NA,0,NA,NA,NA,NA,NA,NA,NA,NA,NA,NA,NA,NA,NA,NA,NA,NA,NA,NA,NA,NA,NA,NA,NA,NA,NA,NA,NA,NA,NA,NA,NA,NA,NA
"613","MSB:Fish:5822",NA,NA,NA,NA,NA,NA,NA,NA,NA,NA,NA,NA,NA,NA,NA,NA,NA,NA,NA,NA,NA,NA,NA,NA,NA,NA,NA,NA,NA,NA,NA,NA,NA,NA,NA,NA,NA,NA,NA,1987,9,10,"MSB 5822-2","JAR11346F","BP","GC","07-10-2025","F",36,29,480,"impact","impact_1981-1990",34.905272,-106.685564,0,0,0,0,0,0,0,0,0,0,0,0,0,"0",0,NA,NA,NA,NA,NA,NA,NA,NA,NA,NA,NA,NA,NA,NA,NA,NA,NA,NA,NA,NA,NA,NA,NA,NA,NA,NA,NA,NA,NA,NA,NA,NA,NA
"614","MSB:Fish:5822",NA,NA,NA,NA,NA,NA,NA,NA,NA,NA,NA,NA,NA,NA,NA,NA,NA,NA,NA,NA,NA,NA,NA,NA,NA,NA,NA,NA,NA,NA,NA,NA,NA,NA,NA,NA,NA,NA,NA,1987,9,10,"MSB 5822-4","JAR11355F","JG","JG","07-10-2025",NA,25,20,153,"impact","impact_1981-1990",34.905272,-106.685564,0,0,0,0,0,0,0,0,0,0,0,0,0,"0",0,NA,NA,NA,NA,NA,NA,NA,NA,NA,NA,NA,NA,NA,NA,NA,NA,NA,NA,NA,NA,NA,NA,NA,NA,NA,NA,NA,NA,NA,NA,NA,NA,NA
"615","MSB:Fish:5822",NA,NA,NA,NA,NA,NA,NA,NA,NA,NA,NA,NA,NA,NA,NA,NA,NA,NA,NA,NA,NA,NA,NA,NA,NA,NA,NA,NA,NA,NA,NA,NA,NA,NA,NA,NA,NA,NA,NA,1987,9,10,"MSB 5822-3","JAR11358F","BP","JG","07-10-2025","F",41,32,826,"impact","impact_1981-1990",34.905272,-106.685564,0,0,0,0,0,2,0,0,0,0,0,0,0,NA,0,NA,NA,NA,NA,NA,NA,NA,NA,NA,NA,NA,NA,NA,NA,NA,NA,NA,NA,NA,NA,NA,NA,NA,NA,NA,NA,NA,NA,NA,NA,NA,NA,NA
"616","MSB:Fish:62355",NA,NA,NA,NA,NA,NA,NA,NA,NA,NA,NA,NA,NA,NA,NA,NA,NA,NA,NA,NA,NA,NA,NA,NA,NA,NA,NA,NA,NA,NA,NA,NA,NA,NA,NA,NA,NA,NA,NA,2000,9,14,"MSB 62355-1","JAR11052F","KL","KL","07-28-2025","F",32,25,322,"control","control_1991-2000",35.28373,-106.59878,0,0,0,0,14,0,0,0,0,0,0,0,0,NA,0,NA,NA,NA,NA,NA,NA,NA,NA,NA,NA,NA,NA,NA,NA,NA,NA,NA,NA,NA,NA,NA,NA,NA,NA,NA,NA,NA,NA,NA,NA,NA,NA,NA
"617","MSB:Fish:62355",NA,NA,NA,NA,NA,NA,NA,NA,NA,NA,NA,NA,NA,NA,NA,NA,NA,NA,NA,NA,NA,NA,NA,NA,NA,NA,NA,NA,NA,NA,NA,NA,NA,NA,NA,NA,NA,NA,NA,2000,9,14,"MSB 62355-3","JAR11053F","KL","KL","07-28-2025","F",29,24,210,"control","control_1991-2000",35.28373,-106.59878,0,0,0,4,0,0,0,0,0,0,0,0,0,NA,0,NA,NA,NA,NA,NA,NA,NA,NA,NA,NA,NA,NA,NA,NA,NA,NA,NA,NA,NA,NA,NA,NA,NA,NA,NA,NA,NA,NA,NA,NA,NA,NA,NA
"618","MSB:Fish:62355",NA,NA,NA,NA,NA,NA,NA,NA,NA,NA,NA,NA,NA,NA,NA,NA,NA,NA,NA,NA,NA,NA,NA,NA,NA,NA,NA,NA,NA,NA,NA,NA,NA,NA,NA,NA,NA,NA,NA,2000,9,14,"MSB 62355-2","JAR11055F","KL","KL","07-28-2025",NA,33,26,326,"control","control_1991-2000",35.28373,-106.59878,0,0,0,0,8,0,0,0,0,0,0,0,0,NA,0,NA,NA,NA,NA,NA,NA,NA,NA,NA,NA,NA,NA,NA,NA,NA,NA,NA,NA,NA,NA,NA,NA,NA,NA,NA,NA,NA,NA,NA,NA,NA,NA,NA
"619","MSB:Fish:62355",NA,NA,NA,NA,NA,NA,NA,NA,NA,NA,NA,NA,NA,NA,NA,NA,NA,NA,NA,NA,NA,NA,NA,NA,NA,NA,NA,NA,NA,NA,NA,NA,NA,NA,NA,NA,NA,NA,NA,2000,9,14,"MSB 62355-5","JAR11058F","KL","KL","07-28-2025",NA,25,21,152,"control","control_1991-2000",35.28373,-106.59878,0,0,0,0,8,0,0,0,0,0,0,0,0,NA,0,NA,NA,NA,NA,NA,NA,NA,NA,NA,NA,NA,NA,NA,NA,NA,NA,NA,NA,NA,NA,NA,NA,NA,NA,NA,NA,NA,NA,NA,NA,NA,NA,NA
"620","MSB:Fish:62355",NA,NA,NA,NA,NA,NA,NA,NA,NA,NA,NA,NA,NA,NA,NA,NA,NA,NA,NA,NA,NA,NA,NA,NA,NA,NA,NA,NA,NA,NA,NA,NA,NA,NA,NA,NA,NA,NA,NA,2000,9,14,"MSB 62355-4","JAR11054F","KL","KL","07-28-2025","F",32,25,308,"control","control_1991-2000",35.28373,-106.59878,0,0,0,8,0,0,0,0,0,0,0,0,0,"1",0,NA,NA,NA,NA,NA,NA,NA,NA,NA,NA,NA,NA,NA,NA,NA,NA,NA,NA,NA,NA,NA,NA,NA,NA,NA,NA,NA,NA,NA,NA,NA,NA,NA
"621","MSB:Fish:6300",NA,NA,NA,NA,NA,NA,NA,NA,NA,NA,NA,NA,NA,NA,NA,NA,NA,NA,NA,NA,NA,NA,NA,NA,NA,NA,NA,NA,NA,NA,NA,NA,NA,NA,NA,NA,NA,NA,NA,1988,11,12,"MSB 6300-5","JAR11624F","JG","GC","07-21-2025","F",33,27,377,"impact","impact_1981-1990",35.017903,-106.661847,0,0,0,0,0,0,0,0,0,0,0,0,0,"0",0,NA,NA,NA,NA,NA,NA,NA,NA,NA,NA,NA,NA,NA,NA,NA,NA,NA,NA,NA,NA,NA,NA,NA,NA,NA,NA,NA,NA,NA,NA,NA,NA,NA
"622","MSB:Fish:6300",NA,NA,NA,NA,NA,NA,NA,NA,NA,NA,NA,NA,NA,NA,NA,NA,NA,NA,NA,NA,NA,NA,NA,NA,NA,NA,NA,NA,NA,NA,NA,NA,NA,NA,NA,NA,NA,NA,NA,1988,11,12,"MSB 6300-1","JAR11625F","BP","BP","07-21-2025","M",33,26,347,"impact","impact_1981-1990",35.017903,-106.661847,0,0,0,0,0,0,0,0,0,0,0,0,0,"0",2,NA,NA,NA,NA,NA,NA,NA,NA,NA,NA,NA,NA,NA,NA,NA,NA,NA,NA,NA,NA,NA,NA,NA,NA,NA,NA,NA,NA,NA,NA,NA,NA,NA
"623","MSB:Fish:6300",NA,NA,NA,NA,NA,NA,NA,NA,NA,NA,NA,NA,NA,NA,NA,NA,NA,NA,NA,NA,NA,NA,NA,NA,NA,NA,NA,NA,NA,NA,NA,NA,NA,NA,NA,NA,NA,NA,NA,1988,11,12,"MSB 6300-4","JAR11622F","JG","BP","07-21-2025",NA,33,25,280,"impact","impact_1981-1990",35.017903,-106.661847,0,0,0,0,0,0,0,0,0,0,0,0,0,NA,0,NA,NA,NA,NA,NA,NA,NA,NA,NA,NA,NA,NA,NA,NA,NA,NA,NA,NA,NA,NA,NA,NA,NA,NA,NA,NA,NA,NA,NA,NA,NA,NA,NA
"624","MSB:Fish:6300",NA,NA,NA,NA,NA,NA,NA,NA,NA,NA,NA,NA,NA,NA,NA,NA,NA,NA,NA,NA,NA,NA,NA,NA,NA,NA,NA,NA,NA,NA,NA,NA,NA,NA,NA,NA,NA,NA,NA,1988,11,12,"MSB 6300-3","JAR11627F","BP","EO","07-21-2025","F",33,25,348,"impact","impact_1981-1990",35.017903,-106.661847,0,0,0,0,0,0,0,0,0,0,0,0,0,"0",0,NA,NA,NA,NA,NA,NA,NA,NA,NA,NA,NA,NA,NA,NA,NA,NA,NA,NA,NA,NA,NA,NA,NA,NA,NA,NA,NA,NA,NA,NA,NA,NA,NA
"625","MSB:Fish:6300",NA,NA,NA,NA,NA,NA,NA,NA,NA,NA,NA,NA,NA,NA,NA,NA,NA,NA,NA,NA,NA,NA,NA,NA,NA,NA,NA,NA,NA,NA,NA,NA,NA,NA,NA,NA,NA,NA,NA,1988,11,12,"MSB 6300-2","JAR11619F","JG","GC","07-21-2025","F",34,27,388,"impact","impact_1981-1990",35.017903,-106.661847,0,0,0,0,0,0,0,0,0,0,0,0,0,"0",0,NA,NA,NA,NA,NA,NA,NA,NA,NA,NA,NA,NA,NA,NA,NA,NA,NA,NA,NA,NA,NA,NA,NA,NA,NA,NA,NA,NA,NA,NA,NA,NA,NA
"626","MSB:Fish:6405",NA,NA,NA,NA,NA,NA,NA,NA,NA,NA,NA,NA,NA,NA,NA,NA,NA,NA,NA,NA,NA,NA,NA,NA,NA,NA,NA,NA,NA,NA,NA,NA,NA,NA,NA,NA,NA,NA,NA,1989,10,16,"MSB 6405-4","JAR11312F","BP","GC","07-14-2025","F",37,29,435,"impact","impact_1981-1990",35.089293,-106.680842,0,0,0,2,0,0,0,0,0,0,0,0,0,NA,0,NA,NA,NA,NA,NA,NA,NA,NA,NA,NA,NA,NA,NA,NA,NA,NA,NA,NA,NA,NA,NA,NA,NA,NA,NA,NA,NA,NA,NA,NA,NA,NA,NA
"627","MSB:Fish:6405",NA,NA,NA,NA,NA,NA,NA,NA,NA,NA,NA,NA,NA,NA,NA,NA,NA,NA,NA,NA,NA,NA,NA,NA,NA,NA,NA,NA,NA,NA,NA,NA,NA,NA,NA,NA,NA,NA,NA,1989,10,16,"MSB 6405-2","JAR11315F","JG","EO","07-14-2025","F",37,31,537,"impact","impact_1981-1990",35.089293,-106.680842,0,0,0,0,0,0,0,0,0,0,0,0,0,NA,0,NA,NA,NA,NA,NA,NA,NA,NA,NA,NA,NA,NA,NA,NA,NA,NA,NA,NA,NA,NA,NA,NA,NA,NA,NA,NA,NA,NA,NA,NA,NA,NA,NA
"628","MSB:Fish:6405",NA,NA,NA,NA,NA,NA,NA,NA,NA,NA,NA,NA,NA,NA,NA,NA,NA,NA,NA,NA,NA,NA,NA,NA,NA,NA,NA,NA,NA,NA,NA,NA,NA,NA,NA,NA,NA,NA,NA,1989,10,16,"MSB 6405-3","JAR11313F","JG","GC","07-14-2025","F",33,26,403,"impact","impact_1981-1990",35.089293,-106.680842,0,0,0,0,0,0,0,0,0,0,0,0,0,NA,0,NA,NA,NA,NA,NA,NA,NA,NA,NA,NA,NA,NA,NA,NA,NA,NA,NA,NA,NA,NA,NA,NA,NA,NA,NA,NA,NA,NA,NA,NA,NA,NA,NA
"629","MSB:Fish:6405",NA,NA,NA,NA,NA,NA,NA,NA,NA,NA,NA,NA,NA,NA,NA,NA,NA,NA,NA,NA,NA,NA,NA,NA,NA,NA,NA,NA,NA,NA,NA,NA,NA,NA,NA,NA,NA,NA,NA,1989,10,16,"MSB 6405-1","JAR1131F","BP","KL","07-14-2025","F",32,24,325,"impact","impact_1981-1990",35.089293,-106.680842,0,0,0,0,4,0,0,0,0,0,0,0,0,NA,0,NA,NA,NA,NA,NA,NA,NA,NA,NA,NA,NA,NA,NA,NA,NA,NA,NA,NA,NA,NA,NA,NA,NA,NA,NA,NA,NA,NA,NA,NA,NA,NA,NA
"630","MSB:Fish:6405",NA,NA,NA,NA,NA,NA,NA,NA,NA,NA,NA,NA,NA,NA,NA,NA,NA,NA,NA,NA,NA,NA,NA,NA,NA,NA,NA,NA,NA,NA,NA,NA,NA,NA,NA,NA,NA,NA,NA,1989,10,16,"MSB 6405-5","JAR11314F","JG","JG","07-14-2025",NA,34,27,398,"impact","impact_1981-1990",35.089293,-106.680842,0,0,0,0,0,0,0,0,0,0,0,0,0,NA,0,NA,NA,NA,NA,NA,NA,NA,NA,NA,NA,NA,NA,NA,NA,NA,NA,NA,NA,NA,NA,NA,NA,NA,NA,NA,NA,NA,NA,NA,NA,NA,NA,NA
"631","MSB:Fish:68470",NA,NA,NA,NA,NA,NA,NA,NA,NA,NA,NA,NA,NA,NA,NA,NA,NA,NA,NA,NA,NA,NA,NA,NA,NA,NA,NA,NA,NA,NA,NA,NA,NA,NA,NA,NA,NA,NA,NA,1984,8,15,"MSB 68470-3","JAR11608F","BP","JG","07-18-2025","F",44,33,959,"impact","impact_1981-1990",35.089293,-106.680842,0,0,0,0,0,6,0,0,0,0,0,0,0,"0",0,NA,NA,NA,NA,NA,NA,NA,NA,NA,NA,NA,NA,NA,NA,NA,NA,NA,NA,NA,NA,NA,NA,NA,NA,NA,NA,NA,NA,NA,NA,NA,NA,NA
"632","MSB:Fish:68470",NA,NA,NA,NA,NA,NA,NA,NA,NA,NA,NA,NA,NA,NA,NA,NA,NA,NA,NA,NA,NA,NA,NA,NA,NA,NA,NA,NA,NA,NA,NA,NA,NA,NA,NA,NA,NA,NA,NA,1984,8,15,"MSB 68470-1","JAR11604F","BP","KL","07-18-2025","F",41,31,874,"impact","impact_1981-1990",35.089293,-106.680842,0,0,0,10,0,0,0,0,0,0,0,0,0,NA,0,NA,NA,NA,NA,NA,NA,NA,NA,NA,NA,NA,NA,NA,NA,NA,NA,NA,NA,NA,NA,NA,NA,NA,NA,NA,NA,NA,NA,NA,NA,NA,NA,NA
"633","MSB:Fish:68470",NA,NA,NA,NA,NA,NA,NA,NA,NA,NA,NA,NA,NA,NA,NA,NA,NA,NA,NA,NA,NA,NA,NA,NA,NA,NA,NA,NA,NA,NA,NA,NA,NA,NA,NA,NA,NA,NA,NA,1984,8,15,"MSB 68470-5","JAR11601F","BP","EO","07-18-2025","F",37,29,554,"impact","impact_1981-1990",35.089293,-106.680842,0,0,0,4,0,0,0,0,0,0,0,0,0,NA,0,NA,NA,NA,NA,NA,NA,NA,NA,NA,NA,NA,NA,NA,NA,NA,NA,NA,NA,NA,NA,NA,NA,NA,NA,NA,NA,NA,NA,NA,NA,NA,NA,NA
"634","MSB:Fish:68470",NA,NA,NA,NA,NA,NA,NA,NA,NA,NA,NA,NA,NA,NA,NA,NA,NA,NA,NA,NA,NA,NA,NA,NA,NA,NA,NA,NA,NA,NA,NA,NA,NA,NA,NA,NA,NA,NA,NA,1984,8,15,"MSB 68470-2","JAR11605F","JG","GC","07-18-2025","F",37,30,568,"impact","impact_1981-1990",35.089293,-106.680842,0,0,0,0,0,0,0,0,0,0,0,0,0,"0",0,NA,NA,NA,NA,NA,NA,NA,NA,NA,NA,NA,NA,NA,NA,NA,NA,NA,NA,NA,NA,NA,NA,NA,NA,NA,NA,NA,NA,NA,NA,NA,NA,NA
"635","MSB:Fish:68470",NA,NA,NA,NA,NA,NA,NA,NA,NA,NA,NA,NA,NA,NA,NA,NA,NA,NA,NA,NA,NA,NA,NA,NA,NA,NA,NA,NA,NA,NA,NA,NA,NA,NA,NA,NA,NA,NA,NA,1984,8,15,"MSB 68470-4","JAR11611F","JG","JG","07-18-2025",NA,35,30,521,"impact","impact_1981-1990",35.089293,-106.680842,0,0,0,12,0,2,0,0,0,0,0,0,0,"0",0,NA,NA,NA,NA,NA,NA,NA,NA,NA,NA,NA,NA,NA,NA,NA,NA,NA,NA,NA,NA,NA,NA,NA,NA,NA,NA,NA,NA,NA,NA,NA,NA,NA
"636","MSB:Fish:68483",NA,NA,NA,NA,NA,NA,NA,NA,NA,NA,NA,NA,NA,NA,NA,NA,NA,NA,NA,NA,NA,NA,NA,NA,NA,NA,NA,NA,NA,NA,NA,NA,NA,NA,NA,NA,NA,NA,NA,1984,8,15,"MSB 68483-5","JAR11593F","JG","EO","07-18-2025","F",39,32,596,"impact","impact_1981-1990",35.069907,-106.658878,0,0,0,0,0,0,0,0,0,0,0,0,0,NA,0,NA,NA,NA,NA,NA,NA,NA,NA,NA,NA,NA,NA,NA,NA,NA,NA,NA,NA,NA,NA,NA,NA,NA,NA,NA,NA,NA,NA,NA,NA,NA,NA,NA
"637","MSB:Fish:68483",NA,NA,NA,NA,NA,NA,NA,NA,NA,NA,NA,NA,NA,NA,NA,NA,NA,NA,NA,NA,NA,NA,NA,NA,NA,NA,NA,NA,NA,NA,NA,NA,NA,NA,NA,NA,NA,NA,NA,1984,8,15,"MSB 68483-1","JAR11594F","JG","JG","07-18-2025","F",36,29,526,"impact","impact_1981-1990",35.069907,-106.658878,0,0,0,0,0,0,0,0,0,0,0,0,0,"0",0,NA,NA,NA,NA,NA,NA,NA,NA,NA,NA,NA,NA,NA,NA,NA,NA,NA,NA,NA,NA,NA,NA,NA,NA,NA,NA,NA,NA,NA,NA,NA,NA,NA
"638","MSB:Fish:68483",NA,NA,NA,NA,NA,NA,NA,NA,NA,NA,NA,NA,NA,NA,NA,NA,NA,NA,NA,NA,NA,NA,NA,NA,NA,NA,NA,NA,NA,NA,NA,NA,NA,NA,NA,NA,NA,NA,NA,1984,8,15,"MSB 68483-4","JAR11599","JG","GC","07-18-2025","F",37,30,507,"impact","impact_1981-1990",35.069907,-106.658878,0,0,0,6,0,0,0,0,0,0,0,0,0,NA,0,NA,NA,NA,NA,NA,NA,NA,NA,NA,NA,NA,NA,NA,NA,NA,NA,NA,NA,NA,NA,NA,NA,NA,NA,NA,NA,NA,NA,NA,NA,NA,NA,NA
"639","MSB:Fish:68483",NA,NA,NA,NA,NA,NA,NA,NA,NA,NA,NA,NA,NA,NA,NA,NA,NA,NA,NA,NA,NA,NA,NA,NA,NA,NA,NA,NA,NA,NA,NA,NA,NA,NA,NA,NA,NA,NA,NA,1984,8,15,"MSB 68483-3","JAR11602F","BP","BP","07-18-2025","F",36,29,500,"impact","impact_1981-1990",35.069907,-106.658878,0,0,0,0,0,0,0,0,0,0,0,0,0,"0",0,NA,NA,NA,NA,NA,NA,NA,NA,NA,NA,NA,NA,NA,NA,NA,NA,NA,NA,NA,NA,NA,NA,NA,NA,NA,NA,NA,NA,NA,NA,NA,NA,NA
"640","MSB:Fish:68483",NA,NA,NA,NA,NA,NA,NA,NA,NA,NA,NA,NA,NA,NA,NA,NA,NA,NA,NA,NA,NA,NA,NA,NA,NA,NA,NA,NA,NA,NA,NA,NA,NA,NA,NA,NA,NA,NA,NA,1984,8,15,"MSB 68483-2","JAR11596F","JG","KL","07-18-2025","F",35,29,498,"impact","impact_1981-1990",35.069907,-106.658878,0,0,0,0,0,0,0,0,0,0,0,0,0,"0",0,NA,NA,NA,NA,NA,NA,NA,NA,NA,NA,NA,NA,NA,NA,NA,NA,NA,NA,NA,NA,NA,NA,NA,NA,NA,NA,NA,NA,NA,NA,NA,NA,NA
"641","MSB:Fish:68508",NA,NA,NA,NA,NA,NA,NA,NA,NA,NA,NA,NA,NA,NA,NA,NA,NA,NA,NA,NA,NA,NA,NA,NA,NA,NA,NA,NA,NA,NA,NA,NA,NA,NA,NA,NA,NA,NA,NA,1984,8,15,"MSB 68508-2","JAR11591F","JG","JG","07-21-2025","F",34,27,416,"control","control_1981-1990",35.225523,-106.597651,0,0,0,0,0,0,0,0,0,0,0,0,0,"0",0,NA,NA,NA,NA,NA,NA,NA,NA,NA,NA,NA,NA,NA,NA,NA,NA,NA,NA,NA,NA,NA,NA,NA,NA,NA,NA,NA,NA,NA,NA,NA,NA,NA
"642","MSB:Fish:68508",NA,NA,NA,NA,NA,NA,NA,NA,NA,NA,NA,NA,NA,NA,NA,NA,NA,NA,NA,NA,NA,NA,NA,NA,NA,NA,NA,NA,NA,NA,NA,NA,NA,NA,NA,NA,NA,NA,NA,1984,8,15,"MSB 68508-4","JAR11588F","JG","GC","07-21-2025","F",35,28,587,"control","control_1981-1990",35.225523,-106.597651,0,0,0,0,0,0,0,0,0,0,0,0,0,"0",0,NA,NA,NA,NA,NA,NA,NA,NA,NA,NA,NA,NA,NA,NA,NA,NA,NA,NA,NA,NA,NA,NA,NA,NA,NA,NA,NA,NA,NA,NA,NA,NA,NA
"643","MSB:Fish:68508",NA,NA,NA,NA,NA,NA,NA,NA,NA,NA,NA,NA,NA,NA,NA,NA,NA,NA,NA,NA,NA,NA,NA,NA,NA,NA,NA,NA,NA,NA,NA,NA,NA,NA,NA,NA,NA,NA,NA,1984,8,15,"MSB 68508-5","JAR11587F","BP","JG","07-21-2025","F",33,25,397,"control","control_1981-1990",35.225523,-106.597651,0,0,0,4,0,0,0,0,0,0,0,0,0,NA,0,NA,NA,NA,NA,NA,NA,NA,NA,NA,NA,NA,NA,NA,NA,NA,NA,NA,NA,NA,NA,NA,NA,NA,NA,NA,NA,NA,NA,NA,NA,NA,NA,NA
"644","MSB:Fish:68508",NA,NA,NA,NA,NA,NA,NA,NA,NA,NA,NA,NA,NA,NA,NA,NA,NA,NA,NA,NA,NA,NA,NA,NA,NA,NA,NA,NA,NA,NA,NA,NA,NA,NA,NA,NA,NA,NA,NA,1984,8,15,"MSB 68508-3","JAR11585F","BP","EO","07-21-2025","F",37,28,556,"control","control_1981-1990",35.225523,-106.597651,0,0,0,2,0,0,0,0,0,0,1,0,0,"0",0,NA,NA,NA,NA,NA,NA,NA,NA,NA,NA,NA,NA,NA,NA,NA,NA,NA,NA,NA,NA,NA,NA,NA,NA,NA,NA,NA,NA,NA,NA,NA,NA,NA
"645","MSB:Fish:68508",NA,NA,NA,NA,NA,NA,NA,NA,NA,NA,NA,NA,NA,NA,NA,NA,NA,NA,NA,NA,NA,NA,NA,NA,NA,NA,NA,NA,NA,NA,NA,NA,NA,NA,NA,NA,NA,NA,NA,1984,8,15,"MSB 68508-1","JAR11590F","BP","GC","07-21-2025","F",36,27,487,"control","control_1981-1990",35.225523,-106.597651,0,0,0,2,0,0,0,0,0,0,1,0,0,"0",0,NA,NA,NA,NA,NA,NA,NA,NA,NA,NA,NA,NA,NA,NA,NA,NA,NA,NA,NA,NA,NA,NA,NA,NA,NA,NA,NA,NA,NA,NA,NA,NA,NA
"646","MSB:Fish:68521",NA,NA,NA,NA,NA,NA,NA,NA,NA,NA,NA,NA,NA,NA,NA,NA,NA,NA,NA,NA,NA,NA,NA,NA,NA,NA,NA,NA,NA,NA,NA,NA,NA,NA,NA,NA,NA,NA,NA,1984,8,16,"MSB 68521-5","JAR11597F","BP","JG","07-18-2025","F",32,25,429,"control","control_1981-1990",35.211416,-106.612833,0,0,0,0,2,0,0,0,0,0,0,0,0,"0",0,NA,NA,NA,NA,NA,NA,NA,NA,NA,NA,NA,NA,NA,NA,NA,NA,NA,NA,NA,NA,NA,NA,NA,NA,NA,NA,NA,NA,NA,NA,NA,NA,NA
"647","MSB:Fish:68521",NA,NA,NA,NA,NA,NA,NA,NA,NA,NA,NA,NA,NA,NA,NA,NA,NA,NA,NA,NA,NA,NA,NA,NA,NA,NA,NA,NA,NA,NA,NA,NA,NA,NA,NA,NA,NA,NA,NA,1984,8,16,"MSB 68521-4","JAR11598F","BP","KL","07-18-2025","F",31,24,369,"control","control_1981-1990",35.211416,-106.612833,0,0,0,2,0,0,0,0,0,0,2,0,0,NA,0,NA,NA,NA,NA,NA,NA,NA,NA,NA,NA,NA,NA,NA,NA,NA,NA,NA,NA,NA,NA,NA,NA,NA,NA,NA,NA,NA,NA,NA,NA,NA,NA,NA
"648","MSB:Fish:68521",NA,NA,NA,NA,NA,NA,NA,NA,NA,NA,NA,NA,NA,NA,NA,NA,NA,NA,NA,NA,NA,NA,NA,NA,NA,NA,NA,NA,NA,NA,NA,NA,NA,NA,NA,NA,NA,NA,NA,1984,8,16,"MSB 68521-1","JAR11600F","JG","KL","07-18-2025","F",39,31,597,"control","control_1981-1990",35.211416,-106.612833,0,0,0,0,0,0,0,0,0,0,0,0,0,"0",0,NA,NA,NA,NA,NA,NA,NA,NA,NA,NA,NA,NA,NA,NA,NA,NA,NA,NA,NA,NA,NA,NA,NA,NA,NA,NA,NA,NA,NA,NA,NA,NA,NA
"649","MSB:Fish:68521",NA,NA,NA,NA,NA,NA,NA,NA,NA,NA,NA,NA,NA,NA,NA,NA,NA,NA,NA,NA,NA,NA,NA,NA,NA,NA,NA,NA,NA,NA,NA,NA,NA,NA,NA,NA,NA,NA,NA,1984,8,16,"MSB 68521-3","JAR11595F","JG","BP","07-18-2025","F",39,31,719,"control","control_1981-1990",35.211416,-106.612833,0,0,0,0,0,0,0,0,0,0,0,0,0,NA,0,NA,NA,NA,NA,NA,NA,NA,NA,NA,NA,NA,NA,NA,NA,NA,NA,NA,NA,NA,NA,NA,NA,NA,NA,NA,NA,NA,NA,NA,NA,NA,NA,NA
"650","MSB:Fish:68521",NA,NA,NA,NA,NA,NA,NA,NA,NA,NA,NA,NA,NA,NA,NA,NA,NA,NA,NA,NA,NA,NA,NA,NA,NA,NA,NA,NA,NA,NA,NA,NA,NA,NA,NA,NA,NA,NA,NA,1984,8,16,"MSB 68521-2","JAR11603F","BP","BP","07-18-2025","F",36,27,661,"control","control_1981-1990",35.211416,-106.612833,0,0,0,2,0,0,0,0,0,0,0,0,0,"1",0,NA,NA,NA,NA,NA,NA,NA,NA,NA,NA,NA,NA,NA,NA,NA,NA,NA,NA,NA,NA,NA,NA,NA,NA,NA,NA,NA,NA,NA,NA,NA,NA,NA
"651","MSB:Fish:7208",NA,NA,NA,NA,NA,NA,NA,NA,NA,NA,NA,NA,NA,NA,NA,NA,NA,NA,NA,NA,NA,NA,NA,NA,NA,NA,NA,NA,NA,NA,NA,NA,NA,NA,NA,NA,NA,NA,NA,1989,11,4,"MSB 7208-3","JAR11518F","BP","GC","07-14-2025",NA,32,25,345,"impact","impact_1981-1990",35.205042,-106.609081,0,0,0,0,0,0,0,0,0,0,0,0,0,"0",0,NA,NA,NA,NA,NA,NA,NA,NA,NA,NA,NA,NA,NA,NA,NA,NA,NA,NA,NA,NA,NA,NA,NA,NA,NA,NA,NA,NA,NA,NA,NA,NA,NA
"652","MSB:Fish:7208",NA,NA,NA,NA,NA,NA,NA,NA,NA,NA,NA,NA,NA,NA,NA,NA,NA,NA,NA,NA,NA,NA,NA,NA,NA,NA,NA,NA,NA,NA,NA,NA,NA,NA,NA,NA,NA,NA,NA,1989,11,4,"MSB 7208-2","JAR11515F","EO","JG","07-14-2025",NA,38,31,650,"impact","impact_1981-1990",35.205042,-106.609081,0,1,0,0,0,0,0,0,0,0,0,0,0,"0",0,NA,NA,NA,NA,NA,NA,NA,NA,NA,NA,NA,NA,NA,NA,NA,NA,NA,NA,NA,NA,NA,NA,NA,NA,NA,NA,NA,NA,NA,NA,NA,NA,NA
"653","MSB:Fish:7208",NA,NA,NA,NA,NA,NA,NA,NA,NA,NA,NA,NA,NA,NA,NA,NA,NA,NA,NA,NA,NA,NA,NA,NA,NA,NA,NA,NA,NA,NA,NA,NA,NA,NA,NA,NA,NA,NA,NA,1989,11,4,"MSB 7208-5","JAR11509F","BP","GC","07-14-2025","F",34,25,381,"impact","impact_1981-1990",35.205042,-106.609081,0,0,0,0,0,0,0,0,0,0,0,0,3,"0",0,NA,NA,NA,NA,NA,NA,NA,NA,NA,NA,NA,NA,NA,NA,NA,NA,NA,NA,NA,NA,NA,NA,NA,NA,NA,NA,NA,NA,NA,NA,NA,NA,NA
"654","MSB:Fish:7208",NA,NA,NA,NA,NA,NA,NA,NA,NA,NA,NA,NA,NA,NA,NA,NA,NA,NA,NA,NA,NA,NA,NA,NA,NA,NA,NA,NA,NA,NA,NA,NA,NA,NA,NA,NA,NA,NA,NA,1989,11,4,"MSB 7208-1","JAR11510F","BP","KL","07-14-2025","F",36,26,645,"impact","impact_1981-1990",35.205042,-106.609081,0,0,0,0,0,0,0,0,0,0,0,0,0,"0",0,NA,NA,NA,NA,NA,NA,NA,NA,NA,NA,NA,NA,NA,NA,NA,NA,NA,NA,NA,NA,NA,NA,NA,NA,NA,NA,NA,NA,NA,NA,NA,NA,NA
"655","MSB:Fish:7208",NA,NA,NA,NA,NA,NA,NA,NA,NA,NA,NA,NA,NA,NA,NA,NA,NA,NA,NA,NA,NA,NA,NA,NA,NA,NA,NA,NA,NA,NA,NA,NA,NA,NA,NA,NA,NA,NA,NA,1989,11,4,"MSB 7208-4","JAR11512F","EO","GC","07-14-2025","F",37,29,482,"impact","impact_1981-1990",35.205042,-106.609081,0,0,0,0,0,0,0,0,0,0,0,0,0,"0",0,NA,NA,NA,NA,NA,NA,NA,NA,NA,NA,NA,NA,NA,NA,NA,NA,NA,NA,NA,NA,NA,NA,NA,NA,NA,NA,NA,NA,NA,NA,NA,NA,NA
"656","MSB:Fish:7239",NA,NA,NA,NA,NA,NA,NA,NA,NA,NA,NA,NA,NA,NA,NA,NA,NA,NA,NA,NA,NA,NA,NA,NA,NA,NA,NA,NA,NA,NA,NA,NA,NA,NA,NA,NA,NA,NA,NA,1989,11,12,"MSB 7230-1","JAR11606F","JG","GC","07-21-2025","F",30,23,279,"impact","impact_1981-1990",34.994298,-106.678945,0,0,0,0,0,0,0,0,0,0,0,0,0,NA,0,NA,NA,NA,NA,NA,NA,NA,NA,NA,NA,NA,NA,NA,NA,NA,NA,NA,NA,NA,NA,NA,NA,NA,NA,NA,NA,NA,NA,NA,NA,NA,NA,NA
"657","MSB:Fish:7239",NA,NA,NA,NA,NA,NA,NA,NA,NA,NA,NA,NA,NA,NA,NA,NA,NA,NA,NA,NA,NA,NA,NA,NA,NA,NA,NA,NA,NA,NA,NA,NA,NA,NA,NA,NA,NA,NA,NA,1989,11,12,"MSB 7239-4","JAR11615F","BP","EO","07-21-2025","F",29,22,268,"impact","impact_1981-1990",34.994298,-106.678945,0,0,0,0,6,0,0,0,0,0,0,0,0,"0",2,NA,NA,NA,NA,NA,NA,NA,NA,NA,NA,NA,NA,NA,NA,NA,NA,NA,NA,NA,NA,NA,NA,NA,NA,NA,NA,NA,NA,NA,NA,NA,NA,NA
"658","MSB:Fish:7239",NA,NA,NA,NA,NA,NA,NA,NA,NA,NA,NA,NA,NA,NA,NA,NA,NA,NA,NA,NA,NA,NA,NA,NA,NA,NA,NA,NA,NA,NA,NA,NA,NA,NA,NA,NA,NA,NA,NA,1989,11,12,"MSB 7239-2","JAR11612F","BP","JG","07-21-2025",NA,36,27,500,"impact","impact_1981-1990",34.994298,-106.678945,0,0,0,0,0,0,0,0,0,0,0,0,9,"0",0,NA,NA,NA,NA,NA,NA,NA,NA,NA,NA,NA,NA,NA,NA,NA,NA,NA,NA,NA,NA,NA,NA,NA,NA,NA,NA,NA,NA,NA,NA,NA,NA,NA
"659","MSB:Fish:7239",NA,NA,NA,NA,NA,NA,NA,NA,NA,NA,NA,NA,NA,NA,NA,NA,NA,NA,NA,NA,NA,NA,NA,NA,NA,NA,NA,NA,NA,NA,NA,NA,NA,NA,NA,NA,NA,NA,NA,1989,11,12,"MSB 7239-3","JAR11609F","JG","GC","07-21-2025",NA,27,22,204,"impact","impact_1981-1990",34.994298,-106.678945,0,0,0,0,0,0,0,0,0,0,0,0,0,NA,0,NA,NA,NA,NA,NA,NA,NA,NA,NA,NA,NA,NA,NA,NA,NA,NA,NA,NA,NA,NA,NA,NA,NA,NA,NA,NA,NA,NA,NA,NA,NA,NA,NA
"660","MSB:Fish:7239",NA,NA,NA,NA,NA,NA,NA,NA,NA,NA,NA,NA,NA,NA,NA,NA,NA,NA,NA,NA,NA,NA,NA,NA,NA,NA,NA,NA,NA,NA,NA,NA,NA,NA,NA,NA,NA,NA,NA,1989,11,12,"MSB 7239-5","JAR11614F","JG","EO","07-21-2025","F",30,24,281,"impact","impact_1981-1990",34.994298,-106.678945,0,0,0,0,0,0,0,0,0,0,0,0,0,"0",0,NA,NA,NA,NA,NA,NA,NA,NA,NA,NA,NA,NA,NA,NA,NA,NA,NA,NA,NA,NA,NA,NA,NA,NA,NA,NA,NA,NA,NA,NA,NA,NA,NA
"661","MSB:Fish:73719",NA,NA,NA,NA,NA,NA,NA,NA,NA,NA,NA,NA,NA,NA,NA,NA,NA,NA,NA,NA,NA,NA,NA,NA,NA,NA,NA,NA,NA,NA,NA,NA,NA,NA,NA,NA,NA,NA,NA,2002,9,16,"MSB 73719-4","JAR11050F","KL","KL","07-28-2025","F",38,31,612,"control","control_2001-2010",35.322164,-106.557448,0,0,0,0,0,0,0,0,0,0,0,0,0,"0",0,NA,NA,NA,NA,NA,NA,NA,NA,NA,NA,NA,NA,NA,NA,NA,NA,NA,NA,NA,NA,NA,NA,NA,NA,NA,NA,NA,NA,NA,NA,NA,NA,NA
"662","MSB:Fish:73719",NA,NA,NA,NA,NA,NA,NA,NA,NA,NA,NA,NA,NA,NA,NA,NA,NA,NA,NA,NA,NA,NA,NA,NA,NA,NA,NA,NA,NA,NA,NA,NA,NA,NA,NA,NA,NA,NA,NA,2002,9,16,"MSB 73719-5","JAR11051F","KL","KL","07-28-2025",NA,36,29,495,"control","control_2001-2010",35.322164,-106.557448,0,0,0,0,0,0,0,0,0,0,0,0,0,NA,0,NA,NA,NA,NA,NA,NA,NA,NA,NA,NA,NA,NA,NA,NA,NA,NA,NA,NA,NA,NA,NA,NA,NA,NA,NA,NA,NA,NA,NA,NA,NA,NA,NA
"663","MSB:Fish:73719",NA,NA,NA,NA,NA,NA,NA,NA,NA,NA,NA,NA,NA,NA,NA,NA,NA,NA,NA,NA,NA,NA,NA,NA,NA,NA,NA,NA,NA,NA,NA,NA,NA,NA,NA,NA,NA,NA,NA,2002,9,16,"MSB 73719-3","JAR11049F","KL","KL","07-28-2025","F",40,32,748,"control","control_2001-2010",35.322164,-106.557448,0,0,0,0,8,0,0,0,0,0,0,0,0,NA,0,NA,NA,NA,NA,NA,NA,NA,NA,NA,NA,NA,NA,NA,NA,NA,NA,NA,NA,NA,NA,NA,NA,NA,NA,NA,NA,NA,NA,NA,NA,NA,NA,NA
"664","MSB:Fish:73719",NA,NA,NA,NA,NA,NA,NA,NA,NA,NA,NA,NA,NA,NA,NA,NA,NA,NA,NA,NA,NA,NA,NA,NA,NA,NA,NA,NA,NA,NA,NA,NA,NA,NA,NA,NA,NA,NA,NA,2002,9,16,"MSB 73719-2","JAR11048F","KL","KL","07-28-2025","F",41,34,824,"control","control_2001-2010",35.322164,-106.557448,0,1,0,2,0,0,0,0,0,0,0,0,0,NA,0,NA,NA,NA,NA,NA,NA,NA,NA,NA,NA,NA,NA,NA,NA,NA,NA,NA,NA,NA,NA,NA,NA,NA,NA,NA,NA,NA,NA,NA,NA,NA,NA,NA
"665","MSB:Fish:73719",NA,NA,NA,NA,NA,NA,NA,NA,NA,NA,NA,NA,NA,NA,NA,NA,NA,NA,NA,NA,NA,NA,NA,NA,NA,NA,NA,NA,NA,NA,NA,NA,NA,NA,NA,NA,NA,NA,NA,2002,9,16,"MSB 73719-1","JAR11047F","KL","KL","07-28-2025",NA,37,30,488,"control","control_2001-2010",35.322164,-106.557448,0,0,0,0,0,0,0,0,0,0,0,0,0,"0",0,NA,NA,NA,NA,NA,NA,NA,NA,NA,NA,NA,NA,NA,NA,NA,NA,NA,NA,NA,NA,NA,NA,NA,NA,NA,NA,NA,NA,NA,NA,NA,NA,NA
"666","MSB:Fish:7971",NA,NA,NA,NA,NA,NA,NA,NA,NA,NA,NA,NA,NA,NA,NA,NA,NA,NA,NA,NA,NA,NA,NA,NA,NA,NA,NA,NA,NA,NA,NA,NA,NA,NA,NA,NA,NA,NA,NA,1990,10,22,"MSB 7971-2","JAR8910F","BP","EO","07-09-2025","F",29,24,264,"impact","impact_1981-1990",35.089293,-106.680842,0,0,0,2,0,0,0,0,0,0,0,0,0,NA,0,NA,NA,NA,NA,NA,NA,NA,NA,NA,NA,NA,NA,NA,NA,NA,NA,NA,NA,NA,NA,NA,NA,NA,NA,NA,NA,NA,NA,NA,NA,NA,NA,NA
"667","MSB:Fish:7971",NA,NA,NA,NA,NA,NA,NA,NA,NA,NA,NA,NA,NA,NA,NA,NA,NA,NA,NA,NA,NA,NA,NA,NA,NA,NA,NA,NA,NA,NA,NA,NA,NA,NA,NA,NA,NA,NA,NA,1990,10,22,"MSB 7971-1","JAR8912F","EO","KL","07-09-2025","F",38,30,560,"impact","impact_1981-1990",35.089293,-106.680842,0,0,0,0,4,0,0,0,0,0,0,0,0,"0",0,NA,NA,NA,NA,NA,NA,NA,NA,NA,NA,NA,NA,NA,NA,NA,NA,NA,NA,NA,NA,NA,NA,NA,NA,NA,NA,NA,NA,NA,NA,NA,NA,NA
"668","MSB:Fish:7971",NA,NA,NA,NA,NA,NA,NA,NA,NA,NA,NA,NA,NA,NA,NA,NA,NA,NA,NA,NA,NA,NA,NA,NA,NA,NA,NA,NA,NA,NA,NA,NA,NA,NA,NA,NA,NA,NA,NA,1990,10,22,"MSB 7971-3","JAR8908F","EO","BP","07-09-2025","F",33,25,370,"impact","impact_1981-1990",35.089293,-106.680842,0,0,0,0,0,0,0,0,0,0,0,0,0,"1",0,NA,NA,NA,NA,NA,NA,NA,NA,NA,NA,NA,NA,NA,NA,NA,NA,NA,NA,NA,NA,NA,NA,NA,NA,NA,NA,NA,NA,NA,NA,NA,NA,NA
"669","MSB:Fish:7971",NA,NA,NA,NA,NA,NA,NA,NA,NA,NA,NA,NA,NA,NA,NA,NA,NA,NA,NA,NA,NA,NA,NA,NA,NA,NA,NA,NA,NA,NA,NA,NA,NA,NA,NA,NA,NA,NA,NA,1990,10,22,"MSB 7971-5","JAR8916F","EO","BP","07-09-2025","F",28,21,207,"impact","impact_1981-1990",35.089293,-106.680842,0,0,0,0,0,0,0,0,0,0,0,0,0,"1",0,NA,NA,NA,NA,NA,NA,NA,NA,NA,NA,NA,NA,NA,NA,NA,NA,NA,NA,NA,NA,NA,NA,NA,NA,NA,NA,NA,NA,NA,NA,NA,NA,NA
"670","MSB:Fish:7971",NA,NA,NA,NA,NA,NA,NA,NA,NA,NA,NA,NA,NA,NA,NA,NA,NA,NA,NA,NA,NA,NA,NA,NA,NA,NA,NA,NA,NA,NA,NA,NA,NA,NA,NA,NA,NA,NA,NA,1990,10,22,"MSB 7971-4","JAR8914F","BP","GC","07-09-2025",NA,26,21,155,"impact","impact_1981-1990",35.089293,-106.680842,0,0,0,4,0,0,0,0,0,0,0,0,0,NA,0,NA,NA,NA,NA,NA,NA,NA,NA,NA,NA,NA,NA,NA,NA,NA,NA,NA,NA,NA,NA,NA,NA,NA,NA,NA,NA,NA,NA,NA,NA,NA,NA,NA
"671","MSB:Fish:9004",NA,NA,NA,NA,NA,NA,NA,NA,NA,NA,NA,NA,NA,NA,NA,NA,NA,NA,NA,NA,NA,NA,NA,NA,NA,NA,NA,NA,NA,NA,NA,NA,NA,NA,NA,NA,NA,NA,NA,1998,10,28,"MSB 9004-5","JAR11300F","JG","BP","07-14-2025","F",34,28,428,"impact","impact_1981-1990",35.196977,-106.642444,0,0,0,2,0,4,0,0,0,0,0,0,0,"0",0,NA,NA,NA,NA,NA,NA,NA,NA,NA,NA,NA,NA,NA,NA,NA,NA,NA,NA,NA,NA,NA,NA,NA,NA,NA,NA,NA,NA,NA,NA,NA,NA,NA
"672","MSB:Fish:9004",NA,NA,NA,NA,NA,NA,NA,NA,NA,NA,NA,NA,NA,NA,NA,NA,NA,NA,NA,NA,NA,NA,NA,NA,NA,NA,NA,NA,NA,NA,NA,NA,NA,NA,NA,NA,NA,NA,NA,1990,10,28,"MSB 9004-1","JAR11303F","BP","BP","07-14-2025",NA,33,27,388,"impact","impact_1981-1990",35.196977,-106.642444,0,0,0,0,0,0,0,0,0,0,0,0,0,"0",0,NA,NA,NA,NA,NA,NA,NA,NA,NA,NA,NA,NA,NA,NA,NA,NA,NA,NA,NA,NA,NA,NA,NA,NA,NA,NA,NA,NA,NA,NA,NA,NA,NA
"673","MSB:Fish:9004",NA,NA,NA,NA,NA,NA,NA,NA,NA,NA,NA,NA,NA,NA,NA,NA,NA,NA,NA,NA,NA,NA,NA,NA,NA,NA,NA,NA,NA,NA,NA,NA,NA,NA,NA,NA,NA,NA,NA,1990,10,28,"MSB 9004-4","JAR11301F","JG","GC","07-14-2025",NA,34,28,405,"impact","impact_1981-1990",35.196977,-106.642444,0,0,0,0,0,0,0,0,0,0,0,0,0,"0",0,NA,NA,NA,NA,NA,NA,NA,NA,NA,NA,NA,NA,NA,NA,NA,NA,NA,NA,NA,NA,NA,NA,NA,NA,NA,NA,NA,NA,NA,NA,NA,NA,NA
"674","MSB:Fish:9004",NA,NA,NA,NA,NA,NA,NA,NA,NA,NA,NA,NA,NA,NA,NA,NA,NA,NA,NA,NA,NA,NA,NA,NA,NA,NA,NA,NA,NA,NA,NA,NA,NA,NA,NA,NA,NA,NA,NA,1990,10,28,"MSB 9004-2","JAR11306F","JG","KL","07-14-2025",NA,32,25,351,"impact","impact_1981-1990",35.196977,-106.642444,0,0,0,0,0,0,0,0,0,0,0,0,0,NA,0,NA,NA,NA,NA,NA,NA,NA,NA,NA,NA,NA,NA,NA,NA,NA,NA,NA,NA,NA,NA,NA,NA,NA,NA,NA,NA,NA,NA,NA,NA,NA,NA,NA
"675","MSB:Fish:9004",NA,NA,NA,NA,NA,NA,NA,NA,NA,NA,NA,NA,NA,NA,NA,NA,NA,NA,NA,NA,NA,NA,NA,NA,NA,NA,NA,NA,NA,NA,NA,NA,NA,NA,NA,NA,NA,NA,NA,1990,10,28,"MSB 9004-3","JAR11309F","JG","KL","07-14-2025","F",40,32,595,"impact","impact_1981-1990",35.196977,-106.642444,0,0,0,0,0,0,0,0,0,0,0,0,0,"0",0,NA,NA,NA,NA,NA,NA,NA,NA,NA,NA,NA,NA,NA,NA,NA,NA,NA,NA,NA,NA,NA,NA,NA,NA,NA,NA,NA,NA,NA,NA,NA,NA,NA
"676","MSB:Fish:9011",NA,NA,NA,NA,NA,NA,NA,NA,NA,NA,NA,NA,NA,NA,NA,NA,NA,NA,NA,NA,NA,NA,NA,NA,NA,NA,NA,NA,NA,NA,NA,NA,NA,NA,NA,NA,NA,NA,NA,1990,10,28,"MSB 9011-1","JAR11099F","JG","GC","07-16-2025",NA,36,30,481,"control","control_1981-1990",35.28086111,-106.5988056,0,0,0,2,0,0,0,0,0,0,0,0,0,"1",0,NA,NA,NA,NA,NA,NA,NA,NA,NA,NA,NA,NA,NA,NA,NA,NA,NA,NA,NA,NA,NA,NA,NA,NA,NA,NA,NA,NA,NA,NA,NA,NA,NA
"677","MSB:Fish:9011",NA,NA,NA,NA,NA,NA,NA,NA,NA,NA,NA,NA,NA,NA,NA,NA,NA,NA,NA,NA,NA,NA,NA,NA,NA,NA,NA,NA,NA,NA,NA,NA,NA,NA,NA,NA,NA,NA,NA,1990,10,28,"MSB 9011-3","JAR11104F","JG","JG","07-16-2025",NA,35,27,423,"control","control_1981-1990",35.28086111,-106.5988056,0,0,0,0,0,2,0,0,0,0,0,0,0,"0",0,NA,NA,NA,NA,NA,NA,NA,NA,NA,NA,NA,NA,NA,NA,NA,NA,NA,NA,NA,NA,NA,NA,NA,NA,NA,NA,NA,NA,NA,NA,NA,NA,NA
"678","MSB:Fish:9011",NA,NA,NA,NA,NA,NA,NA,NA,NA,NA,NA,NA,NA,NA,NA,NA,NA,NA,NA,NA,NA,NA,NA,NA,NA,NA,NA,NA,NA,NA,NA,NA,NA,NA,NA,NA,NA,NA,NA,1990,10,28,"MSB 9011-5","JAR11101F","JG","KL","07-16-2025",NA,30,24,291,"control","control_1981-1990",35.28086111,-106.5988056,0,0,0,0,2,0,0,0,0,0,0,0,0,"0",0,NA,NA,NA,NA,NA,NA,NA,NA,NA,NA,NA,NA,NA,NA,NA,NA,NA,NA,NA,NA,NA,NA,NA,NA,NA,NA,NA,NA,NA,NA,NA,NA,NA
"679","MSB:Fish:9011",NA,NA,NA,NA,NA,NA,NA,NA,NA,NA,NA,NA,NA,NA,NA,NA,NA,NA,NA,NA,NA,NA,NA,NA,NA,NA,NA,NA,NA,NA,NA,NA,NA,NA,NA,NA,NA,NA,NA,1990,10,28,"MSB 9011-4","JAR11096F","BP","GC","07-16-2025","F",32,23,324,"control","control_1981-1990",35.28086111,-106.5988056,0,0,0,0,0,0,0,0,0,0,0,0,0,"1",0,NA,NA,NA,NA,NA,NA,NA,NA,NA,NA,NA,NA,NA,NA,NA,NA,NA,NA,NA,NA,NA,NA,NA,NA,NA,NA,NA,NA,NA,NA,NA,NA,NA
"680","MSB:Fish:9011",NA,NA,NA,NA,NA,NA,NA,NA,NA,NA,NA,NA,NA,NA,NA,NA,NA,NA,NA,NA,NA,NA,NA,NA,NA,NA,NA,NA,NA,NA,NA,NA,NA,NA,NA,NA,NA,NA,NA,1990,10,28,"MSB 9011-2","JAR11102F","JG","GC","07-16-2025",NA,36,31,550,"control","control_1981-1990",35.28086111,-106.5988056,0,0,0,0,0,0,0,0,0,0,0,0,0,"0",0,NA,NA,NA,NA,NA,NA,NA,NA,NA,NA,NA,NA,NA,NA,NA,NA,NA,NA,NA,NA,NA,NA,NA,NA,NA,NA,NA,NA,NA,NA,NA,NA,NA
"681","MSB:Fish:9465",NA,NA,NA,NA,NA,NA,NA,NA,NA,NA,NA,NA,NA,NA,NA,NA,NA,NA,NA,NA,NA,NA,NA,NA,NA,NA,NA,NA,NA,NA,NA,NA,NA,NA,NA,NA,NA,NA,NA,1989,2,26,"MSB 9465-1","JAR11536F","EO","KL","07-15-2025","F",38,31,553,"impact","impact_1981-1990",34.917008,-106.675195,0,0,0,34,0,0,0,0,0,0,0,0,0,"0",0,NA,NA,NA,NA,NA,NA,NA,NA,NA,NA,NA,NA,NA,NA,NA,NA,NA,NA,NA,NA,NA,NA,NA,NA,NA,NA,NA,NA,NA,NA,NA,NA,NA
"682","MSB:Fish:9465",NA,NA,NA,NA,NA,NA,NA,NA,NA,NA,NA,NA,NA,NA,NA,NA,NA,NA,NA,NA,NA,NA,NA,NA,NA,NA,NA,NA,NA,NA,NA,NA,NA,NA,NA,NA,NA,NA,NA,1989,2,26,"MSB 9465-4","JAR11539F","EO","KL","07-15-2025","F",47,38,1063,"impact","impact_1981-1990",34.917008,-106.675195,0,0,0,0,0,0,0,0,0,0,0,0,0,"0",0,NA,NA,NA,NA,NA,NA,NA,NA,NA,NA,NA,NA,NA,NA,NA,NA,NA,NA,NA,NA,NA,NA,NA,NA,NA,NA,NA,NA,NA,NA,NA,NA,NA
"683","MSB:Fish:9465",NA,NA,NA,NA,NA,NA,NA,NA,NA,NA,NA,NA,NA,NA,NA,NA,NA,NA,NA,NA,NA,NA,NA,NA,NA,NA,NA,NA,NA,NA,NA,NA,NA,NA,NA,NA,NA,NA,NA,1989,2,26,"MSB 9465-3","JAR11542F","BP","GC","07-15-2025",NA,39,30,565,"impact","impact_1981-1990",34.917008,-106.675195,0,0,0,2,0,0,0,0,0,0,0,0,0,NA,0,NA,NA,NA,NA,NA,NA,NA,NA,NA,NA,NA,NA,NA,NA,NA,NA,NA,NA,NA,NA,NA,NA,NA,NA,NA,NA,NA,NA,NA,NA,NA,NA,NA
"684","MSB:Fish:9465",NA,NA,NA,NA,NA,NA,NA,NA,NA,NA,NA,NA,NA,NA,NA,NA,NA,NA,NA,NA,NA,NA,NA,NA,NA,NA,NA,NA,NA,NA,NA,NA,NA,NA,NA,NA,NA,NA,NA,1989,2,26,"MSB 9465-5","JAR11533F","BP","JG","07-15-2025",NA,39,30,778,"impact","impact_1981-1990",34.917008,-106.675195,0,0,0,6,0,3,0,0,0,0,0,1,0,NA,0,NA,NA,NA,NA,NA,NA,NA,NA,NA,NA,NA,NA,NA,NA,NA,NA,NA,NA,NA,NA,NA,NA,NA,NA,NA,NA,NA,NA,NA,NA,NA,NA,NA
"685","MSB:Fish:9465",NA,NA,NA,NA,NA,NA,NA,NA,NA,NA,NA,NA,NA,NA,NA,NA,NA,NA,NA,NA,NA,NA,NA,NA,NA,NA,NA,NA,NA,NA,NA,NA,NA,NA,NA,NA,NA,NA,NA,1989,2,26,"MSB 9465-2","JAR11537F","EO","GC","07-15-2025","F",47,38,1184,"impact","impact_1981-1990",34.917008,-106.675195,0,0,0,4,0,10,0,0,0,0,0,0,1,"0",0,NA,NA,NA,NA,NA,NA,NA,NA,NA,NA,NA,NA,NA,NA,NA,NA,NA,NA,NA,NA,NA,NA,NA,NA,NA,NA,NA,NA,NA,NA,NA,NA,NA
"686","MSB:Fish:1129",NA,NA,NA,NA,NA,NA,NA,NA,NA,NA,NA,NA,NA,NA,NA,NA,NA,NA,NA,NA,NA,NA,NA,NA,NA,NA,NA,NA,NA,NA,NA,NA,NA,NA,NA,NA,NA,NA,NA,NA,NA,NA,NA,NA,NA,NA,NA,NA,NA,NA,NA,NA,NA,NA,NA,NA,NA,NA,NA,NA,NA,NA,NA,NA,NA,NA,NA,NA,NA,NA,1959,2,20,"MSB 1129-5","JAR8672F","JG","CW","06-20-2025",NA,40,32,383,"control","control_1951-1960",35.350556,-106.535497,0,0,0,0,0,0,0,0,0,0,0,0,0,0,0,0,0
"687","MSB:Fish:1129",NA,NA,NA,NA,NA,NA,NA,NA,NA,NA,NA,NA,NA,NA,NA,NA,NA,NA,NA,NA,NA,NA,NA,NA,NA,NA,NA,NA,NA,NA,NA,NA,NA,NA,NA,NA,NA,NA,NA,NA,NA,NA,NA,NA,NA,NA,NA,NA,NA,NA,NA,NA,NA,NA,NA,NA,NA,NA,NA,NA,NA,NA,NA,NA,NA,NA,NA,NA,NA,NA,1959,2,20,"MSB 1129-2","JAR8674F","EO","CLW","06-20-2025",NA,46,34,697,"control","control_1951-1960",35.350556,-106.535497,0,0,0,2,0,0,0,0,0,0,0,0,0,0,0,0,0
"688","MSB:Fish:1129",NA,NA,NA,NA,NA,NA,NA,NA,NA,NA,NA,NA,NA,NA,NA,NA,NA,NA,NA,NA,NA,NA,NA,NA,NA,NA,NA,NA,NA,NA,NA,NA,NA,NA,NA,NA,NA,NA,NA,NA,NA,NA,NA,NA,NA,NA,NA,NA,NA,NA,NA,NA,NA,NA,NA,NA,NA,NA,NA,NA,NA,NA,NA,NA,NA,NA,NA,NA,NA,NA,1959,2,20,"MSB 1129-1","JAR8668F","JG","KL","06-20-2025",NA,41,33,519,"control","control_1951-1960",35.350556,-106.535497,0,0,0,0,0,0,0,0,0,0,0,0,0,0,0,0,0
"689","MSB:Fish:1129",NA,NA,NA,NA,NA,NA,NA,NA,NA,NA,NA,NA,NA,NA,NA,NA,NA,NA,NA,NA,NA,NA,NA,NA,NA,NA,NA,NA,NA,NA,NA,NA,NA,NA,NA,NA,NA,NA,NA,NA,NA,NA,NA,NA,NA,NA,NA,NA,NA,NA,NA,NA,NA,NA,NA,NA,NA,NA,NA,NA,NA,NA,NA,NA,NA,NA,NA,NA,NA,NA,1959,2,20,"MSB 1129-4","JAR8671F","EO","JG KL","06-20-2025",NA,41,31,580,"control","control_1951-1960",35.350556,-106.535497,0,0,0,0,0,0,0,0,0,0,0,0,0,0,0,0,0
"690","MSB:Fish:1129",NA,NA,NA,NA,NA,NA,NA,NA,NA,NA,NA,NA,NA,NA,NA,NA,NA,NA,NA,NA,NA,NA,NA,NA,NA,NA,NA,NA,NA,NA,NA,NA,NA,NA,NA,NA,NA,NA,NA,NA,NA,NA,NA,NA,NA,NA,NA,NA,NA,NA,NA,NA,NA,NA,NA,NA,NA,NA,NA,NA,NA,NA,NA,NA,NA,NA,NA,NA,NA,NA,1959,2,20,"MSB 1129-3","JAR8673F","JG","CW","06-20-2025",NA,43,36,659,"control","control_1951-1960",35.350556,-106.535497,0,0,0,4,0,0,0,0,0,0,0,0,0,0,0,0,0
"691","MSB:Fish:1130",NA,NA,NA,NA,NA,NA,NA,NA,NA,NA,NA,NA,NA,NA,NA,NA,NA,NA,NA,NA,NA,NA,NA,NA,NA,NA,NA,NA,NA,NA,NA,NA,NA,NA,NA,NA,NA,NA,NA,NA,NA,NA,NA,NA,NA,NA,NA,NA,NA,NA,NA,NA,NA,NA,NA,NA,NA,NA,NA,NA,NA,NA,NA,NA,NA,NA,NA,NA,NA,NA,1949,10,29,"MSB 1130-5","JAR8701F","EO","KL","06-24-2025",NA,57,48,2022,"impact","impact_1941-1950",34.87537,-106.717837,0,0,2,0,0,0,0,2,0,0,0,0,2,0,0,0,0
"692","MSB:Fish:1130",NA,NA,NA,NA,NA,NA,NA,NA,NA,NA,NA,NA,NA,NA,NA,NA,NA,NA,NA,NA,NA,NA,NA,NA,NA,NA,NA,NA,NA,NA,NA,NA,NA,NA,NA,NA,NA,NA,NA,NA,NA,NA,NA,NA,NA,NA,NA,NA,NA,NA,NA,NA,NA,NA,NA,NA,NA,NA,NA,NA,NA,NA,NA,NA,NA,NA,NA,NA,NA,NA,1949,10,29,"MSB 1130-3","JAR8697F","JG","JG CW","06-24-2025",NA,61,49,1811,"impact","impact_1941-1950",34.87537,-106.717837,0,0,0,0,0,0,0,0,0,0,0,0,0,0,0,0,0
"693","MSB:Fish:1130",NA,NA,NA,NA,NA,NA,NA,NA,NA,NA,NA,NA,NA,NA,NA,NA,NA,NA,NA,NA,NA,NA,NA,NA,NA,NA,NA,NA,NA,NA,NA,NA,NA,NA,NA,NA,NA,NA,NA,NA,NA,NA,NA,NA,NA,NA,NA,NA,NA,NA,NA,NA,NA,NA,NA,NA,NA,NA,NA,NA,NA,NA,NA,NA,NA,NA,NA,NA,NA,NA,1949,10,29,"MSB 1130-4","JAR8699F","BP","CLW","06-24-2025",NA,62,47,2068,"impact","impact_1941-1950",34.87537,-106.717837,0,0,0,0,0,0,0,0,0,1,0,0,0,0,0,0,0
"694","MSB:Fish:1130",NA,NA,NA,NA,NA,NA,NA,NA,NA,NA,NA,NA,NA,NA,NA,NA,NA,NA,NA,NA,NA,NA,NA,NA,NA,NA,NA,NA,NA,NA,NA,NA,NA,NA,NA,NA,NA,NA,NA,NA,NA,NA,NA,NA,NA,NA,NA,NA,NA,NA,NA,NA,NA,NA,NA,NA,NA,NA,NA,NA,NA,NA,NA,NA,NA,NA,NA,NA,NA,NA,1949,10,29,"MSB 1130-1","JAR8690F","JG","JG KL","06-24-2025",FALSE,71,58,3286,"impact","impact_1941-1950",34.87537,-106.717837,0,0,0,0,0,0,0,0,0,0,0,0,0,1,0,0,0
"695","MSB:Fish:1130",NA,NA,NA,NA,NA,NA,NA,NA,NA,NA,NA,NA,NA,NA,NA,NA,NA,NA,NA,NA,NA,NA,NA,NA,NA,NA,NA,NA,NA,NA,NA,NA,NA,NA,NA,NA,NA,NA,NA,NA,NA,NA,NA,NA,NA,NA,NA,NA,NA,NA,NA,NA,NA,NA,NA,NA,NA,NA,NA,NA,NA,NA,NA,NA,NA,NA,NA,NA,NA,NA,1949,10,29,"MSB 1130-2","JAR8695F","BP","KL","06-24-2025",FALSE,68,54,3151,"impact","impact_1941-1950",34.87537,-106.717837,0,0,2,0,0,0,0,4,0,0,0,0,0,0,0,0,0
"696","MSB:Fish:1131",NA,NA,NA,NA,NA,NA,NA,NA,NA,NA,NA,NA,NA,NA,NA,NA,NA,NA,NA,NA,NA,NA,NA,NA,NA,NA,NA,NA,NA,NA,NA,NA,NA,NA,NA,NA,NA,NA,NA,NA,NA,NA,NA,NA,NA,NA,NA,NA,NA,NA,NA,NA,NA,NA,NA,NA,NA,NA,NA,NA,NA,NA,NA,NA,NA,NA,NA,NA,NA,NA,1959,2,24,"MSB 1131-5","JAR8682F","BP","KL","06-23-2025",NA,53,44,1289,"impact","impact_1951-1960",34.987044,-106.690293,0,0,0,5,0,0,0,0,0,0,0,0,0,0,0,0,0
"697","MSB:Fish:1131",NA,NA,NA,NA,NA,NA,NA,NA,NA,NA,NA,NA,NA,NA,NA,NA,NA,NA,NA,NA,NA,NA,NA,NA,NA,NA,NA,NA,NA,NA,NA,NA,NA,NA,NA,NA,NA,NA,NA,NA,NA,NA,NA,NA,NA,NA,NA,NA,NA,NA,NA,NA,NA,NA,NA,NA,NA,NA,NA,NA,NA,NA,NA,NA,NA,NA,NA,NA,NA,NA,1959,2,24,"MSB 1131-2","JAR8689F","EO","CW","06-23-2025",NA,60,47,1798,"impact","impact_1951-1960",34.987044,-106.690293,0,0,0,0,0,0,0,0,0,0,0,0,0,0,0,0,0
"698","MSB:Fish:1131",NA,NA,NA,NA,NA,NA,NA,NA,NA,NA,NA,NA,NA,NA,NA,NA,NA,NA,NA,NA,NA,NA,NA,NA,NA,NA,NA,NA,NA,NA,NA,NA,NA,NA,NA,NA,NA,NA,NA,NA,NA,NA,NA,NA,NA,NA,NA,NA,NA,NA,NA,NA,NA,NA,NA,NA,NA,NA,NA,NA,NA,NA,NA,NA,NA,NA,NA,NA,NA,NA,1959,2,24,"MSB 1131-3","JAR8693F","BP","CW","06-23-2025",FALSE,54,44,1280,"impact","impact_1951-1960",34.987044,-106.690293,0,0,2,0,0,0,0,0,0,0,0,0,0,0,0,0,0
"699","MSB:Fish:1131",NA,NA,NA,NA,NA,NA,NA,NA,NA,NA,NA,NA,NA,NA,NA,NA,NA,NA,NA,NA,NA,NA,NA,NA,NA,NA,NA,NA,NA,NA,NA,NA,NA,NA,NA,NA,NA,NA,NA,NA,NA,NA,NA,NA,NA,NA,NA,NA,NA,NA,NA,NA,NA,NA,NA,NA,NA,NA,NA,NA,NA,NA,NA,NA,NA,NA,NA,NA,NA,NA,1959,2,24,"MSB 1131-4","JAR8680F","EO","KL","06-23-2025",NA,52,43,1316,"impact","impact_1951-1960",34.987044,-106.690293,0,0,0,0,0,0,0,0,0,0,0,0,0,0,0,0,0
"700","MSB:Fish:1131",NA,NA,NA,NA,NA,NA,NA,NA,NA,NA,NA,NA,NA,NA,NA,NA,NA,NA,NA,NA,NA,NA,NA,NA,NA,NA,NA,NA,NA,NA,NA,NA,NA,NA,NA,NA,NA,NA,NA,NA,NA,NA,NA,NA,NA,NA,NA,NA,NA,NA,NA,NA,NA,NA,NA,NA,NA,NA,NA,NA,NA,NA,NA,NA,NA,NA,NA,NA,NA,NA,1959,2,24,"MSB 1131-2","JAR8691F","JG","CLW","06-23-2025",NA,63,51,1849,"impact","impact_1951-1960",34.987044,-106.690293,0,0,0,NA,0,0,0,0,0,0,0,0,NA,0,0,NA,0
"701","MSB:Fish:1132",NA,NA,NA,NA,NA,NA,NA,NA,NA,NA,NA,NA,NA,NA,NA,NA,NA,NA,NA,NA,NA,NA,NA,NA,NA,NA,NA,NA,NA,NA,NA,NA,NA,NA,NA,NA,NA,NA,NA,NA,NA,NA,NA,NA,NA,NA,NA,NA,NA,NA,NA,NA,NA,NA,NA,NA,NA,NA,NA,NA,NA,NA,NA,NA,NA,NA,NA,NA,NA,NA,1947,10,25,"MSB 1132-1","JAR8684F","JG","CW","06-23-2025",NA,71,58,3310,"control","control_1941-1950",35.380629,-106.503529,0,0,0,0,0,0,0,0,0,1,0,0,0,9,0,0,0
"702","MSB:Fish:1132",NA,NA,NA,NA,NA,NA,NA,NA,NA,NA,NA,NA,NA,NA,NA,NA,NA,NA,NA,NA,NA,NA,NA,NA,NA,NA,NA,NA,NA,NA,NA,NA,NA,NA,NA,NA,NA,NA,NA,NA,NA,NA,NA,NA,NA,NA,NA,NA,NA,NA,NA,NA,NA,NA,NA,NA,NA,NA,NA,NA,NA,NA,NA,NA,NA,NA,NA,NA,NA,NA,1947,10,25,"MSB 1132-4","JAR8694F","JG","KL","06-23-2025",NA,63,54,2744,"control","control_1941-1950",35.380629,-106.503529,0,0,0,0,0,0,0,1,0,0,0,0,0,0,0,0,0
"703","MSB:Fish:1132",NA,NA,NA,NA,NA,NA,NA,NA,NA,NA,NA,NA,NA,NA,NA,NA,NA,NA,NA,NA,NA,NA,NA,NA,NA,NA,NA,NA,NA,NA,NA,NA,NA,NA,NA,NA,NA,NA,NA,NA,NA,NA,NA,NA,NA,NA,NA,NA,NA,NA,NA,NA,NA,NA,NA,NA,NA,NA,NA,NA,NA,NA,NA,NA,NA,NA,NA,NA,NA,NA,1947,10,25,"MSB 1132-5","JAR8692F","JG","CW","06-23-2025",NA,61,49,1975,"control","control_1941-1950",35.380629,-106.503529,0,0,0,0,0,0,0,0,0,3,0,0,0,0,0,0,0
"704","MSB:Fish:1132",NA,NA,NA,NA,NA,NA,NA,NA,NA,NA,NA,NA,NA,NA,NA,NA,NA,NA,NA,NA,NA,NA,NA,NA,NA,NA,NA,NA,NA,NA,NA,NA,NA,NA,NA,NA,NA,NA,NA,NA,NA,NA,NA,NA,NA,NA,NA,NA,NA,NA,NA,NA,NA,NA,NA,NA,NA,NA,NA,NA,NA,NA,NA,NA,NA,NA,NA,NA,NA,NA,1947,10,25,"MSB 1132-3","JAR8688F","JG","CLW","06-23-2025",NA,77,64,4621,"control","control_1941-1950",35.380629,-106.503529,0,0,0,0,0,0,0,0,0,61,0,0,0,0,0,0,0
"705","MSB:Fish:1132",NA,NA,NA,NA,NA,NA,NA,NA,NA,NA,NA,NA,NA,NA,NA,NA,NA,NA,NA,NA,NA,NA,NA,NA,NA,NA,NA,NA,NA,NA,NA,NA,NA,NA,NA,NA,NA,NA,NA,NA,NA,NA,NA,NA,NA,NA,NA,NA,NA,NA,NA,NA,NA,NA,NA,NA,NA,NA,NA,NA,NA,NA,NA,NA,NA,NA,NA,NA,NA,NA,1947,10,25,"MSB 1132-2","JAR8686F","JG","CW","06-23-2025",NA,73,62,3934,"control","control_1941-1950",35.380629,-106.503529,0,0,0,0,0,0,0,0,0,50,0,0,0,0,0,0,0
"706","MSB:Fish:1149",NA,NA,NA,NA,NA,NA,NA,NA,NA,NA,NA,NA,NA,NA,NA,NA,NA,NA,NA,NA,NA,NA,NA,NA,NA,NA,NA,NA,NA,NA,NA,NA,NA,NA,NA,NA,NA,NA,NA,NA,NA,NA,NA,NA,NA,NA,NA,NA,NA,NA,NA,NA,NA,NA,NA,NA,NA,NA,NA,NA,NA,NA,NA,NA,NA,NA,NA,NA,NA,NA,1939,2,26,"MSB 1149-1","JAR8871F","JG","GC","07-02-2025",NA,55,45,1360,"impact","impact_1931-1940",35.100259,-106.692107,0,0,12,0,0,0,0,0,1,19,0,0,0,0,0,0,0
"707","MSB:Fish:1149",NA,NA,NA,NA,NA,NA,NA,NA,NA,NA,NA,NA,NA,NA,NA,NA,NA,NA,NA,NA,NA,NA,NA,NA,NA,NA,NA,NA,NA,NA,NA,NA,NA,NA,NA,NA,NA,NA,NA,NA,NA,NA,NA,NA,NA,NA,NA,NA,NA,NA,NA,NA,NA,NA,NA,NA,NA,NA,NA,NA,NA,NA,NA,NA,NA,NA,NA,NA,NA,NA,1939,2,26,"MSB 1149-5","JAR8872F","EO","KL","07-02-2025",FALSE,76,57,3276,"impact","impact_1931-1940",35.100259,-106.692107,0,0,38,1,0,0,0,0,0,50,0,0,0,0,0,0,0
"708","MSB:Fish:1149",NA,NA,NA,NA,NA,NA,NA,NA,NA,NA,NA,NA,NA,NA,NA,NA,NA,NA,NA,NA,NA,NA,NA,NA,NA,NA,NA,NA,NA,NA,NA,NA,NA,NA,NA,NA,NA,NA,NA,NA,NA,NA,NA,NA,NA,NA,NA,NA,NA,NA,NA,NA,NA,NA,NA,NA,NA,NA,NA,NA,NA,NA,NA,NA,NA,NA,NA,NA,NA,NA,1939,2,26,"MSB 1149-3","JAR8875F","EO","EO KL","07-02-2025",NA,61,47,1795,"impact","impact_1931-1940",35.100259,-106.692107,0,0,26,0,0,0,0,11,0,27,0,0,0,0,0,0,0
"709","MSB:Fish:1149",NA,NA,NA,NA,NA,NA,NA,NA,NA,NA,NA,NA,NA,NA,NA,NA,NA,NA,NA,NA,NA,NA,NA,NA,NA,NA,NA,NA,NA,NA,NA,NA,NA,NA,NA,NA,NA,NA,NA,NA,NA,NA,NA,NA,NA,NA,NA,NA,NA,NA,NA,NA,NA,NA,NA,NA,NA,NA,NA,NA,NA,NA,NA,NA,NA,NA,NA,NA,NA,NA,1939,2,26,"MSB 1149-4","JAR8877F","JG","CW","07-02-2025",NA,57,45,1435,"impact","impact_1931-1940",35.100259,-106.692107,0,0,0,0,0,0,0,0,0,23,0,0,0,0,0,0,0
"710","MSB:Fish:1149",NA,NA,NA,NA,NA,NA,NA,NA,NA,NA,NA,NA,NA,NA,NA,NA,NA,NA,NA,NA,NA,NA,NA,NA,NA,NA,NA,NA,NA,NA,NA,NA,NA,NA,NA,NA,NA,NA,NA,NA,NA,NA,NA,NA,NA,NA,NA,NA,NA,NA,NA,NA,NA,NA,NA,NA,NA,NA,NA,NA,NA,NA,NA,NA,NA,NA,NA,NA,NA,NA,1939,2,26,"MSB 1149-2","JAR8873F","JG","GC","07-02-2025",FALSE,64,52,2298,"impact","impact_1931-1940",35.100259,-106.692107,0,0,16,0,0,0,0,0,2,66,0,0,0,0,0,0,0
"711","MSB:Fish:1150",NA,NA,NA,NA,NA,NA,NA,NA,NA,NA,NA,NA,NA,NA,NA,NA,NA,NA,NA,NA,NA,NA,NA,NA,NA,NA,NA,NA,NA,NA,NA,NA,NA,NA,NA,NA,NA,NA,NA,NA,NA,NA,NA,NA,NA,NA,NA,NA,NA,NA,NA,NA,NA,NA,NA,NA,NA,NA,NA,NA,NA,NA,NA,NA,NA,NA,NA,NA,NA,NA,1939,6,9,"MSB 1150-3","JAR8712F","BP","CW","06-24-2025",FALSE,71,54,4462,"impact","impact_1931-1940",34.906619,-106.685289,0,0,0,0,0,0,0,0,0,1,0,0,0,0,0,0,0
"712","MSB:Fish:1150",NA,NA,NA,NA,NA,NA,NA,NA,NA,NA,NA,NA,NA,NA,NA,NA,NA,NA,NA,NA,NA,NA,NA,NA,NA,NA,NA,NA,NA,NA,NA,NA,NA,NA,NA,NA,NA,NA,NA,NA,NA,NA,NA,NA,NA,NA,NA,NA,NA,NA,NA,NA,NA,NA,NA,NA,NA,NA,NA,NA,NA,NA,NA,NA,NA,NA,NA,NA,NA,NA,1939,6,9,"MSB 1150-1","JAR8708F","BP","KL","06-24-2025",NA,63,50,2550,"impact","impact_1931-1940",34.906619,-106.685289,0,0,34,0,0,0,0,0,0,0,0,0,0,0,0,0,0
"713","MSB:Fish:1150",NA,NA,NA,NA,NA,NA,NA,NA,NA,NA,NA,NA,NA,NA,NA,NA,NA,NA,NA,NA,NA,NA,NA,NA,NA,NA,NA,NA,NA,NA,NA,NA,NA,NA,NA,NA,NA,NA,NA,NA,NA,NA,NA,NA,NA,NA,NA,NA,NA,NA,NA,NA,NA,NA,NA,NA,NA,NA,NA,NA,NA,NA,NA,NA,NA,NA,NA,NA,NA,NA,1939,6,9,"MSB 1150-2","JAR8714F","JG","CLW","06-24-2025",FALSE,72,61,4536,"impact","impact_1931-1940",34.906619,-106.685289,0,0,2,0,0,0,0,0,0,0,0,0,0,0,0,0,0
"714","MSB:Fish:1150",NA,NA,NA,NA,NA,NA,NA,NA,NA,NA,NA,NA,NA,NA,NA,NA,NA,NA,NA,NA,NA,NA,NA,NA,NA,NA,NA,NA,NA,NA,NA,NA,NA,NA,NA,NA,NA,NA,NA,NA,NA,NA,NA,NA,NA,NA,NA,NA,NA,NA,NA,NA,NA,NA,NA,NA,NA,NA,NA,NA,NA,NA,NA,NA,NA,NA,NA,NA,NA,NA,1939,6,9,"MSB 1150-5","JAR8710F","BP","CW","06-24-2025",FALSE,60,49,2576,"impact","impact_1931-1940",34.906619,-106.685289,0,0,16,0,0,0,0,0,0,0,0,0,0,0,0,0,0
"715","MSB:Fish:1150",NA,NA,NA,NA,NA,NA,NA,NA,NA,NA,NA,NA,NA,NA,NA,NA,NA,NA,NA,NA,NA,NA,NA,NA,NA,NA,NA,NA,NA,NA,NA,NA,NA,NA,NA,NA,NA,NA,NA,NA,NA,NA,NA,NA,NA,NA,NA,NA,NA,NA,NA,NA,NA,NA,NA,NA,NA,NA,NA,NA,NA,NA,NA,NA,NA,NA,NA,NA,NA,NA,1939,6,9,"MSB 1150-4","JAR8716F","JG","KL","06-24-2025",FALSE,65,53,3213,"impact","impact_1931-1940",34.906619,-106.685289,0,0,12,2,0,0,0,0,0,0,0,0,0,0,0,0,0
"716","MSB:Fish:1154",NA,NA,NA,NA,NA,NA,NA,NA,NA,NA,NA,NA,NA,NA,NA,NA,NA,NA,NA,NA,NA,NA,NA,NA,NA,NA,NA,NA,NA,NA,NA,NA,NA,NA,NA,NA,NA,NA,NA,NA,NA,NA,NA,NA,NA,NA,NA,NA,NA,NA,NA,NA,NA,NA,NA,NA,NA,NA,NA,NA,NA,NA,NA,NA,NA,NA,NA,NA,NA,NA,1949,10,21,"MSB 1154-4","JAR8770F","EO","CW","06-30-2025",NA,54,43,1207,"impact","impact_1941-1950",34.929201,-106.681499,0,0,0,0,0,0,0,0,0,3,0,0,0,0,0,0,0
"717","MSB:Fish:1154",NA,NA,NA,NA,NA,NA,NA,NA,NA,NA,NA,NA,NA,NA,NA,NA,NA,NA,NA,NA,NA,NA,NA,NA,NA,NA,NA,NA,NA,NA,NA,NA,NA,NA,NA,NA,NA,NA,NA,NA,NA,NA,NA,NA,NA,NA,NA,NA,NA,NA,NA,NA,NA,NA,NA,NA,NA,NA,NA,NA,NA,NA,NA,NA,NA,NA,NA,NA,NA,NA,1949,10,21,"MSB 1154-2","JAR8773F","EO","KL","06-30-2025",FALSE,66,52,2229,"impact","impact_1941-1950",34.929201,-106.681499,0,0,12,0,0,0,0,0,0,0,0,0,0,0,0,0,0
"718","MSB:Fish:1154",NA,NA,NA,NA,NA,NA,NA,NA,NA,NA,NA,NA,NA,NA,NA,NA,NA,NA,NA,NA,NA,NA,NA,NA,NA,NA,NA,NA,NA,NA,NA,NA,NA,NA,NA,NA,NA,NA,NA,NA,NA,NA,NA,NA,NA,NA,NA,NA,NA,NA,NA,NA,NA,NA,NA,NA,NA,NA,NA,NA,NA,NA,NA,NA,NA,NA,NA,NA,NA,NA,1949,10,21,"MSB 1154-3","JAR8768","BP","BP","06-30-2025",NA,60,48,1790,"impact","impact_1941-1950",34.929201,-106.681499,0,0,8,0,0,0,0,0,2,0,0,0,0,0,0,0,0
"719","MSB:Fish:1154",NA,NA,NA,NA,NA,NA,NA,NA,NA,NA,NA,NA,NA,NA,NA,NA,NA,NA,NA,NA,NA,NA,NA,NA,NA,NA,NA,NA,NA,NA,NA,NA,NA,NA,NA,NA,NA,NA,NA,NA,NA,NA,NA,NA,NA,NA,NA,NA,NA,NA,NA,NA,NA,NA,NA,NA,NA,NA,NA,NA,NA,NA,NA,NA,NA,NA,NA,NA,NA,NA,1949,10,21,"MSB 1154-5","JAR8772F","BP","BP","06-30-2025",FALSE,44,34,644,"impact","impact_1941-1950",34.929201,-106.681499,0,0,0,0,0,0,0,0,0,2,0,0,0,0,0,0,0
"720","MSB:Fish:1154",NA,NA,NA,NA,NA,NA,NA,NA,NA,NA,NA,NA,NA,NA,NA,NA,NA,NA,NA,NA,NA,NA,NA,NA,NA,NA,NA,NA,NA,NA,NA,NA,NA,NA,NA,NA,NA,NA,NA,NA,NA,NA,NA,NA,NA,NA,NA,NA,NA,NA,NA,NA,NA,NA,NA,NA,NA,NA,NA,NA,NA,NA,NA,NA,NA,NA,NA,NA,NA,NA,1949,10,21,"MSB 1154-1","JAR8771F","BP","EO GC CW","06-30-2025",NA,65,51,2430,"impact","impact_1941-1950",34.929201,-106.681499,0,0,20,0,0,0,0,0,0,3,0,0,0,0,0,0,0
"721","MSB:Fish:1155",NA,NA,NA,NA,NA,NA,NA,NA,NA,NA,NA,NA,NA,NA,NA,NA,NA,NA,NA,NA,NA,NA,NA,NA,NA,NA,NA,NA,NA,NA,NA,NA,NA,NA,NA,NA,NA,NA,NA,NA,NA,NA,NA,NA,NA,NA,NA,NA,NA,NA,NA,NA,NA,NA,NA,NA,NA,NA,NA,NA,NA,NA,NA,NA,NA,NA,NA,NA,NA,NA,1943,6,23,"MSB 1155-3","JAR8685F","BP","CW","06-23-2025",NA,69,56,3145,"control","control_1941-1950",35.322418,-106.557971,0,0,0,0,0,0,0,0,0,0,0,0,0,0,0,0,0
"722","MSB:Fish:1155",NA,NA,NA,NA,NA,NA,NA,NA,NA,NA,NA,NA,NA,NA,NA,NA,NA,NA,NA,NA,NA,NA,NA,NA,NA,NA,NA,NA,NA,NA,NA,NA,NA,NA,NA,NA,NA,NA,NA,NA,NA,NA,NA,NA,NA,NA,NA,NA,NA,NA,NA,NA,NA,NA,NA,NA,NA,NA,NA,NA,NA,NA,NA,NA,NA,NA,NA,NA,NA,NA,1943,6,23,"MSB 1155-4","JAR8683F","EO","BP KL","06-23-2025",FALSE,54,45,1684,"control","control_1941-1950",35.322418,-106.557971,0,0,0,NA,0,0,0,0,0,0,0,0,NA,0,0,NA,0
"723","MSB:Fish:1155",NA,NA,NA,NA,NA,NA,NA,NA,NA,NA,NA,NA,NA,NA,NA,NA,NA,NA,NA,NA,NA,NA,NA,NA,NA,NA,NA,NA,NA,NA,NA,NA,NA,NA,NA,NA,NA,NA,NA,NA,NA,NA,NA,NA,NA,NA,NA,NA,NA,NA,NA,NA,NA,NA,NA,NA,NA,NA,NA,NA,NA,NA,NA,NA,NA,NA,NA,NA,NA,NA,1943,6,23,"MSB1155-1","JAR8679F","BP","BP CW KL","06-23-2025",NA,62,50,2170,"control","control_1941-1950",35.322418,-106.557971,0,0,14,0,0,0,0,0,0,4,0,0,0,0,0,0,0
"724","MSB:Fish:1155",NA,NA,NA,NA,NA,NA,NA,NA,NA,NA,NA,NA,NA,NA,NA,NA,NA,NA,NA,NA,NA,NA,NA,NA,NA,NA,NA,NA,NA,NA,NA,NA,NA,NA,NA,NA,NA,NA,NA,NA,NA,NA,NA,NA,NA,NA,NA,NA,NA,NA,NA,NA,NA,NA,NA,NA,NA,NA,NA,NA,NA,NA,NA,NA,NA,NA,NA,NA,NA,NA,1943,6,23,"MSB 1155-5","JAR8687F","EO","KL","06-23-2025",NA,53,45,1706,"control","control_1941-1950",35.322418,-106.557971,0,0,0,NA,0,0,0,0,0,0,0,0,NA,0,0,NA,0
"725","MSB:Fish:1155",NA,NA,NA,NA,NA,NA,NA,NA,NA,NA,NA,NA,NA,NA,NA,NA,NA,NA,NA,NA,NA,NA,NA,NA,NA,NA,NA,NA,NA,NA,NA,NA,NA,NA,NA,NA,NA,NA,NA,NA,NA,NA,NA,NA,NA,NA,NA,NA,NA,NA,NA,NA,NA,NA,NA,NA,NA,NA,NA,NA,NA,NA,NA,NA,NA,NA,NA,NA,NA,NA,1943,6,23,"MSB 1155-2","JAR8681F","EO","KL","06-23-2025",NA,63,50,2536,"control","control_1941-1950",35.322418,-106.557971,0,0,32,NA,0,0,0,0,0,0,0,0,NA,0,0,NA,0
"726","MSB:Fish:1160",NA,NA,NA,NA,NA,NA,NA,NA,NA,NA,NA,NA,NA,NA,NA,NA,NA,NA,NA,NA,NA,NA,NA,NA,NA,NA,NA,NA,NA,NA,NA,NA,NA,NA,NA,NA,NA,NA,NA,NA,NA,NA,NA,NA,NA,NA,NA,NA,NA,NA,NA,NA,NA,NA,NA,NA,NA,NA,NA,NA,NA,NA,NA,NA,NA,NA,NA,NA,NA,NA,1939,1,28,"MSB 1160-3","JAR8784F","JG","CW","07-01-2025",NA,51,42,1253,"impact","impact_1931-1940",35.100259,-106.692107,0,0,2,0,0,0,0,0,0,20,0,0,0,0,0,0,0
"727","MSB:Fish:1160",NA,NA,NA,NA,NA,NA,NA,NA,NA,NA,NA,NA,NA,NA,NA,NA,NA,NA,NA,NA,NA,NA,NA,NA,NA,NA,NA,NA,NA,NA,NA,NA,NA,NA,NA,NA,NA,NA,NA,NA,NA,NA,NA,NA,NA,NA,NA,NA,NA,NA,NA,NA,NA,NA,NA,NA,NA,NA,NA,NA,NA,NA,NA,NA,NA,NA,NA,NA,NA,NA,1939,1,28,"MSB 1160-2","JAR8779","JG","EO GC","07-01-2025",NA,48,38,800,"impact","impact_1931-1940",35.100259,-106.692107,0,0,6,0,0,0,0,0,0,20,0,0,0,0,0,0,0
"728","MSB:Fish:1160",NA,NA,NA,NA,NA,NA,NA,NA,NA,NA,NA,NA,NA,NA,NA,NA,NA,NA,NA,NA,NA,NA,NA,NA,NA,NA,NA,NA,NA,NA,NA,NA,NA,NA,NA,NA,NA,NA,NA,NA,NA,NA,NA,NA,NA,NA,NA,NA,NA,NA,NA,NA,NA,NA,NA,NA,NA,NA,NA,NA,NA,NA,NA,NA,NA,NA,NA,NA,NA,NA,1939,1,28,"MSB 1160-1","JAR8781F","JG","GC","07-01-2025",NA,51,43,1112,"impact","impact_1931-1940",35.100259,-106.692107,0,0,2,0,0,0,0,0,0,93,0,0,0,0,0,0,0
"729","MSB:Fish:1160",NA,NA,NA,NA,NA,NA,NA,NA,NA,NA,NA,NA,NA,NA,NA,NA,NA,NA,NA,NA,NA,NA,NA,NA,NA,NA,NA,NA,NA,NA,NA,NA,NA,NA,NA,NA,NA,NA,NA,NA,NA,NA,NA,NA,NA,NA,NA,NA,NA,NA,NA,NA,NA,NA,NA,NA,NA,NA,NA,NA,NA,NA,NA,NA,NA,NA,NA,NA,NA,NA,1939,1,28,"MSB 1160-4","JAR8780F","JG","GC","07-01-2025",FALSE,50,41,1020,"impact","impact_1931-1940",35.100259,-106.692107,0,0,0,0,6,0,0,0,0,44,0,0,0,0,0,0,0
"730","MSB:Fish:1160",NA,NA,NA,NA,NA,NA,NA,NA,NA,NA,NA,NA,NA,NA,NA,NA,NA,NA,NA,NA,NA,NA,NA,NA,NA,NA,NA,NA,NA,NA,NA,NA,NA,NA,NA,NA,NA,NA,NA,NA,NA,NA,NA,NA,NA,NA,NA,NA,NA,NA,NA,NA,NA,NA,NA,NA,NA,NA,NA,NA,NA,NA,NA,NA,NA,NA,NA,NA,NA,NA,1939,1,28,"MSB 1160-5","JAR8782F","EO","GC","07-01-2025",NA,51,40,1021,"impact","impact_1931-1940",35.100259,-106.692107,0,0,2,0,0,0,0,0,0,34,0,0,0,0,0,0,0
"731","MSB:Fish:19389",NA,NA,NA,NA,NA,NA,NA,NA,NA,NA,NA,NA,NA,NA,NA,NA,NA,NA,NA,NA,NA,NA,NA,NA,NA,NA,NA,NA,NA,NA,NA,NA,NA,NA,NA,NA,NA,NA,NA,NA,NA,NA,NA,NA,NA,NA,NA,NA,NA,NA,NA,NA,NA,NA,NA,NA,NA,NA,NA,NA,NA,NA,NA,NA,NA,NA,NA,NA,NA,NA,1994,5,27,"MSB 19389-1","JAR8874F","JG","JG","07-02-2025",FALSE,56,44,1941,"control","control_1991-2000",35.322164,-106.557448,0,0,0,0,0,0,0,0,0,0,0,0,0,0,0,0,0
"732","MSB:Fish:19389",NA,NA,NA,NA,NA,NA,NA,NA,NA,NA,NA,NA,NA,NA,NA,NA,NA,NA,NA,NA,NA,NA,NA,NA,NA,NA,NA,NA,NA,NA,NA,NA,NA,NA,NA,NA,NA,NA,NA,NA,NA,NA,NA,NA,NA,NA,NA,NA,NA,NA,NA,NA,NA,NA,NA,NA,NA,NA,NA,NA,NA,NA,NA,NA,NA,NA,NA,NA,NA,NA,1994,5,27,"MSB 19389-2","JAR8862F","EO","KL","07-02-2025",NA,52,40,1391,"control","control_1991-2000",35.322164,-106.557448,0,0,0,2,0,0,0,0,1,0,0,0,0,0,0,0,0
"733","MSB:Fish:19389",NA,NA,NA,NA,NA,NA,NA,NA,NA,NA,NA,NA,NA,NA,NA,NA,NA,NA,NA,NA,NA,NA,NA,NA,NA,NA,NA,NA,NA,NA,NA,NA,NA,NA,NA,NA,NA,NA,NA,NA,NA,NA,NA,NA,NA,NA,NA,NA,NA,NA,NA,NA,NA,NA,NA,NA,NA,NA,NA,NA,NA,NA,NA,NA,NA,NA,NA,NA,NA,NA,1994,5,27,"MSB 19389-5","JAR8878F","BP","CW","07-02-2025",NA,44,35,909,"control","control_1991-2000",35.322164,-106.557448,0,0,0,0,0,0,0,0,0,0,0,0,0,0,0,0,0
"734","MSB:Fish:19389",NA,NA,NA,NA,NA,NA,NA,NA,NA,NA,NA,NA,NA,NA,NA,NA,NA,NA,NA,NA,NA,NA,NA,NA,NA,NA,NA,NA,NA,NA,NA,NA,NA,NA,NA,NA,NA,NA,NA,NA,NA,NA,NA,NA,NA,NA,NA,NA,NA,NA,NA,NA,NA,NA,NA,NA,NA,NA,NA,NA,NA,NA,NA,NA,NA,NA,NA,NA,NA,NA,1994,5,27,"MSB 19389-4","JAR8858F","EO","GC","07-02-2025",NA,48,38,1096,"control","control_1991-2000",35.322164,-106.557448,0,0,0,0,0,0,0,0,0,0,0,0,0,0,0,0,0
"735","MSB:Fish:19389",NA,NA,NA,NA,NA,NA,NA,NA,NA,NA,NA,NA,NA,NA,NA,NA,NA,NA,NA,NA,NA,NA,NA,NA,NA,NA,NA,NA,NA,NA,NA,NA,NA,NA,NA,NA,NA,NA,NA,NA,NA,NA,NA,NA,NA,NA,NA,NA,NA,NA,NA,NA,NA,NA,NA,NA,NA,NA,NA,NA,NA,NA,NA,NA,NA,NA,NA,NA,NA,NA,1994,5,27,"MSB 19389-3","JAR8876F","JG","KL","07-02-2025",FALSE,55,46,2190,"control","control_1991-2000",35.322164,-106.557448,0,0,0,0,0,0,0,0,0,0,0,0,0,0,0,0,1
"736","MSB:Fish:19537",NA,NA,NA,NA,NA,NA,NA,NA,NA,NA,NA,NA,NA,NA,NA,NA,NA,NA,NA,NA,NA,NA,NA,NA,NA,NA,NA,NA,NA,NA,NA,NA,NA,NA,NA,NA,NA,NA,NA,NA,NA,NA,NA,NA,NA,NA,NA,NA,NA,NA,NA,NA,NA,NA,NA,NA,NA,NA,NA,NA,NA,NA,NA,NA,NA,NA,NA,NA,NA,NA,1994,9,16,"MSB 19537-3","JAR8635F","EO","CLW","06-20-2025",NA,59,46,1370,"impact","impact_1991-2000",34.85683333,-106.7208056,0,0,0,0,0,0,0,0,0,0,0,0,0,0,0,0,0
"737","MSB:Fish:19537",NA,NA,NA,NA,NA,NA,NA,NA,NA,NA,NA,NA,NA,NA,NA,NA,NA,NA,NA,NA,NA,NA,NA,NA,NA,NA,NA,NA,NA,NA,NA,NA,NA,NA,NA,NA,NA,NA,NA,NA,NA,NA,NA,NA,NA,NA,NA,NA,NA,NA,NA,NA,NA,NA,NA,NA,NA,NA,NA,NA,NA,NA,NA,NA,NA,NA,NA,NA,NA,NA,1994,9,16,"MSB 19537-2","JAR8664F","EO","CW","06-16-2025",NA,58,46,1650,"impact","impact_1991-2000",34.85683333,-106.7208056,0,0,0,0,0,0,0,0,0,1,0,0,0,0,0,0,0
"738","MSB:Fish:19537",NA,NA,NA,NA,NA,NA,NA,NA,NA,NA,NA,NA,NA,NA,NA,NA,NA,NA,NA,NA,NA,NA,NA,NA,NA,NA,NA,NA,NA,NA,NA,NA,NA,NA,NA,NA,NA,NA,NA,NA,NA,NA,NA,NA,NA,NA,NA,NA,NA,NA,NA,NA,NA,NA,NA,NA,NA,NA,NA,NA,NA,NA,NA,NA,NA,NA,NA,NA,NA,NA,1994,9,16,"MSB 19537-1","JAR8632F","JG","KL","06-16-2025",NA,54,48,1824,"impact","impact_1991-2000",34.85683333,-106.7208056,0,0,0,0,0,0,0,0,0,0,0,0,0,0,0,0,0
"739","MSB:Fish:19537",NA,NA,NA,NA,NA,NA,NA,NA,NA,NA,NA,NA,NA,NA,NA,NA,NA,NA,NA,NA,NA,NA,NA,NA,NA,NA,NA,NA,NA,NA,NA,NA,NA,NA,NA,NA,NA,NA,NA,NA,NA,NA,NA,NA,NA,NA,NA,NA,NA,NA,NA,NA,NA,NA,NA,NA,NA,NA,NA,NA,NA,NA,NA,NA,NA,NA,NA,NA,NA,NA,1994,9,16,"MSB 19537-4","JAR8638F","JG","CLW","06-16-2025",NA,53,44,1183,"impact","impact_1991-2000",34.85683333,-106.7208056,0,0,0,NA,0,0,0,0,0,0,0,0,0,0,0,0,0
"740","MSB:Fish:19537",NA,NA,NA,NA,NA,NA,NA,NA,NA,NA,NA,NA,NA,NA,NA,NA,NA,NA,NA,NA,NA,NA,NA,NA,NA,NA,NA,NA,NA,NA,NA,NA,NA,NA,NA,NA,NA,NA,NA,NA,NA,NA,NA,NA,NA,NA,NA,NA,NA,NA,NA,NA,NA,NA,NA,NA,NA,NA,NA,NA,NA,NA,NA,NA,NA,NA,NA,NA,NA,NA,1994,9,16,"MSB 19537-5","JAR8637F","EO","CW","06-16-2025",NA,47,38,760,"impact","impact_1991-2000",34.85683333,-106.7208056,0,0,0,0,0,0,0,0,0,2,0,NA,0,0,0,0,0
"741","MSB:Fish:19688",NA,NA,NA,NA,NA,NA,NA,NA,NA,NA,NA,NA,NA,NA,NA,NA,NA,NA,NA,NA,NA,NA,NA,NA,NA,NA,NA,NA,NA,NA,NA,NA,NA,NA,NA,NA,NA,NA,NA,NA,NA,NA,NA,NA,NA,NA,NA,NA,NA,NA,NA,NA,NA,NA,NA,NA,NA,NA,NA,NA,NA,NA,NA,NA,NA,NA,NA,NA,NA,NA,1994,10,10,"MSB 19688-2","JAR8863F","BP","JG CW","07-02-2025",NA,57,44,1805,"impact","impact_1991-2000",34.85683333,-106.7208056,0,0,0,0,0,0,0,0,0,0,0,0,0,0,0,0,0
"742","MSB:Fish:19688",NA,NA,NA,NA,NA,NA,NA,NA,NA,NA,NA,NA,NA,NA,NA,NA,NA,NA,NA,NA,NA,NA,NA,NA,NA,NA,NA,NA,NA,NA,NA,NA,NA,NA,NA,NA,NA,NA,NA,NA,NA,NA,NA,NA,NA,NA,NA,NA,NA,NA,NA,NA,NA,NA,NA,NA,NA,NA,NA,NA,NA,NA,NA,NA,NA,NA,NA,NA,NA,NA,1994,10,10,"MSB 19688-4","JAR8867F","BP","CW","07-02-2025",NA,58,46,1810,"impact","impact_1991-2000",34.85683333,-106.7208056,0,0,0,0,0,0,0,0,0,0,0,0,0,0,0,0,0
"743","MSB:Fish:19688",NA,NA,NA,NA,NA,NA,NA,NA,NA,NA,NA,NA,NA,NA,NA,NA,NA,NA,NA,NA,NA,NA,NA,NA,NA,NA,NA,NA,NA,NA,NA,NA,NA,NA,NA,NA,NA,NA,NA,NA,NA,NA,NA,NA,NA,NA,NA,NA,NA,NA,NA,NA,NA,NA,NA,NA,NA,NA,NA,NA,NA,NA,NA,NA,NA,NA,NA,NA,NA,NA,1994,10,10,"MSB 19688-5","JAR8869F","BP","KL","07-02-2025",NA,48,38,993,"impact","impact_1991-2000",34.85683333,-106.7208056,0,0,0,0,0,0,0,1,0,0,0,0,0,0,0,0,0
"744","MSB:Fish:19688",NA,NA,NA,NA,NA,NA,NA,NA,NA,NA,NA,NA,NA,NA,NA,NA,NA,NA,NA,NA,NA,NA,NA,NA,NA,NA,NA,NA,NA,NA,NA,NA,NA,NA,NA,NA,NA,NA,NA,NA,NA,NA,NA,NA,NA,NA,NA,NA,NA,NA,NA,NA,NA,NA,NA,NA,NA,NA,NA,NA,NA,NA,NA,NA,NA,NA,NA,NA,NA,NA,1994,10,10,"MSB 19688-1","JAR8886F","BP","JG CW","07-02-2025",NA,65,51,2667,"impact","impact_1991-2000",34.85683333,-106.7208056,0,0,0,0,0,0,0,0,0,0,0,0,0,0,0,0,0
"745","MSB:Fish:19688",NA,NA,NA,NA,NA,NA,NA,NA,NA,NA,NA,NA,NA,NA,NA,NA,NA,NA,NA,NA,NA,NA,NA,NA,NA,NA,NA,NA,NA,NA,NA,NA,NA,NA,NA,NA,NA,NA,NA,NA,NA,NA,NA,NA,NA,NA,NA,NA,NA,NA,NA,NA,NA,NA,NA,NA,NA,NA,NA,NA,NA,NA,NA,NA,NA,NA,NA,NA,NA,NA,1994,10,10,"MSB 19688-3","JAR8865F","BP","KL","07-02-2025",FALSE,56,45,2032,"impact","impact_1991-2000",34.85683333,-106.7208056,0,0,0,0,0,0,0,0,0,0,0,0,0,0,0,0,0
"746","MSB:Fish:20390",NA,NA,NA,NA,NA,NA,NA,NA,NA,NA,NA,NA,NA,NA,NA,NA,NA,NA,NA,NA,NA,NA,NA,NA,NA,NA,NA,NA,NA,NA,NA,NA,NA,NA,NA,NA,NA,NA,NA,NA,NA,NA,NA,NA,NA,NA,NA,NA,NA,NA,NA,NA,NA,NA,NA,NA,NA,NA,NA,NA,NA,NA,NA,NA,NA,NA,NA,NA,NA,NA,1994,8,11,"MSB 20390-2","JAR8881F","JG","GC","07-02-2025",NA,40,36,923,"impact","impact_1991-2000",34.85683333,-106.7208056,0,0,0,0,0,0,0,0,0,3,0,0,0,0,0,0,0
"747","MSB:Fish:20390",NA,NA,NA,NA,NA,NA,NA,NA,NA,NA,NA,NA,NA,NA,NA,NA,NA,NA,NA,NA,NA,NA,NA,NA,NA,NA,NA,NA,NA,NA,NA,NA,NA,NA,NA,NA,NA,NA,NA,NA,NA,NA,NA,NA,NA,NA,NA,NA,NA,NA,NA,NA,NA,NA,NA,NA,NA,NA,NA,NA,NA,NA,NA,NA,NA,NA,NA,NA,NA,NA,1994,8,11,"MSB 20390-3","JAR8880F","JG","EO","07-02-2025",NA,41,33,528,"impact","impact_1991-2000",34.85683333,-106.7208056,0,0,0,0,0,0,0,0,0,0,0,0,0,0,0,0,0
"748","MSB:Fish:20390",NA,NA,NA,NA,NA,NA,NA,NA,NA,NA,NA,NA,NA,NA,NA,NA,NA,NA,NA,NA,NA,NA,NA,NA,NA,NA,NA,NA,NA,NA,NA,NA,NA,NA,NA,NA,NA,NA,NA,NA,NA,NA,NA,NA,NA,NA,NA,NA,NA,NA,NA,NA,NA,NA,NA,NA,NA,NA,NA,NA,NA,NA,NA,NA,NA,NA,NA,NA,NA,NA,1994,8,11,"MSB 20390-1","JAR8883F","JG","JG","07-02-2025",NA,53,41,1467,"impact","impact_1991-2000",34.85683333,-106.7208056,0,0,0,0,0,0,0,0,0,0,0,0,0,0,0,0,0
"749","MSB:Fish:20390",NA,NA,NA,NA,NA,NA,NA,NA,NA,NA,NA,NA,NA,NA,NA,NA,NA,NA,NA,NA,NA,NA,NA,NA,NA,NA,NA,NA,NA,NA,NA,NA,NA,NA,NA,NA,NA,NA,NA,NA,NA,NA,NA,NA,NA,NA,NA,NA,NA,NA,NA,NA,NA,NA,NA,NA,NA,NA,NA,NA,NA,NA,NA,NA,NA,NA,NA,NA,NA,NA,1994,8,11,"MSB 20390-4","JAR8882F","JG","BP","07-02-2025",NA,49,38,968,"impact","impact_1991-2000",34.85683333,-106.7208056,0,0,0,0,0,0,0,0,1,1,0,0,0,0,0,0,0
"750","MSB:Fish:20390",NA,NA,NA,NA,NA,NA,NA,NA,NA,NA,NA,NA,NA,NA,NA,NA,NA,NA,NA,NA,NA,NA,NA,NA,NA,NA,NA,NA,NA,NA,NA,NA,NA,NA,NA,NA,NA,NA,NA,NA,NA,NA,NA,NA,NA,NA,NA,NA,NA,NA,NA,NA,NA,NA,NA,NA,NA,NA,NA,NA,NA,NA,NA,NA,NA,NA,NA,NA,NA,NA,1994,8,11,"MSB 20390-5","JAR8884F","JG","CW","07-02-2025",NA,49,40,1145,"impact","impact_1991-2000",34.85683333,-106.7208056,0,0,0,0,0,0,0,0,0,0,0,0,0,0,0,0,0
"751","MSB:Fish:20526",NA,NA,NA,NA,NA,NA,NA,NA,NA,NA,NA,NA,NA,NA,NA,NA,NA,NA,NA,NA,NA,NA,NA,NA,NA,NA,NA,NA,NA,NA,NA,NA,NA,NA,NA,NA,NA,NA,NA,NA,NA,NA,NA,NA,NA,NA,NA,NA,NA,NA,NA,NA,NA,NA,NA,NA,NA,NA,NA,NA,NA,NA,NA,NA,NA,NA,NA,NA,NA,NA,1994,7,27,"MSB 20526-5","JAR8666F","EO","CW","06-20-2025",NA,37,29,510,"impact","impact_1991-2000",34.905272,-106.685564,0,0,0,0,0,0,0,0,0,0,0,0,0,0,0,0,0
"752","MSB:Fish:20526",NA,NA,NA,NA,NA,NA,NA,NA,NA,NA,NA,NA,NA,NA,NA,NA,NA,NA,NA,NA,NA,NA,NA,NA,NA,NA,NA,NA,NA,NA,NA,NA,NA,NA,NA,NA,NA,NA,NA,NA,NA,NA,NA,NA,NA,NA,NA,NA,NA,NA,NA,NA,NA,NA,NA,NA,NA,NA,NA,NA,NA,NA,NA,NA,NA,NA,NA,NA,NA,NA,1994,7,27,"MSB 20526-4","JAR8669F","BP","CLW","06-20-2025",NA,34,26,375,"impact","impact_1991-2000",34.905272,-106.685564,0,0,0,2,0,0,0,0,0,5,0,0,0,0,0,0,0
"753","MSB:Fish:20526",NA,NA,NA,NA,NA,NA,NA,NA,NA,NA,NA,NA,NA,NA,NA,NA,NA,NA,NA,NA,NA,NA,NA,NA,NA,NA,NA,NA,NA,NA,NA,NA,NA,NA,NA,NA,NA,NA,NA,NA,NA,NA,NA,NA,NA,NA,NA,NA,NA,NA,NA,NA,NA,NA,NA,NA,NA,NA,NA,NA,NA,NA,NA,NA,NA,NA,NA,NA,NA,NA,1994,7,27,"MSB 20526-2","JAR8665F","BP","CW","06-20-2025",NA,37,29,507,"impact","impact_1991-2000",34.905272,-106.685564,0,0,0,NA,0,0,0,0,0,2,0,0,NA,0,0,NA,0
"754","MSB:Fish:20526",NA,NA,NA,NA,NA,NA,NA,NA,NA,NA,NA,NA,NA,NA,NA,NA,NA,NA,NA,NA,NA,NA,NA,NA,NA,NA,NA,NA,NA,NA,NA,NA,NA,NA,NA,NA,NA,NA,NA,NA,NA,NA,NA,NA,NA,NA,NA,NA,NA,NA,NA,NA,NA,NA,NA,NA,NA,NA,NA,NA,NA,NA,NA,NA,NA,NA,NA,NA,NA,NA,1994,7,27,"MSB 20526-3","JAR8667F","EO","CLW","06-20-2025",NA,38,30,599,"impact","impact_1991-2000",34.905272,-106.685564,0,0,0,0,0,0,0,0,1,1,0,0,0,0,0,0,0
"755","MSB:Fish:20526",NA,NA,NA,NA,NA,NA,NA,NA,NA,NA,NA,NA,NA,NA,NA,NA,NA,NA,NA,NA,NA,NA,NA,NA,NA,NA,NA,NA,NA,NA,NA,NA,NA,NA,NA,NA,NA,NA,NA,NA,NA,NA,NA,NA,NA,NA,NA,NA,NA,NA,NA,NA,NA,NA,NA,NA,NA,NA,NA,NA,NA,NA,NA,NA,NA,NA,NA,NA,NA,NA,1994,7,27,"MSB 20526-1","JAR8647F","EO","KL","06-20-2025",NA,53,44,1498,"impact","impact_1991-2000",34.905272,-106.685564,0,0,0,0,0,0,0,0,1,0,0,0,0,0,0,0,0
"756","MSB:Fish:25010",NA,NA,NA,NA,NA,NA,NA,NA,NA,NA,NA,NA,NA,NA,NA,NA,NA,NA,NA,NA,NA,NA,NA,NA,NA,NA,NA,NA,NA,NA,NA,NA,NA,NA,NA,NA,NA,NA,NA,NA,NA,NA,NA,NA,NA,NA,NA,NA,NA,NA,NA,NA,NA,NA,NA,NA,NA,NA,NA,NA,NA,NA,NA,NA,NA,NA,NA,NA,NA,NA,1995,8,2,"MSB 25010-2","JAR8650F","JG","KL","06-16-2025",NA,37,30,475,"control","control_1991-2000",35.28302778,-106.5981389,0,0,0,0,0,0,0,1,0,0,0,0,0,0,0,0,0
"757","MSB:Fish:25010",NA,NA,NA,NA,NA,NA,NA,NA,NA,NA,NA,NA,NA,NA,NA,NA,NA,NA,NA,NA,NA,NA,NA,NA,NA,NA,NA,NA,NA,NA,NA,NA,NA,NA,NA,NA,NA,NA,NA,NA,NA,NA,NA,NA,NA,NA,NA,NA,NA,NA,NA,NA,NA,NA,NA,NA,NA,NA,NA,NA,NA,NA,NA,NA,NA,NA,NA,NA,NA,NA,1995,8,2,"MSB 25010-3","JAR8649F","EO","KL","06-16-2025",NA,39,31,531,"control","control_1991-2000",35.28302778,-106.5981389,0,0,0,0,0,0,0,0,1,0,0,0,0,0,0,0,0
"758","MSB:Fish:25010",NA,NA,NA,NA,NA,NA,NA,NA,NA,NA,NA,NA,NA,NA,NA,NA,NA,NA,NA,NA,NA,NA,NA,NA,NA,NA,NA,NA,NA,NA,NA,NA,NA,NA,NA,NA,NA,NA,NA,NA,NA,NA,NA,NA,NA,NA,NA,NA,NA,NA,NA,NA,NA,NA,NA,NA,NA,NA,NA,NA,NA,NA,NA,NA,NA,NA,NA,NA,NA,NA,1995,8,2,"MSB 25010-4","JAR8652F","JG","JG CLW","06-16-2025",NA,35,28,503,"control","control_1991-2000",35.28302778,-106.5981389,0,0,0,0,0,0,1,0,0,0,1,0,0,0,0,0,0
"759","MSB:Fish:25010",NA,NA,NA,NA,NA,NA,NA,NA,NA,NA,NA,NA,NA,NA,NA,NA,NA,NA,NA,NA,NA,NA,NA,NA,NA,NA,NA,NA,NA,NA,NA,NA,NA,NA,NA,NA,NA,NA,NA,NA,NA,NA,NA,NA,NA,NA,NA,NA,NA,NA,NA,NA,NA,NA,NA,NA,NA,NA,NA,NA,NA,NA,NA,NA,NA,NA,NA,NA,NA,NA,1995,8,2,"MSB 25010-1","JAR8629F","EO","CW","06-16-2025",NA,43,32,743,"control","control_1991-2000",35.28302778,-106.5981389,0,0,0,0,0,0,0,0,0,2,0,0,0,0,0,0,0
"760","MSB:Fish:25010",NA,NA,NA,NA,NA,NA,NA,NA,NA,NA,NA,NA,NA,NA,NA,NA,NA,NA,NA,NA,NA,NA,NA,NA,NA,NA,NA,NA,NA,NA,NA,NA,NA,NA,NA,NA,NA,NA,NA,NA,NA,NA,NA,NA,NA,NA,NA,NA,NA,NA,NA,NA,NA,NA,NA,NA,NA,NA,NA,NA,NA,NA,NA,NA,NA,NA,NA,NA,NA,NA,1995,8,2,"MSB 25010-5","JAR8651F","EO","KL","06-16-2025",NA,38,30,494,"control","control_1991-2000",35.28302778,-106.5981389,0,0,0,2,0,0,0,0,5,0,0,0,0,0,0,0,0
"761","MSB:Fish:25023",NA,NA,NA,NA,NA,NA,NA,NA,NA,NA,NA,NA,NA,NA,NA,NA,NA,NA,NA,NA,NA,NA,NA,NA,NA,NA,NA,NA,NA,NA,NA,NA,NA,NA,NA,NA,NA,NA,NA,NA,NA,NA,NA,NA,NA,NA,NA,NA,NA,NA,NA,NA,NA,NA,NA,NA,NA,NA,NA,NA,NA,NA,NA,NA,NA,NA,NA,NA,NA,NA,1995,8,2,"MSB 25023-3","JAR8723F","EO","CW","06-25-2025",NA,38,29,422,"impact","impact_1991-2000",35.089293,-106.680842,0,0,0,0,0,0,0,0,0,0,0,0,0,0,0,0,0
"762","MSB:Fish:25023",NA,NA,NA,NA,NA,NA,NA,NA,NA,NA,NA,NA,NA,NA,NA,NA,NA,NA,NA,NA,NA,NA,NA,NA,NA,NA,NA,NA,NA,NA,NA,NA,NA,NA,NA,NA,NA,NA,NA,NA,NA,NA,NA,NA,NA,NA,NA,NA,NA,NA,NA,NA,NA,NA,NA,NA,NA,NA,NA,NA,NA,NA,NA,NA,NA,NA,NA,NA,NA,NA,1995,8,2,"MSB 25023-5","JAR8719F","EO","KL","06-25-2025",NA,40,31,571,"impact","impact_1991-2000",35.089293,-106.680842,0,0,0,0,0,0,0,2,0,0,0,0,0,0,0,0,0
"763","MSB:Fish:25023",NA,NA,NA,NA,NA,NA,NA,NA,NA,NA,NA,NA,NA,NA,NA,NA,NA,NA,NA,NA,NA,NA,NA,NA,NA,NA,NA,NA,NA,NA,NA,NA,NA,NA,NA,NA,NA,NA,NA,NA,NA,NA,NA,NA,NA,NA,NA,NA,NA,NA,NA,NA,NA,NA,NA,NA,NA,NA,NA,NA,NA,NA,NA,NA,NA,NA,NA,NA,NA,NA,1995,8,2,"MSB 25023-1","JAR8720F","EO","JG EO KL","06-25-2025",NA,39,30,586,"impact","impact_1991-2000",35.089293,-106.680842,0,0,0,0,0,0,0,0,0,0,0,0,0,0,0,0,0
"764","MSB:Fish:25023",NA,NA,NA,NA,NA,NA,NA,NA,NA,NA,NA,NA,NA,NA,NA,NA,NA,NA,NA,NA,NA,NA,NA,NA,NA,NA,NA,NA,NA,NA,NA,NA,NA,NA,NA,NA,NA,NA,NA,NA,NA,NA,NA,NA,NA,NA,NA,NA,NA,NA,NA,NA,NA,NA,NA,NA,NA,NA,NA,NA,NA,NA,NA,NA,NA,NA,NA,NA,NA,NA,1995,8,2,"MSB 25023-2","JAR8725F","EO","KL","06-25-2025",NA,36,29,560,"impact","impact_1991-2000",35.089293,-106.680842,0,0,0,0,0,0,0,0,1,0,0,0,0,0,0,0,0
"765","MSB:Fish:25023",NA,NA,NA,NA,NA,NA,NA,NA,NA,NA,NA,NA,NA,NA,NA,NA,NA,NA,NA,NA,NA,NA,NA,NA,NA,NA,NA,NA,NA,NA,NA,NA,NA,NA,NA,NA,NA,NA,NA,NA,NA,NA,NA,NA,NA,NA,NA,NA,NA,NA,NA,NA,NA,NA,NA,NA,NA,NA,NA,NA,NA,NA,NA,NA,NA,NA,NA,NA,NA,NA,1995,8,2,"MSB 25023-4","JAR8721F","EO","CW","06-25-2025",NA,37,29,524,"impact","impact_1991-2000",35.089293,-106.680842,0,0,0,0,0,0,0,0,0,1,0,0,0,0,0,0,0
"766","MSB:Fish:30075",NA,NA,NA,NA,NA,NA,NA,NA,NA,NA,NA,NA,NA,NA,NA,NA,NA,NA,NA,NA,NA,NA,NA,NA,NA,NA,NA,NA,NA,NA,NA,NA,NA,NA,NA,NA,NA,NA,NA,NA,NA,NA,NA,NA,NA,NA,NA,NA,NA,NA,NA,NA,NA,NA,NA,NA,NA,NA,NA,NA,NA,NA,NA,NA,NA,NA,NA,NA,NA,NA,1996,4,10,"MSB 30075-4","JAR8775F","EO","GC","06-30-2025",NA,63,49,2305,"impact","impact_1991-2000",35.13539167,-106.6684167,0,0,0,0,0,0,0,0,1,1,0,0,0,0,1,0,0
"767","MSB:Fish:30075",NA,NA,NA,NA,NA,NA,NA,NA,NA,NA,NA,NA,NA,NA,NA,NA,NA,NA,NA,NA,NA,NA,NA,NA,NA,NA,NA,NA,NA,NA,NA,NA,NA,NA,NA,NA,NA,NA,NA,NA,NA,NA,NA,NA,NA,NA,NA,NA,NA,NA,NA,NA,NA,NA,NA,NA,NA,NA,NA,NA,NA,NA,NA,NA,NA,NA,NA,NA,NA,NA,1996,4,10,"MSB 30075-5","JAR8776","EO","EO KL ","06-30-2025",FALSE,68,54,3090,"impact","impact_1991-2000",35.13539167,-106.6684167,0,0,0,0,0,0,0,0,0,0,0,0,0,0,0,0,0
"768","MSB:Fish:30075",NA,NA,NA,NA,NA,NA,NA,NA,NA,NA,NA,NA,NA,NA,NA,NA,NA,NA,NA,NA,NA,NA,NA,NA,NA,NA,NA,NA,NA,NA,NA,NA,NA,NA,NA,NA,NA,NA,NA,NA,NA,NA,NA,NA,NA,NA,NA,NA,NA,NA,NA,NA,NA,NA,NA,NA,NA,NA,NA,NA,NA,NA,NA,NA,NA,NA,NA,NA,NA,NA,1996,4,10,"MSB 30075-3","JAR8774F","JG","GC","06-30-2025",NA,57,46,1641,"impact","impact_1991-2000",35.13539167,-106.6684167,0,0,0,0,0,0,0,0,0,2,0,0,0,0,0,0,0
"769","MSB:Fish:30075",NA,NA,NA,NA,NA,NA,NA,NA,NA,NA,NA,NA,NA,NA,NA,NA,NA,NA,NA,NA,NA,NA,NA,NA,NA,NA,NA,NA,NA,NA,NA,NA,NA,NA,NA,NA,NA,NA,NA,NA,NA,NA,NA,NA,NA,NA,NA,NA,NA,NA,NA,NA,NA,NA,NA,NA,NA,NA,NA,NA,NA,NA,NA,NA,NA,NA,NA,NA,NA,NA,1996,4,10,"MSB 30075-1","JAR8777F","JG","KL","06-30-2025",FALSE,55,45,1416,"impact","impact_1991-2000",35.13539167,-106.6684167,0,0,0,0,0,0,0,2,0,0,0,0,1,0,0,0,0
"770","MSB:Fish:30075",NA,NA,NA,NA,NA,NA,NA,NA,NA,NA,NA,NA,NA,NA,NA,NA,NA,NA,NA,NA,NA,NA,NA,NA,NA,NA,NA,NA,NA,NA,NA,NA,NA,NA,NA,NA,NA,NA,NA,NA,NA,NA,NA,NA,NA,NA,NA,NA,NA,NA,NA,NA,NA,NA,NA,NA,NA,NA,NA,NA,NA,NA,NA,NA,NA,NA,NA,NA,NA,NA,1996,4,10,"MSB 30075-2","JAR8778F","EO","CW","06-30-2025",NA,70,57,3072,"impact","impact_1991-2000",35.13539167,-106.6684167,0,0,0,0,0,0,0,0,1,0,0,0,0,0,0,0,0
"771","MSB:Fish:30282",NA,NA,NA,NA,NA,NA,NA,NA,NA,NA,NA,NA,NA,NA,NA,NA,NA,NA,NA,NA,NA,NA,NA,NA,NA,NA,NA,NA,NA,NA,NA,NA,NA,NA,NA,NA,NA,NA,NA,NA,NA,NA,NA,NA,NA,NA,NA,NA,NA,NA,NA,NA,NA,NA,NA,NA,NA,NA,NA,NA,NA,NA,NA,NA,NA,NA,NA,NA,NA,NA,1996,5,16,"MSB 30282-2","JAR8653F","EO","CW","06-23-2025",NA,64,50,2621,"control","control_1991-2000",35.322164,-106.557448,0,0,0,0,0,0,0,0,0,7,0,1,0,0,0,0,0
"772","MSB:Fish:30282",NA,NA,NA,NA,NA,NA,NA,NA,NA,NA,NA,NA,NA,NA,NA,NA,NA,NA,NA,NA,NA,NA,NA,NA,NA,NA,NA,NA,NA,NA,NA,NA,NA,NA,NA,NA,NA,NA,NA,NA,NA,NA,NA,NA,NA,NA,NA,NA,NA,NA,NA,NA,NA,NA,NA,NA,NA,NA,NA,NA,NA,NA,NA,NA,NA,NA,NA,NA,NA,NA,1996,5,16,"MSB 20282-5","JAR8655F","JG","CLW","06-23-2025",NA,72,59,3808,"control","control_1991-2000",35.322164,-106.557448,0,0,0,0,0,0,0,0,0,0,0,0,0,0,0,0,0
"773","MSB:Fish:30282",NA,NA,NA,NA,NA,NA,NA,NA,NA,NA,NA,NA,NA,NA,NA,NA,NA,NA,NA,NA,NA,NA,NA,NA,NA,NA,NA,NA,NA,NA,NA,NA,NA,NA,NA,NA,NA,NA,NA,NA,NA,NA,NA,NA,NA,NA,NA,NA,NA,NA,NA,NA,NA,NA,NA,NA,NA,NA,NA,NA,NA,NA,NA,NA,NA,NA,NA,NA,NA,NA,1996,5,16,"MSB 30282-1","JAR8654F","JG","CLW","06-23-2025",NA,58,49,2054,"control","control_1991-2000",35.322164,-106.557448,0,0,0,0,0,0,0,0,0,1,0,0,0,0,0,0,0
"774","MSB:Fish:30282",NA,NA,NA,NA,NA,NA,NA,NA,NA,NA,NA,NA,NA,NA,NA,NA,NA,NA,NA,NA,NA,NA,NA,NA,NA,NA,NA,NA,NA,NA,NA,NA,NA,NA,NA,NA,NA,NA,NA,NA,NA,NA,NA,NA,NA,NA,NA,NA,NA,NA,NA,NA,NA,NA,NA,NA,NA,NA,NA,NA,NA,NA,NA,NA,NA,NA,NA,NA,NA,NA,1996,5,16,"MSB 30282-3","JAR8656F","EO","KL","06-23-2025",NA,71,56,3863,"control","control_1991-2000",35.322164,-106.557448,0,0,0,0,0,0,0,0,0,0,0,0,0,0,0,0,0
"775","MSB:Fish:30282",NA,NA,NA,NA,NA,NA,NA,NA,NA,NA,NA,NA,NA,NA,NA,NA,NA,NA,NA,NA,NA,NA,NA,NA,NA,NA,NA,NA,NA,NA,NA,NA,NA,NA,NA,NA,NA,NA,NA,NA,NA,NA,NA,NA,NA,NA,NA,NA,NA,NA,NA,NA,NA,NA,NA,NA,NA,NA,NA,NA,NA,NA,NA,NA,NA,NA,NA,NA,NA,NA,1996,5,16,"MSB 30282-4","JAR8658F","BP","JG KL","06-23-2025",FALSE,58,46,1814,"control","control_1991-2000",35.322164,-106.557448,0,0,0,0,0,0,0,0,0,0,0,0,0,0,0,0,0
"776","MSB:Fish:30410",NA,NA,NA,NA,NA,NA,NA,NA,NA,NA,NA,NA,NA,NA,NA,NA,NA,NA,NA,NA,NA,NA,NA,NA,NA,NA,NA,NA,NA,NA,NA,NA,NA,NA,NA,NA,NA,NA,NA,NA,NA,NA,NA,NA,NA,NA,NA,NA,NA,NA,NA,NA,NA,NA,NA,NA,NA,NA,NA,NA,NA,NA,NA,NA,NA,NA,NA,NA,NA,NA,1996,6,28,"MSB 30410-2","JAR8742F","BP","CW","06-25-2025",FALSE,66,53,3676,"impact","impact_1991-2000",34.85683333,-106.7208056,0,0,0,0,0,0,0,0,5,15,0,0,0,0,0,0,0
"777","MSB:Fish:30410",NA,NA,NA,NA,NA,NA,NA,NA,NA,NA,NA,NA,NA,NA,NA,NA,NA,NA,NA,NA,NA,NA,NA,NA,NA,NA,NA,NA,NA,NA,NA,NA,NA,NA,NA,NA,NA,NA,NA,NA,NA,NA,NA,NA,NA,NA,NA,NA,NA,NA,NA,NA,NA,NA,NA,NA,NA,NA,NA,NA,NA,NA,NA,NA,NA,NA,NA,NA,NA,NA,1996,6,28,"MSB 30410-3","JAR8740F","BP","KL","06-25-2025",FALSE,74,59,4025,"impact","impact_1991-2000",34.85683333,-106.7208056,0,0,0,0,0,0,0,4,3,11,0,0,0,0,0,0,0
"778","MSB:Fish:30410",NA,NA,NA,NA,NA,NA,NA,NA,NA,NA,NA,NA,NA,NA,NA,NA,NA,NA,NA,NA,NA,NA,NA,NA,NA,NA,NA,NA,NA,NA,NA,NA,NA,NA,NA,NA,NA,NA,NA,NA,NA,NA,NA,NA,NA,NA,NA,NA,NA,NA,NA,NA,NA,NA,NA,NA,NA,NA,NA,NA,NA,NA,NA,NA,NA,NA,NA,NA,NA,NA,1996,6,28,"MSB 30410-5","JAR8743F","BP","BP CW ","06-25-2025",NA,69,58,2424,"impact","impact_1991-2000",34.85683333,-106.7208056,0,1,0,0,0,0,0,0,3,3,0,0,0,0,0,0,3
"779","MSB:Fish:30410",NA,NA,NA,NA,NA,NA,NA,NA,NA,NA,NA,NA,NA,NA,NA,NA,NA,NA,NA,NA,NA,NA,NA,NA,NA,NA,NA,NA,NA,NA,NA,NA,NA,NA,NA,NA,NA,NA,NA,NA,NA,NA,NA,NA,NA,NA,NA,NA,NA,NA,NA,NA,NA,NA,NA,NA,NA,NA,NA,NA,NA,NA,NA,NA,NA,NA,NA,NA,NA,NA,1996,6,28,"MSB 30410-1","JAR8736F","BP","CLW","06-25-2025",FALSE,72,59,NA,"impact","impact_1991-2000",34.85683333,-106.7208056,0,0,0,0,0,0,0,0,4,10,0,0,0,0,0,0,3
"780","MSB:Fish:30410",NA,NA,NA,NA,NA,NA,NA,NA,NA,NA,NA,NA,NA,NA,NA,NA,NA,NA,NA,NA,NA,NA,NA,NA,NA,NA,NA,NA,NA,NA,NA,NA,NA,NA,NA,NA,NA,NA,NA,NA,NA,NA,NA,NA,NA,NA,NA,NA,NA,NA,NA,NA,NA,NA,NA,NA,NA,NA,NA,NA,NA,NA,NA,NA,NA,NA,NA,NA,NA,NA,1996,6,28,"MSB 30410-4","JAR8738F","JG","CLW","06-25-2025",FALSE,75,61,4376,"impact","impact_1991-2000",34.85683333,-106.7208056,0,0,0,0,0,0,0,0,3,17,0,0,0,0,0,0,0
"781","MSB:Fish:30810",NA,NA,NA,NA,NA,NA,NA,NA,NA,NA,NA,NA,NA,NA,NA,NA,NA,NA,NA,NA,NA,NA,NA,NA,NA,NA,NA,NA,NA,NA,NA,NA,NA,NA,NA,NA,NA,NA,NA,NA,NA,NA,NA,NA,NA,NA,NA,NA,NA,NA,NA,NA,NA,NA,NA,NA,NA,NA,NA,NA,NA,NA,NA,NA,NA,NA,NA,NA,NA,NA,1996,2,7,"MSB 30810-3","JAR8737F","EO","KL","06-25-2026",FALSE,55,43,1306,"impact","impact_1991-2000",35.089293,-106.680842,0,0,0,8,0,0,0,0,0,0,0,0,0,0,0,0,0
"782","MSB:Fish:30810",NA,NA,NA,NA,NA,NA,NA,NA,NA,NA,NA,NA,NA,NA,NA,NA,NA,NA,NA,NA,NA,NA,NA,NA,NA,NA,NA,NA,NA,NA,NA,NA,NA,NA,NA,NA,NA,NA,NA,NA,NA,NA,NA,NA,NA,NA,NA,NA,NA,NA,NA,NA,NA,NA,NA,NA,NA,NA,NA,NA,NA,NA,NA,NA,NA,NA,NA,NA,NA,NA,1996,2,7,"MSB 30810-2","JAR8735F","BP","JG KL","06-25-2025",FALSE,59,48,1673,"impact","impact_1991-2000",35.089293,-106.680842,0,0,0,1,0,0,0,0,0,0,0,0,0,0,0,0,0
"783","MSB:Fish:30810",NA,NA,NA,NA,NA,NA,NA,NA,NA,NA,NA,NA,NA,NA,NA,NA,NA,NA,NA,NA,NA,NA,NA,NA,NA,NA,NA,NA,NA,NA,NA,NA,NA,NA,NA,NA,NA,NA,NA,NA,NA,NA,NA,NA,NA,NA,NA,NA,NA,NA,NA,NA,NA,NA,NA,NA,NA,NA,NA,NA,NA,NA,NA,NA,NA,NA,NA,NA,NA,NA,1996,2,7,"MSB 30810-4","JAR8739F","BP","CW","06-25-2026",NA,66,52,2148,"impact","impact_1991-2000",35.089293,-106.680842,0,0,0,1,0,0,0,0,0,0,0,0,0,0,0,2,0
"784","MSB:Fish:30810",NA,NA,NA,NA,NA,NA,NA,NA,NA,NA,NA,NA,NA,NA,NA,NA,NA,NA,NA,NA,NA,NA,NA,NA,NA,NA,NA,NA,NA,NA,NA,NA,NA,NA,NA,NA,NA,NA,NA,NA,NA,NA,NA,NA,NA,NA,NA,NA,NA,NA,NA,NA,NA,NA,NA,NA,NA,NA,NA,NA,NA,NA,NA,NA,NA,NA,NA,NA,NA,NA,1996,2,7,"MSB 30910-1","JAR8734F","EO","CW","06-25-2025",NA,68,54,2437,"impact","impact_1991-2000",35.089293,-106.680842,0,0,0,8,0,0,0,0,0,1,0,0,0,0,0,0,0
"785","MSB:Fish:30810",NA,NA,NA,NA,NA,NA,NA,NA,NA,NA,NA,NA,NA,NA,NA,NA,NA,NA,NA,NA,NA,NA,NA,NA,NA,NA,NA,NA,NA,NA,NA,NA,NA,NA,NA,NA,NA,NA,NA,NA,NA,NA,NA,NA,NA,NA,NA,NA,NA,NA,NA,NA,NA,NA,NA,NA,NA,NA,NA,NA,NA,NA,NA,NA,NA,NA,NA,NA,NA,NA,1996,2,7,"MSB 30810-5","JAR8741F","BP","CW","06-25-2025",NA,63,52,2142,"impact","impact_1991-2000",35.089293,-106.680842,0,0,0,25,0,0,0,0,0,0,0,0,0,0,0,0,0
"786","MSB:Fish:39103",NA,NA,NA,NA,NA,NA,NA,NA,NA,NA,NA,NA,NA,NA,NA,NA,NA,NA,NA,NA,NA,NA,NA,NA,NA,NA,NA,NA,NA,NA,NA,NA,NA,NA,NA,NA,NA,NA,NA,NA,NA,NA,NA,NA,NA,NA,NA,NA,NA,NA,NA,NA,NA,NA,NA,NA,NA,NA,NA,NA,NA,NA,NA,NA,NA,NA,NA,NA,NA,NA,1997,10,15,"MSB 39103-1","JAR8670F","BP","JG KL","06-23-2025",NA,57,53,2560,"control","control_1991-2000",35.28302778,-106.5981389,0,0,0,0,0,0,0,0,0,0,0,0,0,0,0,0,0
"787","MSB:Fish:39103",NA,NA,NA,NA,NA,NA,NA,NA,NA,NA,NA,NA,NA,NA,NA,NA,NA,NA,NA,NA,NA,NA,NA,NA,NA,NA,NA,NA,NA,NA,NA,NA,NA,NA,NA,NA,NA,NA,NA,NA,NA,NA,NA,NA,NA,NA,NA,NA,NA,NA,NA,NA,NA,NA,NA,NA,NA,NA,NA,NA,NA,NA,NA,NA,NA,NA,NA,NA,NA,NA,1997,10,15,"MSB 39103-3","JAR8675F","BP","KL","06-23-2025",NA,61,47,2132,"control","control_1991-2000",35.28302778,-106.5981389,0,0,0,0,0,0,0,1,0,2,0,0,0,0,0,0,0
"788","MSB:Fish:39103",NA,NA,NA,NA,NA,NA,NA,NA,NA,NA,NA,NA,NA,NA,NA,NA,NA,NA,NA,NA,NA,NA,NA,NA,NA,NA,NA,NA,NA,NA,NA,NA,NA,NA,NA,NA,NA,NA,NA,NA,NA,NA,NA,NA,NA,NA,NA,NA,NA,NA,NA,NA,NA,NA,NA,NA,NA,NA,NA,NA,NA,NA,NA,NA,NA,NA,NA,NA,NA,NA,1997,10,15,"MSB 39103-5","JAR8678F","EO","CW","06-23-2025",NA,60,47,2006,"control","control_1991-2000",35.28302778,-106.5981389,0,0,0,0,0,0,0,0,0,0,0,0,0,0,0,0,0
"789","MSB:Fish:39103",NA,NA,NA,NA,NA,NA,NA,NA,NA,NA,NA,NA,NA,NA,NA,NA,NA,NA,NA,NA,NA,NA,NA,NA,NA,NA,NA,NA,NA,NA,NA,NA,NA,NA,NA,NA,NA,NA,NA,NA,NA,NA,NA,NA,NA,NA,NA,NA,NA,NA,NA,NA,NA,NA,NA,NA,NA,NA,NA,NA,NA,NA,NA,NA,NA,NA,NA,NA,NA,NA,1997,10,15,"MSB 39103-4","JAR8676F","EO","EO CLW","06-23-2025",NA,69,54,3110,"control","control_1991-2000",35.28302778,-106.5981389,0,0,0,0,0,0,0,0,0,0,0,0,0,0,0,0,0
"790","MSB:Fish:39103",NA,NA,NA,NA,NA,NA,NA,NA,NA,NA,NA,NA,NA,NA,NA,NA,NA,NA,NA,NA,NA,NA,NA,NA,NA,NA,NA,NA,NA,NA,NA,NA,NA,NA,NA,NA,NA,NA,NA,NA,NA,NA,NA,NA,NA,NA,NA,NA,NA,NA,NA,NA,NA,NA,NA,NA,NA,NA,NA,NA,NA,NA,NA,NA,NA,NA,NA,NA,NA,NA,1997,10,15,"MSB 39103-2","JAR8677F","JG","KL","06-23-2025",NA,69,56,3012,"control","control_1991-2000",35.28302778,-106.5981389,0,0,0,0,0,0,0,1,0,0,0,0,0,0,0,0,0
"791","MSB:Fish:3966",NA,NA,NA,NA,NA,NA,NA,NA,NA,NA,NA,NA,NA,NA,NA,NA,NA,NA,NA,NA,NA,NA,NA,NA,NA,NA,NA,NA,NA,NA,NA,NA,NA,NA,NA,NA,NA,NA,NA,NA,NA,NA,NA,NA,NA,NA,NA,NA,NA,NA,NA,NA,NA,NA,NA,NA,NA,NA,NA,NA,NA,NA,NA,NA,NA,NA,NA,NA,NA,NA,1977,9,28,"MSB 3966-5","JAR8879F","JG","CW","07-02-2025",NA,51,41,1353,"impact","impact_1971-1980",35.134883,-106.690838,0,0,0,0,0,0,0,0,0,11,0,0,0,0,0,0,0
"792","MSB:Fish:3966",NA,NA,NA,NA,NA,NA,NA,NA,NA,NA,NA,NA,NA,NA,NA,NA,NA,NA,NA,NA,NA,NA,NA,NA,NA,NA,NA,NA,NA,NA,NA,NA,NA,NA,NA,NA,NA,NA,NA,NA,NA,NA,NA,NA,NA,NA,NA,NA,NA,NA,NA,NA,NA,NA,NA,NA,NA,NA,NA,NA,NA,NA,NA,NA,NA,NA,NA,NA,NA,NA,1977,9,28,"MSB 3966-3","JAR8894F","JG","GC","07-02-2025",NA,50,39,1164,"impact","impact_1971-1980",35.134883,-106.690838,0,0,0,0,0,0,0,0,0,14,0,0,0,0,0,0,0
"793","MSB:Fish:3966",NA,NA,NA,NA,NA,NA,NA,NA,NA,NA,NA,NA,NA,NA,NA,NA,NA,NA,NA,NA,NA,NA,NA,NA,NA,NA,NA,NA,NA,NA,NA,NA,NA,NA,NA,NA,NA,NA,NA,NA,NA,NA,NA,NA,NA,NA,NA,NA,NA,NA,NA,NA,NA,NA,NA,NA,NA,NA,NA,NA,NA,NA,NA,NA,NA,NA,NA,NA,NA,NA,1977,9,28,"MSB 3966-1","JAR8888F","JG","KL","07-02-2025",NA,55,44,1530,"impact","impact_1971-1980",35.134883,-106.690838,0,0,0,0,0,0,0,0,1,31,0,0,0,0,0,0,0
"794","MSB:Fish:3966",NA,NA,NA,NA,NA,NA,NA,NA,NA,NA,NA,NA,NA,NA,NA,NA,NA,NA,NA,NA,NA,NA,NA,NA,NA,NA,NA,NA,NA,NA,NA,NA,NA,NA,NA,NA,NA,NA,NA,NA,NA,NA,NA,NA,NA,NA,NA,NA,NA,NA,NA,NA,NA,NA,NA,NA,NA,NA,NA,NA,NA,NA,NA,NA,NA,NA,NA,NA,NA,NA,1977,9,28,"MSB 3966-4","JAR8885F","JG","GC","07-02-2025",NA,57,47,2076,"impact","impact_1971-1980",35.134883,-106.690838,0,0,0,0,0,0,0,0,0,9,0,0,0,0,0,0,0
"795","MSB:Fish:3966",NA,NA,NA,NA,NA,NA,NA,NA,NA,NA,NA,NA,NA,NA,NA,NA,NA,NA,NA,NA,NA,NA,NA,NA,NA,NA,NA,NA,NA,NA,NA,NA,NA,NA,NA,NA,NA,NA,NA,NA,NA,NA,NA,NA,NA,NA,NA,NA,NA,NA,NA,NA,NA,NA,NA,NA,NA,NA,NA,NA,NA,NA,NA,NA,NA,NA,NA,NA,NA,NA,1977,9,28,"MSB 3966-2","JAR8892F","JG","CW","07-02-2025",NA,38,30,477,"impact","impact_1971-1980",35.134883,-106.690838,0,0,0,0,0,0,0,0,0,3,0,0,0,0,0,0,0
"796","MSB:Fish:4096",NA,NA,NA,NA,NA,NA,NA,NA,NA,NA,NA,NA,NA,NA,NA,NA,NA,NA,NA,NA,NA,NA,NA,NA,NA,NA,NA,NA,NA,NA,NA,NA,NA,NA,NA,NA,NA,NA,NA,NA,NA,NA,NA,NA,NA,NA,NA,NA,NA,NA,NA,NA,NA,NA,NA,NA,NA,NA,NA,NA,NA,NA,NA,NA,NA,NA,NA,NA,NA,NA,1978,9,5,"MSB 4096-1","JAR8718F","BP","KL","06-24-2025",NA,44,36,1043,"impact","impact_1971-1980",35.10625,-106.692633,0,0,0,0,0,0,0,5,0,0,0,0,0,0,0,0,0
"797","MSB:Fish:4096",NA,NA,NA,NA,NA,NA,NA,NA,NA,NA,NA,NA,NA,NA,NA,NA,NA,NA,NA,NA,NA,NA,NA,NA,NA,NA,NA,NA,NA,NA,NA,NA,NA,NA,NA,NA,NA,NA,NA,NA,NA,NA,NA,NA,NA,NA,NA,NA,NA,NA,NA,NA,NA,NA,NA,NA,NA,NA,NA,NA,NA,NA,NA,NA,NA,NA,NA,NA,NA,NA,1978,9,5,"MSB 4096-5","JAR8715F","BP","KL","06-24-2025",NA,41,33,774,"impact","impact_1971-1980",35.10625,-106.692633,0,0,0,0,0,0,0,0,0,0,0,0,0,0,0,0,0
"798","MSB:Fish:4096",NA,NA,NA,NA,NA,NA,NA,NA,NA,NA,NA,NA,NA,NA,NA,NA,NA,NA,NA,NA,NA,NA,NA,NA,NA,NA,NA,NA,NA,NA,NA,NA,NA,NA,NA,NA,NA,NA,NA,NA,NA,NA,NA,NA,NA,NA,NA,NA,NA,NA,NA,NA,NA,NA,NA,NA,NA,NA,NA,NA,NA,NA,NA,NA,NA,NA,NA,NA,NA,NA,1978,9,5,"MSB 4096-3","JAR8713F","BP","EO CW","06-24-2025",FALSE,49,39,1118,"impact","impact_1971-1980",35.10625,-106.692633,0,0,0,0,0,0,0,0,0,0,0,0,0,0,0,0,0
"799","MSB:Fish:4096",NA,NA,NA,NA,NA,NA,NA,NA,NA,NA,NA,NA,NA,NA,NA,NA,NA,NA,NA,NA,NA,NA,NA,NA,NA,NA,NA,NA,NA,NA,NA,NA,NA,NA,NA,NA,NA,NA,NA,NA,NA,NA,NA,NA,NA,NA,NA,NA,NA,NA,NA,NA,NA,NA,NA,NA,NA,NA,NA,NA,NA,NA,NA,NA,NA,NA,NA,NA,NA,NA,1978,9,5,"MSB 4096-4","JAR8717F","EO","CW","06-24-2025",NA,45,35,856,"impact","impact_1971-1980",35.10625,-106.692633,0,0,0,0,0,0,0,0,0,1,0,0,0,10,0,0,0
"800","MSB:Fish:4096",NA,NA,NA,NA,NA,NA,NA,NA,NA,NA,NA,NA,NA,NA,NA,NA,NA,NA,NA,NA,NA,NA,NA,NA,NA,NA,NA,NA,NA,NA,NA,NA,NA,NA,NA,NA,NA,NA,NA,NA,NA,NA,NA,NA,NA,NA,NA,NA,NA,NA,NA,NA,NA,NA,NA,NA,NA,NA,NA,NA,NA,NA,NA,NA,NA,NA,NA,NA,NA,NA,1978,9,5,"MSB 4096-2","JAR8711F","EO","CW","06-24-2025",NA,44,34,903,"impact","impact_1971-1980",35.10625,-106.692633,0,0,0,0,0,0,0,0,0,6,0,0,0,0,0,0,0
"801","MSB:Fish:4161",NA,NA,NA,NA,NA,NA,NA,NA,NA,NA,NA,NA,NA,NA,NA,NA,NA,NA,NA,NA,NA,NA,NA,NA,NA,NA,NA,NA,NA,NA,NA,NA,NA,NA,NA,NA,NA,NA,NA,NA,NA,NA,NA,NA,NA,NA,NA,NA,NA,NA,NA,NA,NA,NA,NA,NA,NA,NA,NA,NA,NA,NA,NA,NA,NA,NA,NA,NA,NA,NA,1977,8,5,"MSB 4161-3","JAR8700F","BP","CW","06-24-2025",NA,39,29,511,"impact","impact_1971-1980",34.905272,-106.685564,0,0,0,0,0,0,0,0,0,1,0,0,0,0,0,0,0
"802","MSB:Fish:4161",NA,NA,NA,NA,NA,NA,NA,NA,NA,NA,NA,NA,NA,NA,NA,NA,NA,NA,NA,NA,NA,NA,NA,NA,NA,NA,NA,NA,NA,NA,NA,NA,NA,NA,NA,NA,NA,NA,NA,NA,NA,NA,NA,NA,NA,NA,NA,NA,NA,NA,NA,NA,NA,NA,NA,NA,NA,NA,NA,NA,NA,NA,NA,NA,NA,NA,NA,NA,NA,NA,1977,8,5,"MSB 4161-4","JAR8702F","JG","CLW","06-24-2025",NA,41,31,632,"impact","impact_1971-1980",34.905272,-106.685564,0,0,0,0,0,0,0,0,1,28,0,0,0,0,0,0,5
"803","MSB:Fish:4161",NA,NA,NA,NA,NA,NA,NA,NA,NA,NA,NA,NA,NA,NA,NA,NA,NA,NA,NA,NA,NA,NA,NA,NA,NA,NA,NA,NA,NA,NA,NA,NA,NA,NA,NA,NA,NA,NA,NA,NA,NA,NA,NA,NA,NA,NA,NA,NA,NA,NA,NA,NA,NA,NA,NA,NA,NA,NA,NA,NA,NA,NA,NA,NA,NA,NA,NA,NA,NA,NA,1977,8,5,"MSB 4161-5","JAR8703F","JG","CLW","06-24-2025",NA,36,29,444,"impact","impact_1971-1980",34.905272,-106.685564,0,0,0,0,0,0,0,0,0,27,0,0,0,0,0,0,0
"804","MSB:Fish:4161",NA,NA,NA,NA,NA,NA,NA,NA,NA,NA,NA,NA,NA,NA,NA,NA,NA,NA,NA,NA,NA,NA,NA,NA,NA,NA,NA,NA,NA,NA,NA,NA,NA,NA,NA,NA,NA,NA,NA,NA,NA,NA,NA,NA,NA,NA,NA,NA,NA,NA,NA,NA,NA,NA,NA,NA,NA,NA,NA,NA,NA,NA,NA,NA,NA,NA,NA,NA,NA,NA,1977,8,5,"MSB 4161-1","JAR8696F","JG","KL","06-24-2025",NA,53,43,1166,"impact","impact_1971-1980",34.905272,-106.685564,0,0,0,0,0,0,0,0,0,76,0,0,0,0,0,0,0
"805","MSB:Fish:4161",NA,NA,NA,NA,NA,NA,NA,NA,NA,NA,NA,NA,NA,NA,NA,NA,NA,NA,NA,NA,NA,NA,NA,NA,NA,NA,NA,NA,NA,NA,NA,NA,NA,NA,NA,NA,NA,NA,NA,NA,NA,NA,NA,NA,NA,NA,NA,NA,NA,NA,NA,NA,NA,NA,NA,NA,NA,NA,NA,NA,NA,NA,NA,NA,NA,NA,NA,NA,NA,NA,1977,8,5,"MSB 4161-2","JAR8698F","JG","JG KL","06-24-2025",NA,44,35,753,"impact","impact_1971-1980",34.905272,-106.685564,0,0,0,0,0,0,0,0,0,48,0,0,0,0,0,0,1
"806","MSB:Fish:4206",NA,NA,NA,NA,NA,NA,NA,NA,NA,NA,NA,NA,NA,NA,NA,NA,NA,NA,NA,NA,NA,NA,NA,NA,NA,NA,NA,NA,NA,NA,NA,NA,NA,NA,NA,NA,NA,NA,NA,NA,NA,NA,NA,NA,NA,NA,NA,NA,NA,NA,NA,NA,NA,NA,NA,NA,NA,NA,NA,NA,NA,NA,NA,NA,NA,NA,NA,NA,NA,NA,1978,9,8,"MSB 4206-3","JAR8847F","EO","KL","07-01-2025",NA,39,30,567,"control","control_1971-1980",35.256141,-106.596281,0,0,0,0,0,0,0,0,0,10,0,0,0,0,0,0,0
"807","MSB:Fish:4206",NA,NA,NA,NA,NA,NA,NA,NA,NA,NA,NA,NA,NA,NA,NA,NA,NA,NA,NA,NA,NA,NA,NA,NA,NA,NA,NA,NA,NA,NA,NA,NA,NA,NA,NA,NA,NA,NA,NA,NA,NA,NA,NA,NA,NA,NA,NA,NA,NA,NA,NA,NA,NA,NA,NA,NA,NA,NA,NA,NA,NA,NA,NA,NA,NA,NA,NA,NA,NA,NA,1978,9,8,"MSB 4206-1","JAR8848F","EO","JG KL","07-01-2025",NA,43,33,739,"control","control_1971-1980",35.256141,-106.596281,0,0,0,0,0,0,0,0,0,NA,0,0,0,0,0,0,0
"808","MSB:Fish:4206",NA,NA,NA,NA,NA,NA,NA,NA,NA,NA,NA,NA,NA,NA,NA,NA,NA,NA,NA,NA,NA,NA,NA,NA,NA,NA,NA,NA,NA,NA,NA,NA,NA,NA,NA,NA,NA,NA,NA,NA,NA,NA,NA,NA,NA,NA,NA,NA,NA,NA,NA,NA,NA,NA,NA,NA,NA,NA,NA,NA,NA,NA,NA,NA,NA,NA,NA,NA,NA,NA,1978,9,8,"MSB 4206-4","JAR8852F","EO","GC","07-01-2025",NA,37,29,503,"control","control_1971-1980",35.256141,-106.596281,0,0,0,0,0,0,0,0,0,2,0,0,0,0,0,0,0
"809","MSB:Fish:4206",NA,NA,NA,NA,NA,NA,NA,NA,NA,NA,NA,NA,NA,NA,NA,NA,NA,NA,NA,NA,NA,NA,NA,NA,NA,NA,NA,NA,NA,NA,NA,NA,NA,NA,NA,NA,NA,NA,NA,NA,NA,NA,NA,NA,NA,NA,NA,NA,NA,NA,NA,NA,NA,NA,NA,NA,NA,NA,NA,NA,NA,NA,NA,NA,NA,NA,NA,NA,NA,NA,1978,9,8,"MSB 4206-2","JAR8850F","EO","CW","07-01-2025",NA,40,31,665,"control","control_1971-1980",35.256141,-106.596281,0,0,0,0,0,0,0,0,0,2,0,0,0,0,0,0,0
"810","MSB:Fish:4206",NA,NA,NA,NA,NA,NA,NA,NA,NA,NA,NA,NA,NA,NA,NA,NA,NA,NA,NA,NA,NA,NA,NA,NA,NA,NA,NA,NA,NA,NA,NA,NA,NA,NA,NA,NA,NA,NA,NA,NA,NA,NA,NA,NA,NA,NA,NA,NA,NA,NA,NA,NA,NA,NA,NA,NA,NA,NA,NA,NA,NA,NA,NA,NA,NA,NA,NA,NA,NA,NA,1978,9,8,"MSB 4206-5","JAR8854F","EO","JG KL","07-01-2025",NA,36,29,433,"control","control_1971-1980",35.256141,-106.596281,0,0,0,0,0,0,0,1,0,0,0,0,0,0,0,0,0
"811","MSB:Fish:43490",NA,NA,NA,NA,NA,NA,NA,NA,NA,NA,NA,NA,NA,NA,NA,NA,NA,NA,NA,NA,NA,NA,NA,NA,NA,NA,NA,NA,NA,NA,NA,NA,NA,NA,NA,NA,NA,NA,NA,NA,NA,NA,NA,NA,NA,NA,NA,NA,NA,NA,NA,NA,NA,NA,NA,NA,NA,NA,NA,NA,NA,NA,NA,NA,NA,NA,NA,NA,NA,NA,1999,10,11,"MSB 43490-1","JAR8745F","BP","CW","06-26-2025",NA,72,57,3244,"control","control_1991-2000",35.28302778,-106.5981389,0,0,0,0,0,0,0,0,0,0,0,0,0,0,0,0,0
"812","MSB:Fish:43490",NA,NA,NA,NA,NA,NA,NA,NA,NA,NA,NA,NA,NA,NA,NA,NA,NA,NA,NA,NA,NA,NA,NA,NA,NA,NA,NA,NA,NA,NA,NA,NA,NA,NA,NA,NA,NA,NA,NA,NA,NA,NA,NA,NA,NA,NA,NA,NA,NA,NA,NA,NA,NA,NA,NA,NA,NA,NA,NA,NA,NA,NA,NA,NA,NA,NA,NA,NA,NA,NA,1999,10,11,"MSB 43490-3","JAR8749F","BP","CLW","06-26-2025",FALSE,61,49,2200,"control","control_1991-2000",35.28302778,-106.5981389,0,0,0,0,0,0,0,0,0,0,0,0,0,0,0,0,0
"813","MSB:Fish:43490",NA,NA,NA,NA,NA,NA,NA,NA,NA,NA,NA,NA,NA,NA,NA,NA,NA,NA,NA,NA,NA,NA,NA,NA,NA,NA,NA,NA,NA,NA,NA,NA,NA,NA,NA,NA,NA,NA,NA,NA,NA,NA,NA,NA,NA,NA,NA,NA,NA,NA,NA,NA,NA,NA,NA,NA,NA,NA,NA,NA,NA,NA,NA,NA,NA,NA,NA,NA,NA,NA,1999,10,11,"MSB 43490-5","JAR8746F","BP","CLW","06-26-2025",FALSE,60,51,2094,"control","control_1991-2000",35.28302778,-106.5981389,0,0,0,0,0,0,0,0,0,5,0,0,0,0,0,0,0
"814","MSB:Fish:43490",NA,NA,NA,NA,NA,NA,NA,NA,NA,NA,NA,NA,NA,NA,NA,NA,NA,NA,NA,NA,NA,NA,NA,NA,NA,NA,NA,NA,NA,NA,NA,NA,NA,NA,NA,NA,NA,NA,NA,NA,NA,NA,NA,NA,NA,NA,NA,NA,NA,NA,NA,NA,NA,NA,NA,NA,NA,NA,NA,NA,NA,NA,NA,NA,NA,NA,NA,NA,NA,NA,1999,10,11,"MSB 43490-2","JAR8747F","JG","CLW","06-26-2025",NA,61,55,2713,"control","control_1991-2000",35.28302778,-106.5981389,0,0,0,0,0,0,0,0,0,0,0,0,0,0,0,0,0
"815","MSB:Fish:43490",NA,NA,NA,NA,NA,NA,NA,NA,NA,NA,NA,NA,NA,NA,NA,NA,NA,NA,NA,NA,NA,NA,NA,NA,NA,NA,NA,NA,NA,NA,NA,NA,NA,NA,NA,NA,NA,NA,NA,NA,NA,NA,NA,NA,NA,NA,NA,NA,NA,NA,NA,NA,NA,NA,NA,NA,NA,NA,NA,NA,NA,NA,NA,NA,NA,NA,NA,NA,NA,NA,1999,10,11,"MSB 43490-4","JAR8744F","JG","EO CLW","06-26-2025",FALSE,67,54,2031,"control","control_1991-2000",35.28302778,-106.5981389,0,0,0,0,0,0,0,0,0,2,0,0,0,0,0,0,0
"816","MSB:Fish:4384",NA,NA,NA,NA,NA,NA,NA,NA,NA,NA,NA,NA,NA,NA,NA,NA,NA,NA,NA,NA,NA,NA,NA,NA,NA,NA,NA,NA,NA,NA,NA,NA,NA,NA,NA,NA,NA,NA,NA,NA,NA,NA,NA,NA,NA,NA,NA,NA,NA,NA,NA,NA,NA,NA,NA,NA,NA,NA,NA,NA,NA,NA,NA,NA,NA,NA,NA,NA,NA,NA,1978,9,23,"MSB 4384-3","JAR8748F","BP","KL","06-30-2025",FALSE,55,44,1919,"impact","impact_1971-1980",34.905272,-106.685564,0,0,0,0,0,0,0,0,0,0,0,0,0,0,0,0,0
"817","MSB:Fish:4384",NA,NA,NA,NA,NA,NA,NA,NA,NA,NA,NA,NA,NA,NA,NA,NA,NA,NA,NA,NA,NA,NA,NA,NA,NA,NA,NA,NA,NA,NA,NA,NA,NA,NA,NA,NA,NA,NA,NA,NA,NA,NA,NA,NA,NA,NA,NA,NA,NA,NA,NA,NA,NA,NA,NA,NA,NA,NA,NA,NA,NA,NA,NA,NA,NA,NA,NA,NA,NA,NA,1978,9,23,"MSB 4384-4","JAR8752F","EO","GC","06-30-2025",NA,63,49,2458,"impact","impact_1971-1980",34.905272,-106.685564,0,0,0,0,0,0,0,0,0,2,0,0,0,0,0,0,2
"818","MSB:Fish:4384",NA,NA,NA,NA,NA,NA,NA,NA,NA,NA,NA,NA,NA,NA,NA,NA,NA,NA,NA,NA,NA,NA,NA,NA,NA,NA,NA,NA,NA,NA,NA,NA,NA,NA,NA,NA,NA,NA,NA,NA,NA,NA,NA,NA,NA,NA,NA,NA,NA,NA,NA,NA,NA,NA,NA,NA,NA,NA,NA,NA,NA,NA,NA,NA,NA,NA,NA,NA,NA,NA,1978,9,23,"MSB 4384-2","JAR8757F","EO","CW","06-30-2025",NA,64,49,2390,"impact","impact_1971-1980",34.905272,-106.685564,0,1,0,0,0,0,0,0,0,4,0,0,0,0,0,0,0
"819","MSB:Fish:4384",NA,NA,NA,NA,NA,NA,NA,NA,NA,NA,NA,NA,NA,NA,NA,NA,NA,NA,NA,NA,NA,NA,NA,NA,NA,NA,NA,NA,NA,NA,NA,NA,NA,NA,NA,NA,NA,NA,NA,NA,NA,NA,NA,NA,NA,NA,NA,NA,NA,NA,NA,NA,NA,NA,NA,NA,NA,NA,NA,NA,NA,NA,NA,NA,NA,NA,NA,NA,NA,NA,1978,9,23,"MSB 4384-1","JAR8750F","BP","CW","06-30-2025",NA,67,55,3024,"impact","impact_1971-1980",34.905272,-106.685564,0,0,0,0,0,0,0,0,0,15,0,0,0,0,0,0,0
"820","MSB:Fish:4384",NA,NA,NA,NA,NA,NA,NA,NA,NA,NA,NA,NA,NA,NA,NA,NA,NA,NA,NA,NA,NA,NA,NA,NA,NA,NA,NA,NA,NA,NA,NA,NA,NA,NA,NA,NA,NA,NA,NA,NA,NA,NA,NA,NA,NA,NA,NA,NA,NA,NA,NA,NA,NA,NA,NA,NA,NA,NA,NA,NA,NA,NA,NA,NA,NA,NA,NA,NA,NA,NA,1978,9,23,"MSB 4384-5","JAR8756F","BP","KL","06-30-2025",NA,63,51,2594,"impact","impact_1971-1980",34.905272,-106.685564,0,0,0,0,0,0,0,3,0,6,0,0,0,0,0,0,1
"821","MSB:Fish:4423",NA,NA,NA,NA,NA,NA,NA,NA,NA,NA,NA,NA,NA,NA,NA,NA,NA,NA,NA,NA,NA,NA,NA,NA,NA,NA,NA,NA,NA,NA,NA,NA,NA,NA,NA,NA,NA,NA,NA,NA,NA,NA,NA,NA,NA,NA,NA,NA,NA,NA,NA,NA,NA,NA,NA,NA,NA,NA,NA,NA,NA,NA,NA,NA,NA,NA,NA,NA,NA,NA,1978,8,3,"MSB 4423-4","JAR8724F","BP","KL","06-30-2025",NA,44,36,880,"impact","impact_1971-1980",34.905272,-106.685564,0,0,0,0,0,0,0,0,0,12,0,0,0,0,0,0,0
"822","MSB:Fish:4423",NA,NA,NA,NA,NA,NA,NA,NA,NA,NA,NA,NA,NA,NA,NA,NA,NA,NA,NA,NA,NA,NA,NA,NA,NA,NA,NA,NA,NA,NA,NA,NA,NA,NA,NA,NA,NA,NA,NA,NA,NA,NA,NA,NA,NA,NA,NA,NA,NA,NA,NA,NA,NA,NA,NA,NA,NA,NA,NA,NA,NA,NA,NA,NA,NA,NA,NA,NA,NA,NA,1978,8,3,"MSB 4423-1","JAR8758F","EO","GC","06-30-2025",NA,46,37,1128,"impact","impact_1971-1980",34.905272,-106.685564,0,0,0,0,0,0,0,0,4,4,0,0,0,0,0,0,0
"823","MSB:Fish:4423",NA,NA,NA,NA,NA,NA,NA,NA,NA,NA,NA,NA,NA,NA,NA,NA,NA,NA,NA,NA,NA,NA,NA,NA,NA,NA,NA,NA,NA,NA,NA,NA,NA,NA,NA,NA,NA,NA,NA,NA,NA,NA,NA,NA,NA,NA,NA,NA,NA,NA,NA,NA,NA,NA,NA,NA,NA,NA,NA,NA,NA,NA,NA,NA,NA,NA,NA,NA,NA,NA,1978,8,3,"MSB 4423-2","JAR8754F","BP","CW","06-30-2025",NA,49,38,1164,"impact","impact_1971-1980",34.905272,-106.685564,0,0,0,0,0,0,0,0,0,2,0,0,0,0,0,0,0
"824","MSB:Fish:4423",NA,NA,NA,NA,NA,NA,NA,NA,NA,NA,NA,NA,NA,NA,NA,NA,NA,NA,NA,NA,NA,NA,NA,NA,NA,NA,NA,NA,NA,NA,NA,NA,NA,NA,NA,NA,NA,NA,NA,NA,NA,NA,NA,NA,NA,NA,NA,NA,NA,NA,NA,NA,NA,NA,NA,NA,NA,NA,NA,NA,NA,NA,NA,NA,NA,NA,NA,NA,NA,NA,1978,8,3,"MSB 4423-5","JAR8751F","EO","CW","06-30-2025",NA,42,33,832,"impact","impact_1971-1980",34.905272,-106.685564,0,0,0,0,0,0,0,0,0,9,0,0,0,0,0,0,0
"825","MSB:Fish:4423",NA,NA,NA,NA,NA,NA,NA,NA,NA,NA,NA,NA,NA,NA,NA,NA,NA,NA,NA,NA,NA,NA,NA,NA,NA,NA,NA,NA,NA,NA,NA,NA,NA,NA,NA,NA,NA,NA,NA,NA,NA,NA,NA,NA,NA,NA,NA,NA,NA,NA,NA,NA,NA,NA,NA,NA,NA,NA,NA,NA,NA,NA,NA,NA,NA,NA,NA,NA,NA,NA,1978,8,3,"MSB 4423-3","JAR8726F","EO","KL","06-30-2025",NA,47,37,1155,"impact","impact_1971-1980",34.905272,-106.685564,0,0,0,0,0,0,0,0,1,16,0,0,0,0,0,0,2
"826","MSB:Fish:4432",NA,NA,NA,NA,NA,NA,NA,NA,NA,NA,NA,NA,NA,NA,NA,NA,NA,NA,NA,NA,NA,NA,NA,NA,NA,NA,NA,NA,NA,NA,NA,NA,NA,NA,NA,NA,NA,NA,NA,NA,NA,NA,NA,NA,NA,NA,NA,NA,NA,NA,NA,NA,NA,NA,NA,NA,NA,NA,NA,NA,NA,NA,NA,NA,NA,NA,NA,NA,NA,NA,1978,9,8,"MSB 4432-3","JAR8727F","BP","CW","06-30-2025",NA,39,31,570,"control","control_1971-1980",35.239638,-106.587548,0,0,0,0,0,0,0,0,0,2,0,0,0,0,0,2,0
"827","MSB:Fish:4432",NA,NA,NA,NA,NA,NA,NA,NA,NA,NA,NA,NA,NA,NA,NA,NA,NA,NA,NA,NA,NA,NA,NA,NA,NA,NA,NA,NA,NA,NA,NA,NA,NA,NA,NA,NA,NA,NA,NA,NA,NA,NA,NA,NA,NA,NA,NA,NA,NA,NA,NA,NA,NA,NA,NA,NA,NA,NA,NA,NA,NA,NA,NA,NA,NA,NA,NA,NA,NA,NA,1978,9,8,"MSB 4432-1","JAR8759F","BP","JG","06-30-2025",NA,39,30,568,"control","control_1971-1980",35.239638,-106.587548,0,0,0,0,0,0,0,0,0,45,0,0,0,0,0,0,0
"828","MSB:Fish:4432",NA,NA,NA,NA,NA,NA,NA,NA,NA,NA,NA,NA,NA,NA,NA,NA,NA,NA,NA,NA,NA,NA,NA,NA,NA,NA,NA,NA,NA,NA,NA,NA,NA,NA,NA,NA,NA,NA,NA,NA,NA,NA,NA,NA,NA,NA,NA,NA,NA,NA,NA,NA,NA,NA,NA,NA,NA,NA,NA,NA,NA,NA,NA,NA,NA,NA,NA,NA,NA,NA,1978,9,8,"MSB 4432-5","JAR8753F","BP","JG GC","06-30-2025",NA,35,26,360,"control","control_1971-1980",35.239638,-106.587548,0,0,0,0,0,0,0,0,0,3,0,0,0,0,0,0,0
"829","MSB:Fish:4432",NA,NA,NA,NA,NA,NA,NA,NA,NA,NA,NA,NA,NA,NA,NA,NA,NA,NA,NA,NA,NA,NA,NA,NA,NA,NA,NA,NA,NA,NA,NA,NA,NA,NA,NA,NA,NA,NA,NA,NA,NA,NA,NA,NA,NA,NA,NA,NA,NA,NA,NA,NA,NA,NA,NA,NA,NA,NA,NA,NA,NA,NA,NA,NA,NA,NA,NA,NA,NA,NA,1978,9,8,"MSB 4432-4","JAR8729F","EO","CW","06-30-2025",NA,39,29,548,"control","control_1971-1980",35.239638,-106.587548,0,0,0,0,0,0,0,0,0,5,0,0,0,0,0,0,0
"830","MSB:Fish:4432",NA,NA,NA,NA,NA,NA,NA,NA,NA,NA,NA,NA,NA,NA,NA,NA,NA,NA,NA,NA,NA,NA,NA,NA,NA,NA,NA,NA,NA,NA,NA,NA,NA,NA,NA,NA,NA,NA,NA,NA,NA,NA,NA,NA,NA,NA,NA,NA,NA,NA,NA,NA,NA,NA,NA,NA,NA,NA,NA,NA,NA,NA,NA,NA,NA,NA,NA,NA,NA,NA,1978,9,8,"MSB 4432-2","JAR8722F","EO","EO GC","06-30-2025",NA,52,42,1431,"control","control_1971-1980",35.239638,-106.587548,0,0,0,0,0,0,0,0,0,0,0,0,0,0,0,0,1
"831","MSB:Fish:4487",NA,NA,NA,NA,NA,NA,NA,NA,NA,NA,NA,NA,NA,NA,NA,NA,NA,NA,NA,NA,NA,NA,NA,NA,NA,NA,NA,NA,NA,NA,NA,NA,NA,NA,NA,NA,NA,NA,NA,NA,NA,NA,NA,NA,NA,NA,NA,NA,NA,NA,NA,NA,NA,NA,NA,NA,NA,NA,NA,NA,NA,NA,NA,NA,NA,NA,NA,NA,NA,NA,1978,9,29,"MSB 4487-1","JAR8887F","EO","GC","07-03-2025",NA,47,37,1143,"control","control_1971-1980",35.383856,-106.490929,0,0,0,0,0,0,0,0,0,0,0,0,0,0,0,0,0
"832","MSB:Fish:4487",NA,NA,NA,NA,NA,NA,NA,NA,NA,NA,NA,NA,NA,NA,NA,NA,NA,NA,NA,NA,NA,NA,NA,NA,NA,NA,NA,NA,NA,NA,NA,NA,NA,NA,NA,NA,NA,NA,NA,NA,NA,NA,NA,NA,NA,NA,NA,NA,NA,NA,NA,NA,NA,NA,NA,NA,NA,NA,NA,NA,NA,NA,NA,NA,NA,NA,NA,NA,NA,NA,1978,9,29,"MSB 4487-5","JAR8890F","EO","JG GC","07-03-2025",NA,38,30,543,"control","control_1971-1980",35.383856,-106.490929,0,0,0,0,0,0,0,0,0,4,0,0,0,0,0,0,0
"833","MSB:Fish:4487",NA,NA,NA,NA,NA,NA,NA,NA,NA,NA,NA,NA,NA,NA,NA,NA,NA,NA,NA,NA,NA,NA,NA,NA,NA,NA,NA,NA,NA,NA,NA,NA,NA,NA,NA,NA,NA,NA,NA,NA,NA,NA,NA,NA,NA,NA,NA,NA,NA,NA,NA,NA,NA,NA,NA,NA,NA,NA,NA,NA,NA,NA,NA,NA,NA,NA,NA,NA,NA,NA,1978,9,29,"MSB 4487-3","JAR8889F","EO","KL","07-03-2025",NA,46,35,1166,"control","control_1971-1980",35.383856,-106.490929,0,0,0,0,0,0,0,0,0,0,0,0,0,0,0,0,0
"834","MSB:Fish:4487",NA,NA,NA,NA,NA,NA,NA,NA,NA,NA,NA,NA,NA,NA,NA,NA,NA,NA,NA,NA,NA,NA,NA,NA,NA,NA,NA,NA,NA,NA,NA,NA,NA,NA,NA,NA,NA,NA,NA,NA,NA,NA,NA,NA,NA,NA,NA,NA,NA,NA,NA,NA,NA,NA,NA,NA,NA,NA,NA,NA,NA,NA,NA,NA,NA,NA,NA,NA,NA,NA,1978,9,29,"MSB 4487-4","JAR8891F","BP","GC","07-03-2025",NA,36,27,481,"control","control_1971-1980",35.383856,-106.490929,0,0,0,0,0,0,0,0,0,32,0,0,0,0,0,0,0
"835","MSB:Fish:4487",NA,NA,NA,NA,NA,NA,NA,NA,NA,NA,NA,NA,NA,NA,NA,NA,NA,NA,NA,NA,NA,NA,NA,NA,NA,NA,NA,NA,NA,NA,NA,NA,NA,NA,NA,NA,NA,NA,NA,NA,NA,NA,NA,NA,NA,NA,NA,NA,NA,NA,NA,NA,NA,NA,NA,NA,NA,NA,NA,NA,NA,NA,NA,NA,NA,NA,NA,NA,NA,NA,1978,9,29,"MSB 4487-2","JAR8893F","BP","GC","07-03-2025",NA,49,38,1354,"control","control_1971-1980",35.383856,-106.490929,0,0,0,0,0,0,0,0,0,0,0,0,0,0,0,0,0
"836","MSB:Fish:4984",NA,NA,NA,NA,NA,NA,NA,NA,NA,NA,NA,NA,NA,NA,NA,NA,NA,NA,NA,NA,NA,NA,NA,NA,NA,NA,NA,NA,NA,NA,NA,NA,NA,NA,NA,NA,NA,NA,NA,NA,NA,NA,NA,NA,NA,NA,NA,NA,NA,NA,NA,NA,NA,NA,NA,NA,NA,NA,NA,NA,NA,NA,NA,NA,NA,NA,NA,NA,NA,NA,1978,9,5,"MSB 4984-3","JAR8640F","EO","CLW","06-23-2025",NA,38,29,504,"impact","impact_1971-1980",35.196977,-106.642444,0,0,0,0,0,0,0,0,0,0,0,0,0,0,0,0,1
"837","MSB:Fish:4984",NA,NA,NA,NA,NA,NA,NA,NA,NA,NA,NA,NA,NA,NA,NA,NA,NA,NA,NA,NA,NA,NA,NA,NA,NA,NA,NA,NA,NA,NA,NA,NA,NA,NA,NA,NA,NA,NA,NA,NA,NA,NA,NA,NA,NA,NA,NA,NA,NA,NA,NA,NA,NA,NA,NA,NA,NA,NA,NA,NA,NA,NA,NA,NA,NA,NA,NA,NA,NA,NA,1978,9,5,"MSB 4984-4","JAR8642F","JG","KL","06-23-2025",NA,32,25,338,"impact","impact_1971-1980",35.196977,-106.642444,0,0,0,0,0,0,0,1,0,0,0,0,0,0,0,0,0
"838","MSB:Fish:4984",NA,NA,NA,NA,NA,NA,NA,NA,NA,NA,NA,NA,NA,NA,NA,NA,NA,NA,NA,NA,NA,NA,NA,NA,NA,NA,NA,NA,NA,NA,NA,NA,NA,NA,NA,NA,NA,NA,NA,NA,NA,NA,NA,NA,NA,NA,NA,NA,NA,NA,NA,NA,NA,NA,NA,NA,NA,NA,NA,NA,NA,NA,NA,NA,NA,NA,NA,NA,NA,NA,1978,9,5,"MSB 4984-5","JAR8644F","BP","CW","06-23-2025",NA,32,24,341,"impact","impact_1971-1980",35.196977,-106.642444,0,0,0,0,0,0,0,0,0,1,0,0,0,0,0,0,0
"839","MSB:Fish:4984",NA,NA,NA,NA,NA,NA,NA,NA,NA,NA,NA,NA,NA,NA,NA,NA,NA,NA,NA,NA,NA,NA,NA,NA,NA,NA,NA,NA,NA,NA,NA,NA,NA,NA,NA,NA,NA,NA,NA,NA,NA,NA,NA,NA,NA,NA,NA,NA,NA,NA,NA,NA,NA,NA,NA,NA,NA,NA,NA,NA,NA,NA,NA,NA,NA,NA,NA,NA,NA,NA,1978,9,5,"MSB 4984-2","JAR8662F","BP","CLW","06-23-2025",NA,38,30,541,"impact","impact_1971-1980",35.196977,-106.642444,0,0,0,0,0,0,0,0,0,2,0,0,0,0,0,0,0
"840","MSB:Fish:4984",NA,NA,NA,NA,NA,NA,NA,NA,NA,NA,NA,NA,NA,NA,NA,NA,NA,NA,NA,NA,NA,NA,NA,NA,NA,NA,NA,NA,NA,NA,NA,NA,NA,NA,NA,NA,NA,NA,NA,NA,NA,NA,NA,NA,NA,NA,NA,NA,NA,NA,NA,NA,NA,NA,NA,NA,NA,NA,NA,NA,NA,NA,NA,NA,NA,NA,NA,NA,NA,NA,1978,9,5,"MSB 4984-1","JAR8660F","EO","CLW","06-23-2025",NA,39,30,621,"impact","impact_1971-1980",35.196977,-106.642444,0,0,0,0,0,0,0,0,0,3,0,0,0,0,0,0,0
"841","MSB:Fish:4987",NA,NA,NA,NA,NA,NA,NA,NA,NA,NA,NA,NA,NA,NA,NA,NA,NA,NA,NA,NA,NA,NA,NA,NA,NA,NA,NA,NA,NA,NA,NA,NA,NA,NA,NA,NA,NA,NA,NA,NA,NA,NA,NA,NA,NA,NA,NA,NA,NA,NA,NA,NA,NA,NA,NA,NA,NA,NA,NA,NA,NA,NA,NA,NA,NA,NA,NA,NA,NA,NA,1977,7,6,"MSB 4987-5","JAR8788F","JG","GC","07-01-2025",NA,40,33,672,"control","control_1971-1980",35.232431,-106.594272,0,0,0,0,6,0,0,0,0,27,0,0,0,0,0,0,0
"842","MSB:Fish:4987",NA,NA,NA,NA,NA,NA,NA,NA,NA,NA,NA,NA,NA,NA,NA,NA,NA,NA,NA,NA,NA,NA,NA,NA,NA,NA,NA,NA,NA,NA,NA,NA,NA,NA,NA,NA,NA,NA,NA,NA,NA,NA,NA,NA,NA,NA,NA,NA,NA,NA,NA,NA,NA,NA,NA,NA,NA,NA,NA,NA,NA,NA,NA,NA,NA,NA,NA,NA,NA,NA,1977,7,6,"MSB 4987-1","JAR8849F","JG","KL","07-01-2025",NA,52,40,1450,"control","control_1971-1980",35.232431,-106.594272,0,0,0,0,0,0,0,1,0,0,0,0,0,0,0,0,0
"843","MSB:Fish:4987",NA,NA,NA,NA,NA,NA,NA,NA,NA,NA,NA,NA,NA,NA,NA,NA,NA,NA,NA,NA,NA,NA,NA,NA,NA,NA,NA,NA,NA,NA,NA,NA,NA,NA,NA,NA,NA,NA,NA,NA,NA,NA,NA,NA,NA,NA,NA,NA,NA,NA,NA,NA,NA,NA,NA,NA,NA,NA,NA,NA,NA,NA,NA,NA,NA,NA,NA,NA,NA,NA,1977,7,6,"MSB 4987-3","JAR8851F","JG","KL","07-01-2025",NA,47,37,1297,"control","control_1971-1980",35.232431,-106.594272,0,0,0,0,0,0,0,0,0,0,0,0,0,0,0,0,0
"844","MSB:Fish:4987",NA,NA,NA,NA,NA,NA,NA,NA,NA,NA,NA,NA,NA,NA,NA,NA,NA,NA,NA,NA,NA,NA,NA,NA,NA,NA,NA,NA,NA,NA,NA,NA,NA,NA,NA,NA,NA,NA,NA,NA,NA,NA,NA,NA,NA,NA,NA,NA,NA,NA,NA,NA,NA,NA,NA,NA,NA,NA,NA,NA,NA,NA,NA,NA,NA,NA,NA,NA,NA,NA,1977,7,6,"MSB 4987-2","JAR8790F","EO","JG KL","07-01-2025",NA,54,44,1436,"control","control_1971-1980",35.232431,-106.594272,0,2,0,0,0,0,0,0,0,0,0,0,0,0,0,0,0
"845","MSB:Fish:4987",NA,NA,NA,NA,NA,NA,NA,NA,NA,NA,NA,NA,NA,NA,NA,NA,NA,NA,NA,NA,NA,NA,NA,NA,NA,NA,NA,NA,NA,NA,NA,NA,NA,NA,NA,NA,NA,NA,NA,NA,NA,NA,NA,NA,NA,NA,NA,NA,NA,NA,NA,NA,NA,NA,NA,NA,NA,NA,NA,NA,NA,NA,NA,NA,NA,NA,NA,NA,NA,NA,1977,7,6,"MSB 4987-4","JAR8853F","EO","BP","07-01-2025",NA,47,37,1163,"control","control_1971-1980",35.232431,-106.594272,0,0,0,0,0,0,0,0,1,3,0,0,0,0,0,0,0
"846","MSB:Fish:49970",NA,NA,NA,NA,NA,NA,NA,NA,NA,NA,NA,NA,NA,NA,NA,NA,NA,NA,NA,NA,NA,NA,NA,NA,NA,NA,NA,NA,NA,NA,NA,NA,NA,NA,NA,NA,NA,NA,NA,NA,NA,NA,NA,NA,NA,NA,NA,NA,NA,NA,NA,NA,NA,NA,NA,NA,NA,NA,NA,NA,NA,NA,NA,NA,NA,NA,NA,NA,NA,NA,1994,5,5,"MSB 49970-1","JAR8641F","EO","CLW","06-20-2025",NA,66,52,2386,"control","control_1991-2000",35.28302778,-106.5981389,0,0,0,1,0,0,0,0,0,0,0,0,0,0,0,0,0
"847","MSB:Fish:49970",NA,NA,NA,NA,NA,NA,NA,NA,NA,NA,NA,NA,NA,NA,NA,NA,NA,NA,NA,NA,NA,NA,NA,NA,NA,NA,NA,NA,NA,NA,NA,NA,NA,NA,NA,NA,NA,NA,NA,NA,NA,NA,NA,NA,NA,NA,NA,NA,NA,NA,NA,NA,NA,NA,NA,NA,NA,NA,NA,NA,NA,NA,NA,NA,NA,NA,NA,NA,NA,NA,1994,5,5,"MSB 49970-5","JAR8646F","EO","EO KL","06-20-2025",NA,64,51,2231,"control","control_1991-2000",35.28302778,-106.5981389,0,0,0,0,0,0,0,0,1,0,0,0,0,0,0,0,0
"848","MSB:Fish:49970",NA,NA,NA,NA,NA,NA,NA,NA,NA,NA,NA,NA,NA,NA,NA,NA,NA,NA,NA,NA,NA,NA,NA,NA,NA,NA,NA,NA,NA,NA,NA,NA,NA,NA,NA,NA,NA,NA,NA,NA,NA,NA,NA,NA,NA,NA,NA,NA,NA,NA,NA,NA,NA,NA,NA,NA,NA,NA,NA,NA,NA,NA,NA,NA,NA,NA,NA,NA,NA,NA,1994,5,5,"MSB 49970-3","JAR8645F","EO","KL BP CW","06-20-2025",NA,69,55,2817,"control","control_1991-2000",35.28302778,-106.5981389,1,0,0,2,0,0,0,0,0,0,0,0,6,0,0,0,0
"849","MSB:Fish:49970",NA,NA,NA,NA,NA,NA,NA,NA,NA,NA,NA,NA,NA,NA,NA,NA,NA,NA,NA,NA,NA,NA,NA,NA,NA,NA,NA,NA,NA,NA,NA,NA,NA,NA,NA,NA,NA,NA,NA,NA,NA,NA,NA,NA,NA,NA,NA,NA,NA,NA,NA,NA,NA,NA,NA,NA,NA,NA,NA,NA,NA,NA,NA,NA,NA,NA,NA,NA,NA,NA,1994,5,5,"MSB 49970-4","JAR8648F","JG","KL","06-20-2025",FALSE,65,53,2749,"control","control_1991-2000",35.28302778,-106.5981389,0,0,0,0,0,0,0,0,0,0,0,0,0,0,0,0,0
"850","MSB:Fish:49970",NA,NA,NA,NA,NA,NA,NA,NA,NA,NA,NA,NA,NA,NA,NA,NA,NA,NA,NA,NA,NA,NA,NA,NA,NA,NA,NA,NA,NA,NA,NA,NA,NA,NA,NA,NA,NA,NA,NA,NA,NA,NA,NA,NA,NA,NA,NA,NA,NA,NA,NA,NA,NA,NA,NA,NA,NA,NA,NA,NA,NA,NA,NA,NA,NA,NA,NA,NA,NA,NA,1994,5,5,"MSB 49970-2","JAR8643F","JG","CW JG","06-20-2025",NA,63,52,2230,"control","control_1991-2000",35.28302778,-106.5981389,0,0,0,0,0,0,0,0,0,1,0,0,0,0,0,0,0
"851","MSB:Fish:5263",NA,NA,NA,NA,NA,NA,NA,NA,NA,NA,NA,NA,NA,NA,NA,NA,NA,NA,NA,NA,NA,NA,NA,NA,NA,NA,NA,NA,NA,NA,NA,NA,NA,NA,NA,NA,NA,NA,NA,NA,NA,NA,NA,NA,NA,NA,NA,NA,NA,NA,NA,NA,NA,NA,NA,NA,NA,NA,NA,NA,NA,NA,NA,NA,NA,NA,NA,NA,NA,NA,1986,8,12,"MSB 5263-1","JAR8856F","BP","GC","07-02-2025",NA,36,29,497,"control","control_1981-1990",35.28302778,-106.5981389,0,0,0,0,0,0,0,0,0,0,0,0,0,0,0,0,0
"852","MSB:Fish:5263",NA,NA,NA,NA,NA,NA,NA,NA,NA,NA,NA,NA,NA,NA,NA,NA,NA,NA,NA,NA,NA,NA,NA,NA,NA,NA,NA,NA,NA,NA,NA,NA,NA,NA,NA,NA,NA,NA,NA,NA,NA,NA,NA,NA,NA,NA,NA,NA,NA,NA,NA,NA,NA,NA,NA,NA,NA,NA,NA,NA,NA,NA,NA,NA,NA,NA,NA,NA,NA,NA,1986,8,12,"MSB 5263-4","JAR8857F","BP","KL","07-02-2025",NA,35,27,407,"control","control_1981-1990",35.28302778,-106.5981389,0,0,0,0,0,0,0,0,0,0,0,0,0,0,0,0,0
"853","MSB:Fish:5263",NA,NA,NA,NA,NA,NA,NA,NA,NA,NA,NA,NA,NA,NA,NA,NA,NA,NA,NA,NA,NA,NA,NA,NA,NA,NA,NA,NA,NA,NA,NA,NA,NA,NA,NA,NA,NA,NA,NA,NA,NA,NA,NA,NA,NA,NA,NA,NA,NA,NA,NA,NA,NA,NA,NA,NA,NA,NA,NA,NA,NA,NA,NA,NA,NA,NA,NA,NA,NA,NA,1986,8,12,"MSB 5263-2","JAR8861F","BP","CW","07-02-2025",NA,36,29,462,"control","control_1981-1990",35.28302778,-106.5981389,0,0,0,0,0,0,0,0,0,0,0,0,0,0,0,0,0
"854","MSB:Fish:5263",NA,NA,NA,NA,NA,NA,NA,NA,NA,NA,NA,NA,NA,NA,NA,NA,NA,NA,NA,NA,NA,NA,NA,NA,NA,NA,NA,NA,NA,NA,NA,NA,NA,NA,NA,NA,NA,NA,NA,NA,NA,NA,NA,NA,NA,NA,NA,NA,NA,NA,NA,NA,NA,NA,NA,NA,NA,NA,NA,NA,NA,NA,NA,NA,NA,NA,NA,NA,NA,NA,1986,8,12,"MSB 5263-3","JAR8855F","BP","CW","07-02-2025",NA,35,31,653,"control","control_1981-1990",35.28302778,-106.5981389,0,0,0,0,0,0,0,0,0,5,0,0,0,0,0,0,0
"855","MSB:Fish:5263",NA,NA,NA,NA,NA,NA,NA,NA,NA,NA,NA,NA,NA,NA,NA,NA,NA,NA,NA,NA,NA,NA,NA,NA,NA,NA,NA,NA,NA,NA,NA,NA,NA,NA,NA,NA,NA,NA,NA,NA,NA,NA,NA,NA,NA,NA,NA,NA,NA,NA,NA,NA,NA,NA,NA,NA,NA,NA,NA,NA,NA,NA,NA,NA,NA,NA,NA,NA,NA,NA,1986,8,12,"MSB 5263-5","JAR8859F","BP","BP EO","07-02-2025",NA,36,29,444,"control","control_1981-1990",35.28302778,-106.5981389,0,0,0,0,0,0,0,0,0,1,0,0,0,0,0,0,0
"856","MSB:Fish:5814",NA,NA,NA,NA,NA,NA,NA,NA,NA,NA,NA,NA,NA,NA,NA,NA,NA,NA,NA,NA,NA,NA,NA,NA,NA,NA,NA,NA,NA,NA,NA,NA,NA,NA,NA,NA,NA,NA,NA,NA,NA,NA,NA,NA,NA,NA,NA,NA,NA,NA,NA,NA,NA,NA,NA,NA,NA,NA,NA,NA,NA,NA,NA,NA,NA,NA,NA,NA,NA,NA,1987,9,10,"MSB 5814-1","JAR8631F","KL","KL","06-16-2025",NA,66,52,2223,"impact","impact_1981-1990",34.905272,-106.685564,0,0,0,0,0,0,0,0,0,0,0,0,0,0,0,0,0
"857","MSB:Fish:5814",NA,NA,NA,NA,NA,NA,NA,NA,NA,NA,NA,NA,NA,NA,NA,NA,NA,NA,NA,NA,NA,NA,NA,NA,NA,NA,NA,NA,NA,NA,NA,NA,NA,NA,NA,NA,NA,NA,NA,NA,NA,NA,NA,NA,NA,NA,NA,NA,NA,NA,NA,NA,NA,NA,NA,NA,NA,NA,NA,NA,NA,NA,NA,NA,NA,NA,NA,NA,NA,NA,1987,9,10,"MSB 5814-2","JAR8634F","JG","CW","06-17-2025",NA,55,47,1856,"impact","impact_1981-1990",34.905272,-106.685564,0,0,0,0,0,0,0,0,0,0,0,0,0,0,0,0,0
"858","MSB:Fish:5814",NA,NA,NA,NA,NA,NA,NA,NA,NA,NA,NA,NA,NA,NA,NA,NA,NA,NA,NA,NA,NA,NA,NA,NA,NA,NA,NA,NA,NA,NA,NA,NA,NA,NA,NA,NA,NA,NA,NA,NA,NA,NA,NA,NA,NA,NA,NA,NA,NA,NA,NA,NA,NA,NA,NA,NA,NA,NA,NA,NA,NA,NA,NA,NA,NA,NA,NA,NA,NA,NA,1987,9,10,"MSB 5814-3","JAR8630F","EO","CLW CW","06-18-2025",NA,67,52,2759,"impact","impact_1981-1990",34.905272,-106.685564,0,0,0,0,0,0,0,0,0,0,0,0,0,1,0,0,0
"859","MSB:Fish:5814",NA,NA,NA,NA,NA,NA,NA,NA,NA,NA,NA,NA,NA,NA,NA,NA,NA,NA,NA,NA,NA,NA,NA,NA,NA,NA,NA,NA,NA,NA,NA,NA,NA,NA,NA,NA,NA,NA,NA,NA,NA,NA,NA,NA,NA,NA,NA,NA,NA,NA,NA,NA,NA,NA,NA,NA,NA,NA,NA,NA,NA,NA,NA,NA,NA,NA,NA,NA,NA,NA,1987,9,10,"MSB 5814-5","JAR8636F","JG","KL","06-19-2025",NA,85,68,5700,"impact","impact_1981-1990",34.905272,-106.685564,0,0,0,0,0,0,0,0,0,0,0,0,0,0,0,0,0
"860","MSB:Fish:5814",NA,NA,NA,NA,NA,NA,NA,NA,NA,NA,NA,NA,NA,NA,NA,NA,NA,NA,NA,NA,NA,NA,NA,NA,NA,NA,NA,NA,NA,NA,NA,NA,NA,NA,NA,NA,NA,NA,NA,NA,NA,NA,NA,NA,NA,NA,NA,NA,NA,NA,NA,NA,NA,NA,NA,NA,NA,NA,NA,NA,NA,NA,NA,NA,NA,NA,NA,NA,NA,NA,1987,9,10,"MSB 5814-4","JAR8633F","EO","KL","06-16-2025",NA,52,41,1282,"impact","impact_1981-1990",34.905272,-106.685564,0,0,0,0,0,0,0,0,0,2,0,0,0,0,0,0,0
"861","MSB:Fish:5825",NA,NA,NA,NA,NA,NA,NA,NA,NA,NA,NA,NA,NA,NA,NA,NA,NA,NA,NA,NA,NA,NA,NA,NA,NA,NA,NA,NA,NA,NA,NA,NA,NA,NA,NA,NA,NA,NA,NA,NA,NA,NA,NA,NA,NA,NA,NA,NA,NA,NA,NA,NA,NA,NA,NA,NA,NA,NA,NA,NA,NA,NA,NA,NA,NA,NA,NA,NA,NA,NA,1987,9,10,"MSB 5825-4","JAR8663F","BP","EO CW","06-18-2025",NA,63,49,2591,"impact","impact_1981-1990",34.875039,-106.717581,0,0,0,0,0,0,0,0,0,0,0,0,0,0,0,0,0
"862","MSB:Fish:5825",NA,NA,NA,NA,NA,NA,NA,NA,NA,NA,NA,NA,NA,NA,NA,NA,NA,NA,NA,NA,NA,NA,NA,NA,NA,NA,NA,NA,NA,NA,NA,NA,NA,NA,NA,NA,NA,NA,NA,NA,NA,NA,NA,NA,NA,NA,NA,NA,NA,NA,NA,NA,NA,NA,NA,NA,NA,NA,NA,NA,NA,NA,NA,NA,NA,NA,NA,NA,NA,NA,1987,9,10,"MSB 5825-3","JAR8661F","BP","CLW KL","06-18-2025",NA,77,62,4671,"impact","impact_1981-1990",34.875039,-106.717581,0,0,0,0,0,0,0,0,0,4,0,0,0,0,0,0,0
"863","MSB:Fish:5825",NA,NA,NA,NA,NA,NA,NA,NA,NA,NA,NA,NA,NA,NA,NA,NA,NA,NA,NA,NA,NA,NA,NA,NA,NA,NA,NA,NA,NA,NA,NA,NA,NA,NA,NA,NA,NA,NA,NA,NA,NA,NA,NA,NA,NA,NA,NA,NA,NA,NA,NA,NA,NA,NA,NA,NA,NA,NA,NA,NA,NA,NA,NA,NA,NA,NA,NA,NA,NA,NA,1987,9,10,"MSB 5825-5","JAR8639F","BP","CW","06-18-2025",NA,52,42,1542,"impact","impact_1981-1990",34.875039,-106.717581,0,0,0,0,0,0,0,0,0,2,0,0,0,0,0,0,0
"864","MSB:Fish:5825",NA,NA,NA,NA,NA,NA,NA,NA,NA,NA,NA,NA,NA,NA,NA,NA,NA,NA,NA,NA,NA,NA,NA,NA,NA,NA,NA,NA,NA,NA,NA,NA,NA,NA,NA,NA,NA,NA,NA,NA,NA,NA,NA,NA,NA,NA,NA,NA,NA,NA,NA,NA,NA,NA,NA,NA,NA,NA,NA,NA,NA,NA,NA,NA,NA,NA,NA,NA,NA,NA,1987,9,10,"MSB 5825-2","JAR8659F","BP","CW","06-18-2025",NA,54,42,1606,"impact","impact_1981-1990",34.875039,-106.717581,0,0,0,0,0,0,0,0,0,4,0,0,0,0,0,0,0
"865","MSB:Fish:5825",NA,NA,NA,NA,NA,NA,NA,NA,NA,NA,NA,NA,NA,NA,NA,NA,NA,NA,NA,NA,NA,NA,NA,NA,NA,NA,NA,NA,NA,NA,NA,NA,NA,NA,NA,NA,NA,NA,NA,NA,NA,NA,NA,NA,NA,NA,NA,NA,NA,NA,NA,NA,NA,NA,NA,NA,NA,NA,NA,NA,NA,NA,NA,NA,NA,NA,NA,NA,NA,NA,1987,9,10,"MSB 5825-1","JAR8657F","BP","BP KL","06-18-2025",FALSE,59,47,2305,"impact","impact_1981-1990",34.875039,-106.717581,0,0,0,0,0,0,0,0,0,0,0,0,0,0,0,0,0
"866","MSB:Fish:68463",NA,NA,NA,NA,NA,NA,NA,NA,NA,NA,NA,NA,NA,NA,NA,NA,NA,NA,NA,NA,NA,NA,NA,NA,NA,NA,NA,NA,NA,NA,NA,NA,NA,NA,NA,NA,NA,NA,NA,NA,NA,NA,NA,NA,NA,NA,NA,NA,NA,NA,NA,NA,NA,NA,NA,NA,NA,NA,NA,NA,NA,NA,NA,NA,NA,NA,NA,NA,NA,NA,1984,8,15,"MSB 68463-1","JAR8864F","BP","GC","07-02-2025",NA,37,30,505,"impact","impact_1981-1990",35.089293,-106.680842,0,0,0,0,0,0,0,0,0,0,0,0,0,0,0,0,0
"867","MSB:Fish:68463",NA,NA,NA,NA,NA,NA,NA,NA,NA,NA,NA,NA,NA,NA,NA,NA,NA,NA,NA,NA,NA,NA,NA,NA,NA,NA,NA,NA,NA,NA,NA,NA,NA,NA,NA,NA,NA,NA,NA,NA,NA,NA,NA,NA,NA,NA,NA,NA,NA,NA,NA,NA,NA,NA,NA,NA,NA,NA,NA,NA,NA,NA,NA,NA,NA,NA,NA,NA,NA,NA,1984,8,15,"MSB 68463-4","JAR8870F","BP","CW","07-02-2025",NA,42,34,485,"impact","impact_1981-1990",35.089293,-106.680842,0,0,0,0,0,0,0,0,0,1,0,0,0,0,0,0,0
"868","MSB:Fish:68463",NA,NA,NA,NA,NA,NA,NA,NA,NA,NA,NA,NA,NA,NA,NA,NA,NA,NA,NA,NA,NA,NA,NA,NA,NA,NA,NA,NA,NA,NA,NA,NA,NA,NA,NA,NA,NA,NA,NA,NA,NA,NA,NA,NA,NA,NA,NA,NA,NA,NA,NA,NA,NA,NA,NA,NA,NA,NA,NA,NA,NA,NA,NA,NA,NA,NA,NA,NA,NA,NA,1984,8,15,"MSB 68463-3","JAR8868F","BP","CW","07-02-2025",NA,36,27,313,"impact","impact_1981-1990",35.089293,-106.680842,0,0,0,0,0,0,0,0,0,1,0,0,0,0,0,0,0
"869","MSB:Fish:68463",NA,NA,NA,NA,NA,NA,NA,NA,NA,NA,NA,NA,NA,NA,NA,NA,NA,NA,NA,NA,NA,NA,NA,NA,NA,NA,NA,NA,NA,NA,NA,NA,NA,NA,NA,NA,NA,NA,NA,NA,NA,NA,NA,NA,NA,NA,NA,NA,NA,NA,NA,NA,NA,NA,NA,NA,NA,NA,NA,NA,NA,NA,NA,NA,NA,NA,NA,NA,NA,NA,1984,8,15,"MSB 68463-5","JAR8860F","BP","GC","07-02-2025",NA,35,27,398,"impact","impact_1981-1990",35.089293,-106.680842,0,0,0,0,0,0,0,0,0,0,0,0,0,0,0,0,0
"870","MSB:Fish:68463",NA,NA,NA,NA,NA,NA,NA,NA,NA,NA,NA,NA,NA,NA,NA,NA,NA,NA,NA,NA,NA,NA,NA,NA,NA,NA,NA,NA,NA,NA,NA,NA,NA,NA,NA,NA,NA,NA,NA,NA,NA,NA,NA,NA,NA,NA,NA,NA,NA,NA,NA,NA,NA,NA,NA,NA,NA,NA,NA,NA,NA,NA,NA,NA,NA,NA,NA,NA,NA,NA,1984,8,15,"MSB 68463-2","JAR8866F","BP","CW","07-02-2025",NA,48,37,950,"impact","impact_1981-1990",35.089293,-106.680842,0,0,0,0,0,0,0,0,0,0,0,0,0,0,0,0,0
"871","MSB:Fish:68501",NA,NA,NA,NA,NA,NA,NA,NA,NA,NA,NA,NA,NA,NA,NA,NA,NA,NA,NA,NA,NA,NA,NA,NA,NA,NA,NA,NA,NA,NA,NA,NA,NA,NA,NA,NA,NA,NA,NA,NA,NA,NA,NA,NA,NA,NA,NA,NA,NA,NA,NA,NA,NA,NA,NA,NA,NA,NA,NA,NA,NA,NA,NA,NA,NA,NA,NA,NA,NA,NA,1984,8,15,"MSB 68501-4","JAR8787F","JG","CW","07-01-2025",NA,79,64,4731,"control","control_1981-1990",35.225523,-106.597651,0,0,0,0,0,0,0,0,0,2,0,0,0,0,0,0,0
"872","MSB:Fish:68501",NA,NA,NA,NA,NA,NA,NA,NA,NA,NA,NA,NA,NA,NA,NA,NA,NA,NA,NA,NA,NA,NA,NA,NA,NA,NA,NA,NA,NA,NA,NA,NA,NA,NA,NA,NA,NA,NA,NA,NA,NA,NA,NA,NA,NA,NA,NA,NA,NA,NA,NA,NA,NA,NA,NA,NA,NA,NA,NA,NA,NA,NA,NA,NA,NA,NA,NA,NA,NA,NA,1984,8,15,"MSB 68501-3","JAR8785F","JG","KL","07-01-2025",NA,36,29,472,"control","control_1981-1990",35.225523,-106.597651,0,0,0,0,0,0,0,0,0,0,0,0,0,0,0,0,0
"873","MSB:Fish:68501",NA,NA,NA,NA,NA,NA,NA,NA,NA,NA,NA,NA,NA,NA,NA,NA,NA,NA,NA,NA,NA,NA,NA,NA,NA,NA,NA,NA,NA,NA,NA,NA,NA,NA,NA,NA,NA,NA,NA,NA,NA,NA,NA,NA,NA,NA,NA,NA,NA,NA,NA,NA,NA,NA,NA,NA,NA,NA,NA,NA,NA,NA,NA,NA,NA,NA,NA,NA,NA,NA,1984,8,15,"MSB 68501-5","JAR8789F","JG","CW","07-01-2025",NA,72,60,3973,"control","control_1981-1990",35.225523,-106.597651,0,0,0,0,0,0,0,0,0,0,0,0,0,0,0,0,0
"874","MSB:Fish:68501",NA,NA,NA,NA,NA,NA,NA,NA,NA,NA,NA,NA,NA,NA,NA,NA,NA,NA,NA,NA,NA,NA,NA,NA,NA,NA,NA,NA,NA,NA,NA,NA,NA,NA,NA,NA,NA,NA,NA,NA,NA,NA,NA,NA,NA,NA,NA,NA,NA,NA,NA,NA,NA,NA,NA,NA,NA,NA,NA,NA,NA,NA,NA,NA,NA,NA,NA,NA,NA,NA,1984,8,15,"MSB 68501-2","JAR8783F","JG","KL","07-01-2025",NA,37,29,513,"control","control_1981-1990",35.225523,-106.597651,0,0,0,0,0,0,0,0,0,0,0,0,0,0,0,0,0
"875","MSB:Fish:68501",NA,NA,NA,NA,NA,NA,NA,NA,NA,NA,NA,NA,NA,NA,NA,NA,NA,NA,NA,NA,NA,NA,NA,NA,NA,NA,NA,NA,NA,NA,NA,NA,NA,NA,NA,NA,NA,NA,NA,NA,NA,NA,NA,NA,NA,NA,NA,NA,NA,NA,NA,NA,NA,NA,NA,NA,NA,NA,NA,NA,NA,NA,NA,NA,NA,NA,NA,NA,NA,NA,1984,8,15,"MSB 68501-1","JAR8786F","JG","GC","07-01-2025",NA,35,26,349,"control","control_1981-1990",35.225523,-106.597651,0,0,0,0,0,0,0,0,0,0,0,0,0,0,0,0,0
"876","MSB:Fish:68513",NA,NA,NA,NA,NA,NA,NA,NA,NA,NA,NA,NA,NA,NA,NA,NA,NA,NA,NA,NA,NA,NA,NA,NA,NA,NA,NA,NA,NA,NA,NA,NA,NA,NA,NA,NA,NA,NA,NA,NA,NA,NA,NA,NA,NA,NA,NA,NA,NA,NA,NA,NA,NA,NA,NA,NA,NA,NA,NA,NA,NA,NA,NA,NA,NA,NA,NA,NA,NA,NA,1984,8,16,"MSB 68513-4","JAR8896F","EO","CW","07-03-2025",NA,41,32,638,"control","control_1981-1990",35.211416,-106.612833,0,0,0,0,0,0,0,0,0,0,0,0,0,0,0,0,0
"877","MSB:Fish:68513",NA,NA,NA,NA,NA,NA,NA,NA,NA,NA,NA,NA,NA,NA,NA,NA,NA,NA,NA,NA,NA,NA,NA,NA,NA,NA,NA,NA,NA,NA,NA,NA,NA,NA,NA,NA,NA,NA,NA,NA,NA,NA,NA,NA,NA,NA,NA,NA,NA,NA,NA,NA,NA,NA,NA,NA,NA,NA,NA,NA,NA,NA,NA,NA,NA,NA,NA,NA,NA,NA,1984,8,16,"MSB 68513-2","JAR8897F","EO","KL","07-03-2025",NA,47,36,941,"control","control_1981-1990",35.211416,-106.612833,0,0,0,0,0,0,0,0,0,0,0,0,0,0,0,0,0
"878","MSB:Fish:68513",NA,NA,NA,NA,NA,NA,NA,NA,NA,NA,NA,NA,NA,NA,NA,NA,NA,NA,NA,NA,NA,NA,NA,NA,NA,NA,NA,NA,NA,NA,NA,NA,NA,NA,NA,NA,NA,NA,NA,NA,NA,NA,NA,NA,NA,NA,NA,NA,NA,NA,NA,NA,NA,NA,NA,NA,NA,NA,NA,NA,NA,NA,NA,NA,NA,NA,NA,NA,NA,NA,1984,8,16,"MSB 68513-1","JAR8895F","BP","GC","07-03-2025",NA,44,34,769,"control","control_1981-1990",35.211416,-106.612833,0,0,0,0,0,0,0,0,0,0,0,0,0,0,0,0,0
"879","MSB:Fish:68513",NA,NA,NA,NA,NA,NA,NA,NA,NA,NA,NA,NA,NA,NA,NA,NA,NA,NA,NA,NA,NA,NA,NA,NA,NA,NA,NA,NA,NA,NA,NA,NA,NA,NA,NA,NA,NA,NA,NA,NA,NA,NA,NA,NA,NA,NA,NA,NA,NA,NA,NA,NA,NA,NA,NA,NA,NA,NA,NA,NA,NA,NA,NA,NA,NA,NA,NA,NA,NA,NA,1984,8,16,"MSB 68513-5","JAR8901F","EO","BP","07-03-2025",NA,40,31,606,"control","control_1981-1990",35.211416,-106.612833,0,0,0,0,0,0,0,0,1,1,0,0,0,1,0,0,0
"880","MSB:Fish:68513",NA,NA,NA,NA,NA,NA,NA,NA,NA,NA,NA,NA,NA,NA,NA,NA,NA,NA,NA,NA,NA,NA,NA,NA,NA,NA,NA,NA,NA,NA,NA,NA,NA,NA,NA,NA,NA,NA,NA,NA,NA,NA,NA,NA,NA,NA,NA,NA,NA,NA,NA,NA,NA,NA,NA,NA,NA,NA,NA,NA,NA,NA,NA,NA,NA,NA,NA,NA,NA,NA,1984,8,16,"MSB 68513-3","JAR8899F","BP","CW","07-03-2025",NA,37,27,397,"control","control_1981-1990",35.211416,-106.612833,0,0,0,0,0,0,0,0,0,0,0,0,0,0,0,0,0
"881","MSB:Fish:68528",NA,NA,NA,NA,NA,NA,NA,NA,NA,NA,NA,NA,NA,NA,NA,NA,NA,NA,NA,NA,NA,NA,NA,NA,NA,NA,NA,NA,NA,NA,NA,NA,NA,NA,NA,NA,NA,NA,NA,NA,NA,NA,NA,NA,NA,NA,NA,NA,NA,NA,NA,NA,NA,NA,NA,NA,NA,NA,NA,NA,NA,NA,NA,NA,NA,NA,NA,NA,NA,NA,1984,8,16,"MSB 68528-1","JAR8731F","EO","KL","06-25-2025",NA,69,55,3206,"control","control_1981-1990",35.322164,-106.557448,0,0,0,0,0,1,0,0,0,2,0,0,0,0,0,0,0
"882","MSB:Fish:68528",NA,NA,NA,NA,NA,NA,NA,NA,NA,NA,NA,NA,NA,NA,NA,NA,NA,NA,NA,NA,NA,NA,NA,NA,NA,NA,NA,NA,NA,NA,NA,NA,NA,NA,NA,NA,NA,NA,NA,NA,NA,NA,NA,NA,NA,NA,NA,NA,NA,NA,NA,NA,NA,NA,NA,NA,NA,NA,NA,NA,NA,NA,NA,NA,NA,NA,NA,NA,NA,NA,1984,8,16,"MSB 68528-5","JAR8733F","BP","CLW","06-25-2025",NA,47,37,1014,"control","control_1981-1990",35.322164,-106.557448,0,0,0,2,0,0,0,0,0,0,0,0,0,0,0,0,0
"883","MSB:Fish:68528",NA,NA,NA,NA,NA,NA,NA,NA,NA,NA,NA,NA,NA,NA,NA,NA,NA,NA,NA,NA,NA,NA,NA,NA,NA,NA,NA,NA,NA,NA,NA,NA,NA,NA,NA,NA,NA,NA,NA,NA,NA,NA,NA,NA,NA,NA,NA,NA,NA,NA,NA,NA,NA,NA,NA,NA,NA,NA,NA,NA,NA,NA,NA,NA,NA,NA,NA,NA,NA,NA,1984,8,16,"MSB 68528-2","JAR8728F","EO","KL","06-25-2025",FALSE,72,57,2986,"control","control_1981-1990",35.322164,-106.557448,0,0,0,0,0,0,0,0,0,0,0,0,0,0,0,0,0
"884","MSB:Fish:68528",NA,NA,NA,NA,NA,NA,NA,NA,NA,NA,NA,NA,NA,NA,NA,NA,NA,NA,NA,NA,NA,NA,NA,NA,NA,NA,NA,NA,NA,NA,NA,NA,NA,NA,NA,NA,NA,NA,NA,NA,NA,NA,NA,NA,NA,NA,NA,NA,NA,NA,NA,NA,NA,NA,NA,NA,NA,NA,NA,NA,NA,NA,NA,NA,NA,NA,NA,NA,NA,NA,1984,8,16,"MSB 68528-3","JAR8732F","BP","JG CW","06-25-2025",NA,67,53,2767,"control","control_1981-1990",35.322164,-106.557448,0,0,0,0,0,0,0,0,0,7,0,NA,0,0,0,0,0
"885","MSB:Fish:68528",NA,NA,NA,NA,NA,NA,NA,NA,NA,NA,NA,NA,NA,NA,NA,NA,NA,NA,NA,NA,NA,NA,NA,NA,NA,NA,NA,NA,NA,NA,NA,NA,NA,NA,NA,NA,NA,NA,NA,NA,NA,NA,NA,NA,NA,NA,NA,NA,NA,NA,NA,NA,NA,NA,NA,NA,NA,NA,NA,NA,NA,NA,NA,NA,NA,NA,NA,NA,NA,NA,1984,8,16,"MSB 68528-4","JAR8730F","EO","KL","06-25-2025",NA,68,55,2391,"control","control_1981-1990",35.322164,-106.557448,0,2,0,0,0,0,0,0,0,2,0,0,0,0,0,0,0
"886","MSB:Fish:7593",NA,NA,NA,NA,NA,NA,NA,NA,NA,NA,NA,NA,NA,NA,NA,NA,NA,NA,NA,NA,NA,NA,NA,NA,NA,NA,NA,NA,NA,NA,NA,NA,NA,NA,NA,NA,NA,NA,NA,NA,NA,NA,NA,NA,NA,NA,NA,NA,NA,NA,NA,NA,NA,NA,NA,NA,NA,NA,NA,NA,NA,NA,NA,NA,NA,NA,NA,NA,NA,NA,1988,5,25,"MSB 7593-2","JAR8705F","EO","JG CW","06-24-2025",NA,64,50,2324,"impact","impact_1981-1990",34.905272,-106.685564,0,0,0,0,0,0,0,0,0,0,0,0,0,0,0,0,0
"887","MSB:Fish:7593",NA,NA,NA,NA,NA,NA,NA,NA,NA,NA,NA,NA,NA,NA,NA,NA,NA,NA,NA,NA,NA,NA,NA,NA,NA,NA,NA,NA,NA,NA,NA,NA,NA,NA,NA,NA,NA,NA,NA,NA,NA,NA,NA,NA,NA,NA,NA,NA,NA,NA,NA,NA,NA,NA,NA,NA,NA,NA,NA,NA,NA,NA,NA,NA,NA,NA,NA,NA,NA,NA,1988,5,25,"MSB 7593-5","JAR8709F","BP","BP CLW","06-24-2025",NA,62,51,2400,"impact","impact_1981-1990",34.905272,-106.685564,0,0,0,0,0,0,0,0,0,0,0,0,0,0,0,0,0
"888","MSB:Fish:7593",NA,NA,NA,NA,NA,NA,NA,NA,NA,NA,NA,NA,NA,NA,NA,NA,NA,NA,NA,NA,NA,NA,NA,NA,NA,NA,NA,NA,NA,NA,NA,NA,NA,NA,NA,NA,NA,NA,NA,NA,NA,NA,NA,NA,NA,NA,NA,NA,NA,NA,NA,NA,NA,NA,NA,NA,NA,NA,NA,NA,NA,NA,NA,NA,NA,NA,NA,NA,NA,NA,1988,5,25,"MSB 7593-4","JAR8707F","EO","BP KL","06-24-2025",FALSE,61,48,1922,"impact","impact_1981-1990",34.905272,-106.685564,0,0,0,0,0,0,0,0,0,10,0,0,0,0,0,0,0
"889","MSB:Fish:7593",NA,NA,NA,NA,NA,NA,NA,NA,NA,NA,NA,NA,NA,NA,NA,NA,NA,NA,NA,NA,NA,NA,NA,NA,NA,NA,NA,NA,NA,NA,NA,NA,NA,NA,NA,NA,NA,NA,NA,NA,NA,NA,NA,NA,NA,NA,NA,NA,NA,NA,NA,NA,NA,NA,NA,NA,NA,NA,NA,NA,NA,NA,NA,NA,NA,NA,NA,NA,NA,NA,1988,5,25,"MSB 7593-3","JAR8706F","BP","BP KL","06-24-2025",FALSE,58,45,2248,"impact","impact_1981-1990",34.905272,-106.685564,0,0,0,0,0,0,0,0,0,1,0,0,4,0,0,0,0
"890","MSB:Fish:7593",NA,NA,NA,NA,NA,NA,NA,NA,NA,NA,NA,NA,NA,NA,NA,NA,NA,NA,NA,NA,NA,NA,NA,NA,NA,NA,NA,NA,NA,NA,NA,NA,NA,NA,NA,NA,NA,NA,NA,NA,NA,NA,NA,NA,NA,NA,NA,NA,NA,NA,NA,NA,NA,NA,NA,NA,NA,NA,NA,NA,NA,NA,NA,NA,NA,NA,NA,NA,NA,NA,1988,5,25,"MSB 7593-1","JAR8704F","BP","KL","06-24-2025",FALSE,64,50,3600,"impact","impact_1981-1990",34.905272,-106.685564,0,0,0,0,0,0,0,0,0,9,0,0,0,0,0,0,0
"891","MSB:Fish:7788",NA,NA,NA,NA,NA,NA,NA,NA,NA,NA,NA,NA,NA,NA,NA,NA,NA,NA,NA,NA,NA,NA,NA,NA,NA,NA,NA,NA,NA,NA,NA,NA,NA,NA,NA,NA,NA,NA,NA,NA,NA,NA,NA,NA,NA,NA,NA,NA,NA,NA,NA,NA,NA,NA,NA,NA,NA,NA,NA,NA,NA,NA,NA,NA,NA,NA,NA,NA,NA,NA,1988,5,25,"MSB 7788-2","JAR8769F","BP","KL","06-30-2025",NA,69,53,2804,"control","control_1981-1990",35.322164,-106.557448,0,0,0,2,0,0,0,0,0,0,0,0,0,0,0,0,0
"892","MSB:Fish:7788",NA,NA,NA,NA,NA,NA,NA,NA,NA,NA,NA,NA,NA,NA,NA,NA,NA,NA,NA,NA,NA,NA,NA,NA,NA,NA,NA,NA,NA,NA,NA,NA,NA,NA,NA,NA,NA,NA,NA,NA,NA,NA,NA,NA,NA,NA,NA,NA,NA,NA,NA,NA,NA,NA,NA,NA,NA,NA,NA,NA,NA,NA,NA,NA,NA,NA,NA,NA,NA,NA,1988,5,25,"MSB 7788-4","JAR8764F","BP","BP","06-30-2025",NA,56,45,1819,"control","control_1981-1990",35.322164,-106.557448,0,0,0,0,0,0,0,0,0,2,0,0,0,0,0,0,0
"893","MSB:Fish:7788",NA,NA,NA,NA,NA,NA,NA,NA,NA,NA,NA,NA,NA,NA,NA,NA,NA,NA,NA,NA,NA,NA,NA,NA,NA,NA,NA,NA,NA,NA,NA,NA,NA,NA,NA,NA,NA,NA,NA,NA,NA,NA,NA,NA,NA,NA,NA,NA,NA,NA,NA,NA,NA,NA,NA,NA,NA,NA,NA,NA,NA,NA,NA,NA,NA,NA,NA,NA,NA,NA,1988,5,25,"MSB 7788-3","JAR8767F","EO","KL","06-30-2025",NA,69,55,3017,"control","control_1981-1990",35.322164,-106.557448,0,0,0,0,0,0,0,0,0,1,0,0,0,0,1,0,0
"894","MSB:Fish:7788",NA,NA,NA,NA,NA,NA,NA,NA,NA,NA,NA,NA,NA,NA,NA,NA,NA,NA,NA,NA,NA,NA,NA,NA,NA,NA,NA,NA,NA,NA,NA,NA,NA,NA,NA,NA,NA,NA,NA,NA,NA,NA,NA,NA,NA,NA,NA,NA,NA,NA,NA,NA,NA,NA,NA,NA,NA,NA,NA,NA,NA,NA,NA,NA,NA,NA,NA,NA,NA,NA,1988,5,25,"MSB 7788-1","JAR8763F","EO","KL","06-30-2025",NA,64,51,2418,"control","control_1981-1990",35.322164,-106.557448,0,0,0,0,0,0,0,0,0,0,0,0,0,0,0,0,0
"895","MSB:Fish:7788",NA,NA,NA,NA,NA,NA,NA,NA,NA,NA,NA,NA,NA,NA,NA,NA,NA,NA,NA,NA,NA,NA,NA,NA,NA,NA,NA,NA,NA,NA,NA,NA,NA,NA,NA,NA,NA,NA,NA,NA,NA,NA,NA,NA,NA,NA,NA,NA,NA,NA,NA,NA,NA,NA,NA,NA,NA,NA,NA,NA,NA,NA,NA,NA,NA,NA,NA,NA,NA,NA,1988,5,25,"MSB 7788-5","JAR8762F","EO","KL","06-30-2025",NA,60,47,2139,"control","control_1981-1990",35.322164,-106.557448,0,0,0,0,0,0,0,1,0,0,0,0,0,0,0,0,0
